"sirna","forward","reversed","desirm","imrna_forward","imrna_reversed"
"AGTTGTTGATCTGTGTGAG::CTCACACAGATCAACAACT","0","0","0.80564535","-0.079127488","-0.38405831"
"GTTGTTGATCTGTGTGAGT::ACTCACACAGATCAACAAC","0","0","0.73793356","-0.20922631","-0.46295912"
"TTGTTGATCTGTGTGAGTC::GACTCACACAGATCAACAA","0","0","1.003922","-0.36759026","-0.36776708"
"TGTTGATCTGTGTGAGTCA::TGACTCACACAGATCAACA","0","0","0.85185693","-0.60409198","-0.39660404"
"GTTGATCTGTGTGAGTCAG::CTGACTCACACAGATCAAC","0","0","0.75225768","-0.45497683","-0.22939504"
"TTGATCTGTGTGAGTCAGA::TCTGACTCACACAGATCAA","0","0","0.90723654","-0.50874078","-0.3309177"
"TGATCTGTGTGAGTCAGAC::GTCTGACTCACACAGATCA","0","0","0.91448668","-0.60622022","-0.50553211"
"GATCTGTGTGAGTCAGACT::AGTCTGACTCACACAGATC","0","0","0.78653074","-0.86034499","-0.58064538"
"ATCTGTGTGAGTCAGACTG::CAGTCTGACTCACACAGAT","0","0","0.94313376","-0.89093229","-0.59490253"
"TCTGTGTGAGTCAGACTGC::GCAGTCTGACTCACACAGA","0","0","0.89845996","-1.0432172","-0.68962308"
"CTGTGTGAGTCAGACTGCG::CGCAGTCTGACTCACACAG","0","0","0.76318012","-1.2243156","-0.63077367"
"TGTGTGAGTCAGACTGCGA::TCGCAGTCTGACTCACACA","0","0","0.79080346","-0.97183068","-0.57034811"
"GTGTGAGTCAGACTGCGAC::GTCGCAGTCTGACTCACAC","0","0","0.72629634","-0.90455066","-0.5035239"
"TGTGAGTCAGACTGCGACA::TGTCGCAGTCTGACTCACA","0","0","0.7790178","-0.84684738","-0.54754133"
"GTGAGTCAGACTGCGACAG::CTGTCGCAGTCTGACTCAC","0","0","0.6912033","-0.7180732","-0.47293059"
"TGAGTCAGACTGCGACAGT::ACTGTCGCAGTCTGACTCA","0","0","0.7646932","-0.75131969","-0.55637603"
"GAGTCAGACTGCGACAGTT::AACTGTCGCAGTCTGACTC","0","0","0.60370984","-0.77581182","-0.61337114"
"AGTCAGACTGCGACAGTTC::GAACTGTCGCAGTCTGACT","1","0","0.78322885","-0.63740055","-0.58347928"
"GTCAGACTGCGACAGTTCG::CGAACTGTCGCAGTCTGAC","0","0","0.67622418","-0.56696694","-0.5321262"
"TCAGACTGCGACAGTTCGA::TCGAACTGTCGCAGTCTGA","0","0","0.74048076","-0.64206967","-0.62964599"
"CAGACTGCGACAGTTCGAG::CTCGAACTGTCGCAGTCTG","0","0","0.73524891","-0.51390769","-0.53176366"
"AGACTGCGACAGTTCGAGT::ACTCGAACTGTCGCAGTCT","0","0","0.72433379","-0.5039743","-0.49086911"
"GACTGCGACAGTTCGAGTC::GACTCGAACTGTCGCAGTC","0","0","0.77451732","-0.40770745","-0.42053673"
"ACTGCGACAGTTCGAGTCT::AGACTCGAACTGTCGCAGT","0","0","0.75320072","-0.49825007","-0.58429727"
"CTGCGACAGTTCGAGTCTG::CAGACTCGAACTGTCGCAG","0","0","0.67937015","-0.40264479","-0.52859785"
"TGCGACAGTTCGAGTCTGA::TCAGACTCGAACTGTCGCA","0","0","0.72140747","-0.44826078","-0.65592772"
"GCGACAGTTCGAGTCTGAA::TTCAGACTCGAACTGTCGC","0","0","0.52923339","-0.42511774","-0.59092057"
"CGACAGTTCGAGTCTGAAG::CTTCAGACTCGAACTGTCG","0","0","0.73763852","-0.43932082","-0.5794768"
"GACAGTTCGAGTCTGAAGC::GCTTCAGACTCGAACTGTC","0","0","0.89773964","-0.56795272","-0.45844112"
"ACAGTTCGAGTCTGAAGCG::CGCTTCAGACTCGAACTGT","0","0","0.82174723","-0.63291982","-0.41463138"
"CAGTTCGAGTCTGAAGCGA::TCGCTTCAGACTCGAACTG","0","0","0.60578654","-0.37422076","-0.18077735"
"AGTTCGAGTCTGAAGCGAG::CTCGCTTCAGACTCGAACT","0","0","0.76259441","-0.34899017","-0.15618368"
"GTTCGAGTCTGAAGCGAGA::TCTCGCTTCAGACTCGAAC","0","0","0.61757403","-0.4507828","-0.23874242"
"TTCGAGTCTGAAGCGAGAG::CTCTCGCTTCAGACTCGAA","0","0","0.89109187","-0.41435759","-0.43817798"
"TCGAGTCTGAAGCGAGAGC::GCTCTCGCTTCAGACTCGA","0","0","0.80940357","-0.47054835","-0.42980461"
"CGAGTCTGAAGCGAGAGCT::AGCTCTCGCTTCAGACTCG","0","0","0.64995568","-0.55847244","-0.44470005"
"GAGTCTGAAGCGAGAGCTA::TAGCTCTCGCTTCAGACTC","0","0","0.5570336","-0.53668696","-0.43043427"
"AGTCTGAAGCGAGAGCTAA::TTAGCTCTCGCTTCAGACT","0","0","0.60187018","-0.50595682","-0.43726484"
"GTCTGAAGCGAGAGCTAAC::GTTAGCTCTCGCTTCAGAC","0","0","0.69726411","-0.5138826","-0.27783636"
"TCTGAAGCGAGAGCTAACA::TGTTAGCTCTCGCTTCAGA","0","0","0.84525677","-0.58516801","-0.12239685"
"CTGAAGCGAGAGCTAACAA::TTGTTAGCTCTCGCTTCAG","0","0","0.66198278","-0.43732679","0.18515636"
"TGAAGCGAGAGCTAACAAC::GTTGTTAGCTCTCGCTTCA","0","0","0.94439669","-0.59757012","0.23239077"
"GAAGCGAGAGCTAACAACA::TGTTGTTAGCTCTCGCTTC","0","0","0.80853958","-0.78397383","0.013703032"
"AAGCGAGAGCTAACAACAG::CTGTTGTTAGCTCTCGCTT","0","0","0.92533202","-0.7706926","0.30461305"
"AGCGAGAGCTAACAACAGT::ACTGTTGTTAGCTCTCGCT","0","0","0.8015026","-0.91981132","0.19704952"
"GCGAGAGCTAACAACAGTA::TACTGTTGTTAGCTCTCGC","0","0","0.76811878","-1.0710455","-0.10418119"
"CGAGAGCTAACAACAGTAT::ATACTGTTGTTAGCTCTCG","0","0","0.65931661","-1.0905805","-0.12077621"
"GAGAGCTAACAACAGTATC::GATACTGTTGTTAGCTCTC","0","0","0.89783264","-1.0607877","-0.034313894"
"AGAGCTAACAACAGTATCA::TGATACTGTTGTTAGCTCT","0","0","0.85680851","-1.0954963","0.085407619"
"GAGCTAACAACAGTATCAA::TTGATACTGTTGTTAGCTC","0","0","0.70808052","-0.89400145","0.13601643"
"AGCTAACAACAGTATCAAC::GTTGATACTGTTGTTAGCT","0","0","0.76858712","-0.82594806","0.090786561"
"GCTAACAACAGTATCAACA::TGTTGATACTGTTGTTAGC","0","0","0.75247598","-0.81975403","0.037775485"
"CTAACAACAGTATCAACAG::CTGTTGATACTGTTGTTAG","0","0","0.89024359","-0.79314096","0.38497875"
"TAACAACAGTATCAACAGG::CCTGTTGATACTGTTGTTA","0","0","0.92296693","-0.74303242","0.32186511"
"AACAACAGTATCAACAGGT::ACCTGTTGATACTGTTGTT","0","0","0.99394071","-0.65261271","0.2028566"
"ACAACAGTATCAACAGGTT::AACCTGTTGATACTGTTGT","0","0","0.72226734","-0.66947049","0.048135722"
"CAACAGTATCAACAGGTTT::AAACCTGTTGATACTGTTG","0","0","0.69832583","-0.56131568","-0.089525797"
"AACAGTATCAACAGGTTTA::TAAACCTGTTGATACTGTT","0","0","0.80492887","-0.60044205","-0.017618892"
"ACAGTATCAACAGGTTTAA::TTAAACCTGTTGATACTGT","0","0","0.58356931","-0.47179144","-0.24248139"
"CAGTATCAACAGGTTTAAT::ATTAAACCTGTTGATACTG","0","0","0.52420905","-0.27413452","-0.15614997"
"AGTATCAACAGGTTTAATT::AATTAAACCTGTTGATACT","0","0","0.75136334","-0.19055293","0.051802724"
"GTATCAACAGGTTTAATTT::AAATTAAACCTGTTGATAC","0","0","0.5802929","-0.17681593","0.22754987"
"TATCAACAGGTTTAATTTG::CAAATTAAACCTGTTGATA","0","0","0.82581285","-0.19925313","0.1825916"
"ATCAACAGGTTTAATTTGG::CCAAATTAAACCTGTTGAT","0","0","0.825152","-0.24494646","0.39196832"
"TCAACAGGTTTAATTTGGA::TCCAAATTAAACCTGTTGA","0","0","0.71474886","-0.49439005","0.32114822"
"CAACAGGTTTAATTTGGAT::ATCCAAATTAAACCTGTTG","0","0","0.56361129","-0.38648635","0.45880878"
"AACAGGTTTAATTTGGATT::AATCCAAATTAAACCTGTT","0","0","0.70946851","-0.32961782","0.4271427"
"ACAGGTTTAATTTGGATTT::AAATCCAAATTAAACCTGT","0","0","0.61636862","-0.25258358","0.1469487"
"CAGGTTTAATTTGGATTTG::CAAATCCAAATTAAACCTG","0","0","0.53049321","-0.21931334","0.26119453"
"AGGTTTAATTTGGATTTGG::CCAAATCCAAATTAAACCT","0","0","0.65034645","-0.19377616","0.42975703"
"GGTTTAATTTGGATTTGGA::TCCAAATCCAAATTAAACC","0","0","0.4271141","-0.25253707","0.43739665"
"GTTTAATTTGGATTTGGAA::TTCCAAATCCAAATTAAAC","0","0","0.52336894","-0.40537732","0.58599098"
"TTTAATTTGGATTTGGAAA::TTTCCAAATCCAAATTAAA","0","0","0.73147647","-0.45218148","0.68314067"
"TTAATTTGGATTTGGAAAC::GTTTCCAAATCCAAATTAA","0","0","0.90767382","-0.62005239","0.42964844"
"TAATTTGGATTTGGAAACG::CGTTTCCAAATCCAAATTA","0","0","0.82630497","-0.54760276","0.49242365"
"AATTTGGATTTGGAAACGA::TCGTTTCCAAATCCAAATT","0","0","0.68136095","-0.54271503","0.42114604"
"ATTTGGATTTGGAAACGAG::CTCGTTTCCAAATCCAAAT","0","0","0.78658846","-0.50005948","0.30510101"
"TTTGGATTTGGAAACGAGA::TCTCGTTTCCAAATCCAAA","0","0","0.88654532","-0.5830925","0.23355595"
"TTGGATTTGGAAACGAGAG::CTCTCGTTTCCAAATCCAA","0","0","0.95725097","-0.56236776","-0.11134459"
"TGGATTTGGAAACGAGAGT::ACTCTCGTTTCCAAATCCA","0","0","0.79581411","-0.55859033","-0.10836494"
"GGATTTGGAAACGAGAGTT::AACTCTCGTTTCCAAATCC","0","0","0.57847426","-0.65637077","-0.11595438"
"GATTTGGAAACGAGAGTTT::AAACTCTCGTTTCCAAATC","0","0","0.5256261","-0.65677157","-0.00034316364"
"ATTTGGAAACGAGAGTTTC::GAAACTCTCGTTTCCAAAT","0","0","0.81828706","-0.78943878","-0.10977942"
"TTTGGAAACGAGAGTTTCT::AGAAACTCTCGTTTCCAAA","0","0","0.86110379","-0.71017179","-0.11785438"
"TTGGAAACGAGAGTTTCTG::CAGAAACTCTCGTTTCCAA","0","0","0.94158853","-0.68389104","-0.1966262"
"TGGAAACGAGAGTTTCTGG::CCAGAAACTCTCGTTTCCA","0","0","0.78241005","-0.41448539","-0.038505699"
"GGAAACGAGAGTTTCTGGT::ACCAGAAACTCTCGTTTCC","0","0","0.62398695","-0.18994621","-0.26562769"
"GAAACGAGAGTTTCTGGTC::GACCAGAAACTCTCGTTTC","0","0","0.76876679","-0.0076962199","-0.41503367"
"AAACGAGAGTTTCTGGTCA::TGACCAGAAACTCTCGTTT","0","0","0.72622641","0.23007282","-0.2564648"
"AACGAGAGTTTCTGGTCAT::ATGACCAGAAACTCTCGTT","0","0","0.65292255","0.012092187","-0.32528836"
"ACGAGAGTTTCTGGTCATG::CATGACCAGAAACTCTCGT","0","0","0.63019737","-0.093621992","-0.28364162"
"CGAGAGTTTCTGGTCATGA::TCATGACCAGAAACTCTCG","0","0","0.60671853","-0.042582","-0.32082661"
"GAGAGTTTCTGGTCATGAA::TTCATGACCAGAAACTCTC","0","0","0.57718046","0.017747643","-0.22837292"
"AGAGTTTCTGGTCATGAAA::TTTCATGACCAGAAACTCT","0","0","0.65672651","0.040352739","-0.15638621"
"GAGTTTCTGGTCATGAAAA::TTTTCATGACCAGAAACTC","0","0","0.52551705","0.16156287","-0.019117226"
"AGTTTCTGGTCATGAAAAA::TTTTTCATGACCAGAAACT","0","0","0.50489059","0.57104359","0.17853712"
"GTTTCTGGTCATGAAAAAC::GTTTTTCATGACCAGAAAC","0","0","0.65491788","0.45112648","0.20130176"
"TTTCTGGTCATGAAAAACC::GGTTTTTCATGACCAGAAA","0","0","0.9878106","0.52683911","0.31101921"
"TTCTGGTCATGAAAAACCC::GGGTTTTTCATGACCAGAA","0","0","0.91195856","0.45286774","0.121715"
"TCTGGTCATGAAAAACCCC::GGGGTTTTTCATGACCAGA","0","0","0.78875285","0.38503589","-0.063852379"
"CTGGTCATGAAAAACCCCA::TGGGGTTTTTCATGACCAG","0","0","0.66730107","0.11760877","-0.36530196"
"TGGTCATGAAAAACCCCAA::TTGGGGTTTTTCATGACCA","0","0","0.61610137","-0.004992191","-0.3941394"
"GGTCATGAAAAACCCCAAA::TTTGGGGTTTTTCATGACC","0","0","0.34068242","0.085744955","-0.41025975"
"GTCATGAAAAACCCCAAAG::CTTTGGGGTTTTTCATGAC","0","0","0.62742094","0.036783786","-0.38007829"
"TCATGAAAAACCCCAAAGA::TCTTTGGGGTTTTTCATGA","0","0","0.58699685","0.12382269","-0.16107811"
"CATGAAAAACCCCAAAGAA::TTCTTTGGGGTTTTTCATG","0","0","0.34289107","0.16282641","-0.045986424"
"ATGAAAAACCCCAAAGAAG::CTTCTTTGGGGTTTTTCAT","1","0","0.65906725","0.14052003","0.1927415"
"TGAAAAACCCCAAAGAAGA::TCTTCTTTGGGGTTTTTCA","0","0","0.6196672","0.20419374","0.21020396"
"GAAAAACCCCAAAGAAGAA::TTCTTCTTTGGGGTTTTTC","0","0","0.33666695","0.15171846","0.46007071"
"AAAAACCCCAAAGAAGAAA::TTTCTTCTTTGGGGTTTTT","0","0","0.44700671","0.10871406","0.36190574"
"AAAACCCCAAAGAAGAAAT::ATTTCTTCTTTGGGGTTTT","0","0","0.52296869","-0.31385286","0.19645857"
"AAACCCCAAAGAAGAAATC::GATTTCTTCTTTGGGGTTT","0","0","0.63184249","-0.14172941","0.18967795"
"AACCCCAAAGAAGAAATCC::GGATTTCTTCTTTGGGGTT","0","0","0.70047449","-0.21126823","0.12391504"
"ACCCCAAAGAAGAAATCCG::CGGATTTCTTCTTTGGGGT","0","0","0.63843862","-0.23597627","0.28722413"
"CCCCAAAGAAGAAATCCGG::CCGGATTTCTTCTTTGGGG","0","0","0.53495757","-0.069995334","0.54479926"
"CCCAAAGAAGAAATCCGGA::TCCGGATTTCTTCTTTGGG","0","0","0.44911081","0.20476176","0.78825491"
"CCAAAGAAGAAATCCGGAG::CTCCGGATTTCTTCTTTGG","0","0","0.65665732","0.28862026","0.99215217"
"CAAAGAAGAAATCCGGAGG::CCTCCGGATTTCTTCTTTG","0","0","0.72276964","0.12673792","1.0216571"
"AAAGAAGAAATCCGGAGGA::TCCTCCGGATTTCTTCTTT","0","0","0.70901125","-0.052539805","0.898548"
"AAGAAGAAATCCGGAGGAT::ATCCTCCGGATTTCTTCTT","0","0","0.6112438","-0.09849649","0.68481308"
"AGAAGAAATCCGGAGGATC::GATCCTCCGGATTTCTTCT","0","0","0.74873504","-0.14027741","0.57896925"
"GAAGAAATCCGGAGGATCC::GGATCCTCCGGATTTCTTC","0","0","0.72783591","-0.083768269","0.38996933"
"AAGAAATCCGGAGGATCCG::CGGATCCTCCGGATTTCTT","0","0","0.86652017","-0.14882378","0.33415446"
"AGAAATCCGGAGGATCCGG::CCGGATCCTCCGGATTTCT","0","0","0.75600455","0.017351413","0.4088443"
"GAAATCCGGAGGATCCGGA::TCCGGATCCTCCGGATTTC","0","0","0.65033592","0.2170338","0.46044341"
"AAATCCGGAGGATCCGGAT::ATCCGGATCCTCCGGATTT","0","0","0.73011685","0.26450093","0.36608158"
"AATCCGGAGGATCCGGATT::AATCCGGATCCTCCGGATT","0","0","0.6944675","0.21570197","0.26253856"
"ATCCGGAGGATCCGGATTG::CAATCCGGATCCTCCGGAT","0","0","0.75079883","0.1909158","0.26627067"
"TCCGGAGGATCCGGATTGT::ACAATCCGGATCCTCCGGA","0","0","0.56579865","0.062054511","0.20020565"
"CCGGAGGATCCGGATTGTC::GACAATCCGGATCCTCCGG","0","0","0.59586881","-0.022398729","-0.051451719"
"CGGAGGATCCGGATTGTCA::TGACAATCCGGATCCTCCG","0","0","0.5841251","-0.26228439","-0.26916655"
"GGAGGATCCGGATTGTCAA::TTGACAATCCGGATCCTCC","0","0","0.53820023","-0.3359289","-0.44091373"
"GAGGATCCGGATTGTCAAT::ATTGACAATCCGGATCCTC","0","0","0.51147346","-0.14345777","-0.36853787"
"AGGATCCGGATTGTCAATA::TATTGACAATCCGGATCCT","0","0","0.68405996","-0.051438041","-0.47883569"
"GGATCCGGATTGTCAATAT::ATATTGACAATCCGGATCC","0","0","0.50716822","-0.00027542833","-0.36654129"
"GATCCGGATTGTCAATATG::CATATTGACAATCCGGATC","0","0","0.64433116","-0.061023479","-0.31993753"
"ATCCGGATTGTCAATATGC::GCATATTGACAATCCGGAT","0","0","0.92339202","-0.18425231","-0.36063984"
"TCCGGATTGTCAATATGCT::AGCATATTGACAATCCGGA","0","0","0.78716355","-0.16428221","-0.35637268"
"CCGGATTGTCAATATGCTA::TAGCATATTGACAATCCGG","0","0","0.59249167","-0.33270544","-0.66059452"
"CGGATTGTCAATATGCTAA::TTAGCATATTGACAATCCG","0","0","0.56486621","-0.53940656","-0.72557088"
"GGATTGTCAATATGCTAAA::TTTAGCATATTGACAATCC","0","0","0.46620517","-0.38098667","-0.73464665"
"GATTGTCAATATGCTAAAA::TTTTAGCATATTGACAATC","0","1","0.44258439","-0.29249126","-0.60130066"
"ATTGTCAATATGCTAAAAC::GTTTTAGCATATTGACAAT","0","0","0.87889502","-0.27734146","-0.59150536"
"TTGTCAATATGCTAAAACG::CGTTTTAGCATATTGACAA","0","0","0.92344432","-0.022110845","-0.47385528"
"TGTCAATATGCTAAAACGC::GCGTTTTAGCATATTGACA","0","0","0.87799891","-0.050638894","-0.37057865"
"GTCAATATGCTAAAACGCG::CGCGTTTTAGCATATTGAC","0","0","0.77586618","-0.027634944","-0.19003653"
"TCAATATGCTAAAACGCGG::CCGCGTTTTAGCATATTGA","0","0","0.8840852","-0.077579369","-0.10093551"
"CAATATGCTAAAACGCGGA::TCCGCGTTTTAGCATATTG","0","0","0.71168664","-0.27914533","-0.12023154"
"AATATGCTAAAACGCGGAG::CTCCGCGTTTTAGCATATT","0","0","0.80141748","-0.23356009","0.13258353"
"ATATGCTAAAACGCGGAGT::ACTCCGCGTTTTAGCATAT","0","0","0.82522874","-0.25652039","-0.057183898"
"TATGCTAAAACGCGGAGTA::TACTCCGCGTTTTAGCATA","0","0","0.77527044","-0.12394669","-0.19252011"
"ATGCTAAAACGCGGAGTAG::CTACTCCGCGTTTTAGCAT","0","0","0.73634291","-0.19017261","-0.21837364"
"TGCTAAAACGCGGAGTAGC::GCTACTCCGCGTTTTAGCA","0","0","0.85382053","-0.11579485","-0.19993572"
"GCTAAAACGCGGAGTAGCC::GGCTACTCCGCGTTTTAGC","0","0","0.68266392","0.056642768","-0.034283035"
"CTAAAACGCGGAGTAGCCC::GGGCTACTCCGCGTTTTAG","0","0","0.78784346","0.069185151","-0.16693888"
"TAAAACGCGGAGTAGCCCG::CGGGCTACTCCGCGTTTTA","0","0","0.99484318","-0.096987955","-0.21014991"
"AAAACGCGGAGTAGCCCGT::ACGGGCTACTCCGCGTTTT","0","0","0.77759838","-0.22529882","-0.32534901"
"AAACGCGGAGTAGCCCGTG::CACGGGCTACTCCGCGTTT","0","0","0.81100466","-0.21580524","-0.39105575"
"AACGCGGAGTAGCCCGTGT::ACACGGGCTACTCCGCGTT","0","0","0.69092413","-0.45824471","-0.49002972"
"ACGCGGAGTAGCCCGTGTA::TACACGGGCTACTCCGCGT","0","0","0.62656997","-0.34457387","-0.56663334"
"CGCGGAGTAGCCCGTGTAA::TTACACGGGCTACTCCGCG","0","0","0.380938","-0.47040061","-0.69941767"
"GCGGAGTAGCCCGTGTAAA::TTTACACGGGCTACTCCGC","0","0","0.44136879","-0.40549327","-0.79578449"
"CGGAGTAGCCCGTGTAAAC::GTTTACACGGGCTACTCCG","0","0","0.65541729","-0.37830968","-0.88297068"
"GGAGTAGCCCGTGTAAACC::GGTTTACACGGGCTACTCC","0","0","0.73201204","-0.49806235","-0.90632507"
"GAGTAGCCCGTGTAAACCC::GGGTTTACACGGGCTACTC","0","0","0.7915641","-0.49110233","-1.020772"
"AGTAGCCCGTGTAAACCCC::GGGGTTTACACGGGCTACT","0","0","0.73713886","-0.6201342","-1.0695671"
"GTAGCCCGTGTAAACCCCT::AGGGGTTTACACGGGCTAC","0","0","0.68792381","-0.44155565","-1.1382733"
"TAGCCCGTGTAAACCCCTT::AAGGGGTTTACACGGGCTA","0","0","0.7647004","-0.54950728","-1.2471314"
"AGCCCGTGTAAACCCCTTG::CAAGGGGTTTACACGGGCT","0","0","0.77654699","-0.63218733","-1.3256812"
"GCCCGTGTAAACCCCTTGG::CCAAGGGGTTTACACGGGC","0","0","0.59329116","-0.66753312","-1.108509"
"CCCGTGTAAACCCCTTGGG::CCCAAGGGGTTTACACGGG","0","0","0.60853189","-0.80373524","-1.0428311"
"CCGTGTAAACCCCTTGGGA::TCCCAAGGGGTTTACACGG","0","0","0.52358229","-0.85745679","-1.0137063"
"CGTGTAAACCCCTTGGGAG::CTCCCAAGGGGTTTACACG","0","0","0.57290915","-0.81766864","-0.96732637"
"GTGTAAACCCCTTGGGAGG::CCTCCCAAGGGGTTTACAC","0","0","0.61538632","-0.73611975","-0.97542317"
"TGTAAACCCCTTGGGAGGT::ACCTCCCAAGGGGTTTACA","0","0","0.63946722","-0.93832682","-0.96972696"
"GTAAACCCCTTGGGAGGTT::AACCTCCCAAGGGGTTTAC","0","0","0.45967592","-0.82476119","-0.93613505"
"TAAACCCCTTGGGAGGTTT::AAACCTCCCAAGGGGTTTA","0","0","0.6746018","-0.79179032","-0.88107598"
"AAACCCCTTGGGAGGTTTG::CAAACCTCCCAAGGGGTTT","0","0","0.65187883","-0.75076586","-0.74122287"
"AACCCCTTGGGAGGTTTGA::TCAAACCTCCCAAGGGGTT","0","0","0.59945297","-0.75288612","-0.71929933"
"ACCCCTTGGGAGGTTTGAA::TTCAAACCTCCCAAGGGGT","0","0","0.49983933","-0.60449966","-0.48174852"
"CCCCTTGGGAGGTTTGAAG::CTTCAAACCTCCCAAGGGG","0","0","0.53662379","-0.40351025","-0.24976786"
"CCCTTGGGAGGTTTGAAGA::TCTTCAAACCTCCCAAGGG","0","0","0.47828754","-0.36680892","-0.0084400491"
"CCTTGGGAGGTTTGAAGAG::CTCTTCAAACCTCCCAAGG","0","0","0.52729499","-0.31602573","0.26956027"
"CTTGGGAGGTTTGAAGAGG::CCTCTTCAAACCTCCCAAG","0","0","0.71191909","-0.47677835","0.27421121"
"TTGGGAGGTTTGAAGAGGT::ACCTCTTCAAACCTCCCAA","0","0","0.80473478","-0.40580929","0.21222404"
"TGGGAGGTTTGAAGAGGTT::AACCTCTTCAAACCTCCCA","0","0","0.62244888","-0.21671397","0.26504773"
"GGGAGGTTTGAAGAGGTTG::CAACCTCTTCAAACCTCCC","0","0","0.62339486","-0.17857629","0.31226889"
"GGAGGTTTGAAGAGGTTGC::GCAACCTCTTCAAACCTCC","0","0","0.62816782","-0.16024045","0.3402729"
"GAGGTTTGAAGAGGTTGCC::GGCAACCTCTTCAAACCTC","0","0","0.66687919","-0.19168331","0.36776451"
"AGGTTTGAAGAGGTTGCCA::TGGCAACCTCTTCAAACCT","0","0","0.63390964","-0.29663261","0.28744605"
"GGTTTGAAGAGGTTGCCAG::CTGGCAACCTCTTCAAACC","0","0","0.58589989","-0.42351323","0.25749515"
"GTTTGAAGAGGTTGCCAGC::GCTGGCAACCTCTTCAAAC","0","0","0.66808963","-0.55328239","0.28589508"
"TTTGAAGAGGTTGCCAGCC::GGCTGGCAACCTCTTCAAA","0","0","0.88259537","-0.55420492","0.26004628"
"TTGAAGAGGTTGCCAGCCG::CGGCTGGCAACCTCTTCAA","0","0","0.90398389","-0.53268079","0.14579655"
"TGAAGAGGTTGCCAGCCGG::CCGGCTGGCAACCTCTTCA","0","0","0.81019089","-0.59064486","0.10286719"
"GAAGAGGTTGCCAGCCGGA::TCCGGCTGGCAACCTCTTC","0","0","0.59046727","-0.52534774","0.05752269"
"AAGAGGTTGCCAGCCGGAC::GTCCGGCTGGCAACCTCTT","0","0","0.78445634","-0.54363878","-0.052518919"
"AGAGGTTGCCAGCCGGACT::AGTCCGGCTGGCAACCTCT","0","0","0.69848847","-0.5295305","-0.25383604"
"GAGGTTGCCAGCCGGACTT::AAGTCCGGCTGGCAACCTC","0","0","0.59586906","-0.47176573","-0.17115356"
"AGGTTGCCAGCCGGACTTC::GAAGTCCGGCTGGCAACCT","0","0","0.58176819","-0.30964321","-0.064507946"
"GGTTGCCAGCCGGACTTCT::AGAAGTCCGGCTGGCAACC","0","0","0.51584467","-0.13945607","-0.062066444"
"GTTGCCAGCCGGACTTCTG::CAGAAGTCCGGCTGGCAAC","0","0","0.68619984","-0.081955642","0.046409479"
"TTGCCAGCCGGACTTCTGC::GCAGAAGTCCGGCTGGCAA","0","0","0.88361309","0.056043104","0.040728195"
"TGCCAGCCGGACTTCTGCT::AGCAGAAGTCCGGCTGGCA","0","0","0.72851252","0.38169279","0.10747153"
"GCCAGCCGGACTTCTGCTG::CAGCAGAAGTCCGGCTGGC","0","0","0.55835806","0.28017818","-0.063807796"
"CCAGCCGGACTTCTGCTGG::CCAGCAGAAGTCCGGCTGG","0","0","0.69177299","0.30799429","-0.13815885"
"CAGCCGGACTTCTGCTGGG::CCCAGCAGAAGTCCGGCTG","0","0","0.66318625","0.10673154","-0.15033166"
"AGCCGGACTTCTGCTGGGT::ACCCAGCAGAAGTCCGGCT","0","0","0.64253807","-0.18463329","-0.16280193"
"GCCGGACTTCTGCTGGGTC::GACCCAGCAGAAGTCCGGC","0","0","0.53634146","-0.13528614","-0.083369492"
"CCGGACTTCTGCTGGGTCA::TGACCCAGCAGAAGTCCGG","0","0","0.56739507","-0.046563494","-0.089352262"
"CGGACTTCTGCTGGGTCAT::ATGACCCAGCAGAAGTCCG","0","0","0.57072995","-0.28940978","-0.16241009"
"GGACTTCTGCTGGGTCATG::CATGACCCAGCAGAAGTCC","0","0","0.54422991","-0.42050445","-0.11014886"
"GACTTCTGCTGGGTCATGG::CCATGACCCAGCAGAAGTC","0","0","0.71554286","-0.50388676","-0.18832024"
"ACTTCTGCTGGGTCATGGA::TCCATGACCCAGCAGAAGT","0","0","0.66622266","-0.36578656","-0.043660882"
"CTTCTGCTGGGTCATGGAC::GTCCATGACCCAGCAGAAG","0","0","0.69196761","-0.47986814","-0.16589787"
"TTCTGCTGGGTCATGGACC::GGTCCATGACCCAGCAGAA","0","0","0.93480356","-0.72165205","-0.25440617"
"TCTGCTGGGTCATGGACCC::GGGTCCATGACCCAGCAGA","0","0","0.80274026","-0.67302579","-0.32774563"
"CTGCTGGGTCATGGACCCA::TGGGTCCATGACCCAGCAG","0","0","0.55389129","-0.67571221","-0.55520743"
"TGCTGGGTCATGGACCCAT::ATGGGTCCATGACCCAGCA","0","0","0.6795604","-0.91212199","-0.73972287"
"GCTGGGTCATGGACCCATC::GATGGGTCCATGACCCAGC","0","0","0.58977843","-0.6648826","-0.44071502"
"CTGGGTCATGGACCCATCA::TGATGGGTCCATGACCCAG","0","0","0.60825116","-0.61447709","-0.38732532"
"TGGGTCATGGACCCATCAG::CTGATGGGTCCATGACCCA","0","0","0.7303996","-0.37048719","-0.36761889"
"GGGTCATGGACCCATCAGA::TCTGATGGGTCCATGACCC","0","0","0.44707782","-0.28349287","-0.54501457"
"GGTCATGGACCCATCAGAA::TTCTGATGGGTCCATGACC","0","0","0.40025756","-0.21034931","-0.60658255"
"GTCATGGACCCATCAGAAT::ATTCTGATGGGTCCATGAC","0","0","0.51626479","-0.24559536","-0.50596328"
"TCATGGACCCATCAGAATG::CATTCTGATGGGTCCATGA","0","0","0.78527107","-0.081299462","-0.4133786"
"CATGGACCCATCAGAATGG::CCATTCTGATGGGTCCATG","0","0","0.60181051","-0.0030029221","-0.27376578"
"ATGGACCCATCAGAATGGT::ACCATTCTGATGGGTCCAT","0","0","0.59749917","0.026717276","-0.25583115"
"TGGACCCATCAGAATGGTT::AACCATTCTGATGGGTCCA","0","0","0.61810287","-0.030234447","-0.51003379"
"GGACCCATCAGAATGGTTT::AAACCATTCTGATGGGTCC","0","0","0.51480087","0.018374253","-0.55938297"
"GACCCATCAGAATGGTTTT::AAAACCATTCTGATGGGTC","0","0","0.427305","0.086898373","-0.61223707"
"ACCCATCAGAATGGTTTTG::CAAAACCATTCTGATGGGT","0","0","0.56055461","-0.022834752","-0.65819034"
"CCCATCAGAATGGTTTTGG::CCAAAACCATTCTGATGGG","0","0","0.55186534","-0.12314574","-0.27912051"
"CCATCAGAATGGTTTTGGC::GCCAAAACCATTCTGATGG","0","0","0.52608509","-0.10960559","0.10402064"
"CATCAGAATGGTTTTGGCG::CGCCAAAACCATTCTGATG","0","0","0.68893542","-0.11690082","-0.048822724"
"ATCAGAATGGTTTTGGCGA::TCGCCAAAACCATTCTGAT","0","0","0.65502712","-0.17655746","-0.037856707"
"TCAGAATGGTTTTGGCGAT::ATCGCCAAAACCATTCTGA","0","0","0.5527162","-0.12929124","0.058919538"
"CAGAATGGTTTTGGCGATA::TATCGCCAAAACCATTCTG","0","0","0.45495916","0.0081722598","0.31862001"
"AGAATGGTTTTGGCGATAC::GTATCGCCAAAACCATTCT","0","0","0.64725718","-0.017389661","0.34103041"
"GAATGGTTTTGGCGATACT::AGTATCGCCAAAACCATTC","0","0","0.49111654","-0.22043708","0.12030094"
"AATGGTTTTGGCGATACTA::TAGTATCGCCAAAACCATT","0","0","0.67839305","-0.33662065","-0.010698605"
"ATGGTTTTGGCGATACTAG::CTAGTATCGCCAAAACCAT","0","0","0.76272478","-0.43926366","-0.18358631"
"TGGTTTTGGCGATACTAGC::GCTAGTATCGCCAAAACCA","0","0","0.81914491","-0.46655174","-0.05735286"
"GGTTTTGGCGATACTAGCC::GGCTAGTATCGCCAAAACC","0","0","0.64232563","-0.36622945","0.032614302"
"GTTTTGGCGATACTAGCCT::AGGCTAGTATCGCCAAAAC","0","0","0.63620528","-0.48550263","0.048329807"
"TTTTGGCGATACTAGCCTT::AAGGCTAGTATCGCCAAAA","0","0","0.69735711","-0.43657052","0.23330715"
"TTTGGCGATACTAGCCTTT::AAAGGCTAGTATCGCCAAA","0","0","0.74326933","-0.46919396","0.37061656"
"TTGGCGATACTAGCCTTTT::AAAAGGCTAGTATCGCCAA","0","0","0.72231147","-0.26079064","0.15182823"
"TGGCGATACTAGCCTTTTT::AAAAAGGCTAGTATCGCCA","0","0","0.62739846","-0.062525069","0.29263868"
"GGCGATACTAGCCTTTTTG::CAAAAAGGCTAGTATCGCC","0","0","0.5844691","-0.18139977","0.34346984"
"GCGATACTAGCCTTTTTGA::TCAAAAAGGCTAGTATCGC","0","0","0.42568084","-0.20269934","0.43694726"
"CGATACTAGCCTTTTTGAG::CTCAAAAAGGCTAGTATCG","0","0","0.58774412","-0.324515","0.342473"
"GATACTAGCCTTTTTGAGA::TCTCAAAAAGGCTAGTATC","0","0","0.64807245","-0.318906","0.21841321"
"ATACTAGCCTTTTTGAGAT::ATCTCAAAAAGGCTAGTAT","0","0","0.75308811","-0.28838719","0.3159622"
"TACTAGCCTTTTTGAGATT::AATCTCAAAAAGGCTAGTA","0","0","0.66686482","-0.20747184","0.45843923"
"ACTAGCCTTTTTGAGATTT::AAATCTCAAAAAGGCTAGT","0","0","0.68702248","-0.18362936","0.53254699"
"CTAGCCTTTTTGAGATTTA::TAAATCTCAAAAAGGCTAG","0","0","0.58944164","-0.054861934","0.54356937"
"TAGCCTTTTTGAGATTTAC::GTAAATCTCAAAAAGGCTA","0","0","0.86808602","-0.12052253","0.53244872"
"AGCCTTTTTGAGATTTACA::TGTAAATCTCAAAAAGGCT","0","0","0.72041626","-0.24595703","0.39508248"
"GCCTTTTTGAGATTTACAG::CTGTAAATCTCAAAAAGGC","0","0","0.65840066","-0.25689759","0.26623608"
"CCTTTTTGAGATTTACAGC::GCTGTAAATCTCAAAAAGG","0","0","0.73208376","-0.29341835","0.16401786"
"CTTTTTGAGATTTACAGCA::TGCTGTAAATCTCAAAAAG","0","0","0.74988854","-0.38172742","-0.15704922"
"TTTTTGAGATTTACAGCAA::TTGCTGTAAATCTCAAAAA","0","0","0.75218217","-0.59380654","-0.15428322"
"TTTTGAGATTTACAGCAAT::ATTGCTGTAAATCTCAAAA","0","0","0.76533387","-0.97887523","-0.65047976"
"TTTGAGATTTACAGCAATC::GATTGCTGTAAATCTCAAA","0","0","0.96312188","-0.89503813","-0.77502534"
"TTGAGATTTACAGCAATCA::TGATTGCTGTAAATCTCAA","0","0","0.91552458","-0.77700834","-0.83662724"
"TGAGATTTACAGCAATCAA::TTGATTGCTGTAAATCTCA","0","0","0.71219059","-0.54368388","-0.76656564"
"GAGATTTACAGCAATCAAG::CTTGATTGCTGTAAATCTC","0","0","0.73300576","-0.57441388","-0.86488742"
"AGATTTACAGCAATCAAGC::GCTTGATTGCTGTAAATCT","0","0","0.85373856","-0.5647198","-1.0653945"
"GATTTACAGCAATCAAGCC::GGCTTGATTGCTGTAAATC","0","0","0.71270948","-0.70057182","-1.2315693"
"ATTTACAGCAATCAAGCCA::TGGCTTGATTGCTGTAAAT","0","0","0.7763504","-0.49792245","-1.222201"
"TTTACAGCAATCAAGCCAT::ATGGCTTGATTGCTGTAAA","0","0","0.80042225","-0.56491764","-1.1160706"
"TTACAGCAATCAAGCCATC::GATGGCTTGATTGCTGTAA","0","0","0.85944813","-0.42526507","-1.0513931"
"TACAGCAATCAAGCCATCA::TGATGGCTTGATTGCTGTA","0","0","0.83267383","-0.36913903","-0.95640472"
"ACAGCAATCAAGCCATCAC::GTGATGGCTTGATTGCTGT","0","0","0.74724116","-0.33252859","-0.72812592"
"CAGCAATCAAGCCATCACT::AGTGATGGCTTGATTGCTG","0","0","0.72407578","-0.33678624","-0.61641194"
"AGCAATCAAGCCATCACTG::CAGTGATGGCTTGATTGCT","0","0","0.76828004","-0.19998213","-0.57510733"
"GCAATCAAGCCATCACTGG::CCAGTGATGGCTTGATTGC","0","0","0.65493406","-0.20454482","-0.68116425"
"CAATCAAGCCATCACTGGG::CCCAGTGATGGCTTGATTG","0","0","0.73480014","-0.32370878","-0.66817232"
"AATCAAGCCATCACTGGGC::GCCCAGTGATGGCTTGATT","0","0","0.82448175","-0.45596167","-0.58221806"
"ATCAAGCCATCACTGGGCC::GGCCCAGTGATGGCTTGAT","0","0","0.72533789","-0.61792365","-0.69365593"
"TCAAGCCATCACTGGGCCT::AGGCCCAGTGATGGCTTGA","0","0","0.7238312","-0.64200179","-0.69856796"
"CAAGCCATCACTGGGCCTT::AAGGCCCAGTGATGGCTTG","0","0","0.60021494","-0.58133868","-0.56817662"
"AAGCCATCACTGGGCCTTA::TAAGGCCCAGTGATGGCTT","0","0","0.57811901","-0.48788011","-0.466444"
"AGCCATCACTGGGCCTTAT::ATAAGGCCCAGTGATGGCT","0","0","0.52446223","-0.29483107","-0.41829195"
"GCCATCACTGGGCCTTATC::GATAAGGCCCAGTGATGGC","0","0","0.60586794","-0.34010303","-0.48217699"
"CCATCACTGGGCCTTATCA::TGATAAGGCCCAGTGATGG","0","0","0.52296536","-0.30877185","-0.62774246"
"CATCACTGGGCCTTATCAA::TTGATAAGGCCCAGTGATG","0","0","0.51710702","-0.1947099","-0.65172421"
"ATCACTGGGCCTTATCAAC::GTTGATAAGGCCCAGTGAT","0","0","0.77650255","-0.23528002","-0.7141392"
"TCACTGGGCCTTATCAACA::TGTTGATAAGGCCCAGTGA","0","0","0.8414697","-0.27160778","-0.87547211"
"CACTGGGCCTTATCAACAG::CTGTTGATAAGGCCCAGTG","0","0","0.6887157","-0.36570666","-0.60669067"
"ACTGGGCCTTATCAACAGA::TCTGTTGATAAGGCCCAGT","0","0","0.58177714","-0.33619651","-0.32642756"
"CTGGGCCTTATCAACAGAT::ATCTGTTGATAAGGCCCAG","0","0","0.66754149","-0.28027239","-0.17820285"
"TGGGCCTTATCAACAGATG::CATCTGTTGATAAGGCCCA","0","0","0.78370363","0.0035253023","-0.0043583"
"GGGCCTTATCAACAGATGG::CCATCTGTTGATAAGGCCC","0","0","0.64865315","0.22247397","0.089326766"
"GGCCTTATCAACAGATGGG::CCCATCTGTTGATAAGGCC","0","0","0.61713505","0.21200207","0.21230946"
"GCCTTATCAACAGATGGGG::CCCCATCTGTTGATAAGGC","0","0","0.59453155","-0.074424612","0.049657589"
"CCTTATCAACAGATGGGGT::ACCCCATCTGTTGATAAGG","0","0","0.54107654","-0.22004299","-0.076354654"
"CTTATCAACAGATGGGGTT::AACCCCATCTGTTGATAAG","0","0","0.67789119","-0.57652166","-0.079737668"
"TTATCAACAGATGGGGTTC::GAACCCCATCTGTTGATAA","0","0","0.84934968","-0.72227082","0.057157725"
"TATCAACAGATGGGGTTCC::GGAACCCCATCTGTTGATA","0","0","0.81596147","-0.93408681","-0.033439661"
"ATCAACAGATGGGGTTCCG::CGGAACCCCATCTGTTGAT","0","0","0.76086103","-0.99126838","-0.015867416"
"TCAACAGATGGGGTTCCGT::ACGGAACCCCATCTGTTGA","0","0","0.78380739","-1.245185","-0.064834028"
"CAACAGATGGGGTTCCGTG::CACGGAACCCCATCTGTTG","0","0","0.74586001","-1.3523842","-0.04524011"
"AACAGATGGGGTTCCGTGG::CCACGGAACCCCATCTGTT","0","0","0.81967629","-1.3336847","-0.018844675"
"ACAGATGGGGTTCCGTGGG::CCCACGGAACCCCATCTGT","0","0","0.70626254","-1.3466991","-0.49784315"
"CAGATGGGGTTCCGTGGGG::CCCCACGGAACCCCATCTG","0","0","0.54997926","-1.3554316","-0.63207686"
"AGATGGGGTTCCGTGGGGA::TCCCCACGGAACCCCATCT","0","0","0.50550539","-1.3858002","-0.60787191"
"GATGGGGTTCCGTGGGGAA::TTCCCCACGGAACCCCATC","0","0","0.37494011","-1.5058856","-0.71228776"
"ATGGGGTTCCGTGGGGAAA::TTTCCCCACGGAACCCCAT","0","0","0.51939489","-1.6821765","-0.60642354"
"TGGGGTTCCGTGGGGAAAA::TTTTCCCCACGGAACCCCA","0","0","0.5566009","-1.5100884","-0.45486897"
"GGGGTTCCGTGGGGAAAAA::TTTTTCCCCACGGAACCCC","0","0","0.27247801","-1.0577675","-0.14718655"
"GGGTTCCGTGGGGAAAAAA::TTTTTTCCCCACGGAACCC","0","0","0.33716358","-0.47520428","0.2503832"
"GGTTCCGTGGGGAAAAAAG::CTTTTTTCCCCACGGAACC","0","0","0.52999876","-0.34566187","0.41657469"
"GTTCCGTGGGGAAAAAAGA::TCTTTTTTCCCCACGGAAC","0","0","0.55186926","-0.24061295","0.57887963"
"TTCCGTGGGGAAAAAAGAG::CTCTTTTTTCCCCACGGAA","0","0","0.81693653","-0.17437822","0.86381941"
"TCCGTGGGGAAAAAAGAGG::CCTCTTTTTTCCCCACGGA","0","0","0.8137857","-0.27208741","0.8584922"
"CCGTGGGGAAAAAAGAGGC::GCCTCTTTTTTCCCCACGG","0","0","0.67558369","-0.18330334","0.77342254"
"CGTGGGGAAAAAAGAGGCT::AGCCTCTTTTTTCCCCACG","0","0","0.5337301","-0.096323995","0.76909329"
"GTGGGGAAAAAAGAGGCTA::TAGCCTCTTTTTTCCCCAC","0","0","0.60615555","-0.0080907173","0.91787088"
"TGGGGAAAAAAGAGGCTAT::ATAGCCTCTTTTTTCCCCA","0","0","0.62928711","0.084611178","1.0531061"
"GGGGAAAAAAGAGGCTATG::CATAGCCTCTTTTTTCCCC","0","0","0.6007158","0.14403044","1.0546425"
"GGGAAAAAAGAGGCTATGG::CCATAGCCTCTTTTTTCCC","0","0","0.62143224","0.11580295","1.0307055"
"GGAAAAAAGAGGCTATGGA::TCCATAGCCTCTTTTTTCC","1","0","0.53261815","0.26506637","1.1989581"
"GAAAAAAGAGGCTATGGAA::TTCCATAGCCTCTTTTTTC","1","0","0.56528332","0.23786607","1.1743839"
"AAAAAAGAGGCTATGGAAA::TTTCCATAGCCTCTTTTTT","2","1","0.61251657","0.077214062","1.120135"
"AAAAAGAGGCTATGGAAAT::ATTTCCATAGCCTCTTTTT","2","0","0.68841705","-0.44306671","0.93107214"
"AAAAGAGGCTATGGAAATA::TATTTCCATAGCCTCTTTT","2","0","0.68405592","-0.82102342","0.82257827"
"AAAGAGGCTATGGAAATAA::TTATTTCCATAGCCTCTTT","1","0","0.73431525","-0.74770074","0.77534138"
"AAGAGGCTATGGAAATAAT::ATTATTTCCATAGCCTCTT","0","0","0.64687789","-0.71017105","0.70234249"
"AGAGGCTATGGAAATAATA::TATTATTTCCATAGCCTCT","0","0","0.72560198","-0.81974482","0.57235206"
"GAGGCTATGGAAATAATAA::TTATTATTTCCATAGCCTC","0","0","0.61029701","-0.5718614","0.73765732"
"AGGCTATGGAAATAATAAA::TTTATTATTTCCATAGCCT","0","0","0.60707961","-0.60475053","0.83671732"
"GGCTATGGAAATAATAAAG::CTTTATTATTTCCATAGCC","0","0","0.56509307","-0.60689642","0.83573807"
"GCTATGGAAATAATAAAGA::TCTTTATTATTTCCATAGC","0","0","0.49297684","-0.63197957","0.97708542"
"CTATGGAAATAATAAAGAA::TTCTTTATTATTTCCATAG","0","0","0.54032025","-0.65391128","1.1208851"
"TATGGAAATAATAAAGAAG::CTTCTTTATTATTTCCATA","0","0","0.77591553","-0.55862186","1.3907386"
"ATGGAAATAATAAAGAAGT::ACTTCTTTATTATTTCCAT","0","0","0.74498078","-0.40696807","1.4811396"
"TGGAAATAATAAAGAAGTT::AACTTCTTTATTATTTCCA","0","0","0.5877372","-0.25476661","1.3738046"
"GGAAATAATAAAGAAGTTC::GAACTTCTTTATTATTTCC","0","0","0.62462246","-0.055590844","1.3233964"
"GAAATAATAAAGAAGTTCA::TGAACTTCTTTATTATTTC","0","0","0.54433651","0.13051489","1.4200308"
"AAATAATAAAGAAGTTCAA::TTGAACTTCTTTATTATTT","0","0","0.50789624","0.25874509","1.465829"
"AATAATAAAGAAGTTCAAG::CTTGAACTTCTTTATTATT","0","0","0.65021082","0.23839955","1.2251035"
"ATAATAAAGAAGTTCAAGA::TCTTGAACTTCTTTATTAT","0","1","0.69575882","0.14780974","1.1725658"
"TAATAAAGAAGTTCAAGAA::TTCTTGAACTTCTTTATTA","0","0","0.61139393","0.10577274","1.1412698"
"AATAAAGAAGTTCAAGAAA::TTTCTTGAACTTCTTTATT","0","0","0.419495","0.21039157","1.1588145"
"ATAAAGAAGTTCAAGAAAG::CTTTCTTGAACTTCTTTAT","0","0","0.66040238","0.27339842","1.0579707"
"TAAAGAAGTTCAAGAAAGA::TCTTTCTTGAACTTCTTTA","0","0","0.58910729","0.37107016","1.2736437"
"AAAGAAGTTCAAGAAAGAT::ATCTTTCTTGAACTTCTTT","0","0","0.55215025","0.35717482","1.5266117"
"AAGAAGTTCAAGAAAGATC::GATCTTTCTTGAACTTCTT","0","0","0.74881065","0.3250424","1.3677449"
"AGAAGTTCAAGAAAGATCT::AGATCTTTCTTGAACTTCT","0","0","0.72662851","0.38788896","1.2410856"
"GAAGTTCAAGAAAGATCTT::AAGATCTTTCTTGAACTTC","0","0","0.482209","0.58068254","1.0134278"
"AAGTTCAAGAAAGATCTTG::CAAGATCTTTCTTGAACTT","0","0","0.79102246","0.51422169","0.85997143"
"AGTTCAAGAAAGATCTTGC::GCAAGATCTTTCTTGAACT","0","0","0.76946206","0.27949507","0.7407829"
"GTTCAAGAAAGATCTTGCT::AGCAAGATCTTTCTTGAAC","0","0","0.66565782","0.18009466","0.63057562"
"TTCAAGAAAGATCTTGCTG::CAGCAAGATCTTTCTTGAA","0","0","0.89658971","-0.10876566","0.18321455"
"TCAAGAAAGATCTTGCTGC::GCAGCAAGATCTTTCTTGA","0","0","0.92195232","-0.32069172","-0.056309887"
"CAAGAAAGATCTTGCTGCC::GGCAGCAAGATCTTTCTTG","0","0","0.71158081","-0.55670618","-0.10000844"
"AAGAAAGATCTTGCTGCCA::TGGCAGCAAGATCTTTCTT","0","0","0.74753803","-0.64738846","-0.21242085"
"AGAAAGATCTTGCTGCCAT::ATGGCAGCAAGATCTTTCT","0","0","0.71585553","-0.650732","-0.2525359"
"GAAAGATCTTGCTGCCATG::CATGGCAGCAAGATCTTTC","0","0","0.67768895","-0.76712392","-0.37299047"
"AAAGATCTTGCTGCCATGT::ACATGGCAGCAAGATCTTT","0","0","0.80905075","-0.88454399","-0.33565988"
"AAGATCTTGCTGCCATGTT::AACATGGCAGCAAGATCTT","0","0","0.72493482","-1.0071858","-0.76624523"
"AGATCTTGCTGCCATGTTG::CAACATGGCAGCAAGATCT","0","0","0.79676591","-1.0488194","-1.0297587"
"GATCTTGCTGCCATGTTGA::TCAACATGGCAGCAAGATC","0","0","0.62805884","-1.1382272","-1.1169372"
"ATCTTGCTGCCATGTTGAG::CTCAACATGGCAGCAAGAT","0","0","0.69466587","-1.2982591","-1.1380767"
"TCTTGCTGCCATGTTGAGA::TCTCAACATGGCAGCAAGA","0","0","0.77053767","-1.4685614","-1.071807"
"CTTGCTGCCATGTTGAGAA::TTCTCAACATGGCAGCAAG","0","0","0.673005","-1.5362608","-0.92879702"
"TTGCTGCCATGTTGAGAAT::ATTCTCAACATGGCAGCAA","0","0","0.64319315","-1.387505","-0.77230286"
"TGCTGCCATGTTGAGAATA::TATTCTCAACATGGCAGCA","0","0","0.649053","-1.385651","-0.6076815"
"GCTGCCATGTTGAGAATAA::TTATTCTCAACATGGCAGC","0","0","0.40097012","-1.1441353","-0.27800948"
"CTGCCATGTTGAGAATAAT::ATTATTCTCAACATGGCAG","0","0","0.57231782","-0.94445917","-0.014128924"
"TGCCATGTTGAGAATAATC::GATTATTCTCAACATGGCA","0","0","0.87485187","-0.68851646","0.19049288"
"GCCATGTTGAGAATAATCA::TGATTATTCTCAACATGGC","0","0","0.58294834","-0.5163518","0.25059354"
"CCATGTTGAGAATAATCAA::TTGATTATTCTCAACATGG","0","0","0.52073258","-0.34630202","0.20655039"
"CATGTTGAGAATAATCAAT::ATTGATTATTCTCAACATG","0","0","0.61966553","-0.06222398","0.3087518"
"ATGTTGAGAATAATCAATG::CATTGATTATTCTCAACAT","0","0","0.90227555","-0.0027748348","0.36027213"
"TGTTGAGAATAATCAATGC::GCATTGATTATTCTCAACA","0","0","0.82331476","0.071681732","0.55605326"
"GTTGAGAATAATCAATGCT::AGCATTGATTATTCTCAAC","0","0","0.70019263","0.15903081","0.64218904"
"TTGAGAATAATCAATGCTA::TAGCATTGATTATTCTCAA","0","0","0.89450042","0.15765725","0.53915177"
"TGAGAATAATCAATGCTAG::CTAGCATTGATTATTCTCA","0","0","0.84031187","0.30253219","0.51299776"
"GAGAATAATCAATGCTAGG::CCTAGCATTGATTATTCTC","0","0","0.74485231","0.18053882","0.45046455"
"AGAATAATCAATGCTAGGA::TCCTAGCATTGATTATTCT","0","0","0.78100864","0.14415816","0.27563925"
"GAATAATCAATGCTAGGAA::TTCCTAGCATTGATTATTC","0","0","0.57788506","-0.064419781","-0.01176236"
"AATAATCAATGCTAGGAAA::TTTCCTAGCATTGATTATT","0","0","0.61153546","-0.14320113","0.015949956"
"ATAATCAATGCTAGGAAAG::CTTTCCTAGCATTGATTAT","0","0","0.82238755","-0.08751774","-0.094553624"
"TAATCAATGCTAGGAAAGA::TCTTTCCTAGCATTGATTA","0","0","0.75109866","-0.12076434","-0.024821206"
"AATCAATGCTAGGAAAGAG::CTCTTTCCTAGCATTGATT","0","0","0.79382368","-0.11263625","0.09967225"
"ATCAATGCTAGGAAAGAGA::TCTCTTTCCTAGCATTGAT","0","0","0.77366897","-0.026235819","0.15716383"
"TCAATGCTAGGAAAGAGAG::CTCTCTTTCCTAGCATTGA","0","0","0.82549048","-0.11768211","-0.064263836"
"CAATGCTAGGAAAGAGAGG::CCTCTCTTTCCTAGCATTG","0","0","0.71127308","-0.46851927","-0.16341941"
"AATGCTAGGAAAGAGAGGA::TCCTCTCTTTCCTAGCATT","0","0","0.80380544","-0.57726134","-0.32491942"
"ATGCTAGGAAAGAGAGGAA::TTCCTCTCTTTCCTAGCAT","0","0","0.65557573","-0.58914518","-0.42769399"
"TGCTAGGAAAGAGAGGAAG::CTTCCTCTCTTTCCTAGCA","0","0","0.71664635","-0.6279876","-0.69110206"
"GCTAGGAAAGAGAGGAAGA::TCTTCCTCTCTTTCCTAGC","0","0","0.43365072","-0.45356119","-0.49613573"
"CTAGGAAAGAGAGGAAGAG::CTCTTCCTCTCTTTCCTAG","0","0","0.6613757","-0.4089763","-0.20059131"
"TAGGAAAGAGAGGAAGAGA::TCTCTTCCTCTCTTTCCTA","0","0","0.71152883","-0.10126912","-0.051937867"
"AGGAAAGAGAGGAAGAGAC::GTCTCTTCCTCTCTTTCCT","1","0","0.68299951","0.024397876","0.022489087"
"GGAAAGAGAGGAAGAGACG::CGTCTCTTCCTCTCTTTCC","0","0","0.56820909","0.13129541","0.21271631"
"GAAAGAGAGGAAGAGACGT::ACGTCTCTTCCTCTCTTTC","0","0","0.64085027","0.31657114","0.046113641"
"AAAGAGAGGAAGAGACGTG::CACGTCTCTTCCTCTCTTT","0","0","0.73294584","0.2112931","0.047018066"
"AAGAGAGGAAGAGACGTGG::CCACGTCTCTTCCTCTCTT","0","0","0.8279089","0.14822965","-0.21393653"
"AGAGAGGAAGAGACGTGGC::GCCACGTCTCTTCCTCTCT","0","0","0.64023239","-0.025386504","-0.31979858"
"GAGAGGAAGAGACGTGGCG::CGCCACGTCTCTTCCTCTC","0","0","0.58877141","-0.22766419","-0.49921207"
"AGAGGAAGAGACGTGGCGC::GCGCCACGTCTCTTCCTCT","0","0","0.71137356","-0.31229227","-0.32783396"
"GAGGAAGAGACGTGGCGCA::TGCGCCACGTCTCTTCCTC","0","0","0.47638696","-0.18181006","-0.33188946"
"AGGAAGAGACGTGGCGCAG::CTGCGCCACGTCTCTTCCT","0","0","0.57929678","-0.10786028","-0.34203024"
"GGAAGAGACGTGGCGCAGA::TCTGCGCCACGTCTCTTCC","0","0","0.46952516","-0.016082505","-0.12966961"
"GAAGAGACGTGGCGCAGAC::GTCTGCGCCACGTCTCTTC","0","0","0.53944237","-0.0024188171","0.092417604"
"AAGAGACGTGGCGCAGACA::TGTCTGCGCCACGTCTCTT","0","0","0.65243938","0.10034247","-0.0067741047"
"AGAGACGTGGCGCAGACAC::GTGTCTGCGCCACGTCTCT","0","0","0.69225529","0.14309935","-0.37786454"
"GAGACGTGGCGCAGACACC::GGTGTCTGCGCCACGTCTC","0","0","0.69816598","-0.062777635","-0.55872552"
"AGACGTGGCGCAGACACCA::TGGTGTCTGCGCCACGTCT","0","0","0.66172774","-0.21541806","-0.66652996"
"GACGTGGCGCAGACACCAG::CTGGTGTCTGCGCCACGTC","0","0","0.60627898","-0.39403269","-0.68035831"
"ACGTGGCGCAGACACCAGC::GCTGGTGTCTGCGCCACGT","0","0","0.7338217","-0.56705226","-0.67400292"
"CGTGGCGCAGACACCAGCA::TGCTGGTGTCTGCGCCACG","0","0","0.55853448","-0.75017807","-0.90013654"
"GTGGCGCAGACACCAGCAT::ATGCTGGTGTCTGCGCCAC","0","0","0.5528916","-0.69111247","-0.84706449"
"TGGCGCAGACACCAGCATC::GATGCTGGTGTCTGCGCCA","0","0","0.81754837","-0.66055344","-1.010878"
"GGCGCAGACACCAGCATCG::CGATGCTGGTGTCTGCGCC","0","0","0.65893319","-0.74092923","-0.98715864"
"GCGCAGACACCAGCATCGG::CCGATGCTGGTGTCTGCGC","0","0","0.63522811","-0.75000674","-0.99772877"
"CGCAGACACCAGCATCGGA::TCCGATGCTGGTGTCTGCG","0","0","0.50339871","-0.73033399","-1.0307154"
"GCAGACACCAGCATCGGAA::TTCCGATGCTGGTGTCTGC","0","0","0.56444168","-0.75000136","-0.99965637"
"CAGACACCAGCATCGGAAT::ATTCCGATGCTGGTGTCTG","0","0","0.59061447","-0.86200422","-1.0811828"
"AGACACCAGCATCGGAATC::GATTCCGATGCTGGTGTCT","0","0","0.72773649","-0.88167041","-0.99245721"
"GACACCAGCATCGGAATCA::TGATTCCGATGCTGGTGTC","0","0","0.64512741","-1.0185135","-0.96121249"
"ACACCAGCATCGGAATCAT::ATGATTCCGATGCTGGTGT","0","0","0.58205622","-1.0832032","-0.78405296"
"CACCAGCATCGGAATCATT::AATGATTCCGATGCTGGTG","0","0","0.59999506","-0.90160052","-0.53019418"
"ACCAGCATCGGAATCATTG::CAATGATTCCGATGCTGGT","0","0","0.83752262","-0.72347798","-0.42691486"
"CCAGCATCGGAATCATTGG::CCAATGATTCCGATGCTGG","0","0","0.72019452","-0.57820142","-0.4523344"
"CAGCATCGGAATCATTGGC::GCCAATGATTCCGATGCTG","0","0","0.76923333","-0.46311402","-0.16016096"
"AGCATCGGAATCATTGGCC::GGCCAATGATTCCGATGCT","0","0","0.83719021","-0.15971008","0.18325178"
"GCATCGGAATCATTGGCCT::AGGCCAATGATTCCGATGC","0","0","0.58864214","-0.039927353","0.2446775"
"CATCGGAATCATTGGCCTC::GAGGCCAATGATTCCGATG","0","0","0.70432577","-0.044417422","0.22332213"
"ATCGGAATCATTGGCCTCC::GGAGGCCAATGATTCCGAT","0","0","0.82526184","-0.0065122748","0.25899971"
"TCGGAATCATTGGCCTCCT::AGGAGGCCAATGATTCCGA","0","0","0.73434055","0.0018245389","0.19719083"
"CGGAATCATTGGCCTCCTG::CAGGAGGCCAATGATTCCG","0","0","0.50778911","-0.039634575","0.18758299"
"GGAATCATTGGCCTCCTGC::GCAGGAGGCCAATGATTCC","0","0","0.6778087","0.22420461","0.14595774"
"GAATCATTGGCCTCCTGCT::AGCAGGAGGCCAATGATTC","0","0","0.66576512","0.6082279","0.25630989"
"AATCATTGGCCTCCTGCTG::CAGCAGGAGGCCAATGATT","0","0","0.77199153","0.43881886","-0.0082233696"
"ATCATTGGCCTCCTGCTGA::TCAGCAGGAGGCCAATGAT","0","0","0.69546862","0.57147819","0.078495333"
"TCATTGGCCTCCTGCTGAC::GTCAGCAGGAGGCCAATGA","0","0","0.72719627","0.66652236","0.13867134"
"CATTGGCCTCCTGCTGACT::AGTCAGCAGGAGGCCAATG","0","0","0.6430892","0.50910182","-0.05888902"
"ATTGGCCTCCTGCTGACTA::TAGTCAGCAGGAGGCCAAT","0","0","0.71697967","0.39063757","-0.10823144"
"TTGGCCTCCTGCTGACTAC::GTAGTCAGCAGGAGGCCAA","0","0","0.79139144","0.28599784","-0.19210159"
"TGGCCTCCTGCTGACTACA::TGTAGTCAGCAGGAGGCCA","0","0","0.73127191","0.26946583","-0.3521638"
"GGCCTCCTGCTGACTACAG::CTGTAGTCAGCAGGAGGCC","0","0","0.54452238","0.097676736","-0.64585976"
"GCCTCCTGCTGACTACAGC::GCTGTAGTCAGCAGGAGGC","0","0","0.64194988","-0.0089470888","-0.75584824"
"CCTCCTGCTGACTACAGCC::GGCTGTAGTCAGCAGGAGG","0","0","0.74533433","0.14938497","-0.65161799"
"CTCCTGCTGACTACAGCCA::TGGCTGTAGTCAGCAGGAG","0","0","0.66490445","0.37370474","-0.58431467"
"TCCTGCTGACTACAGCCAT::ATGGCTGTAGTCAGCAGGA","0","0","0.77257047","0.37137347","-0.40283074"
"CCTGCTGACTACAGCCATG::CATGGCTGTAGTCAGCAGG","0","0","0.62733315","0.33068085","-0.36058087"
"CTGCTGACTACAGCCATGG::CCATGGCTGTAGTCAGCAG","1","0","0.85012969","0.033920657","-0.35487006"
"TGCTGACTACAGCCATGGC::GCCATGGCTGTAGTCAGCA","0","0","0.7499128","-0.12089006","-0.45549509"
"GCTGACTACAGCCATGGCA::TGCCATGGCTGTAGTCAGC","0","0","0.59769458","0.050898188","-0.35180071"
"CTGACTACAGCCATGGCAG::CTGCCATGGCTGTAGTCAG","0","0","0.76862967","-0.28058377","-0.68650596"
"TGACTACAGCCATGGCAGC::GCTGCCATGGCTGTAGTCA","0","0","0.75986133","-0.47401041","-0.89767819"
"GACTACAGCCATGGCAGCA::TGCTGCCATGGCTGTAGTC","0","0","0.58191833","-0.68471732","-1.051637"
"ACTACAGCCATGGCAGCAG::CTGCTGCCATGGCTGTAGT","0","0","0.67480596","-0.58389871","-0.77299745"
"CTACAGCCATGGCAGCAGA::TCTGCTGCCATGGCTGTAG","0","0","0.55006186","-0.50656527","-0.70989087"
"TACAGCCATGGCAGCAGAG::CTCTGCTGCCATGGCTGTA","0","0","0.72108923","-0.64542361","-0.64415508"
"ACAGCCATGGCAGCAGAGA::TCTCTGCTGCCATGGCTGT","0","0","0.55785799","-0.42468694","-0.42153848"
"CAGCCATGGCAGCAGAGAT::ATCTCTGCTGCCATGGCTG","0","1","0.50856397","-0.34237265","-0.25994406"
"AGCCATGGCAGCAGAGATC::GATCTCTGCTGCCATGGCT","0","0","0.65424409","-0.41082905","-0.27603057"
"GCCATGGCAGCAGAGATCA::TGATCTCTGCTGCCATGGC","0","0","0.47268165","-0.58543341","-0.24534007"
"CCATGGCAGCAGAGATCAC::GTGATCTCTGCTGCCATGG","0","0","0.47435803","-0.58725198","-0.27688641"
"CATGGCAGCAGAGATCACT::AGTGATCTCTGCTGCCATG","0","0","0.66649224","-0.49287223","-0.17130621"
"ATGGCAGCAGAGATCACTA::TAGTGATCTCTGCTGCCAT","0","0","0.72166932","-0.53846297","-0.17934832"
"TGGCAGCAGAGATCACTAG::CTAGTGATCTCTGCTGCCA","0","0","0.6959632","-0.73023767","-0.16539976"
"GGCAGCAGAGATCACTAGA::TCTAGTGATCTCTGCTGCC","0","0","0.44764452","-0.73566093","-0.15053173"
"GCAGCAGAGATCACTAGAC::GTCTAGTGATCTCTGCTGC","0","0","0.58715423","-0.60319587","0.10249716"
"CAGCAGAGATCACTAGACG::CGTCTAGTGATCTCTGCTG","0","0","0.6593098","-0.44122085","0.33978045"
"AGCAGAGATCACTAGACGC::GCGTCTAGTGATCTCTGCT","0","0","0.7687312","-0.079937454","0.70664801"
"GCAGAGATCACTAGACGCG::CGCGTCTAGTGATCTCTGC","0","0","0.63616667","-0.13061766","0.53449692"
"CAGAGATCACTAGACGCGG::CCGCGTCTAGTGATCTCTG","0","0","0.72584248","-0.1818483","0.46556315"
"AGAGATCACTAGACGCGGG::CCCGCGTCTAGTGATCTCT","0","0","0.67572523","-0.14766963","0.21805321"
"GAGATCACTAGACGCGGGA::TCCCGCGTCTAGTGATCTC","0","0","0.62441441","-0.3455942","0.067332649"
"AGATCACTAGACGCGGGAG::CTCCCGCGTCTAGTGATCT","0","0","0.62409605","-0.5317215","-0.051894512"
"GATCACTAGACGCGGGAGT::ACTCCCGCGTCTAGTGATC","0","0","0.59917165","-0.55963228","-0.17373873"
"ATCACTAGACGCGGGAGTG::CACTCCCGCGTCTAGTGAT","0","0","0.73870722","-0.65122292","-0.26959837"
"TCACTAGACGCGGGAGTGC::GCACTCCCGCGTCTAGTGA","0","0","0.75626301","-0.81035671","-0.50304088"
"CACTAGACGCGGGAGTGCA::TGCACTCCCGCGTCTAGTG","0","0","0.5730953","-0.95211557","-0.58505287"
"ACTAGACGCGGGAGTGCAT::ATGCACTCCCGCGTCTAGT","0","0","0.55890597","-0.98963598","-0.59559157"
"CTAGACGCGGGAGTGCATA::TATGCACTCCCGCGTCTAG","0","0","0.66467814","-0.96275791","-0.65339958"
"TAGACGCGGGAGTGCATAC::GTATGCACTCCCGCGTCTA","0","0","0.80765088","-0.92972405","-0.62132853"
"AGACGCGGGAGTGCATACT::AGTATGCACTCCCGCGTCT","0","0","0.67139261","-1.0023167","-0.71624078"
"GACGCGGGAGTGCATACTA::TAGTATGCACTCCCGCGTC","0","0","0.55592342","-1.0947324","-0.85582885"
"ACGCGGGAGTGCATACTAC::GTAGTATGCACTCCCGCGT","0","0","0.63149898","-1.297088","-1.0184942"
"CGCGGGAGTGCATACTACA::TGTAGTATGCACTCCCGCG","0","0","0.56044241","-1.2822891","-1.0068861"
"GCGGGAGTGCATACTACAT::ATGTAGTATGCACTCCCGC","0","0","0.51293395","-1.1428581","-1.0241539"
"CGGGAGTGCATACTACATG::CATGTAGTATGCACTCCCG","0","0","0.67307863","-1.0340548","-0.98173735"
"GGGAGTGCATACTACATGT::ACATGTAGTATGCACTCCC","0","0","0.61376425","-1.0026663","-0.83916032"
"GGAGTGCATACTACATGTA::TACATGTAGTATGCACTCC","0","0","0.4908894","-0.9436224","-0.72466095"
"GAGTGCATACTACATGTAC::GTACATGTAGTATGCACTC","0","0","0.68029183","-0.97217799","-0.69421082"
"AGTGCATACTACATGTACT::AGTACATGTAGTATGCACT","0","0","0.75448046","-0.87234504","-0.53745564"
"GTGCATACTACATGTACTT::AAGTACATGTAGTATGCAC","0","0","0.6724788","-0.65795637","-0.52945346"
"TGCATACTACATGTACTTG::CAAGTACATGTAGTATGCA","0","0","0.77307011","-0.68744994","-0.35210909"
"GCATACTACATGTACTTGG::CCAAGTACATGTAGTATGC","0","0","0.70070032","-0.6315607","-0.14179503"
"CATACTACATGTACTTGGA::TCCAAGTACATGTAGTATG","0","0","0.60906211","-0.68612827","-0.08294906"
"ATACTACATGTACTTGGAT::ATCCAAGTACATGTAGTAT","0","0","0.71324174","-0.57846687","0.054738059"
"TACTACATGTACTTGGATA::TATCCAAGTACATGTAGTA","0","0","0.77005852","-0.4081528","0.30623357"
"ACTACATGTACTTGGATAG::CTATCCAAGTACATGTAGT","0","0","0.77510887","-0.37012366","0.4299433"
"CTACATGTACTTGGATAGG::CCTATCCAAGTACATGTAG","0","0","0.70320053","-0.3536616","0.40596275"
"TACATGTACTTGGATAGGA::TCCTATCCAAGTACATGTA","0","0","0.82620936","-0.43639388","0.24543689"
"ACATGTACTTGGATAGGAG::CTCCTATCCAAGTACATGT","0","0","0.75798159","-0.6071946","0.24373678"
"CATGTACTTGGATAGGAGC::GCTCCTATCCAAGTACATG","0","0","0.75142415","-0.76321065","0.29301632"
"ATGTACTTGGATAGGAGCG::CGCTCCTATCCAAGTACAT","0","0","0.87269701","-0.7563226","0.30359991"
"TGTACTTGGATAGGAGCGA::TCGCTCCTATCCAAGTACA","0","0","0.78585795","-0.61671862","0.37095494"
"GTACTTGGATAGGAGCGAT::ATCGCTCCTATCCAAGTAC","0","0","0.58174378","-0.55255905","0.4622736"
"TACTTGGATAGGAGCGATG::CATCGCTCCTATCCAAGTA","0","0","0.821711","-0.63601829","0.25547574"
"ACTTGGATAGGAGCGATGC::GCATCGCTCCTATCCAAGT","0","0","0.78028968","-0.64575701","0.34980785"
"CTTGGATAGGAGCGATGCC::GGCATCGCTCCTATCCAAG","0","0","0.66105837","-0.53300189","0.14247186"
"TTGGATAGGAGCGATGCCG::CGGCATCGCTCCTATCCAA","0","0","0.96309032","-0.49816222","0.071787929"
"TGGATAGGAGCGATGCCGG::CCGGCATCGCTCCTATCCA","0","0","0.8273187","-0.2955034","0.13051484"
"GGATAGGAGCGATGCCGGG::CCCGGCATCGCTCCTATCC","0","0","0.57952066","-0.44417916","0.09052204"
"GATAGGAGCGATGCCGGGA::TCCCGGCATCGCTCCTATC","0","0","0.64221829","-0.591758","-0.16456916"
"ATAGGAGCGATGCCGGGAA::TTCCCGGCATCGCTCCTAT","0","0","0.68262909","-0.70953717","-0.23362527"
"TAGGAGCGATGCCGGGAAG::CTTCCCGGCATCGCTCCTA","0","0","0.66840232","-0.70698559","-0.45131438"
"AGGAGCGATGCCGGGAAGG::CCTTCCCGGCATCGCTCCT","0","0","0.6699439","-0.61815376","-0.46041481"
"GGAGCGATGCCGGGAAGGC::GCCTTCCCGGCATCGCTCC","0","0","0.51269816","-0.50258154","-0.37877996"
"GAGCGATGCCGGGAAGGCC::GGCCTTCCCGGCATCGCTC","0","0","0.59159414","-0.33542245","-0.2733566"
"AGCGATGCCGGGAAGGCCA::TGGCCTTCCCGGCATCGCT","0","0","0.56062534","-0.18150348","-0.22691605"
"GCGATGCCGGGAAGGCCAT::ATGGCCTTCCCGGCATCGC","0","0","0.36043608","-0.32597193","-0.29087382"
"CGATGCCGGGAAGGCCATT::AATGGCCTTCCCGGCATCG","0","0","0.32604447","-0.18788017","-0.36260847"
"GATGCCGGGAAGGCCATTT::AAATGGCCTTCCCGGCATC","0","0","0.48111828","-0.086027681","-0.24380455"
"ATGCCGGGAAGGCCATTTC::GAAATGGCCTTCCCGGCAT","0","0","0.652994","0.0007321645","-0.22599566"
"TGCCGGGAAGGCCATTTCG::CGAAATGGCCTTCCCGGCA","0","0","0.69345818","0.10209142","-0.1943793"
"GCCGGGAAGGCCATTTCGT::ACGAAATGGCCTTCCCGGC","0","0","0.45251164","0.18767769","-0.25302026"
"CCGGGAAGGCCATTTCGTT::AACGAAATGGCCTTCCCGG","0","0","0.41698835","0.088645583","-0.25877536"
"CGGGAAGGCCATTTCGTTT::AAACGAAATGGCCTTCCCG","0","0","0.42703012","0.23300396","-0.12547857"
"GGGAAGGCCATTTCGTTTG::CAAACGAAATGGCCTTCCC","0","0","0.5810811","0.3608105","0.062576246"
"GGAAGGCCATTTCGTTTGC::GCAAACGAAATGGCCTTCC","0","0","0.50580527","0.42022917","0.085250621"
"GAAGGCCATTTCGTTTGCT::AGCAAACGAAATGGCCTTC","0","0","0.59956933","0.45666129","0.29013641"
"AAGGCCATTTCGTTTGCTA::TAGCAAACGAAATGGCCTT","0","0","0.66798505","0.33162722","0.19874908"
"AGGCCATTTCGTTTGCTAC::GTAGCAAACGAAATGGCCT","0","0","0.69805664","0.31145757","0.20502904"
"GGCCATTTCGTTTGCTACC::GGTAGCAAACGAAATGGCC","0","0","0.63051675","0.27794361","-0.029134882"
"GCCATTTCGTTTGCTACCA::TGGTAGCAAACGAAATGGC","0","0","0.56111219","0.11793144","-0.14516498"
"CCATTTCGTTTGCTACCAC::GTGGTAGCAAACGAAATGG","0","0","0.64845249","0.089813776","-0.30646666"
"CATTTCGTTTGCTACCACA::TGTGGTAGCAAACGAAATG","0","0","0.69342966","-0.11584987","-0.44435788"
"ATTTCGTTTGCTACCACAT::ATGTGGTAGCAAACGAAAT","0","0","0.84558459","-0.24774456","-0.53657841"
"TTTCGTTTGCTACCACATT::AATGTGGTAGCAAACGAAA","0","0","0.93200182","-0.35945107","-0.50252944"
"TTCGTTTGCTACCACATTG::CAATGTGGTAGCAAACGAA","0","0","1.0336475","-0.3285144","-0.43294586"
"TCGTTTGCTACCACATTGG::CCAATGTGGTAGCAAACGA","0","0","0.93479474","-0.35440214","-0.3418609"
"CGTTTGCTACCACATTGGG::CCCAATGTGGTAGCAAACG","0","0","0.58078873","-0.47962619","-0.39993314"
"GTTTGCTACCACATTGGGA::TCCCAATGTGGTAGCAAAC","0","0","0.64227783","-0.68198898","-0.62501006"
"TTTGCTACCACATTGGGAG::CTCCCAATGTGGTAGCAAA","0","0","0.95967442","-0.84474844","-0.73354491"
"TTGCTACCACATTGGGAGT::ACTCCCAATGTGGTAGCAA","0","0","0.77971214","-0.80856385","-0.80291392"
"TGCTACCACATTGGGAGTG::CACTCCCAATGTGGTAGCA","0","0","0.77881374","-0.8443858","-0.76064915"
"GCTACCACATTGGGAGTGA::TCACTCCCAATGTGGTAGC","0","0","0.50930982","-0.70879535","-0.63680573"
"CTACCACATTGGGAGTGAA::TTCACTCCCAATGTGGTAG","0","0","0.54551147","-0.72064062","-0.77157515"
"TACCACATTGGGAGTGAAC::GTTCACTCCCAATGTGGTA","0","0","0.88943867","-0.51739685","-0.58262476"
"ACCACATTGGGAGTGAACA::TGTTCACTCCCAATGTGGT","0","0","0.76508893","-0.44682726","-0.62653325"
"CCACATTGGGAGTGAACAA::TTGTTCACTCCCAATGTGG","0","0","0.59231229","-0.35966169","-0.40471456"
"CACATTGGGAGTGAACAAG::CTTGTTCACTCCCAATGTG","0","0","0.79240693","-0.23847319","-0.2658196"
"ACATTGGGAGTGAACAAGT::ACTTGTTCACTCCCAATGT","0","0","0.84542775","-0.029597867","-0.40284199"
"CATTGGGAGTGAACAAGTG::CACTTGTTCACTCCCAATG","0","0","0.78615948","0.011921744","-0.45008161"
"ATTGGGAGTGAACAAGTGC::GCACTTGTTCACTCCCAAT","0","0","0.96375832","-0.28668634","-0.65979077"
"TTGGGAGTGAACAAGTGCC::GGCACTTGTTCACTCCCAA","0","0","1.0371942","-0.36511155","-0.75066858"
"TGGGAGTGAACAAGTGCCA::TGGCACTTGTTCACTCCCA","0","0","0.82438034","-0.33777735","-0.77577815"
"GGGAGTGAACAAGTGCCAC::GTGGCACTTGTTCACTCCC","0","0","0.70018855","-0.04970109","-0.81268971"
"GGAGTGAACAAGTGCCACG::CGTGGCACTTGTTCACTCC","0","0","0.76451391","-0.028732449","-0.84858851"
"GAGTGAACAAGTGCCACGT::ACGTGGCACTTGTTCACTC","0","0","0.79820014","-0.016606247","-0.83566063"
"AGTGAACAAGTGCCACGTA::TACGTGGCACTTGTTCACT","0","0","0.62024152","0.11481944","-0.86288478"
"GTGAACAAGTGCCACGTAC::GTACGTGGCACTTGTTCAC","0","0","0.75371606","0.032826183","-0.86457984"
"TGAACAAGTGCCACGTACA::TGTACGTGGCACTTGTTCA","0","0","0.88484688","0.0065880593","-0.84877787"
"GAACAAGTGCCACGTACAG::CTGTACGTGGCACTTGTTC","0","0","0.682745","-0.29785889","-1.0863674"
"AACAAGTGCCACGTACAGA::TCTGTACGTGGCACTTGTT","0","0","0.77477016","-0.39478761","-0.92090955"
"ACAAGTGCCACGTACAGAT::ATCTGTACGTGGCACTTGT","0","0","0.77107272","-0.41004153","-1.0810201"
"CAAGTGCCACGTACAGATC::GATCTGTACGTGGCACTTG","0","0","0.7130298","-0.48121473","-1.014105"
"AAGTGCCACGTACAGATCA::TGATCTGTACGTGGCACTT","0","0","0.70193098","-0.58839259","-0.75591298"
"AGTGCCACGTACAGATCAT::ATGATCTGTACGTGGCACT","0","0","0.54535711","-0.58437767","-0.66082197"
"GTGCCACGTACAGATCATG::CATGATCTGTACGTGGCAC","0","0","0.60566137","-0.44811064","-0.46075168"
"TGCCACGTACAGATCATGG::CCATGATCTGTACGTGGCA","0","0","0.77926412","-0.45430103","-0.52897636"
"GCCACGTACAGATCATGGA::TCCATGATCTGTACGTGGC","0","0","0.47378535","-0.29392679","-0.28526295"
"CCACGTACAGATCATGGAC::GTCCATGATCTGTACGTGG","0","0","0.60496107","-0.45646593","-0.18756078"
"CACGTACAGATCATGGACC::GGTCCATGATCTGTACGTG","0","0","0.70418913","-0.46037802","-0.22244804"
"ACGTACAGATCATGGACCT::AGGTCCATGATCTGTACGT","0","0","0.64593395","-0.5642675","-0.13356774"
"CGTACAGATCATGGACCTC::GAGGTCCATGATCTGTACG","0","0","0.55113613","-0.62522188","-0.14877872"
"GTACAGATCATGGACCTCG::CGAGGTCCATGATCTGTAC","0","0","0.83951443","-0.66109073","-0.20343338"
"TACAGATCATGGACCTCGG::CCGAGGTCCATGATCTGTA","0","0","0.86256076","-0.71981894","-0.049287167"
"ACAGATCATGGACCTCGGG::CCCGAGGTCCATGATCTGT","0","0","0.71192378","-0.68931245","0.092438432"
"CAGATCATGGACCTCGGGC::GCCCGAGGTCCATGATCTG","0","0","0.73675505","-0.71492767","-0.00011755888"
"AGATCATGGACCTCGGGCA::TGCCCGAGGTCCATGATCT","0","0","0.63581856","-0.85615042","-0.091906214"
"GATCATGGACCTCGGGCAC::GTGCCCGAGGTCCATGATC","0","0","0.55216906","-0.88598819","-0.19847779"
"ATCATGGACCTCGGGCACA::TGTGCCCGAGGTCCATGAT","0","0","0.67147325","-0.91506726","-0.41025316"
"TCATGGACCTCGGGCACAT::ATGTGCCCGAGGTCCATGA","0","0","0.67927088","-0.98807646","-0.45218843"
"CATGGACCTCGGGCACATG::CATGTGCCCGAGGTCCATG","0","0","0.58672939","-0.87768381","-0.5091951"
"ATGGACCTCGGGCACATGT::ACATGTGCCCGAGGTCCAT","0","0","0.76189405","-0.85646786","-0.37480772"
"TGGACCTCGGGCACATGTG::CACATGTGCCCGAGGTCCA","0","0","0.80987565","-0.93014286","-0.63845964"
"GGACCTCGGGCACATGTGT::ACACATGTGCCCGAGGTCC","0","0","0.55332758","-0.84640537","-0.57372058"
"GACCTCGGGCACATGTGTG::CACACATGTGCCCGAGGTC","0","0","0.6484099","-0.80679987","-0.52473226"
"ACCTCGGGCACATGTGTGA::TCACACATGTGCCCGAGGT","0","0","0.62626397","-0.76054303","-0.65208274"
"CCTCGGGCACATGTGTGAC::GTCACACATGTGCCCGAGG","0","0","0.61105051","-0.695326","-0.61036745"
"CTCGGGCACATGTGTGACG::CGTCACACATGTGCCCGAG","0","0","0.73045028","-0.5731902","-0.60361226"
"TCGGGCACATGTGTGACGC::GCGTCACACATGTGCCCGA","0","0","0.90349827","-0.36654018","-0.57054203"
"CGGGCACATGTGTGACGCC::GGCGTCACACATGTGCCCG","0","0","0.58113293","-0.30659453","-0.54005093"
"GGGCACATGTGTGACGCCA::TGGCGTCACACATGTGCCC","0","0","0.57634592","-0.28743934","-0.50210456"
"GGCACATGTGTGACGCCAC::GTGGCGTCACACATGTGCC","0","0","0.67854479","0.0095785833","-0.53968542"
"GCACATGTGTGACGCCACC::GGTGGCGTCACACATGTGC","0","0","0.67362052","0.095354418","-0.65314447"
"CACATGTGTGACGCCACCA::TGGTGGCGTCACACATGTG","0","0","0.73226503","0.020664072","-0.60674434"
"ACATGTGTGACGCCACCAT::ATGGTGGCGTCACACATGT","0","0","0.73471437","0.015987748","-0.59998447"
"CATGTGTGACGCCACCATG::CATGGTGGCGTCACACATG","0","0","0.71150815","-0.11997102","-0.62874132"
"ATGTGTGACGCCACCATGA::TCATGGTGGCGTCACACAT","0","0","0.7917299","-0.067253862","-0.73612668"
"TGTGTGACGCCACCATGAG::CTCATGGTGGCGTCACACA","0","0","0.79052982","0.020261878","-0.62236978"
"GTGTGACGCCACCATGAGT::ACTCATGGTGGCGTCACAC","0","0","0.68545997","-0.147679","-0.70491199"
"TGTGACGCCACCATGAGTT::AACTCATGGTGGCGTCACA","0","0","0.84623181","-0.14188335","-0.61214023"
"GTGACGCCACCATGAGTTA::TAACTCATGGTGGCGTCAC","0","0","0.54603307","-0.064355997","-0.54927214"
"TGACGCCACCATGAGTTAT::ATAACTCATGGTGGCGTCA","0","0","0.72142594","-0.10157292","-0.60408931"
"GACGCCACCATGAGTTATG::CATAACTCATGGTGGCGTC","0","0","0.69042993","-0.13499536","-0.60674888"
"ACGCCACCATGAGTTATGA::TCATAACTCATGGTGGCGT","0","0","0.57761542","-0.31615874","-0.87030828"
"CGCCACCATGAGTTATGAG::CTCATAACTCATGGTGGCG","0","0","0.57539134","-0.21249406","-0.75265717"
"GCCACCATGAGTTATGAGT::ACTCATAACTCATGGTGGC","0","0","0.64447856","-0.16894949","-0.72293441"
"CCACCATGAGTTATGAGTG::CACTCATAACTCATGGTGG","0","0","0.76134609","-0.38545481","-0.63069694"
"CACCATGAGTTATGAGTGC::GCACTCATAACTCATGGTG","0","0","0.73218144","-0.6284408","-0.65281237"
"ACCATGAGTTATGAGTGCC::GGCACTCATAACTCATGGT","0","0","0.79693807","-0.59906899","-0.60066286"
"CCATGAGTTATGAGTGCCC::GGGCACTCATAACTCATGG","0","0","0.68911813","-0.59496783","-0.70397755"
"CATGAGTTATGAGTGCCCT::AGGGCACTCATAACTCATG","0","0","0.68081979","-0.54600438","-0.79794636"
"ATGAGTTATGAGTGCCCTA::TAGGGCACTCATAACTCAT","1","0","0.74124534","-0.65165864","-0.84388953"
"TGAGTTATGAGTGCCCTAT::ATAGGGCACTCATAACTCA","0","0","0.79047097","-0.81872829","-1.0253794"
"GAGTTATGAGTGCCCTATG::CATAGGGCACTCATAACTC","0","0","0.6413257","-0.93106598","-1.2023237"
"AGTTATGAGTGCCCTATGC::GCATAGGGCACTCATAACT","0","0","0.74272995","-0.98002099","-1.3170463"
"GTTATGAGTGCCCTATGCT::AGCATAGGGCACTCATAAC","0","0","0.64702256","-1.0088346","-1.2901717"
"TTATGAGTGCCCTATGCTG::CAGCATAGGGCACTCATAA","0","0","0.84762655","-1.2464727","-1.435765"
"TATGAGTGCCCTATGCTGG::CCAGCATAGGGCACTCATA","0","0","0.86689485","-1.3076927","-1.465139"
"ATGAGTGCCCTATGCTGGA::TCCAGCATAGGGCACTCAT","0","0","0.66440743","-1.2367287","-1.4331918"
"TGAGTGCCCTATGCTGGAT::ATCCAGCATAGGGCACTCA","0","0","0.61030524","-1.2085864","-1.4178724"
"GAGTGCCCTATGCTGGATG::CATCCAGCATAGGGCACTC","0","0","0.58165176","-1.0734283","-1.4259632"
"AGTGCCCTATGCTGGATGA::TCATCCAGCATAGGGCACT","0","0","0.48581875","-0.95152813","-1.3187513"
"GTGCCCTATGCTGGATGAG::CTCATCCAGCATAGGGCAC","0","0","0.52944862","-0.69375306","-1.0918193"
"TGCCCTATGCTGGATGAGG::CCTCATCCAGCATAGGGCA","0","0","0.71194413","-0.81094124","-1.1722631"
"GCCCTATGCTGGATGAGGG::CCCTCATCCAGCATAGGGC","0","0","0.52907254","-0.84380767","-1.0695606"
"CCCTATGCTGGATGAGGGA::TCCCTCATCCAGCATAGGG","0","0","0.42797627","-0.94380425","-1.0496785"
"CCTATGCTGGATGAGGGAG::CTCCCTCATCCAGCATAGG","0","0","0.57895861","-0.9405068","-0.94899406"
"CTATGCTGGATGAGGGAGT::ACTCCCTCATCCAGCATAG","0","0","0.69464471","-0.90531027","-0.9481496"
"TATGCTGGATGAGGGAGTG::CACTCCCTCATCCAGCATA","0","0","0.79639956","-0.86390873","-0.84367287"
"ATGCTGGATGAGGGAGTGG::CCACTCCCTCATCCAGCAT","0","0","0.70847717","-0.88623981","-0.83575556"
"TGCTGGATGAGGGAGTGGA::TCCACTCCCTCATCCAGCA","0","0","0.65393311","-0.89900588","-0.91716925"
"GCTGGATGAGGGAGTGGAA::TTCCACTCCCTCATCCAGC","0","0","0.46423291","-0.81361383","-0.59037337"
"CTGGATGAGGGAGTGGAAC::GTTCCACTCCCTCATCCAG","0","0","0.78067361","-0.88305431","-0.55922838"
"TGGATGAGGGAGTGGAACC::GGTTCCACTCCCTCATCCA","0","0","0.83359145","-0.83646579","-0.55897997"
"GGATGAGGGAGTGGAACCA::TGGTTCCACTCCCTCATCC","0","0","0.58016433","-0.96979998","-0.63884803"
"GATGAGGGAGTGGAACCAG::CTGGTTCCACTCCCTCATC","0","0","0.70911287","-1.149403","-0.51355395"
"ATGAGGGAGTGGAACCAGA::TCTGGTTCCACTCCCTCAT","0","0","0.78164927","-1.0708225","-0.45557848"
"TGAGGGAGTGGAACCAGAT::ATCTGGTTCCACTCCCTCA","0","0","0.82828947","-1.1204866","-0.48550358"
"GAGGGAGTGGAACCAGATG::CATCTGGTTCCACTCCCTC","0","0","0.70423787","-0.94905019","-0.25447402"
"AGGGAGTGGAACCAGATGA::TCATCTGGTTCCACTCCCT","0","0","0.71865697","-0.78584579","-0.11350563"
"GGGAGTGGAACCAGATGAT::ATCATCTGGTTCCACTCCC","0","0","0.54450976","-0.64980556","0.021101066"
"GGAGTGGAACCAGATGATG::CATCATCTGGTTCCACTCC","0","0","0.59374475","-0.58975319","0.067971427"
"GAGTGGAACCAGATGATGT::ACATCATCTGGTTCCACTC","0","0","0.66517846","-0.61156486","0.11737075"
"AGTGGAACCAGATGATGTC::GACATCATCTGGTTCCACT","0","0","0.76387811","-0.41766078","0.28815479"
"GTGGAACCAGATGATGTCG::CGACATCATCTGGTTCCAC","0","0","0.71381407","-0.40735733","0.36588952"
"TGGAACCAGATGATGTCGA::TCGACATCATCTGGTTCCA","0","0","0.74342123","-0.41864714","0.37598271"
"GGAACCAGATGATGTCGAT::ATCGACATCATCTGGTTCC","0","0","0.46826197","-0.34390202","0.24342231"
"GAACCAGATGATGTCGATT::AATCGACATCATCTGGTTC","0","0","0.63227774","-0.26540471","0.27500544"
"AACCAGATGATGTCGATTG::CAATCGACATCATCTGGTT","0","0","0.8915069","-0.48707107","0.3479271"
"ACCAGATGATGTCGATTGC::GCAATCGACATCATCTGGT","0","0","0.65243715","-0.49174954","0.20755907"
"CCAGATGATGTCGATTGCT::AGCAATCGACATCATCTGG","0","0","0.64600253","-0.40439297","0.064487162"
"CAGATGATGTCGATTGCTG::CAGCAATCGACATCATCTG","0","0","0.725416","-0.76282494","-0.31515876"
"AGATGATGTCGATTGCTGG::CCAGCAATCGACATCATCT","0","0","0.78082371","-0.79855131","-0.4105159"
"GATGATGTCGATTGCTGGT::ACCAGCAATCGACATCATC","0","0","0.63972598","-0.71942197","-0.66553875"
"ATGATGTCGATTGCTGGTG::CACCAGCAATCGACATCAT","0","0","0.84951559","-0.84167431","-0.85304388"
"TGATGTCGATTGCTGGTGC::GCACCAGCAATCGACATCA","0","0","0.81375461","-0.79089215","-0.9429364"
"GATGTCGATTGCTGGTGCA::TGCACCAGCAATCGACATC","0","0","0.54983701","-0.90784934","-1.0052129"
"ATGTCGATTGCTGGTGCAA::TTGCACCAGCAATCGACAT","0","0","0.69452226","-0.95299215","-1.0975361"
"TGTCGATTGCTGGTGCAAC::GTTGCACCAGCAATCGACA","0","0","0.89251974","-1.0682023","-1.3303273"
"GTCGATTGCTGGTGCAACA::TGTTGCACCAGCAATCGAC","0","0","0.73015748","-1.0576702","-1.4503109"
"TCGATTGCTGGTGCAACAC::GTGTTGCACCAGCAATCGA","0","0","0.97386495","-0.98924589","-1.5353467"
"CGATTGCTGGTGCAACACG::CGTGTTGCACCAGCAATCG","0","0","0.72428905","-0.94342133","-1.6114388"
"GATTGCTGGTGCAACACGA::TCGTGTTGCACCAGCAATC","0","0","0.68771969","-0.97436135","-1.6379798"
"ATTGCTGGTGCAACACGAC::GTCGTGTTGCACCAGCAAT","0","0","0.8929293","-0.83222515","-1.6531591"
"TTGCTGGTGCAACACGACA::TGTCGTGTTGCACCAGCAA","0","0","0.93045152","-0.74843696","-1.5904509"
"TGCTGGTGCAACACGACAT::ATGTCGTGTTGCACCAGCA","0","0","0.86886228","-0.56053276","-1.4127172"
"GCTGGTGCAACACGACATC::GATGTCGTGTTGCACCAGC","0","0","0.69108869","-0.33796411","-1.2263808"
"CTGGTGCAACACGACATCA::TGATGTCGTGTTGCACCAG","0","0","0.66834939","-0.28082457","-1.1670238"
"TGGTGCAACACGACATCAA::TTGATGTCGTGTTGCACCA","0","0","0.70880168","-0.22695199","-0.98323912"
"GGTGCAACACGACATCAAC::GTTGATGTCGTGTTGCACC","0","0","0.59789822","-0.17821344","-0.98336404"
"GTGCAACACGACATCAACT::AGTTGATGTCGTGTTGCAC","0","0","0.74476846","-0.16897428","-0.85378805"
"TGCAACACGACATCAACTT::AAGTTGATGTCGTGTTGCA","0","0","0.82491317","0.056975429","-0.61035667"
"GCAACACGACATCAACTTG::CAAGTTGATGTCGTGTTGC","0","0","0.59645465","-0.031749295","-0.37099661"
"CAACACGACATCAACTTGG::CCAAGTTGATGTCGTGTTG","0","0","0.82488877","-0.11365648","-0.19233532"
"AACACGACATCAACTTGGG::CCCAAGTTGATGTCGTGTT","0","0","0.81429232","-0.18164329","-0.1146961"
"ACACGACATCAACTTGGGT::ACCCAAGTTGATGTCGTGT","0","0","0.67362942","-0.44200716","0.076178633"
"CACGACATCAACTTGGGTT::AACCCAAGTTGATGTCGTG","0","0","0.68773084","-0.59461381","0.15834986"
"ACGACATCAACTTGGGTTG::CAACCCAAGTTGATGTCGT","0","0","0.72964448","-0.62028742","0.17850504"
"CGACATCAACTTGGGTTGT::ACAACCCAAGTTGATGTCG","0","0","0.53106212","-0.55337928","0.13389017"
"GACATCAACTTGGGTTGTG::CACAACCCAAGTTGATGTC","0","0","0.67004432","-0.6007651","0.33254977"
"ACATCAACTTGGGTTGTGT::ACACAACCCAAGTTGATGT","0","0","0.76570813","-0.66978016","0.26129828"
"CATCAACTTGGGTTGTGTA::TACACAACCCAAGTTGATG","0","0","0.59043926","-0.52770821","0.29177205"
"ATCAACTTGGGTTGTGTAC::GTACACAACCCAAGTTGAT","0","0","0.81821028","-0.58965358","0.30377615"
"TCAACTTGGGTTGTGTACG::CGTACACAACCCAAGTTGA","0","0","0.96731732","-0.71676513","0.21761868"
"CAACTTGGGTTGTGTACGG::CCGTACACAACCCAAGTTG","0","0","0.71152006","-0.69834389","0.23763886"
"AACTTGGGTTGTGTACGGA::TCCGTACACAACCCAAGTT","0","0","0.63049584","-0.75801023","0.078908667"
"ACTTGGGTTGTGTACGGAA::TTCCGTACACAACCCAAGT","0","0","0.61011042","-0.86839877","-0.18258074"
"CTTGGGTTGTGTACGGAAC::GTTCCGTACACAACCCAAG","0","0","0.75295474","-0.79426374","-0.36887784"
"TTGGGTTGTGTACGGAACC::GGTTCCGTACACAACCCAA","0","0","0.95188082","-0.65623819","-0.55424237"
"TGGGTTGTGTACGGAACCT::AGGTTCCGTACACAACCCA","0","0","0.73292048","-0.51629798","-0.53823058"
"GGGTTGTGTACGGAACCTG::CAGGTTCCGTACACAACCC","0","0","0.61238879","-0.28839656","-0.61438866"
"GGTTGTGTACGGAACCTGT::ACAGGTTCCGTACACAACC","0","0","0.62244661","-0.19332906","-0.60143446"
"GTTGTGTACGGAACCTGTC::GACAGGTTCCGTACACAAC","0","0","0.80393366","-0.10704744","-0.5075253"
"TTGTGTACGGAACCTGTCA::TGACAGGTTCCGTACACAA","0","0","0.90352965","-0.18357079","-0.51497218"
"TGTGTACGGAACCTGTCAT::ATGACAGGTTCCGTACACA","0","0","0.72859711","-0.23619696","-0.62140144"
"GTGTACGGAACCTGTCATC::GATGACAGGTTCCGTACAC","0","0","0.67187016","-0.21932915","-0.61635545"
"TGTACGGAACCTGTCATCA::TGATGACAGGTTCCGTACA","0","0","0.74038885","-0.33694832","-0.63219222"
"GTACGGAACCTGTCATCAC::GTGATGACAGGTTCCGTAC","0","0","0.68042758","-0.33701534","-0.54857492"
"TACGGAACCTGTCATCACA::TGTGATGACAGGTTCCGTA","0","0","0.77391666","-0.42614979","-0.57078311"
"ACGGAACCTGTCATCACAA::TTGTGATGACAGGTTCCGT","0","0","0.57206333","-0.31491508","-0.53928062"
"CGGAACCTGTCATCACAAA::TTTGTGATGACAGGTTCCG","0","0","0.36028256","-0.2833265","-0.2857666"
"GGAACCTGTCATCACAAAA::TTTTGTGATGACAGGTTCC","0","0","0.4876885","-0.28635872","-0.31467701"
"GAACCTGTCATCACAAAAA::TTTTTGTGATGACAGGTTC","0","0","0.5456094","0.2164658","-0.020104943"
"AACCTGTCATCACAAAAAA::TTTTTTGTGATGACAGGTT","0","0","0.51397626","0.60909949","0.35498566"
"ACCTGTCATCACAAAAAAG::CTTTTTTGTGATGACAGGT","0","0","0.55719637","0.57596804","0.51598683"
"CCTGTCATCACAAAAAAGG::CCTTTTTTGTGATGACAGG","0","0","0.61023663","0.64920022","0.40432851"
"CTGTCATCACAAAAAAGGT::ACCTTTTTTGTGATGACAG","0","0","0.62031196","0.76914037","0.35108136"
"TGTCATCACAAAAAAGGTG::CACCTTTTTTGTGATGACA","0","0","0.75272687","0.6961335","0.19835685"
"GTCATCACAAAAAAGGTGA::TCACCTTTTTTGTGATGAC","0","0","0.58804484","0.70544413","0.28874341"
"TCATCACAAAAAAGGTGAG::CTCACCTTTTTTGTGATGA","0","0","0.6595741","0.66444579","0.27523179"
"CATCACAAAAAAGGTGAGG::CCTCACCTTTTTTGTGATG","0","0","0.64898168","0.40887432","0.12535063"
"ATCACAAAAAAGGTGAGGC::GCCTCACCTTTTTTGTGAT","0","0","0.829648","0.36347267","0.064745754"
"TCACAAAAAAGGTGAGGCA::TGCCTCACCTTTTTTGTGA","0","0","0.62876415","0.29059868","-0.089113649"
"CACAAAAAAGGTGAGGCAC::GTGCCTCACCTTTTTTGTG","0","0","0.63208793","0.35134698","-0.067328344"
"ACAAAAAAGGTGAGGCACG::CGTGCCTCACCTTTTTTGT","0","0","0.70955109","0.2420124","-0.074340249"
"CAAAAAAGGTGAGGCACGG::CCGTGCCTCACCTTTTTTG","0","0","0.69339831","0.14956883","-0.34532808"
"AAAAAAGGTGAGGCACGGC::GCCGTGCCTCACCTTTTTT","0","0","0.77020418","0.18643005","-0.27602736"
"AAAAAGGTGAGGCACGGCG::CGCCGTGCCTCACCTTTTT","0","0","0.82195502","-0.30773275","-0.59757487"
"AAAAGGTGAGGCACGGCGA::TCGCCGTGCCTCACCTTTT","0","0","0.66792304","-0.75243714","-0.85226156"
"AAAGGTGAGGCACGGCGAT::ATCGCCGTGCCTCACCTTT","0","0","0.54135352","-0.68478289","-0.93380554"
"AAGGTGAGGCACGGCGATC::GATCGCCGTGCCTCACCTT","0","0","0.67227304","-0.75166601","-0.81255193"
"AGGTGAGGCACGGCGATCT::AGATCGCCGTGCCTCACCT","0","0","0.6289951","-0.74304107","-0.74918549"
"GGTGAGGCACGGCGATCTA::TAGATCGCCGTGCCTCACC","0","0","0.35651949","-0.68185701","-0.76436113"
"GTGAGGCACGGCGATCTAG::CTAGATCGCCGTGCCTCAC","0","0","0.58753211","-0.78451236","-0.85514165"
"TGAGGCACGGCGATCTAGA::TCTAGATCGCCGTGCCTCA","0","0","0.68353982","-0.73197552","-0.96167964"
"GAGGCACGGCGATCTAGAA::TTCTAGATCGCCGTGCCTC","0","0","0.39214278","-0.48466462","-0.91440109"
"AGGCACGGCGATCTAGAAG::CTTCTAGATCGCCGTGCCT","0","0","0.59826253","-0.46006967","-0.66841405"
"GGCACGGCGATCTAGAAGA::TCTTCTAGATCGCCGTGCC","0","0","0.47718593","-0.24673375","-0.48419633"
"GCACGGCGATCTAGAAGAG::CTCTTCTAGATCGCCGTGC","0","0","0.37347916","-0.20233747","-0.24778899"
"CACGGCGATCTAGAAGAGC::GCTCTTCTAGATCGCCGTG","0","0","0.62900284","-0.26503877","-0.21006075"
"ACGGCGATCTAGAAGAGCC::GGCTCTTCTAGATCGCCGT","0","0","0.72164181","-0.18928965","-0.099000234"
"CGGCGATCTAGAAGAGCCG::CGGCTCTTCTAGATCGCCG","0","0","0.6195136","-0.26837583","-0.1329834"
"GGCGATCTAGAAGAGCCGT::ACGGCTCTTCTAGATCGCC","0","0","0.50418041","-0.26055232","-0.090481036"
"GCGATCTAGAAGAGCCGTG::CACGGCTCTTCTAGATCGC","0","0","0.60699521","-0.34884219","-0.14262985"
"CGATCTAGAAGAGCCGTGA::TCACGGCTCTTCTAGATCG","0","0","0.60006739","-0.33746286","-0.23921588"
"GATCTAGAAGAGCCGTGAC::GTCACGGCTCTTCTAGATC","0","0","0.67337369","-0.3020421","-0.25487438"
"ATCTAGAAGAGCCGTGACG::CGTCACGGCTCTTCTAGAT","0","0","0.83310603","-0.30637866","-0.30562358"
"TCTAGAAGAGCCGTGACGC::GCGTCACGGCTCTTCTAGA","0","0","0.92858119","-0.15712056","-0.052496247"
"CTAGAAGAGCCGTGACGCT::AGCGTCACGGCTCTTCTAG","0","0","0.65957538","0.075234125","0.099976461"
"TAGAAGAGCCGTGACGCTC::GAGCGTCACGGCTCTTCTA","0","0","0.97907541","0.18831211","0.18387966"
"AGAAGAGCCGTGACGCTCC::GGAGCGTCACGGCTCTTCT","0","0","0.82232502","0.12543204","0.12903852"
"GAAGAGCCGTGACGCTCCC::GGGAGCGTCACGGCTCTTC","0","0","0.63834443","0.10484476","-0.13377817"
"AAGAGCCGTGACGCTCCCT::AGGGAGCGTCACGGCTCTT","0","0","0.74764886","-0.11701258","-0.34626854"
"AGAGCCGTGACGCTCCCTT::AAGGGAGCGTCACGGCTCT","0","0","0.68174845","-0.16812685","-0.62168907"
"GAGCCGTGACGCTCCCTTC::GAAGGGAGCGTCACGGCTC","0","0","0.65156206","-0.1657042","-0.58721456"
"AGCCGTGACGCTCCCTTCT::AGAAGGGAGCGTCACGGCT","0","0","0.70822877","-0.008642898","-0.56891458"
"GCCGTGACGCTCCCTTCTC::GAGAAGGGAGCGTCACGGC","0","0","0.55243183","0.15561787","-0.52937069"
"CCGTGACGCTCCCTTCTCA::TGAGAAGGGAGCGTCACGG","0","0","0.46007109","0.17339505","-0.5529464"
"CGTGACGCTCCCTTCTCAC::GTGAGAAGGGAGCGTCACG","0","0","0.55718152","0.3101369","-0.60059993"
"GTGACGCTCCCTTCTCACT::AGTGAGAAGGGAGCGTCAC","0","0","0.70229059","0.28252349","-0.52494161"
"TGACGCTCCCTTCTCACTC::GAGTGAGAAGGGAGCGTCA","0","0","0.90179231","0.20905684","-0.56424535"
"GACGCTCCCTTCTCACTCT::AGAGTGAGAAGGGAGCGTC","0","0","0.60508251","0.18370673","-0.57763011"
"ACGCTCCCTTCTCACTCTA::TAGAGTGAGAAGGGAGCGT","0","0","0.57207156","0.028585077","-0.80845767"
"CGCTCCCTTCTCACTCTAC::GTAGAGTGAGAAGGGAGCG","0","0","0.49594554","-0.12200208","-1.0652395"
"GCTCCCTTCTCACTCTACA::TGTAGAGTGAGAAGGGAGC","0","0","0.55399042","-0.14877398","-0.9463447"
"CTCCCTTCTCACTCTACAA::TTGTAGAGTGAGAAGGGAG","0","0","0.58880283","-0.26742751","-0.83964802"
"TCCCTTCTCACTCTACAAG::CTTGTAGAGTGAGAAGGGA","0","0","0.82081613","-0.18727059","-0.75094523"
"CCCTTCTCACTCTACAAGG::CCTTGTAGAGTGAGAAGGG","0","0","0.65513212","-0.095826451","-0.61720749"
"CCTTCTCACTCTACAAGGA::TCCTTGTAGAGTGAGAAGG","0","0","0.49923143","0.1021165","-0.36510474"
"CTTCTCACTCTACAAGGAA::TTCCTTGTAGAGTGAGAAG","0","0","0.56001785","0.076707476","-0.55948615"
"TTCTCACTCTACAAGGAAG::CTTCCTTGTAGAGTGAGAA","0","0","0.77776027","-0.14257687","-0.82492592"
"TCTCACTCTACAAGGAAGT::ACTTCCTTGTAGAGTGAGA","0","0","0.81818174","-0.14370851","-0.71280547"
"CTCACTCTACAAGGAAGTT::AACTTCCTTGTAGAGTGAG","0","0","0.5656092","0.062614528","-0.63103069"
"TCACTCTACAAGGAAGTTG::CAACTTCCTTGTAGAGTGA","0","0","0.89263552","0.10358418","-0.45749324"
"CACTCTACAAGGAAGTTGC::GCAACTTCCTTGTAGAGTG","0","0","0.79097114","0.031163228","-0.49616411"
"ACTCTACAAGGAAGTTGCA::TGCAACTTCCTTGTAGAGT","0","0","0.55739601","-0.056553857","-0.50650516"
"CTCTACAAGGAAGTTGCAA::TTGCAACTTCCTTGTAGAG","0","0","0.57549527","-0.16285416","-0.53941505"
"TCTACAAGGAAGTTGCAAA::TTTGCAACTTCCTTGTAGA","0","0","0.67486715","-0.11370252","-0.51133781"
"CTACAAGGAAGTTGCAAAC::GTTTGCAACTTCCTTGTAG","0","0","0.7272278","-0.014448637","-0.27370172"
"TACAAGGAAGTTGCAAACG::CGTTTGCAACTTCCTTGTA","0","0","0.88261261","0.10761953","-0.28904292"
"ACAAGGAAGTTGCAAACGC::GCGTTTGCAACTTCCTTGT","0","0","0.79416403","0.22703041","-0.20764348"
"CAAGGAAGTTGCAAACGCG::CGCGTTTGCAACTTCCTTG","0","0","0.74850079","0.17465332","-0.1014622"
"AAGGAAGTTGCAAACGCGG::CCGCGTTTGCAACTTCCTT","0","0","0.86551912","0.16950217","-0.12060806"
"AGGAAGTTGCAAACGCGGT::ACCGCGTTTGCAACTTCCT","0","0","0.69841654","-0.092570895","-0.27182685"
"GGAAGTTGCAAACGCGGTC::GACCGCGTTTGCAACTTCC","0","0","0.69837684","-0.01528149","-0.083594973"
"GAAGTTGCAAACGCGGTCG::CGACCGCGTTTGCAACTTC","0","0","0.80276501","0.0074403971","0.1941941"
"AAGTTGCAAACGCGGTCGC::GCGACCGCGTTTGCAACTT","0","0","0.79395701","0.021092655","0.24079395"
"AGTTGCAAACGCGGTCGCA::TGCGACCGCGTTTGCAACT","0","0","0.62795099","-0.22906988","0.2398962"
"GTTGCAAACGCGGTCGCAG::CTGCGACCGCGTTTGCAAC","0","0","0.72103456","-0.27699518","0.091895992"
"TTGCAAACGCGGTCGCAGA::TCTGCGACCGCGTTTGCAA","0","0","0.80330652","-0.19796509","0.14447019"
"TGCAAACGCGGTCGCAGAC::GTCTGCGACCGCGTTTGCA","0","0","0.73482175","-0.14444356","0.17508377"
"GCAAACGCGGTCGCAGACC::GGTCTGCGACCGCGTTTGC","0","0","0.70481302","-0.11304444","0.33231824"
"CAAACGCGGTCGCAGACCT::AGGTCTGCGACCGCGTTTG","0","0","0.69304666","-0.2455101","0.41924979"
"AAACGCGGTCGCAGACCTG::CAGGTCTGCGACCGCGTTT","0","0","0.77865428","-0.33040397","0.30412276"
"AACGCGGTCGCAGACCTGG::CCAGGTCTGCGACCGCGTT","0","0","0.79981323","-0.60647853","-0.0083384901"
"ACGCGGTCGCAGACCTGGT::ACCAGGTCTGCGACCGCGT","0","0","0.66534341","-0.54401974","-0.2053573"
"CGCGGTCGCAGACCTGGTT::AACCAGGTCTGCGACCGCG","0","0","0.49946808","-0.57359815","-0.36245009"
"GCGGTCGCAGACCTGGTTA::TAACCAGGTCTGCGACCGC","0","0","0.53471605","-0.59864014","-0.30506757"
"CGGTCGCAGACCTGGTTAG::CTAACCAGGTCTGCGACCG","0","0","0.56259221","-0.50706326","-0.38598993"
"GGTCGCAGACCTGGTTAGA::TCTAACCAGGTCTGCGACC","0","0","0.5101808","-0.53218469","-0.45828756"
"GTCGCAGACCTGGTTAGAA::TTCTAACCAGGTCTGCGAC","0","0","0.58041909","-0.41513248","-0.52964496"
"TCGCAGACCTGGTTAGAAT::ATTCTAACCAGGTCTGCGA","0","0","0.7762693","-0.41671988","-0.54700396"
"CGCAGACCTGGTTAGAATC::GATTCTAACCAGGTCTGCG","0","0","0.65797318","-0.42301691","-0.57134828"
"GCAGACCTGGTTAGAATCA::TGATTCTAACCAGGTCTGC","0","0","0.49351018","-0.36280835","-0.48402384"
"CAGACCTGGTTAGAATCAA::TTGATTCTAACCAGGTCTG","0","0","0.5625228","-0.23293796","-0.48012723"
"AGACCTGGTTAGAATCAAG::CTTGATTCTAACCAGGTCT","0","0","0.73394461","-0.19948101","-0.52964356"
"GACCTGGTTAGAATCAAGA::TCTTGATTCTAACCAGGTC","0","0","0.67467338","-0.18289839","-0.54033713"
"ACCTGGTTAGAATCAAGAG::CTCTTGATTCTAACCAGGT","0","0","0.72435909","-0.06259055","-0.38849648"
"CCTGGTTAGAATCAAGAGA::TCTCTTGATTCTAACCAGG","0","0","0.56331041","0.071567363","-0.28835757"
"CTGGTTAGAATCAAGAGAA::TTCTCTTGATTCTAACCAG","0","0","0.66571171","0.1786621","0.06329095"
"TGGTTAGAATCAAGAGAAT::ATTCTCTTGATTCTAACCA","0","0","0.58318012","0.24566636","0.34759572"
"GGTTAGAATCAAGAGAATA::TATTCTCTTGATTCTAACC","0","0","0.49356039","0.23613311","0.50806388"
"GTTAGAATCAAGAGAATAC::GTATTCTCTTGATTCTAAC","0","0","0.69149849","0.19637977","0.46298626"
"TTAGAATCAAGAGAATACA::TGTATTCTCTTGATTCTAA","0","1","0.85061673","0.14199535","0.41655534"
"TAGAATCAAGAGAATACAC::GTGTATTCTCTTGATTCTA","0","0","0.85191714","0.1688037","0.5987953"
"AGAATCAAGAGAATACACG::CGTGTATTCTCTTGATTCT","0","0","0.76685013","0.075306404","0.56616574"
"GAATCAAGAGAATACACGA::TCGTGTATTCTCTTGATTC","0","0","0.58886426","-0.13480425","0.36298357"
"AATCAAGAGAATACACGAA::TTCGTGTATTCTCTTGATT","0","0","0.5492496","-0.10861634","0.36219877"
"ATCAAGAGAATACACGAAG::CTTCGTGTATTCTCTTGAT","0","0","0.7296592","-0.17075194","0.43848031"
"TCAAGAGAATACACGAAGC::GCTTCGTGTATTCTCTTGA","0","0","0.77358233","-0.40783623","0.41692579"
"CAAGAGAATACACGAAGCA::TGCTTCGTGTATTCTCTTG","0","0","0.55114103","-0.30293974","0.80668946"
"AAGAGAATACACGAAGCAC::GTGCTTCGTGTATTCTCTT","0","0","0.73131414","-0.5031156","0.63998238"
"AGAGAATACACGAAGCACT::AGTGCTTCGTGTATTCTCT","0","0","0.69743372","-0.7141063","0.23429786"
"GAGAATACACGAAGCACTT::AAGTGCTTCGTGTATTCTC","0","0","0.61052957","-0.94671675","0.16125727"
"AGAATACACGAAGCACTTG::CAAGTGCTTCGTGTATTCT","0","0","0.69354654","-1.1028152","0.1714865"
"GAATACACGAAGCACTTGA::TCAAGTGCTTCGTGTATTC","0","0","0.62717735","-1.3152051","0.043344057"
"AATACACGAAGCACTTGAT::ATCAAGTGCTTCGTGTATT","0","0","0.66762237","-1.2337342","0.078529382"
"ATACACGAAGCACTTGATC::GATCAAGTGCTTCGTGTAT","0","0","0.8543524","-1.0363328","0.11025272"
"TACACGAAGCACTTGATCA::TGATCAAGTGCTTCGTGTA","0","0","0.82798605","-0.95277008","0.29781415"
"ACACGAAGCACTTGATCAA::TTGATCAAGTGCTTCGTGT","0","0","0.54943825","-0.81501089","0.21217074"
"CACGAAGCACTTGATCAAG::CTTGATCAAGTGCTTCGTG","0","0","0.58718442","-0.80762985","0.21138056"
"ACGAAGCACTTGATCAAGG::CCTTGATCAAGTGCTTCGT","0","0","0.70968141","-0.79916272","0.25948251"
"CGAAGCACTTGATCAAGGT::ACCTTGATCAAGTGCTTCG","0","0","0.61431893","-0.71638713","0.15696059"
"GAAGCACTTGATCAAGGTT::AACCTTGATCAAGTGCTTC","0","0","0.57801771","-0.71212487","0.069419718"
"AAGCACTTGATCAAGGTTG::CAACCTTGATCAAGTGCTT","0","0","0.90038169","-0.6720667","0.013621091"
"AGCACTTGATCAAGGTTGA::TCAACCTTGATCAAGTGCT","0","0","0.63757542","-0.83886905","-0.29814506"
"GCACTTGATCAAGGTTGAA::TTCAACCTTGATCAAGTGC","0","0","0.43222647","-0.46254266","-0.12895803"
"CACTTGATCAAGGTTGAAA::TTTCAACCTTGATCAAGTG","0","0","0.58315505","-0.21440264","0.0010765984"
"ACTTGATCAAGGTTGAAAA::TTTTCAACCTTGATCAAGT","0","0","0.59781363","-0.078931578","0.17126763"
"CTTGATCAAGGTTGAAAAC::GTTTTCAACCTTGATCAAG","0","0","0.63367033","-0.054956696","0.035694329"
"TTGATCAAGGTTGAAAACT::AGTTTTCAACCTTGATCAA","0","0","0.92662041","0.024181865","0.026053939"
"TGATCAAGGTTGAAAACTG::CAGTTTTCAACCTTGATCA","0","0","0.88130029","-0.12378779","-0.20171546"
"GATCAAGGTTGAAAACTGG::CCAGTTTTCAACCTTGATC","0","0","0.69918828","-0.27192924","-0.36342083"
"ATCAAGGTTGAAAACTGGA::TCCAGTTTTCAACCTTGAT","0","0","0.79573907","-0.28009354","-0.53693513"
"TCAAGGTTGAAAACTGGAT::ATCCAGTTTTCAACCTTGA","0","0","0.81635185","-0.33186094","-0.53327621"
"CAAGGTTGAAAACTGGATA::TATCCAGTTTTCAACCTTG","0","0","0.68653444","-0.22357418","-0.27725906"
"AAGGTTGAAAACTGGATAT::ATATCCAGTTTTCAACCTT","0","0","0.73670076","-0.2324407","-0.13022142"
"AGGTTGAAAACTGGATATT::AATATCCAGTTTTCAACCT","0","0","0.58710512","-0.14243951","-0.061824737"
"GGTTGAAAACTGGATATTC::GAATATCCAGTTTTCAACC","0","0","0.64103164","-0.034105345","-0.083189888"
"GTTGAAAACTGGATATTCA::TGAATATCCAGTTTTCAAC","0","0","0.61426546","0.12142364","-0.15047846"
"TTGAAAACTGGATATTCAG::CTGAATATCCAGTTTTCAA","0","0","0.95053125","0.22459572","-0.033292137"
"TGAAAACTGGATATTCAGG::CCTGAATATCCAGTTTTCA","0","0","0.84627332","0.083669063","-0.084650547"
"GAAAACTGGATATTCAGGA::TCCTGAATATCCAGTTTTC","0","0","0.74286407","-0.069363209","-0.062884073"
"AAAACTGGATATTCAGGAA::TTCCTGAATATCCAGTTTT","0","0","0.65747915","-0.229642","-0.40161502"
"AAACTGGATATTCAGGAAC::GTTCCTGAATATCCAGTTT","1","0","0.87462265","-0.18067243","-0.45652588"
"AACTGGATATTCAGGAACC::GGTTCCTGAATATCCAGTT","0","0","0.8404048","-0.10059989","-0.51764253"
"ACTGGATATTCAGGAACCC::GGGTTCCTGAATATCCAGT","0","0","0.69545147","-0.020054435","-0.58112409"
"CTGGATATTCAGGAACCCC::GGGGTTCCTGAATATCCAG","0","0","0.73191293","-0.051829259","-0.54524347"
"TGGATATTCAGGAACCCCG::CGGGGTTCCTGAATATCCA","0","0","0.90648555","-0.038033712","-0.52526191"
"GGATATTCAGGAACCCCGG::CCGGGGTTCCTGAATATCC","0","0","0.64599898","-0.10318272","-0.65638353"
"GATATTCAGGAACCCCGGG::CCCGGGGTTCCTGAATATC","0","0","0.62904017","-0.26556436","-0.80708842"
"ATATTCAGGAACCCCGGGT::ACCCGGGGTTCCTGAATAT","0","0","0.76264948","-0.28501154","-1.0383433"
"TATTCAGGAACCCCGGGTT::AACCCGGGGTTCCTGAATA","0","0","0.66774988","-0.59234207","-1.0551931"
"ATTCAGGAACCCCGGGTTT::AAACCCGGGGTTCCTGAAT","0","0","0.51643335","-0.65596283","-1.0862214"
"TTCAGGAACCCCGGGTTTG::CAAACCCGGGGTTCCTGAA","0","0","0.69115754","-0.66377789","-0.90253106"
"TCAGGAACCCCGGGTTTGC::GCAAACCCGGGGTTCCTGA","0","0","0.65834984","-0.7312161","-0.9765973"
"CAGGAACCCCGGGTTTGCG::CGCAAACCCGGGGTTCCTG","0","0","0.54338844","-0.76605774","-1.0231231"
"AGGAACCCCGGGTTTGCGC::GCGCAAACCCGGGGTTCCT","0","0","0.67952175","-0.72142286","-0.99601219"
"GGAACCCCGGGTTTGCGCT::AGCGCAAACCCGGGGTTCC","0","0","0.5469563","-0.67607241","-0.86438403"
"GAACCCCGGGTTTGCGCTA::TAGCGCAAACCCGGGGTTC","0","0","0.47591776","-0.52103104","-0.77495376"
"AACCCCGGGTTTGCGCTAG::CTAGCGCAAACCCGGGGTT","0","0","0.64081167","-0.54133008","-0.73429983"
"ACCCCGGGTTTGCGCTAGT::ACTAGCGCAAACCCGGGGT","0","0","0.52710536","-0.54697184","-0.66474322"
"CCCCGGGTTTGCGCTAGTG::CACTAGCGCAAACCCGGGG","0","0","0.49922428","-0.55925096","-0.66355545"
"CCCGGGTTTGCGCTAGTGG::CCACTAGCGCAAACCCGGG","0","0","0.60032269","-0.6922549","-0.65331173"
"CCGGGTTTGCGCTAGTGGC::GCCACTAGCGCAAACCCGG","0","0","0.64014038","-0.81308924","-0.42630691"
"CGGGTTTGCGCTAGTGGCC::GGCCACTAGCGCAAACCCG","0","0","0.58418103","-0.6667573","-0.31687351"
"GGGTTTGCGCTAGTGGCCG::CGGCCACTAGCGCAAACCC","0","0","0.60151273","-0.67961922","-0.24019189"
"GGTTTGCGCTAGTGGCCGT::ACGGCCACTAGCGCAAACC","0","0","0.43144701","-0.52996926","-0.1898634"
"GTTTGCGCTAGTGGCCGTT::AACGGCCACTAGCGCAAAC","0","0","0.52306624","-0.63232531","-0.21608423"
"TTTGCGCTAGTGGCCGTTG::CAACGGCCACTAGCGCAAA","0","0","0.81322688","-0.67089052","-0.39497926"
"TTGCGCTAGTGGCCGTTGC::GCAACGGCCACTAGCGCAA","0","0","0.84618809","-0.682523","-0.40283416"
"TGCGCTAGTGGCCGTTGCC::GGCAACGGCCACTAGCGCA","0","0","0.76048571","-0.68510423","-0.36146984"
"GCGCTAGTGGCCGTTGCCA::TGGCAACGGCCACTAGCGC","0","0","0.51993312","-0.75847944","-0.38737734"
"CGCTAGTGGCCGTTGCCAT::ATGGCAACGGCCACTAGCG","0","0","0.51036318","-0.7474383","-0.25987341"
"GCTAGTGGCCGTTGCCATT::AATGGCAACGGCCACTAGC","0","0","0.5087852","-0.64920062","-0.29052296"
"CTAGTGGCCGTTGCCATTG::CAATGGCAACGGCCACTAG","0","0","0.75346617","-0.60618399","-0.22104838"
"TAGTGGCCGTTGCCATTGC::GCAATGGCAACGGCCACTA","0","0","0.78055982","-0.65000699","-0.27115752"
"AGTGGCCGTTGCCATTGCC::GGCAATGGCAACGGCCACT","0","0","0.66635298","-0.53684444","-0.11076184"
"GTGGCCGTTGCCATTGCCT::AGGCAATGGCAACGGCCAC","0","0","0.63658863","-0.53981946","-0.16983821"
"TGGCCGTTGCCATTGCCTG::CAGGCAATGGCAACGGCCA","0","0","0.7248035","-0.47123967","-0.43185344"
"GGCCGTTGCCATTGCCTGG::CCAGGCAATGGCAACGGCC","0","0","0.51289382","-0.66343887","-0.76648077"
"GCCGTTGCCATTGCCTGGC::GCCAGGCAATGGCAACGGC","0","0","0.5430613","-0.58661061","-0.83085994"
"CCGTTGCCATTGCCTGGCT::AGCCAGGCAATGGCAACGG","0","0","0.49510134","-0.52056258","-0.68985159"
"CGTTGCCATTGCCTGGCTT::AAGCCAGGCAATGGCAACG","0","0","0.45691317","-0.57356741","-0.72954807"
"GTTGCCATTGCCTGGCTTT::AAAGCCAGGCAATGGCAAC","0","0","0.52692499","-0.3931706","-0.58645031"
"TTGCCATTGCCTGGCTTTT::AAAAGCCAGGCAATGGCAA","0","0","0.62653163","-0.15449292","-0.64971171"
"TGCCATTGCCTGGCTTTTG::CAAAAGCCAGGCAATGGCA","0","0","0.7236188","-0.23496103","-0.76240915"
"GCCATTGCCTGGCTTTTGG::CCAAAAGCCAGGCAATGGC","1","0","0.53028517","-0.16826332","-0.54821769"
"CCATTGCCTGGCTTTTGGG::CCCAAAAGCCAGGCAATGG","1","0","0.52864056","-0.27790264","-0.67868838"
"CATTGCCTGGCTTTTGGGA::TCCCAAAAGCCAGGCAATG","0","0","0.48475232","-0.56988143","-0.76532777"
"ATTGCCTGGCTTTTGGGAA::TTCCCAAAAGCCAGGCAAT","0","0","0.61101981","-0.76890678","-0.77420664"
"TTGCCTGGCTTTTGGGAAG::CTTCCCAAAAGCCAGGCAA","0","0","0.72390205","-0.7588091","-0.88537874"
"TGCCTGGCTTTTGGGAAGC::GCTTCCCAAAAGCCAGGCA","0","0","0.65316084","-0.83156192","-0.86728732"
"GCCTGGCTTTTGGGAAGCT::AGCTTCCCAAAAGCCAGGC","0","0","0.38527072","-0.63318226","-0.55630356"
"CCTGGCTTTTGGGAAGCTC::GAGCTTCCCAAAAGCCAGG","0","0","0.61852008","-0.64104394","-0.55142261"
"CTGGCTTTTGGGAAGCTCG::CGAGCTTCCCAAAAGCCAG","0","0","0.84825421","-0.61203254","-0.22255946"
"TGGCTTTTGGGAAGCTCGA::TCGAGCTTCCCAAAAGCCA","0","0","0.75132755","-0.63811769","-0.15803274"
"GGCTTTTGGGAAGCTCGAC::GTCGAGCTTCCCAAAAGCC","0","0","0.6139708","-0.75584913","-0.40496199"
"GCTTTTGGGAAGCTCGACG::CGTCGAGCTTCCCAAAAGC","0","0","0.72064103","-0.67739206","-0.27760332"
"CTTTTGGGAAGCTCGACGA::TCGTCGAGCTTCCCAAAAG","0","0","0.68057954","-0.95371723","-0.38323402"
"TTTTGGGAAGCTCGACGAG::CTCGTCGAGCTTCCCAAAA","0","0","0.73545282","-1.1382478","-0.35576414"
"TTTGGGAAGCTCGACGAGC::GCTCGTCGAGCTTCCCAAA","0","0","0.91174197","-0.94153341","-0.41097889"
"TTGGGAAGCTCGACGAGCC::GGCTCGTCGAGCTTCCCAA","0","0","0.87572481","-0.88532482","-0.59006283"
"TGGGAAGCTCGACGAGCCA::TGGCTCGTCGAGCTTCCCA","0","0","0.66069891","-0.53640385","-0.51820635"
"GGGAAGCTCGACGAGCCAA::TTGGCTCGTCGAGCTTCCC","0","0","0.49381749","-0.143345","-0.41035328"
"GGAAGCTCGACGAGCCAAA::TTTGGCTCGTCGAGCTTCC","0","0","0.48750351","0.14332184","-0.46776746"
"GAAGCTCGACGAGCCAAAA::TTTTGGCTCGTCGAGCTTC","0","0","0.49736242","0.17207649","-0.29478767"
"AAGCTCGACGAGCCAAAAA::TTTTTGGCTCGTCGAGCTT","0","0","0.61791955","0.68422693","-0.097911651"
"AGCTCGACGAGCCAAAAAG::CTTTTTGGCTCGTCGAGCT","0","0","0.70373879","0.52477513","-0.1259285"
"GCTCGACGAGCCAAAAAGT::ACTTTTTGGCTCGTCGAGC","0","0","0.4784861","0.55285114","-0.058325605"
"CTCGACGAGCCAAAAAGTC::GACTTTTTGGCTCGTCGAG","0","0","0.67754429","0.72412871","-0.26029324"
"TCGACGAGCCAAAAAGTCA::TGACTTTTTGGCTCGTCGA","0","0","0.73569328","0.69816362","-0.26733754"
"CGACGAGCCAAAAAGTCAT::ATGACTTTTTGGCTCGTCG","0","0","0.50995195","0.69697934","-0.22153364"
"GACGAGCCAAAAAGTCATA::TATGACTTTTTGGCTCGTC","0","0","0.46309438","0.61456763","-0.26172304"
"ACGAGCCAAAAAGTCATAT::ATATGACTTTTTGGCTCGT","0","0","0.56938276","0.74926637","-0.29823535"
"CGAGCCAAAAAGTCATATA::TATATGACTTTTTGGCTCG","0","0","0.46883486","0.74366977","-0.18302338"
"GAGCCAAAAAGTCATATAC::GTATATGACTTTTTGGCTC","0","0","0.63052247","0.66198983","-0.17106679"
"AGCCAAAAAGTCATATACT::AGTATATGACTTTTTGGCT","0","0","0.63561844","0.57116107","-0.23401765"
"GCCAAAAAGTCATATACTT::AAGTATATGACTTTTTGGC","0","0","0.43922071","0.36060807","-0.45778419"
"CCAAAAAGTCATATACTTG::CAAGTATATGACTTTTTGG","0","0","0.61278048","-0.075198267","-0.35135701"
"CAAAAAGTCATATACTTGG::CCAAGTATATGACTTTTTG","0","0","0.7781059","-0.31438419","-0.19218149"
"AAAAAGTCATATACTTGGT::ACCAAGTATATGACTTTTT","0","0","0.73142571","-0.24787511","-0.041620048"
"AAAAGTCATATACTTGGTC::GACCAAGTATATGACTTTT","0","0","0.89831326","-0.60280399","-0.30669581"
"AAAGTCATATACTTGGTCA::TGACCAAGTATATGACTTT","0","0","0.775094","-0.38925688","-0.44875585"
"AAGTCATATACTTGGTCAT::ATGACCAAGTATATGACTT","0","0","0.67976715","-0.38715474","-0.36161964"
"AGTCATATACTTGGTCATG::CATGACCAAGTATATGACT","0","0","0.72996792","-0.50219315","-0.25100881"
"GTCATATACTTGGTCATGA::TCATGACCAAGTATATGAC","0","0","0.67112057","-0.41165883","-0.30210481"
"TCATATACTTGGTCATGAT::ATCATGACCAAGTATATGA","0","0","0.75674069","-0.39116305","-0.36504906"
"CATATACTTGGTCATGATA::TATCATGACCAAGTATATG","0","0","0.58138877","-0.30515092","-0.3141934"
"ATATACTTGGTCATGATAC::GTATCATGACCAAGTATAT","0","0","0.91008341","-0.32099734","-0.22388252"
"TATACTTGGTCATGATACT::AGTATCATGACCAAGTATA","0","0","0.86351096","-0.30472419","-0.34261791"
"ATACTTGGTCATGATACTG::CAGTATCATGACCAAGTAT","0","0","0.90845967","-0.46948885","-0.30465593"
"TACTTGGTCATGATACTGC::GCAGTATCATGACCAAGTA","0","0","0.93749712","-0.59977672","-0.36065827"
"ACTTGGTCATGATACTGCT::AGCAGTATCATGACCAAGT","0","0","0.77266234","-0.33953946","-0.12144704"
"CTTGGTCATGATACTGCTG::CAGCAGTATCATGACCAAG","0","0","0.78047708","-0.39163159","-0.47680072"
"TTGGTCATGATACTGCTGA::TCAGCAGTATCATGACCAA","0","0","0.87013945","-0.13612692","-0.49172876"
"TGGTCATGATACTGCTGAT::ATCAGCAGTATCATGACCA","0","0","0.65329134","-0.21639368","-0.58311138"
"GGTCATGATACTGCTGATT::AATCAGCAGTATCATGACC","0","0","0.56827854","-0.27918475","-0.49528684"
"GTCATGATACTGCTGATTG::CAATCAGCAGTATCATGAC","0","0","0.72811435","-0.60210339","-0.53470372"
"TCATGATACTGCTGATTGC::GCAATCAGCAGTATCATGA","0","0","0.78583897","-0.59524896","-0.69561824"
"CATGATACTGCTGATTGCC::GGCAATCAGCAGTATCATG","0","0","0.75661201","-0.57379903","-0.70623979"
"ATGATACTGCTGATTGCCC::GGGCAATCAGCAGTATCAT","0","0","0.81119357","-0.66369158","-0.77594584"
"TGATACTGCTGATTGCCCC::GGGGCAATCAGCAGTATCA","0","0","0.84090633","-0.669572","-0.82591937"
"GATACTGCTGATTGCCCCG::CGGGGCAATCAGCAGTATC","0","0","0.70586197","-0.59123726","-0.89549984"
"ATACTGCTGATTGCCCCGG::CCGGGGCAATCAGCAGTAT","0","0","0.7759705","-0.63809567","-0.97433664"
"TACTGCTGATTGCCCCGGC::GCCGGGGCAATCAGCAGTA","0","0","0.73388892","-0.52167974","-0.81191231"
"ACTGCTGATTGCCCCGGCA::TGCCGGGGCAATCAGCAGT","0","0","0.56738594","-0.34361321","-0.80867696"
"CTGCTGATTGCCCCGGCAT::ATGCCGGGGCAATCAGCAG","0","0","0.5812112","-0.2727588","-0.77217073"
"TGCTGATTGCCCCGGCATA::TATGCCGGGGCAATCAGCA","0","0","0.55549179","-0.59795864","-0.91192054"
"GCTGATTGCCCCGGCATAC::GTATGCCGGGGCAATCAGC","0","0","0.51209402","-0.40412334","-0.76295381"
"CTGATTGCCCCGGCATACA::TGTATGCCGGGGCAATCAG","0","0","0.589455","-0.66396645","-0.96199841"
"TGATTGCCCCGGCATACAG::CTGTATGCCGGGGCAATCA","0","0","0.74481212","-0.73067128","-1.104288"
"GATTGCCCCGGCATACAGT::ACTGTATGCCGGGGCAATC","0","0","0.55743773","-0.87780295","-1.2345254"
"ATTGCCCCGGCATACAGTA::TACTGTATGCCGGGGCAAT","0","0","0.62819031","-0.77132145","-1.3665965"
"TTGCCCCGGCATACAGTAT::ATACTGTATGCCGGGGCAA","0","0","0.65657881","-0.79779284","-1.291149"
"TGCCCCGGCATACAGTATC::GATACTGTATGCCGGGGCA","0","0","0.76572466","-0.74834816","-1.2316834"
"GCCCCGGCATACAGTATCA::TGATACTGTATGCCGGGGC","0","0","0.38354299","-0.6746767","-1.1329896"
"CCCCGGCATACAGTATCAG::CTGATACTGTATGCCGGGG","0","0","0.47723577","-0.72225841","-1.0957878"
"CCCGGCATACAGTATCAGG::CCTGATACTGTATGCCGGG","0","0","0.57277566","-0.76947643","-1.0107043"
"CCGGCATACAGTATCAGGT::ACCTGATACTGTATGCCGG","0","0","0.64467123","-0.81361677","-0.93158423"
"CGGCATACAGTATCAGGTG::CACCTGATACTGTATGCCG","0","0","0.63335781","-0.93163069","-1.1097022"
"GGCATACAGTATCAGGTGC::GCACCTGATACTGTATGCC","0","0","0.56487666","-0.90769447","-1.158797"
"GCATACAGTATCAGGTGCA::TGCACCTGATACTGTATGC","0","0","0.55180007","-0.9647187","-1.1459701"
"CATACAGTATCAGGTGCAT::ATGCACCTGATACTGTATG","0","0","0.52776056","-1.0317805","-1.1782418"
"ATACAGTATCAGGTGCATT::AATGCACCTGATACTGTAT","0","0","0.7857925","-1.0132788","-1.1247898"
"TACAGTATCAGGTGCATTG::CAATGCACCTGATACTGTA","0","0","0.96756919","-0.86518696","-0.99388364"
"ACAGTATCAGGTGCATTGG::CCAATGCACCTGATACTGT","0","0","0.78027528","-0.74885646","-0.76556378"
"CAGTATCAGGTGCATTGGA::TCCAATGCACCTGATACTG","0","0","0.58772119","-0.72134191","-0.69957669"
"AGTATCAGGTGCATTGGAG::CTCCAATGCACCTGATACT","0","0","0.74435636","-0.73153388","-0.59219902"
"GTATCAGGTGCATTGGAGT::ACTCCAATGCACCTGATAC","0","0","0.6566656","-0.66575194","-0.5694607"
"TATCAGGTGCATTGGAGTC::GACTCCAATGCACCTGATA","0","0","0.87831301","-0.7396817","-0.61732958"
"ATCAGGTGCATTGGAGTCA::TGACTCCAATGCACCTGAT","0","0","0.75250113","-0.8104463","-0.58752648"
"TCAGGTGCATTGGAGTCAG::CTGACTCCAATGCACCTGA","0","0","0.7796259","-0.70686672","-0.46898222"
"CAGGTGCATTGGAGTCAGC::GCTGACTCCAATGCACCTG","0","0","0.65305564","-0.61365447","-0.29153136"
"AGGTGCATTGGAGTCAGCA::TGCTGACTCCAATGCACCT","0","0","0.71992233","-0.80687638","-0.52443501"
"GGTGCATTGGAGTCAGCAA::TTGCTGACTCCAATGCACC","0","0","0.53840072","-0.78445514","-0.44974118"
"GTGCATTGGAGTCAGCAAT::ATTGCTGACTCCAATGCAC","0","0","0.67222718","-0.99717077","-0.42218083"
"TGCATTGGAGTCAGCAATA::TATTGCTGACTCCAATGCA","0","0","0.7536597","-0.8476402","-0.574452"
"GCATTGGAGTCAGCAATAG::CTATTGCTGACTCCAATGC","0","0","0.60301424","-0.68040636","-0.45866572"
"CATTGGAGTCAGCAATAGA::TCTATTGCTGACTCCAATG","0","0","0.64220498","-0.65895496","-0.36580331"
"ATTGGAGTCAGCAATAGAG::CTCTATTGCTGACTCCAAT","0","0","0.94027005","-0.83884522","-0.40618532"
"TTGGAGTCAGCAATAGAGA::TCTCTATTGCTGACTCCAA","0","0","0.8767849","-0.72561959","-0.41414132"
"TGGAGTCAGCAATAGAGAC::GTCTCTATTGCTGACTCCA","0","0","0.82634669","-0.52414438","-0.36211018"
"GGAGTCAGCAATAGAGACT::AGTCTCTATTGCTGACTCC","0","0","0.65808353","-0.64188436","-0.37193086"
"GAGTCAGCAATAGAGACTT::AAGTCTCTATTGCTGACTC","0","0","0.68633545","-0.72061357","-0.26487095"
"AGTCAGCAATAGAGACTTC::GAAGTCTCTATTGCTGACT","0","0","0.66664609","-0.53867451","-0.17085002"
"GTCAGCAATAGAGACTTCG::CGAAGTCTCTATTGCTGAC","0","0","0.82779264","-0.38669818","-0.16302735"
"TCAGCAATAGAGACTTCGT::ACGAAGTCTCTATTGCTGA","0","0","0.85429767","-0.41409963","-0.29904815"
"CAGCAATAGAGACTTCGTG::CACGAAGTCTCTATTGCTG","0","0","0.79474172","-0.54536649","-0.54415017"
"AGCAATAGAGACTTCGTGG::CCACGAAGTCTCTATTGCT","0","0","0.88911677","-0.37516815","-0.38740263"
"GCAATAGAGACTTCGTGGA::TCCACGAAGTCTCTATTGC","0","0","0.60538591","-0.34554085","-0.43086047"
"CAATAGAGACTTCGTGGAG::CTCCACGAAGTCTCTATTG","0","0","0.71370061","-0.23844493","-0.40210157"
"AATAGAGACTTCGTGGAGG::CCTCCACGAAGTCTCTATT","0","0","0.91595758","-0.26146091","-0.23930549"
"ATAGAGACTTCGTGGAGGG::CCCTCCACGAAGTCTCTAT","0","0","0.84052006","-0.39291161","-0.28196177"
"TAGAGACTTCGTGGAGGGC::GCCCTCCACGAAGTCTCTA","0","0","0.79815654","-0.56272803","-0.3870313"
"AGAGACTTCGTGGAGGGCA::TGCCCTCCACGAAGTCTCT","0","0","0.67864241","-0.6124809","-0.43270953"
"GAGACTTCGTGGAGGGCAT::ATGCCCTCCACGAAGTCTC","0","0","0.56432828","-0.83487458","-0.54376647"
"AGACTTCGTGGAGGGCATG::CATGCCCTCCACGAAGTCT","0","0","0.62876578","-0.87157485","-0.62620176"
"GACTTCGTGGAGGGCATGT::ACATGCCCTCCACGAAGTC","0","0","0.5710237","-0.73630247","-0.54193515"
"ACTTCGTGGAGGGCATGTC::GACATGCCCTCCACGAAGT","0","0","0.74157445","-0.51518664","-0.43126172"
"CTTCGTGGAGGGCATGTCA::TGACATGCCCTCCACGAAG","0","0","0.6632956","-0.62693147","-0.61950114"
"TTCGTGGAGGGCATGTCAG::CTGACATGCCCTCCACGAA","0","0","0.82631529","-0.64000662","-0.51893093"
"TCGTGGAGGGCATGTCAGG::CCTGACATGCCCTCCACGA","0","0","0.73858129","-0.68398251","-0.46739346"
"CGTGGAGGGCATGTCAGGT::ACCTGACATGCCCTCCACG","0","0","0.52459685","-0.66603387","-0.40849119"
"GTGGAGGGCATGTCAGGTG::CACCTGACATGCCCTCCAC","0","0","0.65144623","-0.69367333","-0.44436635"
"TGGAGGGCATGTCAGGTGG::CCACCTGACATGCCCTCCA","0","0","0.70781856","-0.8278824","-0.31510961"
"GGAGGGCATGTCAGGTGGG::CCCACCTGACATGCCCTCC","0","0","0.47145262","-0.87901429","-0.43768947"
"GAGGGCATGTCAGGTGGGA::TCCCACCTGACATGCCCTC","0","0","0.48080036","-0.9887398","-0.50059006"
"AGGGCATGTCAGGTGGGAC::GTCCCACCTGACATGCCCT","0","0","0.6336726","-0.9518151","-0.65125157"
"GGGCATGTCAGGTGGGACC::GGTCCCACCTGACATGCCC","0","0","0.61584069","-0.86521086","-0.71048239"
"GGCATGTCAGGTGGGACCT::AGGTCCCACCTGACATGCC","0","0","0.51465606","-0.82897069","-0.59732312"
"GCATGTCAGGTGGGACCTG::CAGGTCCCACCTGACATGC","0","0","0.46986825","-0.74519186","-0.56906813"
"CATGTCAGGTGGGACCTGG::CCAGGTCCCACCTGACATG","0","0","0.6733041","-0.9036441","-0.74618925"
"ATGTCAGGTGGGACCTGGG::CCCAGGTCCCACCTGACAT","0","0","0.78268976","-1.1552775","-0.83508937"
"TGTCAGGTGGGACCTGGGT::ACCCAGGTCCCACCTGACA","0","0","0.74162706","-1.5086539","-0.94641694"
"GTCAGGTGGGACCTGGGTT::AACCCAGGTCCCACCTGAC","0","0","0.55320207","-1.669035","-0.87605819"
"TCAGGTGGGACCTGGGTTG::CAACCCAGGTCCCACCTGA","0","0","0.73273802","-1.817571","-0.99775862"
"CAGGTGGGACCTGGGTTGA::TCAACCCAGGTCCCACCTG","0","0","0.48218615","-1.8920012","-1.0367123"
"AGGTGGGACCTGGGTTGAT::ATCAACCCAGGTCCCACCT","0","0","0.48973369","-1.8104292","-0.90786878"
"GGTGGGACCTGGGTTGATG::CATCAACCCAGGTCCCACC","0","0","0.55528066","-1.75218","-0.78322452"
"GTGGGACCTGGGTTGATGT::ACATCAACCCAGGTCCCAC","0","0","0.57462912","-1.6261691","-0.82938298"
"TGGGACCTGGGTTGATGTT::AACATCAACCCAGGTCCCA","0","0","0.54159739","-1.6283161","-0.87333387"
"GGGACCTGGGTTGATGTTG::CAACATCAACCCAGGTCCC","0","0","0.60564531","-1.607923","-0.86856642"
"GGACCTGGGTTGATGTTGT::ACAACATCAACCCAGGTCC","0","0","0.57711306","-1.4730575","-0.75142521"
"GACCTGGGTTGATGTTGTC::GACAACATCAACCCAGGTC","0","0","0.56009039","-1.353428","-0.68991347"
"ACCTGGGTTGATGTTGTCT::AGACAACATCAACCCAGGT","0","0","0.72305903","-1.2665668","-0.54480847"
"CCTGGGTTGATGTTGTCTT::AAGACAACATCAACCCAGG","0","0","0.62316057","-1.2882664","-0.47977719"
"CTGGGTTGATGTTGTCTTG::CAAGACAACATCAACCCAG","0","0","0.70938659","-1.1047833","-0.29300278"
"TGGGTTGATGTTGTCTTGG::CCAAGACAACATCAACCCA","0","0","0.84820762","-0.89827371","-0.15292534"
"GGGTTGATGTTGTCTTGGA::TCCAAGACAACATCAACCC","0","0","0.49439264","-0.79085999","-0.22155132"
"GGTTGATGTTGTCTTGGAA::TTCCAAGACAACATCAACC","0","0","0.51487794","-0.75830545","-0.10583228"
"GTTGATGTTGTCTTGGAAC::GTTCCAAGACAACATCAAC","0","0","0.82830445","-0.77445849","-0.13348811"
"TTGATGTTGTCTTGGAACA::TGTTCCAAGACAACATCAA","0","0","0.9188879","-0.6579795","-0.18935466"
"TGATGTTGTCTTGGAACAT::ATGTTCCAAGACAACATCA","0","0","0.82768508","-0.91882839","-0.42665687"
"GATGTTGTCTTGGAACATG::CATGTTCCAAGACAACATC","0","0","0.76987495","-0.85325547","-0.47655642"
"ATGTTGTCTTGGAACATGG::CCATGTTCCAAGACAACAT","0","0","0.9481381","-0.86418597","-0.56164313"
"TGTTGTCTTGGAACATGGA::TCCATGTTCCAAGACAACA","0","0","0.81758688","-0.71800338","-0.167627"
"GTTGTCTTGGAACATGGAG::CTCCATGTTCCAAGACAAC","0","0","0.8072093","-0.67737717","-0.12938206"
"TTGTCTTGGAACATGGAGG::CCTCCATGTTCCAAGACAA","0","0","1.0616108","-0.74110768","-0.079016827"
"TGTCTTGGAACATGGAGGC::GCCTCCATGTTCCAAGACA","0","0","0.89379101","-0.83600909","-0.1284204"
"GTCTTGGAACATGGAGGCT::AGCCTCCATGTTCCAAGAC","0","0","0.60516245","-0.85865609","-0.38872571"
"TCTTGGAACATGGAGGCTG::CAGCCTCCATGTTCCAAGA","0","0","0.89916452","-0.7814189","-0.35989816"
"CTTGGAACATGGAGGCTGC::GCAGCCTCCATGTTCCAAG","0","0","0.72296201","-0.97733728","-0.43100862"
"TTGGAACATGGAGGCTGCG::CGCAGCCTCCATGTTCCAA","0","0","0.83866985","-0.98612743","-0.5415006"
"TGGAACATGGAGGCTGCGT::ACGCAGCCTCCATGTTCCA","0","0","0.81655925","-0.90915098","-0.4495804"
"GGAACATGGAGGCTGCGTT::AACGCAGCCTCCATGTTCC","0","0","0.58436145","-0.71459218","-0.5400776"
"GAACATGGAGGCTGCGTTA::TAACGCAGCCTCCATGTTC","0","0","0.60339341","-0.62636309","-0.53666286"
"AACATGGAGGCTGCGTTAC::GTAACGCAGCCTCCATGTT","0","0","0.77961435","-0.65904977","-0.46197821"
"ACATGGAGGCTGCGTTACC::GGTAACGCAGCCTCCATGT","0","0","0.72835027","-0.38160639","-0.33627895"
"CATGGAGGCTGCGTTACCG::CGGTAACGCAGCCTCCATG","0","0","0.71033526","-0.4562649","-0.33129532"
"ATGGAGGCTGCGTTACCGT::ACGGTAACGCAGCCTCCAT","0","0","0.74919749","-0.55960746","-0.29070654"
"TGGAGGCTGCGTTACCGTG::CACGGTAACGCAGCCTCCA","0","0","0.73207322","-0.73589132","-0.5480865"
"GGAGGCTGCGTTACCGTGA::TCACGGTAACGCAGCCTCC","0","0","0.61928664","-0.66087285","-0.52461331"
"GAGGCTGCGTTACCGTGAT::ATCACGGTAACGCAGCCTC","0","0","0.56657778","-0.59305422","-0.5469702"
"AGGCTGCGTTACCGTGATG::CATCACGGTAACGCAGCCT","0","0","0.61048632","-0.5839279","-0.4463639"
"GGCTGCGTTACCGTGATGG::CCATCACGGTAACGCAGCC","0","0","0.62603742","-0.46328422","-0.35575146"
"GCTGCGTTACCGTGATGGC::GCCATCACGGTAACGCAGC","0","0","0.54013525","-0.43308213","-0.45894054"
"CTGCGTTACCGTGATGGCA::TGCCATCACGGTAACGCAG","0","0","0.65247239","-0.34315185","-0.4798479"
"TGCGTTACCGTGATGGCAC::GTGCCATCACGGTAACGCA","0","0","0.86490972","-0.28177556","-0.51770656"
"GCGTTACCGTGATGGCACA::TGTGCCATCACGGTAACGC","0","0","0.4606249","-0.24023613","-0.70814468"
"CGTTACCGTGATGGCACAG::CTGTGCCATCACGGTAACG","0","0","0.58031552","-0.41063332","-0.91696343"
"GTTACCGTGATGGCACAGG::CCTGTGCCATCACGGTAAC","0","0","0.77267198","-0.40417078","-0.94219704"
"TTACCGTGATGGCACAGGA::TCCTGTGCCATCACGGTAA","0","0","0.81383657","-0.48916077","-0.99665081"
"TACCGTGATGGCACAGGAC::GTCCTGTGCCATCACGGTA","0","0","0.83863284","-0.4409775","-0.8545174"
"ACCGTGATGGCACAGGACA::TGTCCTGTGCCATCACGGT","0","0","0.67827412","-0.28776482","-0.73044925"
"CCGTGATGGCACAGGACAA::TTGTCCTGTGCCATCACGG","0","0","0.51121245","-0.16886687","-0.62506067"
"CGTGATGGCACAGGACAAG::CTTGTCCTGTGCCATCACG","0","0","0.5988873","0.036467759","-0.55889697"
"GTGATGGCACAGGACAAGC::GCTTGTCCTGTGCCATCAC","0","0","0.80970692","0.12266087","-0.64488073"
"TGATGGCACAGGACAAGCC::GGCTTGTCCTGTGCCATCA","0","0","0.87460236","-0.067153896","-0.71402752"
"GATGGCACAGGACAAGCCA::TGGCTTGTCCTGTGCCATC","0","0","0.61766711","0.15639458","-0.68421143"
"ATGGCACAGGACAAGCCAA::TTGGCTTGTCCTGTGCCAT","0","0","0.62219996","0.34601851","-0.67667005"
"TGGCACAGGACAAGCCAAC::GTTGGCTTGTCCTGTGCCA","0","0","0.79826287","0.25996138","-0.67671737"
"GGCACAGGACAAGCCAACA::TGTTGGCTTGTCCTGTGCC","0","0","0.5767294","0.23595973","-0.66077537"
"GCACAGGACAAGCCAACAG::CTGTTGGCTTGTCCTGTGC","0","0","0.67992854","0.15904827","-0.29851129"
"CACAGGACAAGCCAACAGT::ACTGTTGGCTTGTCCTGTG","0","0","0.77958227","0.0061833324","-0.24719293"
"ACAGGACAAGCCAACAGTC::GACTGTTGGCTTGTCCTGT","0","0","0.80524314","0.099905342","-0.015804795"
"CAGGACAAGCCAACAGTCG::CGACTGTTGGCTTGTCCTG","0","0","0.82828774","0.19457211","0.12837489"
"AGGACAAGCCAACAGTCGA::TCGACTGTTGGCTTGTCCT","0","0","0.75885698","0.24289672","0.11604905"
"GGACAAGCCAACAGTCGAC::GTCGACTGTTGGCTTGTCC","0","0","0.73449765","0.050304083","-0.094416119"
"GACAAGCCAACAGTCGACA::TGTCGACTGTTGGCTTGTC","0","0","0.74846616","-0.039565844","-0.26119692"
"ACAAGCCAACAGTCGACAT::ATGTCGACTGTTGGCTTGT","0","0","0.72503874","0.15286545","-0.19383114"
"CAAGCCAACAGTCGACATA::TATGTCGACTGTTGGCTTG","0","0","0.68320454","0.13710977","-0.1833495"
"AAGCCAACAGTCGACATAG::CTATGTCGACTGTTGGCTT","0","0","0.90560756","-0.075650578","-0.18686423"
"AGCCAACAGTCGACATAGA::TCTATGTCGACTGTTGGCT","0","0","0.61125889","0.074646434","0.00051773923"
"GCCAACAGTCGACATAGAG::CTCTATGTCGACTGTTGGC","0","0","0.68197983","-0.23107308","-0.076727955"
"CCAACAGTCGACATAGAGT::ACTCTATGTCGACTGTTGG","0","0","0.77270988","-0.54630374","-0.078585084"
"CAACAGTCGACATAGAGTT::AACTCTATGTCGACTGTTG","0","0","0.84896324","-0.58296922","0.0092661023"
"AACAGTCGACATAGAGTTG::CAACTCTATGTCGACTGTT","0","0","0.87588842","-0.46606924","0.16697388"
"ACAGTCGACATAGAGTTGG::CCAACTCTATGTCGACTGT","0","0","0.92695362","-0.40979789","-0.14546347"
"CAGTCGACATAGAGTTGGT::ACCAACTCTATGTCGACTG","0","0","0.67001134","-0.19740067","-0.010631279"
"AGTCGACATAGAGTTGGTC::GACCAACTCTATGTCGACT","0","0","0.85800393","-0.13150713","-0.079132244"
"GTCGACATAGAGTTGGTCA::TGACCAACTCTATGTCGAC","0","0","0.75017684","-0.061633487","-0.13636491"
"TCGACATAGAGTTGGTCAC::GTGACCAACTCTATGTCGA","0","0","0.89655634","-0.045355478","-0.0098863663"
"CGACATAGAGTTGGTCACG::CGTGACCAACTCTATGTCG","0","0","0.70709074","0.0016633376","0.06541993"
"GACATAGAGTTGGTCACGA::TCGTGACCAACTCTATGTC","0","0","0.65638926","-0.066691522","0.10849505"
"ACATAGAGTTGGTCACGAC::GTCGTGACCAACTCTATGT","0","0","0.75217285","-0.24155179","-0.045216843"
"CATAGAGTTGGTCACGACG::CGTCGTGACCAACTCTATG","0","0","0.81074042","-0.33269449","-0.057784455"
"ATAGAGTTGGTCACGACGA::TCGTCGTGACCAACTCTAT","0","0","0.83861229","-0.26288523","0.0043740737"
"TAGAGTTGGTCACGACGAC::GTCGTCGTGACCAACTCTA","0","0","0.80200668","-0.23961844","-0.054384249"
"AGAGTTGGTCACGACGACG::CGTCGTCGTGACCAACTCT","0","0","0.78419121","-0.14191765","0.0058233464"
"GAGTTGGTCACGACGACGG::CCGTCGTCGTGACCAACTC","0","0","0.73874123","-0.057755723","-0.023590537"
"AGTTGGTCACGACGACGGT::ACCGTCGTCGTGACCAACT","0","0","0.56452826","-0.07911364","-0.20277377"
"GTTGGTCACGACGACGGTT::AACCGTCGTCGTGACCAAC","0","0","0.55413953","-0.18531722","-0.32154265"
"TTGGTCACGACGACGGTTA::TAACCGTCGTCGTGACCAA","0","0","0.77376775","-0.21776753","-0.29098727"
"TGGTCACGACGACGGTTAG::CTAACCGTCGTCGTGACCA","0","0","0.59566399","-0.28030918","-0.39801017"
"GGTCACGACGACGGTTAGT::ACTAACCGTCGTCGTGACC","0","0","0.50864166","-0.31246806","-0.32934786"
"GTCACGACGACGGTTAGTA::TACTAACCGTCGTCGTGAC","0","0","0.59265031","-0.49900273","-0.38935021"
"TCACGACGACGGTTAGTAA::TTACTAACCGTCGTCGTGA","0","0","0.53214372","-0.61004378","-0.58729676"
"CACGACGACGGTTAGTAAC::GTTACTAACCGTCGTCGTG","0","0","0.64580714","-0.59510315","-0.61551893"
"ACGACGACGGTTAGTAACA::TGTTACTAACCGTCGTCGT","0","0","0.67283237","-0.65856653","-0.46991256"
"CGACGACGGTTAGTAACAT::ATGTTACTAACCGTCGTCG","0","0","0.48786116","-0.90562267","-0.60100051"
"GACGACGGTTAGTAACATG::CATGTTACTAACCGTCGTC","0","0","0.67306346","-0.90947108","-0.69509273"
"ACGACGGTTAGTAACATGG::CCATGTTACTAACCGTCGT","0","0","0.85808965","-0.91600034","-0.73985441"
"CGACGGTTAGTAACATGGC::GCCATGTTACTAACCGTCG","0","0","0.69619526","-0.80845238","-0.74748564"
"GACGGTTAGTAACATGGCC::GGCCATGTTACTAACCGTC","0","0","0.73372927","-0.69303144","-0.61341024"
"ACGGTTAGTAACATGGCCG::CGGCCATGTTACTAACCGT","0","0","0.88934853","-0.80861997","-0.6097513"
"CGGTTAGTAACATGGCCGA::TCGGCCATGTTACTAACCG","0","0","0.51244376","-0.78568548","-0.51125575"
"GGTTAGTAACATGGCCGAG::CTCGGCCATGTTACTAACC","0","0","0.55475001","-0.6058502","-0.51963702"
"GTTAGTAACATGGCCGAGG::CCTCGGCCATGTTACTAAC","0","0","0.84152525","-0.58657865","-0.62739162"
"TTAGTAACATGGCCGAGGT::ACCTCGGCCATGTTACTAA","0","0","0.8743299","-0.63864858","-0.56884001"
"TAGTAACATGGCCGAGGTA::TACCTCGGCCATGTTACTA","0","0","0.6975183","-0.73101372","-0.5934684"
"AGTAACATGGCCGAGGTAA::TTACCTCGGCCATGTTACT","0","0","0.65665348","-0.6640443","-0.47922371"
"GTAACATGGCCGAGGTAAG::CTTACCTCGGCCATGTTAC","0","0","0.65468969","-0.6270396","-0.17872398"
"TAACATGGCCGAGGTAAGA::TCTTACCTCGGCCATGTTA","0","0","0.79669797","-0.70297877","-0.099819339"
"AACATGGCCGAGGTAAGAT::ATCTTACCTCGGCCATGTT","0","0","0.72776799","-0.64404361","-0.029204947"
"ACATGGCCGAGGTAAGATC::GATCTTACCTCGGCCATGT","0","0","0.71311044","-0.44085063","0.13603835"
"CATGGCCGAGGTAAGATCC::GGATCTTACCTCGGCCATG","0","0","0.66178433","-0.43760271","0.1504306"
"ATGGCCGAGGTAAGATCCT::AGGATCTTACCTCGGCCAT","0","0","0.6949613","-0.36308158","0.20185419"
"TGGCCGAGGTAAGATCCTA::TAGGATCTTACCTCGGCCA","0","0","0.647681","-0.51540554","0.18976997"
"GGCCGAGGTAAGATCCTAT::ATAGGATCTTACCTCGGCC","0","0","0.50197527","-0.63623053","0.0074200207"
"GCCGAGGTAAGATCCTATT::AATAGGATCTTACCTCGGC","0","0","0.51216855","-0.54438246","0.045161239"
"CCGAGGTAAGATCCTATTG::CAATAGGATCTTACCTCGG","0","0","0.69591373","-0.70238097","0.11178038"
"CGAGGTAAGATCCTATTGC::GCAATAGGATCTTACCTCG","0","0","0.71449954","-0.869243","0.031289985"
"GAGGTAAGATCCTATTGCT::AGCAATAGGATCTTACCTC","0","0","0.6430311","-0.85402401","0.044659621"
"AGGTAAGATCCTATTGCTA::TAGCAATAGGATCTTACCT","0","0","0.64858614","-0.87732396","-0.080778899"
"GGTAAGATCCTATTGCTAC::GTAGCAATAGGATCTTACC","0","0","0.68265392","-0.80191453","-0.032522404"
"GTAAGATCCTATTGCTACG::CGTAGCAATAGGATCTTAC","0","0","0.73839087","-0.83458972","-0.17377331"
"TAAGATCCTATTGCTACGA::TCGTAGCAATAGGATCTTA","0","0","0.83921917","-0.73751193","-0.27673696"
"AAGATCCTATTGCTACGAG::CTCGTAGCAATAGGATCTT","0","0","0.72810887","-0.68248221","-0.39191802"
"AGATCCTATTGCTACGAGG::CCTCGTAGCAATAGGATCT","0","0","0.76235907","-0.66985142","-0.65002888"
"GATCCTATTGCTACGAGGC::GCCTCGTAGCAATAGGATC","0","0","0.74414076","-0.70376301","-0.79324721"
"ATCCTATTGCTACGAGGCA::TGCCTCGTAGCAATAGGAT","0","0","0.64726735","-0.86771377","-0.87828336"
"TCCTATTGCTACGAGGCAT::ATGCCTCGTAGCAATAGGA","0","0","0.69105032","-0.96454235","-0.89697067"
"CCTATTGCTACGAGGCATC::GATGCCTCGTAGCAATAGG","0","0","0.65109999","-0.98364011","-0.85558159"
"CTATTGCTACGAGGCATCG::CGATGCCTCGTAGCAATAG","0","0","0.72631266","-0.99724202","-0.84347508"
"TATTGCTACGAGGCATCGA::TCGATGCCTCGTAGCAATA","0","0","0.77470952","-1.0262166","-0.92909128"
"ATTGCTACGAGGCATCGAT::ATCGATGCCTCGTAGCAAT","0","0","0.74613674","-0.89794049","-0.96073211"
"TTGCTACGAGGCATCGATA::TATCGATGCCTCGTAGCAA","0","0","0.73780178","-0.83033215","-0.68295942"
"TGCTACGAGGCATCGATAT::ATATCGATGCCTCGTAGCA","0","0","0.69281376","-0.84793748","-0.48437532"
"GCTACGAGGCATCGATATC::GATATCGATGCCTCGTAGC","0","0","0.54718782","-0.61656124","-0.40631934"
"CTACGAGGCATCGATATCG::CGATATCGATGCCTCGTAG","0","0","0.8216409","-0.51470822","-0.47105313"
"TACGAGGCATCGATATCGG::CCGATATCGATGCCTCGTA","0","0","0.81424644","-0.54451563","-0.42350984"
"ACGAGGCATCGATATCGGA::TCCGATATCGATGCCTCGT","0","0","0.60176598","-0.5424625","-0.55155618"
"CGAGGCATCGATATCGGAC::GTCCGATATCGATGCCTCG","0","0","0.69973853","-0.45107108","-0.55473648"
"GAGGCATCGATATCGGACA::TGTCCGATATCGATGCCTC","0","0","0.74622394","-0.28708686","-0.40729198"
"AGGCATCGATATCGGACAT::ATGTCCGATATCGATGCCT","0","0","0.63583692","-0.092049122","-0.19776022"
"GGCATCGATATCGGACATG::CATGTCCGATATCGATGCC","0","0","0.62490261","0.07143921","-0.11912579"
"GCATCGATATCGGACATGG::CCATGTCCGATATCGATGC","0","0","0.69902441","0.097646385","-0.15452131"
"CATCGATATCGGACATGGC::GCCATGTCCGATATCGATG","0","0","0.78184854","0.27083526","-0.18116334"
"ATCGATATCGGACATGGCT::AGCCATGTCCGATATCGAT","0","0","0.93276369","0.38428166","0.064621766"
"TCGATATCGGACATGGCTT::AAGCCATGTCCGATATCGA","0","0","0.86714577","0.28825951","-0.0095926874"
"CGATATCGGACATGGCTTC::GAAGCCATGTCCGATATCG","0","0","0.63982055","0.38558542","-0.092726788"
"GATATCGGACATGGCTTCG::CGAAGCCATGTCCGATATC","0","0","0.75525343","0.46289431","-0.2258241"
"ATATCGGACATGGCTTCGG::CCGAAGCCATGTCCGATAT","0","0","0.93458358","0.57616579","-0.4201873"
"TATCGGACATGGCTTCGGA::TCCGAAGCCATGTCCGATA","0","0","0.81039041","0.44660732","-0.39647533"
"ATCGGACATGGCTTCGGAC::GTCCGAAGCCATGTCCGAT","0","0","0.80219051","0.41649049","-0.37534522"
"TCGGACATGGCTTCGGACA::TGTCCGAAGCCATGTCCGA","0","0","0.8564095","0.58561028","-0.22975808"
"CGGACATGGCTTCGGACAG::CTGTCCGAAGCCATGTCCG","0","0","0.63888058","0.63416622","-0.20093001"
"GGACATGGCTTCGGACAGT::ACTGTCCGAAGCCATGTCC","0","0","0.62437787","0.40896866","-0.29446355"
"GACATGGCTTCGGACAGTC::GACTGTCCGAAGCCATGTC","0","0","0.78843188","0.25007815","-0.40973549"
"ACATGGCTTCGGACAGTCG::CGACTGTCCGAAGCCATGT","0","0","0.84632353","0.17599033","-0.45972321"
"CATGGCTTCGGACAGTCGT::ACGACTGTCCGAAGCCATG","0","0","0.79355928","0.10654418","-0.44066595"
"ATGGCTTCGGACAGTCGTT::AACGACTGTCCGAAGCCAT","0","0","0.80737451","0.132293","-0.31237566"
"TGGCTTCGGACAGTCGTTG::CAACGACTGTCCGAAGCCA","0","0","0.90165371","0.068334239","-0.36669908"
"GGCTTCGGACAGTCGTTGC::GCAACGACTGTCCGAAGCC","0","0","0.67197256","-0.049659907","-0.55341448"
"GCTTCGGACAGTCGTTGCC::GGCAACGACTGTCCGAAGC","0","0","0.73887983","0.015826358","-0.41181317"
"CTTCGGACAGTCGTTGCCC::GGGCAACGACTGTCCGAAG","0","0","0.82333838","-0.089500309","-0.44690841"
"TTCGGACAGTCGTTGCCCA::TGGGCAACGACTGTCCGAA","0","0","0.75820909","-0.24336346","-0.5832212"
"TCGGACAGTCGTTGCCCAA::TTGGGCAACGACTGTCCGA","0","0","0.70479699","-0.33174201","-0.68250106"
"CGGACAGTCGTTGCCCAAC::GTTGGGCAACGACTGTCCG","0","0","0.68656998","-0.31543261","-0.64218847"
"GGACAGTCGTTGCCCAACA::TGTTGGGCAACGACTGTCC","0","0","0.70924608","-0.45868267","-0.70998519"
"GACAGTCGTTGCCCAACAC::GTGTTGGGCAACGACTGTC","0","0","0.7535545","-0.54225439","-0.94440723"
"ACAGTCGTTGCCCAACACA::TGTGTTGGGCAACGACTGT","0","0","0.82001687","-0.55309431","-0.85314766"
"CAGTCGTTGCCCAACACAA::TTGTGTTGGGCAACGACTG","0","0","0.69772968","-0.29731286","-0.80236548"
"AGTCGTTGCCCAACACAAG::CTTGTGTTGGGCAACGACT","0","0","0.81149191","-0.22306656","-0.84471965"
"GTCGTTGCCCAACACAAGG::CCTTGTGTTGGGCAACGAC","0","0","0.8312596","-0.36328983","-0.92005368"
"TCGTTGCCCAACACAAGGT::ACCTTGTGTTGGGCAACGA","0","0","0.86978024","-0.27883062","-0.96692144"
"CGTTGCCCAACACAAGGTG::CACCTTGTGTTGGGCAACG","0","0","0.62668453","-0.33589765","-1.1039198"
"GTTGCCCAACACAAGGTGA::TCACCTTGTGTTGGGCAAC","0","0","0.59432335","-0.36948588","-0.98974818"
"TTGCCCAACACAAGGTGAA::TTCACCTTGTGTTGGGCAA","0","0","0.75041372","-0.281712","-1.0626032"
"TGCCCAACACAAGGTGAAG::CTTCACCTTGTGTTGGGCA","0","0","0.70280095","-0.12533203","-0.93605165"
"GCCCAACACAAGGTGAAGC::GCTTCACCTTGTGTTGGGC","0","0","0.62902082","-0.15960133","-0.76394451"
"CCCAACACAAGGTGAAGCC::GGCTTCACCTTGTGTTGGG","0","0","0.700241","-0.2184312","-0.7362239"
"CCAACACAAGGTGAAGCCT::AGGCTTCACCTTGTGTTGG","0","0","0.63716232","-0.26254905","-0.62848899"
"CAACACAAGGTGAAGCCTA::TAGGCTTCACCTTGTGTTG","0","0","0.73279911","-0.30282108","-0.66714337"
"AACACAAGGTGAAGCCTAC::GTAGGCTTCACCTTGTGTT","0","0","0.80328916","-0.31777225","-0.59137333"
"ACACAAGGTGAAGCCTACC::GGTAGGCTTCACCTTGTGT","0","0","0.83049636","-0.33193911","-0.55034522"
"CACAAGGTGAAGCCTACCT::AGGTAGGCTTCACCTTGTG","0","0","0.78737396","-0.36423647","-0.68810404"
"ACAAGGTGAAGCCTACCTT::AAGGTAGGCTTCACCTTGT","0","0","0.76460318","-0.52579426","-0.60075577"
"CAAGGTGAAGCCTACCTTG::CAAGGTAGGCTTCACCTTG","0","0","0.76581217","-0.58954769","-0.63801312"
"AAGGTGAAGCCTACCTTGA::TCAAGGTAGGCTTCACCTT","0","0","0.74226427","-0.65425841","-0.64955893"
"AGGTGAAGCCTACCTTGAC::GTCAAGGTAGGCTTCACCT","0","0","0.7624891","-0.81312893","-0.59193509"
"GGTGAAGCCTACCTTGACA::TGTCAAGGTAGGCTTCACC","0","0","0.61615209","-0.81577552","-0.49752652"
"GTGAAGCCTACCTTGACAA::TTGTCAAGGTAGGCTTCAC","0","0","0.68812133","-0.84792831","-0.46915112"
"TGAAGCCTACCTTGACAAG::CTTGTCAAGGTAGGCTTCA","0","0","0.78323687","-0.78842519","-0.40318558"
"GAAGCCTACCTTGACAAGC::GCTTGTCAAGGTAGGCTTC","0","0","0.85902675","-0.7916069","-0.64433199"
"AAGCCTACCTTGACAAGCA::TGCTTGTCAAGGTAGGCTT","0","0","0.81359663","-0.5869706","-0.38611484"
"AGCCTACCTTGACAAGCAA::TTGCTTGTCAAGGTAGGCT","0","0","0.57237114","-0.50766803","-0.28326571"
"GCCTACCTTGACAAGCAAT::ATTGCTTGTCAAGGTAGGC","0","0","0.5269436","-0.59191282","-0.3028549"
"CCTACCTTGACAAGCAATC::GATTGCTTGTCAAGGTAGG","0","0","0.74908569","-0.57347921","-0.37974913"
"CTACCTTGACAAGCAATCA::TGATTGCTTGTCAAGGTAG","0","0","0.71643604","-0.4290102","-0.36751154"
"TACCTTGACAAGCAATCAG::CTGATTGCTTGTCAAGGTA","0","0","0.91402439","-0.47225738","-0.27288244"
"ACCTTGACAAGCAATCAGA::TCTGATTGCTTGTCAAGGT","0","0","0.688491","-0.6270548","-0.34779857"
"CCTTGACAAGCAATCAGAC::GTCTGATTGCTTGTCAAGG","0","0","0.6066692","-0.61186041","-0.44980028"
"CTTGACAAGCAATCAGACA::TGTCTGATTGCTTGTCAAG","0","0","0.69181369","-0.42615059","-0.42660065"
"TTGACAAGCAATCAGACAC::GTGTCTGATTGCTTGTCAA","0","0","0.98837768","-0.2698052","-0.59301771"
"TGACAAGCAATCAGACACT::AGTGTCTGATTGCTTGTCA","0","0","0.86327249","-0.23788171","-0.68022375"
"GACAAGCAATCAGACACTC::GAGTGTCTGATTGCTTGTC","0","0","0.69358717","-0.16917383","-0.73754646"
"ACAAGCAATCAGACACTCA::TGAGTGTCTGATTGCTTGT","0","0","0.66963722","-0.16120379","-0.87221751"
"CAAGCAATCAGACACTCAA::TTGAGTGTCTGATTGCTTG","0","0","0.57506622","-0.24971234","-0.97211001"
"AAGCAATCAGACACTCAAT::ATTGAGTGTCTGATTGCTT","0","0","0.68409051","-0.16606839","-0.81841335"
"AGCAATCAGACACTCAATA::TATTGAGTGTCTGATTGCT","0","0","0.62418478","-0.25356877","-1.3126379"
"GCAATCAGACACTCAATAT::ATATTGAGTGTCTGATTGC","0","0","0.54436719","-0.19256861","-1.1463607"
"CAATCAGACACTCAATATG::CATATTGAGTGTCTGATTG","0","0","0.71095412","-0.12650994","-0.98961132"
"AATCAGACACTCAATATGT::ACATATTGAGTGTCTGATT","0","0","0.78624878","-0.1071453","-0.77906841"
"ATCAGACACTCAATATGTC::GACATATTGAGTGTCTGAT","0","0","0.79400712","-0.034739171","-0.6280606"
"TCAGACACTCAATATGTCT::AGACATATTGAGTGTCTGA","0","0","0.90444408","-0.016458527","-0.41654788"
"CAGACACTCAATATGTCTG::CAGACATATTGAGTGTCTG","0","0","0.81026843","0.067496462","-0.32336356"
"AGACACTCAATATGTCTGC::GCAGACATATTGAGTGTCT","0","0","0.8580101","0.14924808","-0.2711851"
"GACACTCAATATGTCTGCA::TGCAGACATATTGAGTGTC","0","1","0.61955282","-0.0093836581","-0.33986515"
"ACACTCAATATGTCTGCAA::TTGCAGACATATTGAGTGT","0","0","0.73192051","-0.15203012","-0.27315935"
"CACTCAATATGTCTGCAAA::TTTGCAGACATATTGAGTG","0","0","0.50432916","-0.057849274","-0.24627941"
"ACTCAATATGTCTGCAAAA::TTTTGCAGACATATTGAGT","0","0","0.55209305","-0.081451648","-0.26503008"
"CTCAATATGTCTGCAAAAG::CTTTTGCAGACATATTGAG","0","0","0.67695907","-0.099329682","-0.028493569"
"TCAATATGTCTGCAAAAGA::TCTTTTGCAGACATATTGA","0","0","0.7521063","-0.063610116","0.30339753"
"CAATATGTCTGCAAAAGAA::TTCTTTTGCAGACATATTG","0","0","0.56636098","-0.28179565","0.38683386"
"AATATGTCTGCAAAAGAAC::GTTCTTTTGCAGACATATT","0","0","0.82781285","-0.29417881","0.4263797"
"ATATGTCTGCAAAAGAACA::TGTTCTTTTGCAGACATAT","0","0","0.81382227","-0.26259403","0.2052927"
"TATGTCTGCAAAAGAACAT::ATGTTCTTTTGCAGACATA","0","0","0.86088622","-0.37113075","0.0099013539"
"ATGTCTGCAAAAGAACATT::AATGTTCTTTTGCAGACAT","0","0","0.78734022","-0.42113821","-0.072106644"
"TGTCTGCAAAAGAACATTA::TAATGTTCTTTTGCAGACA","0","0","0.75605065","-0.55793628","-0.25276623"
"GTCTGCAAAAGAACATTAG::CTAATGTTCTTTTGCAGAC","0","0","0.69424751","-0.5016032","-0.51810226"
"TCTGCAAAAGAACATTAGT::ACTAATGTTCTTTTGCAGA","0","0","0.76478667","-0.41412367","-0.43616321"
"CTGCAAAAGAACATTAGTG::CACTAATGTTCTTTTGCAG","0","0","0.82139189","-0.57225686","-0.53575756"
"TGCAAAAGAACATTAGTGG::CCACTAATGTTCTTTTGCA","0","0","0.86600822","-0.70175534","-0.49351781"
"GCAAAAGAACATTAGTGGA::TCCACTAATGTTCTTTTGC","0","0","0.49729121","-0.64533296","-0.47058299"
"CAAAAGAACATTAGTGGAC::GTCCACTAATGTTCTTTTG","0","0","0.75972861","-0.66755807","-0.42218833"
"AAAAGAACATTAGTGGACA::TGTCCACTAATGTTCTTTT","0","0","0.80532271","-0.52247142","-0.25865693"
"AAAGAACATTAGTGGACAG::CTGTCCACTAATGTTCTTT","0","0","0.77705758","-0.40401592","-0.42633497"
"AAGAACATTAGTGGACAGA::TCTGTCCACTAATGTTCTT","0","0","0.77589153","-0.48311124","-0.56638034"
"AGAACATTAGTGGACAGAG::CTCTGTCCACTAATGTTCT","0","0","0.87621291","-0.56879146","-0.50743866"
"GAACATTAGTGGACAGAGG::CCTCTGTCCACTAATGTTC","0","0","0.8121694","-0.71628929","-0.39641247"
"AACATTAGTGGACAGAGGT::ACCTCTGTCCACTAATGTT","0","0","0.9147555","-0.8053765","-0.30632121"
"ACATTAGTGGACAGAGGTT::AACCTCTGTCCACTAATGT","0","0","0.68017223","-0.61174663","-0.2032542"
"CATTAGTGGACAGAGGTTG::CAACCTCTGTCCACTAATG","0","0","0.78655388","-0.66629699","-0.19920335"
"ATTAGTGGACAGAGGTTGG::CCAACCTCTGTCCACTAAT","0","0","0.85230597","-0.69763614","-0.16615106"
"TTAGTGGACAGAGGTTGGG::CCCAACCTCTGTCCACTAA","0","0","0.89440512","-0.87351847","-0.11396953"
"TAGTGGACAGAGGTTGGGG::CCCCAACCTCTGTCCACTA","0","0","0.84054987","-1.0782676","-0.26858388"
"AGTGGACAGAGGTTGGGGA::TCCCCAACCTCTGTCCACT","0","0","0.62005978","-1.0097123","-0.14006495"
"GTGGACAGAGGTTGGGGAA::TTCCCCAACCTCTGTCCAC","0","0","0.51208069","-1.0263425","-0.068977288"
"TGGACAGAGGTTGGGGAAA::TTTCCCCAACCTCTGTCCA","0","0","0.6291149","-1.1125298","0.14434045"
"GGACAGAGGTTGGGGAAAC::GTTTCCCCAACCTCTGTCC","0","0","0.58874665","-1.1810715","0.013864006"
"GACAGAGGTTGGGGAAACG::CGTTTCCCCAACCTCTGTC","0","0","0.67355715","-1.1536317","-0.0010947673"
"ACAGAGGTTGGGGAAACGG::CCGTTTCCCCAACCTCTGT","0","0","0.78399388","-1.3093325","-0.048984294"
"CAGAGGTTGGGGAAACGGT::ACCGTTTCCCCAACCTCTG","0","0","0.67792434","-1.2958512","-0.29804587"
"AGAGGTTGGGGAAACGGTT::AACCGTTTCCCCAACCTCT","0","0","0.70024165","-1.2614753","-0.54583103"
"GAGGTTGGGGAAACGGTTG::CAACCGTTTCCCCAACCTC","0","0","0.68659988","-1.0948732","-0.47525124"
"AGGTTGGGGAAACGGTTGT::ACAACCGTTTCCCCAACCT","0","0","0.58265896","-0.98669109","-0.55344325"
"GGTTGGGGAAACGGTTGTG::CACAACCGTTTCCCCAACC","0","0","0.49030731","-1.0020639","-0.44126276"
"GTTGGGGAAACGGTTGTGG::CCACAACCGTTTCCCCAAC","0","0","0.65913787","-1.1324475","-0.52342365"
"TTGGGGAAACGGTTGTGGA::TCCACAACCGTTTCCCCAA","0","0","0.68260874","-1.1191267","-0.60770428"
"TGGGGAAACGGTTGTGGAC::GTCCACAACCGTTTCCCCA","0","0","0.71808146","-0.97050495","-0.59184444"
"GGGGAAACGGTTGTGGACT::AGTCCACAACCGTTTCCCC","0","0","0.5971426","-0.76728518","-0.49102921"
"GGGAAACGGTTGTGGACTT::AAGTCCACAACCGTTTCCC","0","0","0.43004458","-0.836085","-0.47596731"
"GGAAACGGTTGTGGACTTT::AAAGTCCACAACCGTTTCC","0","0","0.47060184","-0.74340598","-0.50676173"
"GAAACGGTTGTGGACTTTT::AAAAGTCCACAACCGTTTC","0","0","0.63314896","-0.47627386","-0.67877708"
"AAACGGTTGTGGACTTTTT::AAAAAGTCCACAACCGTTT","0","0","0.73758811","-0.16978816","-0.11650562"
"AACGGTTGTGGACTTTTTG::CAAAAAGTCCACAACCGTT","0","0","0.86318742","-0.40500066","-0.19541454"
"ACGGTTGTGGACTTTTTGG::CCAAAAAGTCCACAACCGT","0","0","0.77088898","-0.37442557","0.026684573"
"CGGTTGTGGACTTTTTGGC::GCCAAAAAGTCCACAACCG","0","0","0.62861368","-0.29505407","0.4417261"
"GGTTGTGGACTTTTTGGCA::TGCCAAAAAGTCCACAACC","0","0","0.53923186","-0.27410378","0.38980911"
"GTTGTGGACTTTTTGGCAA::TTGCCAAAAAGTCCACAAC","0","0","0.56054263","-0.18923935","0.35873053"
"TTGTGGACTTTTTGGCAAA::TTTGCCAAAAAGTCCACAA","0","0","0.63517366","-0.23987411","0.37005001"
"TGTGGACTTTTTGGCAAAG::CTTTGCCAAAAAGTCCACA","0","0","0.67190801","-0.11163317","0.31774685"
"GTGGACTTTTTGGCAAAGG::CCTTTGCCAAAAAGTCCAC","0","0","0.65148323","0.11602187","0.23779172"
"TGGACTTTTTGGCAAAGGG::CCCTTTGCCAAAAAGTCCA","0","0","0.76771432","0.050522828","0.2688942"
"GGACTTTTTGGCAAAGGGA::TCCCTTTGCCAAAAAGTCC","0","0","0.52284104","-0.089138234","0.11994359"
"GACTTTTTGGCAAAGGGAG::CTCCCTTTGCCAAAAAGTC","0","0","0.59595843","-0.21130726","0.10836746"
"ACTTTTTGGCAAAGGGAGC::GCTCCCTTTGCCAAAAAGT","0","0","0.67738197","-0.23394445","0.050891773"
"CTTTTTGGCAAAGGGAGCT::AGCTCCCTTTGCCAAAAAG","0","0","0.66018285","-0.29173763","0.025334333"
"TTTTTGGCAAAGGGAGCTT::AAGCTCCCTTTGCCAAAAA","1","0","0.66007286","-0.26274301","0.18469914"
"TTTTGGCAAAGGGAGCTTG::CAAGCTCCCTTTGCCAAAA","1","0","0.76979128","-0.5997535","-0.1166787"
"TTTGGCAAAGGGAGCTTGG::CCAAGCTCCCTTTGCCAAA","2","0","0.82097196","-0.57780808","0.020034491"
"TTGGCAAAGGGAGCTTGGT::ACCAAGCTCCCTTTGCCAA","1","0","0.8187698","-0.46056546","-0.086289305"
"TGGCAAAGGGAGCTTGGTG::CACCAAGCTCCCTTTGCCA","0","0","0.76023511","-0.56497699","-0.43400783"
"GGCAAAGGGAGCTTGGTGA::TCACCAAGCTCCCTTTGCC","0","0","0.57861837","-0.51931631","-0.284447"
"GCAAAGGGAGCTTGGTGAC::GTCACCAAGCTCCCTTTGC","0","0","0.59698667","-0.46850575","-0.25946689"
"CAAAGGGAGCTTGGTGACA::TGTCACCAAGCTCCCTTTG","0","0","0.68685555","-0.56113948","-0.19769569"
"AAAGGGAGCTTGGTGACAT::ATGTCACCAAGCTCCCTTT","0","0","0.81690561","-0.50553604","-0.12530557"
"AAGGGAGCTTGGTGACATG::CATGTCACCAAGCTCCCTT","0","0","0.76867556","-0.55952365","-0.025003021"
"AGGGAGCTTGGTGACATGT::ACATGTCACCAAGCTCCCT","0","0","0.75613726","-0.50058777","0.05443173"
"GGGAGCTTGGTGACATGTG::CACATGTCACCAAGCTCCC","0","0","0.71763157","-0.39771861","0.11659475"
"GGAGCTTGGTGACATGTGC::GCACATGTCACCAAGCTCC","0","0","0.77480945","-0.43253709","0.13758137"
"GAGCTTGGTGACATGTGCC::GGCACATGTCACCAAGCTC","0","0","0.81961356","-0.36874395","0.10091483"
"AGCTTGGTGACATGTGCCA::TGGCACATGTCACCAAGCT","0","0","0.70918859","-0.38918078","0.085719557"
"GCTTGGTGACATGTGCCAA::TTGGCACATGTCACCAAGC","0","0","0.52079918","-0.31978514","-0.00042887809"
"CTTGGTGACATGTGCCAAG::CTTGGCACATGTCACCAAG","0","0","0.79312502","-0.11014513","-0.18203133"
"TTGGTGACATGTGCCAAGT::ACTTGGCACATGTCACCAA","0","0","0.89061667","0.091615261","-0.45022294"
"TGGTGACATGTGCCAAGTT::AACTTGGCACATGTCACCA","0","0","0.72284525","0.23304908","-0.42653112"
"GGTGACATGTGCCAAGTTT::AAACTTGGCACATGTCACC","0","0","0.57451936","0.29162544","-0.36663192"
"GTGACATGTGCCAAGTTTA::TAAACTTGGCACATGTCAC","0","0","0.67020705","0.24988861","-0.36671508"
"TGACATGTGCCAAGTTTAC::GTAAACTTGGCACATGTCA","0","0","0.81420027","0.079445151","-0.3343041"
"GACATGTGCCAAGTTTACG::CGTAAACTTGGCACATGTC","0","0","0.75198694","0.21563919","-0.26050811"
"ACATGTGCCAAGTTTACGT::ACGTAAACTTGGCACATGT","0","0","0.81014089","0.014533807","-0.31965711"
"CATGTGCCAAGTTTACGTG::CACGTAAACTTGGCACATG","0","0","0.6690412","-0.064189113","-0.29268847"
"ATGTGCCAAGTTTACGTGT::ACACGTAAACTTGGCACAT","0","0","0.75311412","-0.12610597","-0.34686982"
"TGTGCCAAGTTTACGTGTT::AACACGTAAACTTGGCACA","0","0","0.766226","-0.24175162","-0.23959256"
"GTGCCAAGTTTACGTGTTC::GAACACGTAAACTTGGCAC","0","0","0.669273","-0.20462859","-0.20178577"
"TGCCAAGTTTACGTGTTCT::AGAACACGTAAACTTGGCA","0","0","0.76489604","-0.30773885","-0.18576312"
"GCCAAGTTTACGTGTTCTA::TAGAACACGTAAACTTGGC","0","0","0.47931607","-0.24306726","-0.05536698"
"CCAAGTTTACGTGTTCTAA::TTAGAACACGTAAACTTGG","0","0","0.49865515","-0.55014913","-0.12054709"
"CAAGTTTACGTGTTCTAAG::CTTAGAACACGTAAACTTG","0","0","0.74948878","-0.71955375","-0.079414998"
"AAGTTTACGTGTTCTAAGA::TCTTAGAACACGTAAACTT","0","0","0.71363941","-0.93830215","0.16654471"
"AGTTTACGTGTTCTAAGAA::TTCTTAGAACACGTAAACT","0","0","0.55041053","-1.1631234","0.20543091"
"GTTTACGTGTTCTAAGAAG::CTTCTTAGAACACGTAAAC","0","0","0.65050661","-1.1471564","0.38563834"
"TTTACGTGTTCTAAGAAGA::TCTTCTTAGAACACGTAAA","0","0","0.83650484","-1.0066174","0.43729322"
"TTACGTGTTCTAAGAAGAT::ATCTTCTTAGAACACGTAA","0","0","0.77772063","-0.95621268","0.61497748"
"TACGTGTTCTAAGAAGATG::CATCTTCTTAGAACACGTA","0","0","0.83495681","-1.0061973","0.67450649"
"ACGTGTTCTAAGAAGATGA::TCATCTTCTTAGAACACGT","0","0","0.69909422","-0.91192063","0.71785593"
"CGTGTTCTAAGAAGATGAC::GTCATCTTCTTAGAACACG","0","0","0.55367931","-0.86561192","0.6445368"
"GTGTTCTAAGAAGATGACC::GGTCATCTTCTTAGAACAC","0","0","0.74114639","-0.74498946","0.82548077"
"TGTTCTAAGAAGATGACCG::CGGTCATCTTCTTAGAACA","0","0","0.95047243","-0.57391446","0.78386186"
"GTTCTAAGAAGATGACCGG::CCGGTCATCTTCTTAGAAC","0","0","0.68619972","-0.49711946","0.79968661"
"TTCTAAGAAGATGACCGGG::CCCGGTCATCTTCTTAGAA","0","0","0.85220182","-0.42135806","0.82190209"
"TCTAAGAAGATGACCGGGA::TCCCGGTCATCTTCTTAGA","0","0","0.78840615","-0.42467302","0.64120585"
"CTAAGAAGATGACCGGGAA::TTCCCGGTCATCTTCTTAG","0","0","0.56274331","-0.48396525","0.69490558"
"TAAGAAGATGACCGGGAAG::CTTCCCGGTCATCTTCTTA","0","0","0.77354058","-0.461477","0.46320315"
"AAGAAGATGACCGGGAAGA::TCTTCCCGGTCATCTTCTT","0","0","0.66722339","-0.22379503","0.48579037"
"AGAAGATGACCGGGAAGAG::CTCTTCCCGGTCATCTTCT","0","0","0.62325343","-0.18531745","0.54870471"
"GAAGATGACCGGGAAGAGC::GCTCTTCCCGGTCATCTTC","0","0","0.69234164","-0.25267926","0.3948637"
"AAGATGACCGGGAAGAGCA::TGCTCTTCCCGGTCATCTT","0","0","0.77810401","-0.40706412","0.23937261"
"AGATGACCGGGAAGAGCAT::ATGCTCTTCCCGGTCATCT","0","0","0.55335945","-0.33759938","0.036276557"
"GATGACCGGGAAGAGCATT::AATGCTCTTCCCGGTCATC","0","0","0.53897958","-0.34473205","-0.11123228"
"ATGACCGGGAAGAGCATTC::GAATGCTCTTCCCGGTCAT","0","0","0.84949472","-0.31166618","-0.12915128"
"TGACCGGGAAGAGCATTCA::TGAATGCTCTTCCCGGTCA","0","0","0.71850602","-0.24491955","-0.15344772"
"GACCGGGAAGAGCATTCAA::TTGAATGCTCTTCCCGGTC","0","0","0.45310898","-0.20600222","-0.18644369"
"ACCGGGAAGAGCATTCAAC::GTTGAATGCTCTTCCCGGT","0","0","0.6888345","-0.26175789","-0.26168359"
"CCGGGAAGAGCATTCAACC::GGTTGAATGCTCTTCCCGG","0","0","0.67541843","-0.27823963","-0.38356909"
"CGGGAAGAGCATTCAACCG::CGGTTGAATGCTCTTCCCG","0","0","0.64383537","-0.27482421","-0.47355628"
"GGGAAGAGCATTCAACCGG::CCGGTTGAATGCTCTTCCC","0","0","0.72123297","-0.22760007","-0.33358518"
"GGAAGAGCATTCAACCGGA::TCCGGTTGAATGCTCTTCC","0","0","0.57018791","0.046880242","-0.26285736"
"GAAGAGCATTCAACCGGAA::TTCCGGTTGAATGCTCTTC","0","0","0.48713157","0.070336248","-0.055118266"
"AAGAGCATTCAACCGGAAA::TTTCCGGTTGAATGCTCTT","0","0","0.62999792","-0.12091814","-0.0045098412"
"AGAGCATTCAACCGGAAAA::TTTTCCGGTTGAATGCTCT","0","0","0.56416908","-0.075893449","-0.019805586"
"GAGCATTCAACCGGAAAAT::ATTTTCCGGTTGAATGCTC","0","0","0.53548011","0.074849626","0.073625148"
"AGCATTCAACCGGAAAATC::GATTTTCCGGTTGAATGCT","0","0","0.65414094","0.10933294","0.11065227"
"GCATTCAACCGGAAAATCT::AGATTTTCCGGTTGAATGC","0","0","0.57703684","0.15904924","0.12563487"
"CATTCAACCGGAAAATCTG::CAGATTTTCCGGTTGAATG","0","0","0.68351682","0.17575218","0.15071213"
"ATTCAACCGGAAAATCTGG::CCAGATTTTCCGGTTGAAT","0","0","0.76934727","0.24419095","0.20623043"
"TTCAACCGGAAAATCTGGA::TCCAGATTTTCCGGTTGAA","0","0","0.76419339","0.19482504","0.21339804"
"TCAACCGGAAAATCTGGAG::CTCCAGATTTTCCGGTTGA","0","0","0.85701576","0.080094194","0.045924061"
"CAACCGGAAAATCTGGAGT::ACTCCAGATTTTCCGGTTG","0","0","0.72492933","0.087502271","0.079080665"
"AACCGGAAAATCTGGAGTA::TACTCCAGATTTTCCGGTT","0","0","0.74243648","0.16012553","0.10776051"
"ACCGGAAAATCTGGAGTAT::ATACTCCAGATTTTCCGGT","0","0","0.51319977","0.14036446","0.11125271"
"CCGGAAAATCTGGAGTATC::GATACTCCAGATTTTCCGG","0","0","0.65410481","0.15113602","0.13079876"
"CGGAAAATCTGGAGTATCG::CGATACTCCAGATTTTCCG","0","0","0.70148784","0.1121057","0.053994619"
"GGAAAATCTGGAGTATCGG::CCGATACTCCAGATTTTCC","0","0","0.74227176","0.10047569","0.095839585"
"GAAAATCTGGAGTATCGGA::TCCGATACTCCAGATTTTC","0","0","0.65432583","0.20099995","-0.12120501"
"AAAATCTGGAGTATCGGAT::ATCCGATACTCCAGATTTT","0","0","0.87004463","0.13933624","-0.33312982"
"AAATCTGGAGTATCGGATA::TATCCGATACTCCAGATTT","0","0","0.79858661","0.14782539","-0.26051584"
"AATCTGGAGTATCGGATAA::TTATCCGATACTCCAGATT","0","0","0.66162733","0.10717514","-0.092906143"
"ATCTGGAGTATCGGATAAT::ATTATCCGATACTCCAGAT","0","0","0.71343643","0.11196556","0.069206448"
"TCTGGAGTATCGGATAATG::CATTATCCGATACTCCAGA","0","0","0.83245446","0.083010966","0.060885752"
"CTGGAGTATCGGATAATGC::GCATTATCCGATACTCCAG","0","0","0.82885327","-0.094800743","-0.086573853"
"TGGAGTATCGGATAATGCT::AGCATTATCCGATACTCCA","0","0","0.89256968","-0.12978601","0.0076720398"
"GGAGTATCGGATAATGCTA::TAGCATTATCCGATACTCC","0","0","0.61430433","-0.16812394","-0.084175508"
"GAGTATCGGATAATGCTAT::ATAGCATTATCCGATACTC","0","0","0.65263176","-0.16333657","-0.051417183"
"AGTATCGGATAATGCTATC::GATAGCATTATCCGATACT","0","0","0.75479328","-0.12659679","0.001774399"
"GTATCGGATAATGCTATCA::TGATAGCATTATCCGATAC","0","0","0.70644684","-0.037736138","0.033853532"
"TATCGGATAATGCTATCAG::CTGATAGCATTATCCGATA","0","0","0.93471347","-0.069902512","-0.055617339"
"ATCGGATAATGCTATCAGT::ACTGATAGCATTATCCGAT","0","0","0.76873397","-0.24905881","-0.16499358"
"TCGGATAATGCTATCAGTG::CACTGATAGCATTATCCGA","0","0","0.92605315","-0.38964456","-0.24010166"
"CGGATAATGCTATCAGTGC::GCACTGATAGCATTATCCG","0","0","0.66190267","-0.58652424","-0.33656435"
"GGATAATGCTATCAGTGCA::TGCACTGATAGCATTATCC","0","0","0.55191797","-0.73036413","-0.33808221"
"GATAATGCTATCAGTGCAT::ATGCACTGATAGCATTATC","0","0","0.6238756","-0.9709843","-0.62237229"
"ATAATGCTATCAGTGCATG::CATGCACTGATAGCATTAT","0","0","0.80553966","-0.9426304","-0.83907166"
"TAATGCTATCAGTGCATGG::CCATGCACTGATAGCATTA","0","0","0.8970602","-1.0443286","-1.0898315"
"AATGCTATCAGTGCATGGC::GCCATGCACTGATAGCATT","0","0","0.8725435","-0.92237953","-1.1111861"
"ATGCTATCAGTGCATGGCT::AGCCATGCACTGATAGCAT","0","0","0.84083303","-0.85110007","-0.9101279"
"TGCTATCAGTGCATGGCTC::GAGCCATGCACTGATAGCA","0","0","0.79723795","-0.86719875","-0.90366063"
"GCTATCAGTGCATGGCTCC::GGAGCCATGCACTGATAGC","0","0","0.67533533","-0.76014457","-0.88988086"
"CTATCAGTGCATGGCTCCC::GGGAGCCATGCACTGATAG","0","0","0.68805747","-0.77321821","-0.96877999"
"TATCAGTGCATGGCTCCCA::TGGGAGCCATGCACTGATA","0","0","0.8164007","-0.93275335","-1.0971524"
"ATCAGTGCATGGCTCCCAG::CTGGGAGCCATGCACTGAT","0","0","0.71403085","-0.97685224","-1.323335"
"TCAGTGCATGGCTCCCAGC::GCTGGGAGCCATGCACTGA","0","0","0.79170831","-1.0270175","-1.337029"
"CAGTGCATGGCTCCCAGCA::TGCTGGGAGCCATGCACTG","0","0","0.61390422","-1.1925728","-1.458113"
"AGTGCATGGCTCCCAGCAT::ATGCTGGGAGCCATGCACT","0","0","0.56832167","-1.0051908","-1.3800077"
"GTGCATGGCTCCCAGCATA::TATGCTGGGAGCCATGCAC","0","0","0.53249183","-0.86584996","-1.2780792"
"TGCATGGCTCCCAGCATAG::CTATGCTGGGAGCCATGCA","0","0","0.74513854","-0.83675438","-1.3401913"
"GCATGGCTCCCAGCATAGC::GCTATGCTGGGAGCCATGC","0","0","0.60122858","-0.71761726","-1.2349401"
"CATGGCTCCCAGCATAGCG::CGCTATGCTGGGAGCCATG","0","0","0.74647484","-0.71183039","-1.1278849"
"ATGGCTCCCAGCATAGCGG::CCGCTATGCTGGGAGCCAT","0","0","0.79176378","-0.69278756","-0.99641901"
"TGGCTCCCAGCATAGCGGG::CCCGCTATGCTGGGAGCCA","0","0","0.69688796","-0.86195588","-1.0350261"
"GGCTCCCAGCATAGCGGGA::TCCCGCTATGCTGGGAGCC","0","0","0.36372653","-0.96528255","-1.3309337"
"GCTCCCAGCATAGCGGGAT::ATCCCGCTATGCTGGGAGC","0","0","0.47979335","-0.95454466","-1.3454647"
"CTCCCAGCATAGCGGGATG::CATCCCGCTATGCTGGGAG","0","0","0.52565271","-0.91818622","-1.2726266"
"TCCCAGCATAGCGGGATGA::TCATCCCGCTATGCTGGGA","0","0","0.61049338","-0.84357608","-1.0771008"
"CCCAGCATAGCGGGATGAT::ATCATCCCGCTATGCTGGG","0","0","0.40589712","-0.76125316","-0.9579054"
"CCAGCATAGCGGGATGATT::AATCATCCCGCTATGCTGG","0","0","0.53352682","-0.71815","-0.6336946"
"CAGCATAGCGGGATGATTG::CAATCATCCCGCTATGCTG","0","0","0.80937891","-0.7936428","-0.60936877"
"AGCATAGCGGGATGATTGG::CCAATCATCCCGCTATGCT","0","0","0.72539714","-0.54149289","-0.3263673"
"GCATAGCGGGATGATTGGA::TCCAATCATCCCGCTATGC","0","0","0.47243597","-0.66618624","-0.3340714"
"CATAGCGGGATGATTGGAT::ATCCAATCATCCCGCTATG","0","0","0.67198494","-0.52246677","-0.19745949"
"ATAGCGGGATGATTGGATA::TATCCAATCATCCCGCTAT","0","0","0.71878305","-0.31691794","0.076451419"
"TAGCGGGATGATTGGATAT::ATATCCAATCATCCCGCTA","0","0","0.72700464","-0.34916519","0.23466364"
"AGCGGGATGATTGGATATG::CATATCCAATCATCCCGCT","0","0","0.61527103","-0.4747864","0.26978455"
"GCGGGATGATTGGATATGA::TCATATCCAATCATCCCGC","0","0","0.47043663","-0.48863152","0.10430716"
"CGGGATGATTGGATATGAA::TTCATATCCAATCATCCCG","0","0","0.47046573","-0.38906341","0.26302582"
"GGGATGATTGGATATGAAA::TTTCATATCCAATCATCCC","0","0","0.50914808","-0.28216513","0.27499199"
"GGATGATTGGATATGAAAC::GTTTCATATCCAATCATCC","0","0","0.67344724","-0.3410343","0.12699474"
"GATGATTGGATATGAAACT::AGTTTCATATCCAATCATC","0","0","0.71568248","-0.41323113","0.13311533"
"ATGATTGGATATGAAACTG::CAGTTTCATATCCAATCAT","0","0","0.88341089","-0.55352123","-0.058678738"
"TGATTGGATATGAAACTGA::TCAGTTTCATATCCAATCA","0","0","0.79102724","-0.66349231","-0.092930641"
"GATTGGATATGAAACTGAC::GTCAGTTTCATATCCAATC","0","0","0.72871563","-0.5699567","-0.08352104"
"ATTGGATATGAAACTGACG::CGTCAGTTTCATATCCAAT","0","0","0.96310041","-0.358154","-0.11927076"
"TTGGATATGAAACTGACGA::TCGTCAGTTTCATATCCAA","0","0","0.91607013","-0.42599384","-0.23880477"
"TGGATATGAAACTGACGAA::TTCGTCAGTTTCATATCCA","0","0","0.646026","-0.33400008","-0.17546731"
"GGATATGAAACTGACGAAG::CTTCGTCAGTTTCATATCC","0","0","0.60101636","-0.42293692","-0.15394648"
"GATATGAAACTGACGAAGA::TCTTCGTCAGTTTCATATC","0","0","0.55889133","-0.4328254","-0.23427232"
"ATATGAAACTGACGAAGAT::ATCTTCGTCAGTTTCATAT","0","0","0.65446621","-0.44254271","-0.19550656"
"TATGAAACTGACGAAGATA::TATCTTCGTCAGTTTCATA","0","0","0.75241497","-0.39236117","-0.24103232"
"ATGAAACTGACGAAGATAG::CTATCTTCGTCAGTTTCAT","0","0","0.80764191","-0.3366448","-0.034930088"
"TGAAACTGACGAAGATAGA::TCTATCTTCGTCAGTTTCA","0","0","0.64720818","-0.34724258","-0.030482091"
"GAAACTGACGAAGATAGAG::CTCTATCTTCGTCAGTTTC","0","0","0.7168595","-0.50639746","0.028110451"
"AAACTGACGAAGATAGAGC::GCTCTATCTTCGTCAGTTT","0","0","0.90562176","-0.50379011","0.16672111"
"AACTGACGAAGATAGAGCG::CGCTCTATCTTCGTCAGTT","0","0","0.8151424","-0.51013435","0.24282048"
"ACTGACGAAGATAGAGCGA::TCGCTCTATCTTCGTCAGT","0","0","0.53120479","-0.31448514","0.4934418"
"CTGACGAAGATAGAGCGAA::TTCGCTCTATCTTCGTCAG","0","0","0.56211922","-0.12667423","0.60012438"
"TGACGAAGATAGAGCGAAA::TTTCGCTCTATCTTCGTCA","0","0","0.54903386","-0.26641536","0.57895829"
"GACGAAGATAGAGCGAAAG::CTTTCGCTCTATCTTCGTC","0","0","0.56171518","-0.23592569","0.6287095"
"ACGAAGATAGAGCGAAAGT::ACTTTCGCTCTATCTTCGT","0","0","0.54388543","-0.21073034","0.65268761"
"CGAAGATAGAGCGAAAGTC::GACTTTCGCTCTATCTTCG","0","0","0.66101083","-0.12538191","0.50868874"
"GAAGATAGAGCGAAAGTCG::CGACTTTCGCTCTATCTTC","0","0","0.7379389","-0.021293469","0.50236288"
"AAGATAGAGCGAAAGTCGA::TCGACTTTCGCTCTATCTT","0","0","0.75905251","-0.14673053","0.3554045"
"AGATAGAGCGAAAGTCGAG::CTCGACTTTCGCTCTATCT","0","0","0.73541716","-0.093142213","0.13865371"
"GATAGAGCGAAAGTCGAGG::CCTCGACTTTCGCTCTATC","0","0","0.82765068","-0.10548954","0.023121731"
"ATAGAGCGAAAGTCGAGGT::ACCTCGACTTTCGCTCTAT","0","0","0.80840539","-0.16896789","-0.060164456"
"TAGAGCGAAAGTCGAGGTT::AACCTCGACTTTCGCTCTA","0","0","0.75485784","-0.19300533","-0.13446463"
"AGAGCGAAAGTCGAGGTTA::TAACCTCGACTTTCGCTCT","0","0","0.68735854","-0.1670705","-0.060748883"
"GAGCGAAAGTCGAGGTTAC::GTAACCTCGACTTTCGCTC","0","0","0.60252237","-0.10208022","-0.067785794"
"AGCGAAAGTCGAGGTTACG::CGTAACCTCGACTTTCGCT","0","0","0.69821949","-0.0176997","-0.049942202"
"GCGAAAGTCGAGGTTACGC::GCGTAACCTCGACTTTCGC","0","0","0.71006455","0.025038399","-0.27950749"
"CGAAAGTCGAGGTTACGCC::GGCGTAACCTCGACTTTCG","0","0","0.73825529","-0.061643679","-0.33162278"
"GAAAGTCGAGGTTACGCCT::AGGCGTAACCTCGACTTTC","0","0","0.71817278","-0.061810998","-0.40327859"
"AAAGTCGAGGTTACGCCTA::TAGGCGTAACCTCGACTTT","0","0","0.77063486","-0.18083913","-0.48349135"
"AAGTCGAGGTTACGCCTAA::TTAGGCGTAACCTCGACTT","0","0","0.64341544","-0.1562376","-0.52976921"
"AGTCGAGGTTACGCCTAAT::ATTAGGCGTAACCTCGACT","0","0","0.60764955","-0.28196921","-0.40854406"
"GTCGAGGTTACGCCTAATT::AATTAGGCGTAACCTCGAC","0","0","0.62878001","-0.34543418","-0.42912043"
"TCGAGGTTACGCCTAATTC::GAATTAGGCGTAACCTCGA","0","0","0.84175182","-0.39928161","-0.45001283"
"CGAGGTTACGCCTAATTCA::TGAATTAGGCGTAACCTCG","0","0","0.51282131","-0.32269308","-0.51634978"
"GAGGTTACGCCTAATTCAC::GTGAATTAGGCGTAACCTC","0","0","0.6437471","-0.33753158","-0.44329704"
"AGGTTACGCCTAATTCACC::GGTGAATTAGGCGTAACCT","0","0","0.70050857","-0.24983737","-0.44977437"
"GGTTACGCCTAATTCACCA::TGGTGAATTAGGCGTAACC","0","0","0.52685425","-0.32820644","-0.52279736"
"GTTACGCCTAATTCACCAA::TTGGTGAATTAGGCGTAAC","0","0","0.49635996","-0.19697118","-0.50332819"
"TTACGCCTAATTCACCAAG::CTTGGTGAATTAGGCGTAA","0","0","0.82494759","-0.095401588","-0.57200647"
"TACGCCTAATTCACCAAGA::TCTTGGTGAATTAGGCGTA","0","0","0.7021866","-0.18729284","-0.58265374"
"ACGCCTAATTCACCAAGAG::CTCTTGGTGAATTAGGCGT","0","0","0.63438369","-0.31763779","-0.31467643"
"CGCCTAATTCACCAAGAGC::GCTCTTGGTGAATTAGGCG","0","0","0.63505867","-0.39109544","-0.31207211"
"GCCTAATTCACCAAGAGCG::CGCTCTTGGTGAATTAGGC","0","0","0.68042071","-0.3715363","-0.23117805"
"CCTAATTCACCAAGAGCGG::CCGCTCTTGGTGAATTAGG","0","0","0.59719059","-0.373162","-0.11264637"
"CTAATTCACCAAGAGCGGA::TCCGCTCTTGGTGAATTAG","0","0","0.63003493","-0.38694543","-0.0043506547"
"TAATTCACCAAGAGCGGAA::TTCCGCTCTTGGTGAATTA","0","0","0.74391845","-0.33819049","-0.086074725"
"AATTCACCAAGAGCGGAAG::CTTCCGCTCTTGGTGAATT","0","0","0.6584101","-0.42561413","-0.40297191"
"ATTCACCAAGAGCGGAAGC::GCTTCCGCTCTTGGTGAAT","0","0","0.6874783","-0.43648889","-0.27115401"
"TTCACCAAGAGCGGAAGCA::TGCTTCCGCTCTTGGTGAA","0","0","0.70310773","-0.41284572","0.1213666"
"TCACCAAGAGCGGAAGCAA::TTGCTTCCGCTCTTGGTGA","0","0","0.55818404","-0.40031564","0.091992583"
"CACCAAGAGCGGAAGCAAC::GTTGCTTCCGCTCTTGGTG","0","0","0.60865158","-0.42451284","0.027874492"
"ACCAAGAGCGGAAGCAACC::GGTTGCTTCCGCTCTTGGT","0","0","0.75776906","-0.36192656","0.019523431"
"CCAAGAGCGGAAGCAACCT::AGGTTGCTTCCGCTCTTGG","0","0","0.65316606","-0.43535578","-0.0518158"
"CAAGAGCGGAAGCAACCTT::AAGGTTGCTTCCGCTCTTG","0","0","0.6181537","-0.59046395","0.071373165"
"AAGAGCGGAAGCAACCTTG::CAAGGTTGCTTCCGCTCTT","0","0","0.87351167","-0.55044606","-0.029214089"
"AGAGCGGAAGCAACCTTGG::CCAAGGTTGCTTCCGCTCT","0","0","0.76355885","-0.6337725","-0.1136537"
"GAGCGGAAGCAACCTTGGG::CCCAAGGTTGCTTCCGCTC","0","0","0.67196523","-0.70990386","-0.14305397"
"AGCGGAAGCAACCTTGGGA::TCCCAAGGTTGCTTCCGCT","0","0","0.65426991","-0.80712106","-0.27447722"
"GCGGAAGCAACCTTGGGAG::CTCCCAAGGTTGCTTCCGC","0","0","0.5943765","-0.86864382","-0.34377067"
"CGGAAGCAACCTTGGGAGG::CCTCCCAAGGTTGCTTCCG","0","0","0.52531839","-0.87584593","-0.40655162"
"GGAAGCAACCTTGGGAGGC::GCCTCCCAAGGTTGCTTCC","0","0","0.63314008","-0.87683158","-0.43616986"
"GAAGCAACCTTGGGAGGCT::AGCCTCCCAAGGTTGCTTC","0","0","0.62601832","-0.86206866","-0.23624836"
"AAGCAACCTTGGGAGGCTT::AAGCCTCCCAAGGTTGCTT","0","0","0.6577916","-0.86730954","-0.4017198"
"AGCAACCTTGGGAGGCTTT::AAAGCCTCCCAAGGTTGCT","0","0","0.56707648","-0.74821044","-0.6519302"
"GCAACCTTGGGAGGCTTTG::CAAAGCCTCCCAAGGTTGC","0","0","0.60387864","-0.6409912","-0.51300068"
"CAACCTTGGGAGGCTTTGG::CCAAAGCCTCCCAAGGTTG","0","0","0.72181131","-0.69775299","-0.26311755"
"AACCTTGGGAGGCTTTGGA::TCCAAAGCCTCCCAAGGTT","0","0","0.69407834","-0.79437505","-0.20569852"
"ACCTTGGGAGGCTTTGGAA::TTCCAAAGCCTCCCAAGGT","0","0","0.53610457","-0.92120471","-0.094996215"
"CCTTGGGAGGCTTTGGAAG::CTTCCAAAGCCTCCCAAGG","0","0","0.55727888","-0.9265261","-0.41192131"
"CTTGGGAGGCTTTGGAAGC::GCTTCCAAAGCCTCCCAAG","0","0","0.6945164","-1.0416114","-0.34715261"
"TTGGGAGGCTTTGGAAGCT::AGCTTCCAAAGCCTCCCAA","0","0","0.75708307","-0.86212091","-0.25547797"
"TGGGAGGCTTTGGAAGCTT::AAGCTTCCAAAGCCTCCCA","0","0","0.66795982","-0.52609035","-0.1149791"
"GGGAGGCTTTGGAAGCTTA::TAAGCTTCCAAAGCCTCCC","0","0","0.4740162","-0.37613636","0.0066977594"
"GGAGGCTTTGGAAGCTTAG::CTAAGCTTCCAAAGCCTCC","0","0","0.645582","-0.31787062","-0.040980161"
"GAGGCTTTGGAAGCTTAGG::CCTAAGCTTCCAAAGCCTC","0","0","0.74604507","-0.37478174","-0.012892918"
"AGGCTTTGGAAGCTTAGGA::TCCTAAGCTTCCAAAGCCT","0","0","0.70786799","-0.39355021","0.021566459"
"GGCTTTGGAAGCTTAGGAC::GTCCTAAGCTTCCAAAGCC","0","0","0.65765173","-0.22699791","0.26575017"
"GCTTTGGAAGCTTAGGACT::AGTCCTAAGCTTCCAAAGC","0","0","0.66342517","-0.077651771","0.39047866"
"CTTTGGAAGCTTAGGACTT::AAGTCCTAAGCTTCCAAAG","0","0","0.71246578","-0.39311285","0.37172544"
"TTTGGAAGCTTAGGACTTG::CAAGTCCTAAGCTTCCAAA","0","0","0.92393315","-0.62212581","0.38881917"
"TTGGAAGCTTAGGACTTGA::TCAAGTCCTAAGCTTCCAA","0","0","0.88949727","-0.66825529","0.22122231"
"TGGAAGCTTAGGACTTGAC::GTCAAGTCCTAAGCTTCCA","0","0","0.91585739","-0.65124174","0.23970229"
"GGAAGCTTAGGACTTGACT::AGTCAAGTCCTAAGCTTCC","0","0","0.77733885","-0.53298774","0.070621189"
"GAAGCTTAGGACTTGACTG::CAGTCAAGTCCTAAGCTTC","0","0","0.90408827","-0.44005087","0.33239913"
"AAGCTTAGGACTTGACTGT::ACAGTCAAGTCCTAAGCTT","0","0","0.8792853","-0.41052791","0.14571258"
"AGCTTAGGACTTGACTGTG::CACAGTCAAGTCCTAAGCT","0","0","0.81225871","-0.70026657","-0.15302055"
"GCTTAGGACTTGACTGTGA::TCACAGTCAAGTCCTAAGC","0","0","0.65024188","-0.95488769","-0.35509347"
"CTTAGGACTTGACTGTGAA::TTCACAGTCAAGTCCTAAG","0","0","0.73478471","-0.96786786","-0.46416817"
"TTAGGACTTGACTGTGAAC::GTTCACAGTCAAGTCCTAA","0","0","0.98316902","-0.71098557","-0.31734729"
"TAGGACTTGACTGTGAACC::GGTTCACAGTCAAGTCCTA","0","0","1.1225379","-0.5692967","-0.41523237"
"AGGACTTGACTGTGAACCA::TGGTTCACAGTCAAGTCCT","0","0","0.7768293","-0.57535601","-0.38296276"
"GGACTTGACTGTGAACCAA::TTGGTTCACAGTCAAGTCC","0","0","0.57113265","-0.63980742","-0.48866958"
"GACTTGACTGTGAACCAAG::CTTGGTTCACAGTCAAGTC","0","0","0.79670502","-0.57247896","-0.55515419"
"ACTTGACTGTGAACCAAGG::CCTTGGTTCACAGTCAAGT","0","0","0.80621158","-0.50718989","-0.59611452"
"CTTGACTGTGAACCAAGGA::TCCTTGGTTCACAGTCAAG","0","0","0.74853103","-0.17376888","-0.5431087"
"TTGACTGTGAACCAAGGAC::GTCCTTGGTTCACAGTCAA","0","0","1.0114851","0.053725125","-0.3560845"
"TGACTGTGAACCAAGGACA::TGTCCTTGGTTCACAGTCA","0","0","0.89547773","0.28056396","-0.26819526"
"GACTGTGAACCAAGGACAG::CTGTCCTTGGTTCACAGTC","0","0","0.67999932","0.36048862","-0.18515563"
"ACTGTGAACCAAGGACAGG::CCTGTCCTTGGTTCACAGT","0","0","0.72815623","0.32992767","-0.23731489"
"CTGTGAACCAAGGACAGGC::GCCTGTCCTTGGTTCACAG","0","0","0.86057654","0.30088551","-0.12497923"
"TGTGAACCAAGGACAGGCC::GGCCTGTCCTTGGTTCACA","0","0","0.79431932","0.53389212","0.095976188"
"GTGAACCAAGGACAGGCCT::AGGCCTGTCCTTGGTTCAC","0","0","0.64948786","0.70900705","0.22953751"
"TGAACCAAGGACAGGCCTT::AAGGCCTGTCCTTGGTTCA","0","0","0.74564864","0.75195991","0.33442084"
"GAACCAAGGACAGGCCTTG::CAAGGCCTGTCCTTGGTTC","0","0","0.67782866","0.53285215","0.22248013"
"AACCAAGGACAGGCCTTGA::TCAAGGCCTGTCCTTGGTT","0","0","0.65489544","0.36856158","0.29816217"
"ACCAAGGACAGGCCTTGAC::GTCAAGGCCTGTCCTTGGT","0","0","0.70268288","0.31538066","0.31112128"
"CCAAGGACAGGCCTTGACT::AGTCAAGGCCTGTCCTTGG","0","0","0.68862547","0.23721335","0.17420606"
"CAAGGACAGGCCTTGACTT::AAGTCAAGGCCTGTCCTTG","0","0","0.64594549","0.041397769","0.29841991"
"AAGGACAGGCCTTGACTTT::AAAGTCAAGGCCTGTCCTT","0","0","0.66527422","0.057583313","0.27308216"
"AGGACAGGCCTTGACTTTT::AAAAGTCAAGGCCTGTCCT","0","0","0.65157023","0.033666288","0.037176139"
"GGACAGGCCTTGACTTTTC::GAAAAGTCAAGGCCTGTCC","0","0","0.656466","0.076605291","-0.081157094"
"GACAGGCCTTGACTTTTCA::TGAAAAGTCAAGGCCTGTC","0","0","0.5580094","-0.11526298","-0.11337368"
"ACAGGCCTTGACTTTTCAG::CTGAAAAGTCAAGGCCTGT","0","0","0.69611479","-0.15807088","-0.023186358"
"CAGGCCTTGACTTTTCAGA::TCTGAAAAGTCAAGGCCTG","0","0","0.59279957","-0.2950439","-0.083176958"
"AGGCCTTGACTTTTCAGAT::ATCTGAAAAGTCAAGGCCT","0","0","0.64018328","-0.18954315","-0.026343212"
"GGCCTTGACTTTTCAGATC::GATCTGAAAAGTCAAGGCC","0","0","0.61332532","-0.23672563","-0.08137163"
"GCCTTGACTTTTCAGATCT::AGATCTGAAAAGTCAAGGC","0","0","0.65546139","-0.30016805","-0.12968387"
"CCTTGACTTTTCAGATCTG::CAGATCTGAAAAGTCAAGG","0","0","0.57389924","-0.32752611","-0.16545404"
"CTTGACTTTTCAGATCTGT::ACAGATCTGAAAAGTCAAG","0","0","0.77529566","-0.23829606","-0.1881873"
"TTGACTTTTCAGATCTGTA::TACAGATCTGAAAAGTCAA","0","0","0.88435375","-0.31450988","-0.26192467"
"TGACTTTTCAGATCTGTAT::ATACAGATCTGAAAAGTCA","0","0","0.88869265","-0.32134253","-0.3348695"
"GACTTTTCAGATCTGTATT::AATACAGATCTGAAAAGTC","0","0","0.64012001","-0.31825863","-0.38063059"
"ACTTTTCAGATCTGTATTA::TAATACAGATCTGAAAAGT","1","0","0.65604616","-0.15818749","-0.53643744"
"CTTTTCAGATCTGTATTAC::GTAATACAGATCTGAAAAG","0","0","0.66329174","-0.23301423","-0.59681125"
"TTTTCAGATCTGTATTACC::GGTAATACAGATCTGAAAA","0","0","0.90380572","-0.3069471","-0.51821252"
"TTTCAGATCTGTATTACCT::AGGTAATACAGATCTGAAA","0","0","0.95856598","-0.45490289","-0.63623912"
"TTCAGATCTGTATTACCTG::CAGGTAATACAGATCTGAA","0","0","0.93126305","-0.35277669","-0.71032658"
"TCAGATCTGTATTACCTGA::TCAGGTAATACAGATCTGA","0","0","0.77443507","-0.35201347","-0.80144005"
"CAGATCTGTATTACCTGAC::GTCAGGTAATACAGATCTG","0","0","0.8168268","-0.11350836","-0.602402"
"AGATCTGTATTACCTGACC::GGTCAGGTAATACAGATCT","0","0","0.86301828","-0.084478664","-0.44653731"
"GATCTGTATTACCTGACCA::TGGTCAGGTAATACAGATC","0","0","0.73138439","-0.12090249","-0.43423239"
"ATCTGTATTACCTGACCAT::ATGGTCAGGTAATACAGAT","0","0","0.79530696","-0.26146087","-0.45917732"
"TCTGTATTACCTGACCATG::CATGGTCAGGTAATACAGA","0","0","0.86792675","-0.36773249","-0.5183776"
"CTGTATTACCTGACCATGA::TCATGGTCAGGTAATACAG","0","0","0.75858282","-0.43441163","-0.52640041"
"TGTATTACCTGACCATGAA::TTCATGGTCAGGTAATACA","0","0","0.73876672","-0.24105288","-0.37313708"
"GTATTACCTGACCATGAAC::GTTCATGGTCAGGTAATAC","0","0","0.74006604","0.093055237","-0.22868626"
"TATTACCTGACCATGAACA::TGTTCATGGTCAGGTAATA","0","0","0.89428878","0.12769666","-0.20035229"
"ATTACCTGACCATGAACAA::TTGTTCATGGTCAGGTAAT","0","0","0.6818119","0.085817734","0.051958696"
"TTACCTGACCATGAACAAT::ATTGTTCATGGTCAGGTAA","0","0","0.83170869","0.13199827","-0.0024192298"
"TACCTGACCATGAACAATA::TATTGTTCATGGTCAGGTA","0","0","0.91832325","0.06156157","-0.21767871"
"ACCTGACCATGAACAATAA::TTATTGTTCATGGTCAGGT","0","0","0.51325935","0.061434373","-0.055721356"
"CCTGACCATGAACAATAAG::CTTATTGTTCATGGTCAGG","0","0","0.55198828","-0.01768128","0.030131757"
"CTGACCATGAACAATAAGC::GCTTATTGTTCATGGTCAG","0","0","0.89762142","-0.0012255161","0.048511566"
"TGACCATGAACAATAAGCA::TGCTTATTGTTCATGGTCA","0","0","0.81623176","-0.0012513175","0.27255383"
"GACCATGAACAATAAGCAT::ATGCTTATTGTTCATGGTC","0","0","0.57999597","-0.017204793","0.09694341"
"ACCATGAACAATAAGCATT::AATGCTTATTGTTCATGGT","1","0","0.71508087","0.014686781","0.011088455"
"CCATGAACAATAAGCATTG::CAATGCTTATTGTTCATGG","0","0","0.7196022","0.18438671","0.054904724"
"CATGAACAATAAGCATTGG::CCAATGCTTATTGTTCATG","0","0","0.66649618","0.30513974","0.16872032"
"ATGAACAATAAGCATTGGT::ACCAATGCTTATTGTTCAT","0","0","0.88438573","0.35075253","0.29954303"
"TGAACAATAAGCATTGGTT::AACCAATGCTTATTGTTCA","0","0","0.84420975","0.30202249","0.17252318"
"GAACAATAAGCATTGGTTG::CAACCAATGCTTATTGTTC","0","0","0.74564545","0.0058839374","0.077547502"
"AACAATAAGCATTGGTTGG::CCAACCAATGCTTATTGTT","0","0","0.81505638","-0.067652188","0.17088088"
"ACAATAAGCATTGGTTGGT::ACCAACCAATGCTTATTGT","0","0","0.69922278","0.01934161","0.11451523"
"CAATAAGCATTGGTTGGTG::CACCAACCAATGCTTATTG","0","0","0.64307148","-0.016615763","0.1521721"
"AATAAGCATTGGTTGGTGC::GCACCAACCAATGCTTATT","0","0","0.78493406","0.026865311","0.24430023"
"ATAAGCATTGGTTGGTGCA::TGCACCAACCAATGCTTAT","0","0","0.73899106","-0.12846991","0.10358129"
"TAAGCATTGGTTGGTGCAC::GTGCACCAACCAATGCTTA","0","0","0.85136342","-0.10815077","-0.089860576"
"AAGCATTGGTTGGTGCACA::TGTGCACCAACCAATGCTT","0","0","0.78738334","-0.1692118","-0.23345102"
"AGCATTGGTTGGTGCACAA::TTGTGCACCAACCAATGCT","0","0","0.63077851","-0.15471774","-0.54433431"
"GCATTGGTTGGTGCACAAA::TTTGTGCACCAACCAATGC","0","0","0.48134535","-0.13168165","-0.40784796"
"CATTGGTTGGTGCACAAAG::CTTTGTGCACCAACCAATG","0","0","0.75303678","-0.026606905","-0.33187587"
"ATTGGTTGGTGCACAAAGA::TCTTTGTGCACCAACCAAT","0","0","0.79870192","-0.095723451","-0.13024654"
"TTGGTTGGTGCACAAAGAG::CTCTTTGTGCACCAACCAA","0","0","0.9009676","-0.10854101","-0.0077156714"
"TGGTTGGTGCACAAAGAGT::ACTCTTTGTGCACCAACCA","0","0","0.79089084","-0.28156155","-0.08079068"
"GGTTGGTGCACAAAGAGTG::CACTCTTTGTGCACCAACC","0","0","0.71126568","-0.33083621","-0.032017522"
"GTTGGTGCACAAAGAGTGG::CCACTCTTTGTGCACCAAC","0","0","0.703702","-0.35162374","-0.066475846"
"TTGGTGCACAAAGAGTGGT::ACCACTCTTTGTGCACCAA","0","0","0.8332913","-0.37168441","-0.14351893"
"TGGTGCACAAAGAGTGGTT::AACCACTCTTTGTGCACCA","0","0","0.69926213","-0.45498398","-0.25814416"
"GGTGCACAAAGAGTGGTTT::AAACCACTCTTTGTGCACC","0","0","0.48041433","-0.33002968","-0.23512303"
"GTGCACAAAGAGTGGTTTC::GAAACCACTCTTTGTGCAC","0","0","0.64780841","-0.52348973","-0.21434035"
"TGCACAAAGAGTGGTTTCA::TGAAACCACTCTTTGTGCA","0","0","0.66236294","-0.47163878","-0.11939602"
"GCACAAAGAGTGGTTTCAT::ATGAAACCACTCTTTGTGC","0","0","0.47394745","-0.36234261","0.04752377"
"CACAAAGAGTGGTTTCATG::CATGAAACCACTCTTTGTG","0","0","0.65066114","-0.42953109","0.18740698"
"ACAAAGAGTGGTTTCATGA::TCATGAAACCACTCTTTGT","0","0","0.70806851","-0.5194383","0.14704046"
"CAAAGAGTGGTTTCATGAC::GTCATGAAACCACTCTTTG","0","0","0.69639121","-0.54050884","-0.060139822"
"AAAGAGTGGTTTCATGACA::TGTCATGAAACCACTCTTT","0","0","0.74986044","-0.72178597","-0.12006319"
"AAGAGTGGTTTCATGACAT::ATGTCATGAAACCACTCTT","0","0","0.77182136","-0.58051451","-0.21959362"
"AGAGTGGTTTCATGACATC::GATGTCATGAAACCACTCT","0","0","0.73483054","-0.59838061","-0.44484341"
"GAGTGGTTTCATGACATCC::GGATGTCATGAAACCACTC","0","0","0.78664922","-0.57347464","-0.41724911"
"AGTGGTTTCATGACATCCC::GGGATGTCATGAAACCACT","0","0","0.88932796","-0.51035031","-0.42174767"
"GTGGTTTCATGACATCCCA::TGGGATGTCATGAAACCAC","0","0","0.61848923","-0.48263981","-0.48569434"
"TGGTTTCATGACATCCCAT::ATGGGATGTCATGAAACCA","0","0","0.68907187","-0.40508425","-0.53986564"
"GGTTTCATGACATCCCATT::AATGGGATGTCATGAAACC","0","1","0.54495309","-0.23174046","-0.48422116"
"GTTTCATGACATCCCATTG::CAATGGGATGTCATGAAAC","0","0","0.6874228","-0.17554465","-0.40493574"
"TTTCATGACATCCCATTGC::GCAATGGGATGTCATGAAA","0","1","0.94234081","-0.095584992","-0.48871716"
"TTCATGACATCCCATTGCC::GGCAATGGGATGTCATGAA","0","1","0.88919153","-0.061350508","-0.53692165"
"TCATGACATCCCATTGCCT::AGGCAATGGGATGTCATGA","0","1","0.79672845","-0.24527005","-0.68677045"
"CATGACATCCCATTGCCTT::AAGGCAATGGGATGTCATG","0","0","0.65254655","-0.13721835","-0.6731246"
"ATGACATCCCATTGCCTTG::CAAGGCAATGGGATGTCAT","0","0","0.81838149","-0.15717566","-0.64459514"
"TGACATCCCATTGCCTTGG::CCAAGGCAATGGGATGTCA","0","0","0.87574356","-0.23555823","-0.47309953"
"GACATCCCATTGCCTTGGC::GCCAAGGCAATGGGATGTC","0","0","0.62100578","-0.12075632","-0.2041406"
"ACATCCCATTGCCTTGGCA::TGCCAAGGCAATGGGATGT","0","0","0.61581888","-0.3299396","-0.44651618"
"CATCCCATTGCCTTGGCAT::ATGCCAAGGCAATGGGATG","0","0","0.58787341","-0.40108158","-0.4694385"
"ATCCCATTGCCTTGGCATG::CATGCCAAGGCAATGGGAT","0","0","0.67650817","-0.33545829","-0.57522319"
"TCCCATTGCCTTGGCATGC::GCATGCCAAGGCAATGGGA","0","0","0.75842901","-0.37784525","-0.53128513"
"CCCATTGCCTTGGCATGCT::AGCATGCCAAGGCAATGGG","0","0","0.5379805","-0.30966361","-0.40415261"
"CCATTGCCTTGGCATGCTG::CAGCATGCCAAGGCAATGG","0","0","0.59402845","-0.54404548","-0.50857221"
"CATTGCCTTGGCATGCTGG::CCAGCATGCCAAGGCAATG","0","0","0.68577658","-0.74630544","-0.59185113"
"ATTGCCTTGGCATGCTGGG::CCCAGCATGCCAAGGCAAT","0","0","0.75437033","-1.1041569","-0.65613227"
"TTGCCTTGGCATGCTGGGG::CCCCAGCATGCCAAGGCAA","0","0","0.77425103","-1.212368","-0.6147916"
"TGCCTTGGCATGCTGGGGC::GCCCCAGCATGCCAAGGCA","0","0","0.71345624","-1.2259698","-0.61077468"
"GCCTTGGCATGCTGGGGCA::TGCCCCAGCATGCCAAGGC","0","0","0.34464219","-1.2569875","-0.55773259"
"CCTTGGCATGCTGGGGCAG::CTGCCCCAGCATGCCAAGG","0","0","0.44338543","-1.4410295","-0.84195092"
"CTTGGCATGCTGGGGCAGA::TCTGCCCCAGCATGCCAAG","0","0","0.5239799","-1.4438386","-0.75522479"
"TTGGCATGCTGGGGCAGAC::GTCTGCCCCAGCATGCCAA","0","0","0.74486245","-1.4083912","-0.90812749"
"TGGCATGCTGGGGCAGACA::TGTCTGCCCCAGCATGCCA","0","0","0.72160549","-1.2540265","-1.1875418"
"GGCATGCTGGGGCAGACAC::GTGTCTGCCCCAGCATGCC","0","0","0.56966885","-1.1386196","-1.2360301"
"GCATGCTGGGGCAGACACC::GGTGTCTGCCCCAGCATGC","0","0","0.63444816","-1.1087194","-1.3045767"
"CATGCTGGGGCAGACACCG::CGGTGTCTGCCCCAGCATG","0","0","0.76366793","-0.99524974","-1.3443752"
"ATGCTGGGGCAGACACCGG::CCGGTGTCTGCCCCAGCAT","0","0","0.78829498","-0.9556036","-1.3257152"
"TGCTGGGGCAGACACCGGA::TCCGGTGTCTGCCCCAGCA","0","0","0.71476836","-0.77832685","-1.2495174"
"GCTGGGGCAGACACCGGAA::TTCCGGTGTCTGCCCCAGC","0","0","0.49568931","-0.58339918","-1.0820094"
"CTGGGGCAGACACCGGAAC::GTTCCGGTGTCTGCCCCAG","0","0","0.65270915","-0.6405204","-1.0619712"
"TGGGGCAGACACCGGAACT::AGTTCCGGTGTCTGCCCCA","0","0","0.72516378","-0.30779435","-0.95653681"
"GGGGCAGACACCGGAACTC::GAGTTCCGGTGTCTGCCCC","0","0","0.60397911","-0.091918216","-0.8727932"
"GGGCAGACACCGGAACTCC::GGAGTTCCGGTGTCTGCCC","0","0","0.58913227","-0.085923774","-0.89880496"
"GGCAGACACCGGAACTCCA::TGGAGTTCCGGTGTCTGCC","0","0","0.45791643","0.019062922","-0.87286177"
"GCAGACACCGGAACTCCAC::GTGGAGTTCCGGTGTCTGC","0","0","0.61788528","0.07625594","-0.65001137"
"CAGACACCGGAACTCCACA::TGTGGAGTTCCGGTGTCTG","0","0","0.63082285","0.019339963","-0.83062173"
"AGACACCGGAACTCCACAC::GTGTGGAGTTCCGGTGTCT","0","0","0.75681774","0.010040649","-0.82232655"
"GACACCGGAACTCCACACT::AGTGTGGAGTTCCGGTGTC","0","0","0.74719107","-0.24267242","-0.89424666"
"ACACCGGAACTCCACACTG::CAGTGTGGAGTTCCGGTGT","0","0","0.81002527","-0.3940999","-0.90252824"
"CACCGGAACTCCACACTGG::CCAGTGTGGAGTTCCGGTG","0","0","0.69876726","-0.4058106","-0.90844374"
"ACCGGAACTCCACACTGGA::TCCAGTGTGGAGTTCCGGT","0","0","0.63684217","-0.53266797","-0.90800229"
"CCGGAACTCCACACTGGAA::TTCCAGTGTGGAGTTCCGG","0","0","0.45199047","-0.65747068","-0.84741718"
"CGGAACTCCACACTGGAAC::GTTCCAGTGTGGAGTTCCG","0","0","0.70856547","-0.8450996","-0.90043937"
"GGAACTCCACACTGGAACA::TGTTCCAGTGTGGAGTTCC","0","0","0.61564933","-0.79114961","-0.9298543"
"GAACTCCACACTGGAACAA::TTGTTCCAGTGTGGAGTTC","0","0","0.60763198","-0.74681571","-0.79496914"
"AACTCCACACTGGAACAAC::GTTGTTCCAGTGTGGAGTT","0","0","0.84028867","-0.87552999","-0.79231253"
"ACTCCACACTGGAACAACA::TGTTGTTCCAGTGTGGAGT","0","0","0.67124806","-0.99778437","-0.8531035"
"CTCCACACTGGAACAACAA::TTGTTGTTCCAGTGTGGAG","0","0","0.67079402","-0.84799704","-0.58711408"
"TCCACACTGGAACAACAAA::TTTGTTGTTCCAGTGTGGA","0","0","0.61977823","-0.78275751","-0.40026203"
"CCACACTGGAACAACAAAG::CTTTGTTGTTCCAGTGTGG","0","0","0.73463603","-0.61624651","-0.31867355"
"CACACTGGAACAACAAAGA::TCTTTGTTGTTCCAGTGTG","0","0","0.6934234","-0.55468292","0.021535671"
"ACACTGGAACAACAAAGAG::CTCTTTGTTGTTCCAGTGT","0","0","0.76324406","-0.49529824","0.23181199"
"CACTGGAACAACAAAGAGG::CCTCTTTGTTGTTCCAGTG","0","0","0.82010984","-0.57246743","0.28472864"
"ACTGGAACAACAAAGAGGC::GCCTCTTTGTTGTTCCAGT","0","0","0.85080382","-0.51460187","0.3818852"
"CTGGAACAACAAAGAGGCA::TGCCTCTTTGTTGTTCCAG","0","0","0.57039774","-0.5678793","0.40873402"
"TGGAACAACAAAGAGGCAT::ATGCCTCTTTGTTGTTCCA","0","0","0.78166831","-0.65611413","0.44253443"
"GGAACAACAAAGAGGCATT::AATGCCTCTTTGTTGTTCC","0","0","0.55199487","-0.53409658","0.31454762"
"GAACAACAAAGAGGCATTG::CAATGCCTCTTTGTTGTTC","0","0","0.68813768","-0.35797374","0.38595719"
"AACAACAAAGAGGCATTGG::CCAATGCCTCTTTGTTGTT","0","0","0.81361173","-0.36415441","0.52480466"
"ACAACAAAGAGGCATTGGT::ACCAATGCCTCTTTGTTGT","0","0","0.7364635","-0.38231277","0.37520156"
"CAACAAAGAGGCATTGGTA::TACCAATGCCTCTTTGTTG","0","0","0.64744608","-0.35003867","0.26850955"
"AACAAAGAGGCATTGGTAG::CTACCAATGCCTCTTTGTT","0","0","0.79795104","-0.38187521","0.3791786"
"ACAAAGAGGCATTGGTAGA::TCTACCAATGCCTCTTTGT","0","0","0.6052578","-0.56937851","0.1981113"
"CAAAGAGGCATTGGTAGAA::TTCTACCAATGCCTCTTTG","1","0","0.55592617","-0.51771236","0.0082570594"
"AAAGAGGCATTGGTAGAAT::ATTCTACCAATGCCTCTTT","0","0","0.62798107","-0.50024766","0.078501252"
"AAGAGGCATTGGTAGAATT::AATTCTACCAATGCCTCTT","0","0","0.64132191","-0.61065825","-0.24288858"
"AGAGGCATTGGTAGAATTC::GAATTCTACCAATGCCTCT","0","0","0.75100856","-0.72399441","-0.52505743"
"GAGGCATTGGTAGAATTCA::TGAATTCTACCAATGCCTC","0","0","0.60147655","-0.4941981","-0.5817117"
"AGGCATTGGTAGAATTCAA::TTGAATTCTACCAATGCCT","0","1","0.58761123","-0.39530985","-0.36211076"
"GGCATTGGTAGAATTCAAG::CTTGAATTCTACCAATGCC","0","1","0.6199982","-0.28581691","-0.34857351"
"GCATTGGTAGAATTCAAGG::CCTTGAATTCTACCAATGC","0","0","0.66105381","-0.24903347","-0.28623798"
"CATTGGTAGAATTCAAGGA::TCCTTGAATTCTACCAATG","0","0","0.63894015","-0.085876365","-0.089806547"
"ATTGGTAGAATTCAAGGAT::ATCCTTGAATTCTACCAAT","0","0","0.76271875","-0.2184782","-0.089626209"
"TTGGTAGAATTCAAGGATG::CATCCTTGAATTCTACCAA","0","0","0.85644422","-0.19404527","-0.19210622"
"TGGTAGAATTCAAGGATGC::GCATCCTTGAATTCTACCA","0","0","0.76882866","-0.26754147","-0.32584988"
"GGTAGAATTCAAGGATGCC::GGCATCCTTGAATTCTACC","0","0","0.58189324","-0.28766585","-0.36776213"
"GTAGAATTCAAGGATGCCC::GGGCATCCTTGAATTCTAC","0","0","0.748497","-0.24756657","-0.52636968"
"TAGAATTCAAGGATGCCCA::TGGGCATCCTTGAATTCTA","0","0","0.82457711","-0.15301891","-0.66471183"
"AGAATTCAAGGATGCCCAC::GTGGGCATCCTTGAATTCT","0","0","0.61916501","-0.38600222","-0.71275823"
"GAATTCAAGGATGCCCACG::CGTGGGCATCCTTGAATTC","0","0","0.65431847","-0.56995058","-0.88907897"
"AATTCAAGGATGCCCACGC::GCGTGGGCATCCTTGAATT","0","0","0.79576639","-0.46456782","-0.72664435"
"ATTCAAGGATGCCCACGCC::GGCGTGGGCATCCTTGAAT","0","0","0.65183722","-0.36027336","-0.62909009"
"TTCAAGGATGCCCACGCCA::TGGCGTGGGCATCCTTGAA","0","0","0.71040563","-0.48945864","-0.51264159"
"TCAAGGATGCCCACGCCAA::TTGGCGTGGGCATCCTTGA","0","0","0.61447009","-0.30205048","-0.60898673"
"CAAGGATGCCCACGCCAAG::CTTGGCGTGGGCATCCTTG","0","0","0.57326816","-0.18421539","-0.58174512"
"AAGGATGCCCACGCCAAGA::TCTTGGCGTGGGCATCCTT","0","0","0.6687899","-0.17143796","-0.53081313"
"AGGATGCCCACGCCAAGAG::CTCTTGGCGTGGGCATCCT","0","0","0.64012937","-0.32081264","-0.51073947"
"GGATGCCCACGCCAAGAGG::CCTCTTGGCGTGGGCATCC","0","0","0.50474233","-0.43535193","-0.56478934"
"GATGCCCACGCCAAGAGGC::GCCTCTTGGCGTGGGCATC","0","0","0.59211079","-0.52051976","-0.61044224"
"ATGCCCACGCCAAGAGGCA::TGCCTCTTGGCGTGGGCAT","0","0","0.54403565","-0.63461446","-0.64502786"
"TGCCCACGCCAAGAGGCAA::TTGCCTCTTGGCGTGGGCA","0","0","0.45171106","-0.5709768","-0.61406688"
"GCCCACGCCAAGAGGCAAA::TTTGCCTCTTGGCGTGGGC","0","0","0.30673774","-0.47933645","-0.52957901"
"CCCACGCCAAGAGGCAAAC::GTTTGCCTCTTGGCGTGGG","0","0","0.46608196","-0.31510485","-0.30415161"
"CCACGCCAAGAGGCAAACC::GGTTTGCCTCTTGGCGTGG","0","0","0.52824866","-0.22372463","-0.14700395"
"CACGCCAAGAGGCAAACCG::CGGTTTGCCTCTTGGCGTG","0","0","0.6827419","-0.22799141","-0.16933633"
"ACGCCAAGAGGCAAACCGT::ACGGTTTGCCTCTTGGCGT","0","0","0.63343804","-0.39513381","-0.2825528"
"CGCCAAGAGGCAAACCGTC::GACGGTTTGCCTCTTGGCG","0","0","0.58739325","-0.40780692","-0.25808207"
"GCCAAGAGGCAAACCGTCG::CGACGGTTTGCCTCTTGGC","0","0","0.67858408","-0.34630542","-0.32353386"
"CCAAGAGGCAAACCGTCGT::ACGACGGTTTGCCTCTTGG","0","0","0.68533964","-0.63912394","-0.36799931"
"CAAGAGGCAAACCGTCGTC::GACGACGGTTTGCCTCTTG","0","0","0.79249073","-0.78891725","-0.34015186"
"AAGAGGCAAACCGTCGTCG::CGACGACGGTTTGCCTCTT","0","0","0.92601232","-0.68781632","-0.38949469"
"AGAGGCAAACCGTCGTCGT::ACGACGACGGTTTGCCTCT","0","0","0.73084286","-0.6584649","-0.51846384"
"GAGGCAAACCGTCGTCGTT::AACGACGACGGTTTGCCTC","0","0","0.63266822","-0.54245319","-0.44745958"
"AGGCAAACCGTCGTCGTTC::GAACGACGACGGTTTGCCT","0","0","0.8579418","-0.54176718","-0.40046895"
"GGCAAACCGTCGTCGTTCT::AGAACGACGACGGTTTGCC","0","0","0.5928105","-0.56442998","-0.32215345"
"GCAAACCGTCGTCGTTCTG::CAGAACGACGACGGTTTGC","0","0","0.67360898","-0.59199752","-0.21023573"
"CAAACCGTCGTCGTTCTGG::CCAGAACGACGACGGTTTG","0","0","0.86382921","-0.47195228","-0.034967468"
"AAACCGTCGTCGTTCTGGG::CCCAGAACGACGACGGTTT","0","0","0.8958103","-0.80573136","-0.13317757"
"AACCGTCGTCGTTCTGGGG::CCCCAGAACGACGACGGTT","0","0","0.77576902","-0.9036469","-0.27583533"
"ACCGTCGTCGTTCTGGGGA::TCCCCAGAACGACGACGGT","0","0","0.68416326","-0.86782427","-0.1767074"
"CCGTCGTCGTTCTGGGGAG::CTCCCCAGAACGACGACGG","0","0","0.56982461","-0.81329889","-0.14614411"
"CGTCGTCGTTCTGGGGAGC::GCTCCCCAGAACGACGACG","0","0","0.58247272","-0.90756119","-0.15663017"
"GTCGTCGTTCTGGGGAGCC::GGCTCCCCAGAACGACGAC","0","0","0.62920213","-0.97592257","-0.18614384"
"TCGTCGTTCTGGGGAGCCA::TGGCTCCCCAGAACGACGA","0","0","0.7055573","-0.83216676","-0.17932822"
"CGTCGTTCTGGGGAGCCAG::CTGGCTCCCCAGAACGACG","0","0","0.60824995","-0.85799502","-0.14328765"
"GTCGTTCTGGGGAGCCAGG::CCTGGCTCCCCAGAACGAC","0","0","0.59671342","-1.0757394","-0.22761608"
"TCGTTCTGGGGAGCCAGGA::TCCTGGCTCCCCAGAACGA","0","0","0.72632494","-1.1403453","-0.26852327"
"CGTTCTGGGGAGCCAGGAA::TTCCTGGCTCCCCAGAACG","0","0","0.41305675","-1.2061613","-0.47192699"
"GTTCTGGGGAGCCAGGAAG::CTTCCTGGCTCCCCAGAAC","0","0","0.63051461","-1.2284915","-0.70350113"
"TTCTGGGGAGCCAGGAAGG::CCTTCCTGGCTCCCCAGAA","0","0","0.74155461","-1.0412885","-0.75432088"
"TCTGGGGAGCCAGGAAGGA::TCCTTCCTGGCTCCCCAGA","1","1","0.60177456","-0.85137742","-0.67094365"
"CTGGGGAGCCAGGAAGGAG::CTCCTTCCTGGCTCCCCAG","1","1","0.63442014","-1.0808692","-0.83747836"
"TGGGGAGCCAGGAAGGAGC::GCTCCTTCCTGGCTCCCCA","1","0","0.82872186","-0.8468838","-0.69739922"
"GGGGAGCCAGGAAGGAGCC::GGCTCCTTCCTGGCTCCCC","1","0","0.54791773","-0.61208099","-0.54438523"
"GGGAGCCAGGAAGGAGCCG::CGGCTCCTTCCTGGCTCCC","0","0","0.55359204","-0.63177212","-0.60868886"
"GGAGCCAGGAAGGAGCCGT::ACGGCTCCTTCCTGGCTCC","0","0","0.56922711","-0.55672157","-0.55370093"
"GAGCCAGGAAGGAGCCGTT::AACGGCTCCTTCCTGGCTC","0","0","0.52050467","-0.55600945","-0.73465709"
"AGCCAGGAAGGAGCCGTTC::GAACGGCTCCTTCCTGGCT","0","0","0.64915993","-0.65667375","-0.8278872"
"GCCAGGAAGGAGCCGTTCA::TGAACGGCTCCTTCCTGGC","0","0","0.42085638","-0.77561172","-0.6516871"
"CCAGGAAGGAGCCGTTCAC::GTGAACGGCTCCTTCCTGG","0","0","0.54037403","-0.77105153","-0.64073613"
"CAGGAAGGAGCCGTTCACA::TGTGAACGGCTCCTTCCTG","0","0","0.61138914","-0.6308344","-0.57987079"
"AGGAAGGAGCCGTTCACAC::GTGTGAACGGCTCCTTCCT","0","0","0.74421143","-0.58569738","-0.55907416"
"GGAAGGAGCCGTTCACACG::CGTGTGAACGGCTCCTTCC","0","0","0.67382952","-0.51222732","-0.48860711"
"GAAGGAGCCGTTCACACGG::CCGTGTGAACGGCTCCTTC","0","0","0.76152344","-0.52561035","-0.3602082"
"AAGGAGCCGTTCACACGGC::GCCGTGTGAACGGCTCCTT","0","0","0.73146002","-0.53429946","-0.31981185"
"AGGAGCCGTTCACACGGCT::AGCCGTGTGAACGGCTCCT","0","0","0.63490022","-0.74849834","-0.54511734"
"GGAGCCGTTCACACGGCTC::GAGCCGTGTGAACGGCTCC","0","0","0.64312399","-0.69527982","-0.50537506"
"GAGCCGTTCACACGGCTCT::AGAGCCGTGTGAACGGCTC","0","0","0.67592834","-0.58408392","-0.599295"
"AGCCGTTCACACGGCTCTC::GAGAGCCGTGTGAACGGCT","0","0","0.623881","-0.75877067","-0.53812595"
"GCCGTTCACACGGCTCTCG::CGAGAGCCGTGTGAACGGC","0","0","0.57628376","-0.73926035","-0.51253805"
"CCGTTCACACGGCTCTCGC::GCGAGAGCCGTGTGAACGG","0","0","0.65214471","-0.78355095","-0.61729732"
"CGTTCACACGGCTCTCGCT::AGCGAGAGCCGTGTGAACG","0","0","0.56139612","-0.57378735","-0.4168238"
"GTTCACACGGCTCTCGCTG::CAGCGAGAGCCGTGTGAAC","0","0","0.75401987","-0.38988993","-0.25340223"
"TTCACACGGCTCTCGCTGG::CCAGCGAGAGCCGTGTGAA","0","0","0.80223477","-0.49959456","-0.55142686"
"TCACACGGCTCTCGCTGGA::TCCAGCGAGAGCCGTGTGA","0","0","0.68817837","-0.41477893","-0.64742468"
"CACACGGCTCTCGCTGGAG::CTCCAGCGAGAGCCGTGTG","0","0","0.66524584","-0.37639757","-0.62060271"
"ACACGGCTCTCGCTGGAGC::GCTCCAGCGAGAGCCGTGT","0","0","0.76935229","-0.43797789","-0.56150371"
"CACGGCTCTCGCTGGAGCT::AGCTCCAGCGAGAGCCGTG","0","0","0.65186385","-0.51322378","-0.50653412"
"ACGGCTCTCGCTGGAGCTC::GAGCTCCAGCGAGAGCCGT","0","0","0.65264632","-0.4880417","-0.46983963"
"CGGCTCTCGCTGGAGCTCT::AGAGCTCCAGCGAGAGCCG","0","0","0.58025299","-0.45811947","-0.4615468"
"GGCTCTCGCTGGAGCTCTA::TAGAGCTCCAGCGAGAGCC","0","0","0.44409741","-0.43270477","-0.51156386"
"GCTCTCGCTGGAGCTCTAG::CTAGAGCTCCAGCGAGAGC","0","0","0.62703071","-0.51153669","-0.57763205"
"CTCTCGCTGGAGCTCTAGA::TCTAGAGCTCCAGCGAGAG","0","0","0.63739021","-0.63748527","-0.68243274"
"TCTCGCTGGAGCTCTAGAG::CTCTAGAGCTCCAGCGAGA","0","0","0.85914646","-0.569355","-0.74621855"
"CTCGCTGGAGCTCTAGAGG::CCTCTAGAGCTCCAGCGAG","0","0","0.75138051","-0.70565159","-0.75897665"
"TCGCTGGAGCTCTAGAGGC::GCCTCTAGAGCTCCAGCGA","0","0","0.8644063","-0.67772984","-0.7778626"
"CGCTGGAGCTCTAGAGGCT::AGCCTCTAGAGCTCCAGCG","0","0","0.52280986","-0.88132664","-0.95919545"
"GCTGGAGCTCTAGAGGCTG::CAGCCTCTAGAGCTCCAGC","0","0","0.61258881","-0.9678093","-1.025983"
"CTGGAGCTCTAGAGGCTGA::TCAGCCTCTAGAGCTCCAG","0","0","0.59304816","-0.75001164","-0.85915214"
"TGGAGCTCTAGAGGCTGAG::CTCAGCCTCTAGAGCTCCA","0","0","0.79914774","-0.85582832","-0.82370172"
"GGAGCTCTAGAGGCTGAGA::TCTCAGCCTCTAGAGCTCC","0","0","0.52299266","-0.79627745","-0.77597265"
"GAGCTCTAGAGGCTGAGAT::ATCTCAGCCTCTAGAGCTC","0","0","0.62723161","-0.58570566","-0.69456872"
"AGCTCTAGAGGCTGAGATG::CATCTCAGCCTCTAGAGCT","0","0","0.65050015","-0.4763692","-0.52887646"
"GCTCTAGAGGCTGAGATGG::CCATCTCAGCCTCTAGAGC","0","0","0.61357521","-0.35971607","-0.41112427"
"CTCTAGAGGCTGAGATGGA::TCCATCTCAGCCTCTAGAG","0","0","0.5355109","-0.31857467","-0.14972188"
"TCTAGAGGCTGAGATGGAT::ATCCATCTCAGCCTCTAGA","0","0","0.73143759","-0.21213891","0.0080590269"
"CTAGAGGCTGAGATGGATG::CATCCATCTCAGCCTCTAG","0","0","0.74933483","-0.040405395","0.036785359"
"TAGAGGCTGAGATGGATGG::CCATCCATCTCAGCCTCTA","0","0","0.80503513","0.14623213","0.21129834"
"AGAGGCTGAGATGGATGGT::ACCATCCATCTCAGCCTCT","0","0","0.57086269","0.22416932","0.16247483"
"GAGGCTGAGATGGATGGTG::CACCATCCATCTCAGCCTC","0","0","0.6285721","0.30229795","0.12279342"
"AGGCTGAGATGGATGGTGC::GCACCATCCATCTCAGCCT","0","0","0.65962223","0.38759831","0.11676106"
"GGCTGAGATGGATGGTGCA::TGCACCATCCATCTCAGCC","0","0","0.38806305","0.30355216","0.14557015"
"GCTGAGATGGATGGTGCAA::TTGCACCATCCATCTCAGC","0","0","0.41268027","0.15790939","-0.013926811"
"CTGAGATGGATGGTGCAAA::TTTGCACCATCCATCTCAG","0","0","0.601605","-0.010053414","-0.15578033"
"TGAGATGGATGGTGCAAAG::CTTTGCACCATCCATCTCA","0","0","0.709943","0.17349055","-0.043972057"
"GAGATGGATGGTGCAAAGG::CCTTTGCACCATCCATCTC","0","0","0.63970851","0.24806945","-0.16947261"
"AGATGGATGGTGCAAAGGG::CCCTTTGCACCATCCATCT","0","0","0.68620372","0.069470368","-0.306782"
"GATGGATGGTGCAAAGGGA::TCCCTTTGCACCATCCATC","0","0","0.55370968","-0.075393048","-0.56097505"
"ATGGATGGTGCAAAGGGAA::TTCCCTTTGCACCATCCAT","0","0","0.66859911","-0.33772651","-0.65245714"
"TGGATGGTGCAAAGGGAAG::CTTCCCTTTGCACCATCCA","0","0","0.67742125","-0.44216877","-1.1326064"
"GGATGGTGCAAAGGGAAGG::CCTTCCCTTTGCACCATCC","0","0","0.55612068","-0.48419824","-1.2685322"
"GATGGTGCAAAGGGAAGGC::GCCTTCCCTTTGCACCATC","0","0","0.59018168","-0.50086994","-1.1865236"
"ATGGTGCAAAGGGAAGGCT::AGCCTTCCCTTTGCACCAT","1","0","0.65349928","-0.62351712","-1.2788108"
"TGGTGCAAAGGGAAGGCTG::CAGCCTTCCCTTTGCACCA","1","0","0.72334723","-0.53078021","-1.1387616"
"GGTGCAAAGGGAAGGCTGT::ACAGCCTTCCCTTTGCACC","0","0","0.48403782","-0.51846254","-1.045871"
"GTGCAAAGGGAAGGCTGTT::AACAGCCTTCCCTTTGCAC","0","0","0.49762159","-0.25684924","-1.0504287"
"TGCAAAGGGAAGGCTGTTC::GAACAGCCTTCCCTTTGCA","0","0","0.75353516","-0.19418497","-0.9724877"
"GCAAAGGGAAGGCTGTTCT::AGAACAGCCTTCCCTTTGC","0","0","0.58411585","-0.25748549","-0.87832401"
"CAAAGGGAAGGCTGTTCTC::GAGAACAGCCTTCCCTTTG","0","0","0.68577206","-0.16920093","-0.82284472"
"AAAGGGAAGGCTGTTCTCT::AGAGAACAGCCTTCCCTTT","0","0","0.77914692","-0.20858347","-0.73600737"
"AAGGGAAGGCTGTTCTCTG::CAGAGAACAGCCTTCCCTT","0","0","0.78865959","-0.12342959","-0.70960552"
"AGGGAAGGCTGTTCTCTGG::CCAGAGAACAGCCTTCCCT","0","0","0.71523118","0.1157562","-0.52310458"
"GGGAAGGCTGTTCTCTGGC::GCCAGAGAACAGCCTTCCC","0","0","0.66257328","0.26331986","-0.45176992"
"GGAAGGCTGTTCTCTGGCC::GGCCAGAGAACAGCCTTCC","0","0","0.57821747","0.46758872","-0.32843085"
"GAAGGCTGTTCTCTGGCCA::TGGCCAGAGAACAGCCTTC","0","0","0.61875194","0.6478382","0.027209894"
"AAGGCTGTTCTCTGGCCAT::ATGGCCAGAGAACAGCCTT","0","0","0.6555097","0.57337385","0.16862052"
"AGGCTGTTCTCTGGCCATT::AATGGCCAGAGAACAGCCT","0","0","0.57485884","0.69297344","0.12069003"
"GGCTGTTCTCTGGCCATTT::AAATGGCCAGAGAACAGCC","0","0","0.51993433","0.79716034","0.25299374"
"GCTGTTCTCTGGCCATTTG::CAAATGGCCAGAGAACAGC","0","0","0.60387832","0.70075556","0.20943787"
"CTGTTCTCTGGCCATTTGA::TCAAATGGCCAGAGAACAG","0","0","0.63935218","0.69782828","0.26624308"
"TGTTCTCTGGCCATTTGAA::TTCAAATGGCCAGAGAACA","0","0","0.65953735","0.4996064","0.4321345"
"GTTCTCTGGCCATTTGAAA::TTTCAAATGGCCAGAGAAC","0","0","0.53462933","0.63632624","0.31380343"
"TTCTCTGGCCATTTGAAAT::ATTTCAAATGGCCAGAGAA","0","0","0.78953001","0.72131556","0.39781957"
"TCTCTGGCCATTTGAAATG::CATTTCAAATGGCCAGAGA","0","0","0.79832923","0.66273074","0.46972739"
"CTCTGGCCATTTGAAATGC::GCATTTCAAATGGCCAGAG","0","0","0.61101713","0.59077967","0.33465908"
"TCTGGCCATTTGAAATGCC::GGCATTTCAAATGGCCAGA","0","0","0.73799876","0.34711085","0.36166884"
"CTGGCCATTTGAAATGCCG::CGGCATTTCAAATGGCCAG","0","0","0.72580205","0.14276587","0.25557552"
"TGGCCATTTGAAATGCCGC::GCGGCATTTCAAATGGCCA","0","0","0.83049695","0.089980575","0.2822523"
"GGCCATTTGAAATGCCGCC::GGCGGCATTTCAAATGGCC","0","0","0.5865254","-0.038076979","0.12153487"
"GCCATTTGAAATGCCGCCT::AGGCGGCATTTCAAATGGC","0","0","0.58233855","-0.20530201","0.016038873"
"CCATTTGAAATGCCGCCTA::TAGGCGGCATTTCAAATGG","0","0","0.54311471","-0.19787136","-0.16347514"
"CATTTGAAATGCCGCCTAA::TTAGGCGGCATTTCAAATG","0","0","0.46023888","-0.34097503","-0.23701734"
"ATTTGAAATGCCGCCTAAA::TTTAGGCGGCATTTCAAAT","0","0","0.64696228","-0.23315622","-0.34127897"
"TTTGAAATGCCGCCTAAAA::TTTTAGGCGGCATTTCAAA","0","0","0.66160433","-0.13508403","-0.35995289"
"TTGAAATGCCGCCTAAAAA::TTTTTAGGCGGCATTTCAA","0","0","0.70771547","0.34260978","-0.17767305"
"TGAAATGCCGCCTAAAAAT::ATTTTTAGGCGGCATTTCA","0","0","0.73171959","0.30911054","-0.1484935"
"GAAATGCCGCCTAAAAATG::CATTTTTAGGCGGCATTTC","0","0","0.66099409","0.35960196","0.04580647"
"AAATGCCGCCTAAAAATGG::CCATTTTTAGGCGGCATTT","0","0","0.80149439","0.4242298","0.1193051"
"AATGCCGCCTAAAAATGGA::TCCATTTTTAGGCGGCATT","0","0","0.66900734","0.35876999","0.21395855"
"ATGCCGCCTAAAAATGGAC::GTCCATTTTTAGGCGGCAT","0","0","0.80186941","0.36772998","0.20168472"
"TGCCGCCTAAAAATGGACA::TGTCCATTTTTAGGCGGCA","0","0","0.70100615","0.53476762","0.36021235"
"GCCGCCTAAAAATGGACAA::TTGTCCATTTTTAGGCGGC","0","0","0.43458809","0.53907323","0.39242623"
"CCGCCTAAAAATGGACAAG::CTTGTCCATTTTTAGGCGG","0","0","0.55298862","0.65472196","0.44497738"
"CGCCTAAAAATGGACAAGC::GCTTGTCCATTTTTAGGCG","0","0","0.69277299","0.8048844","0.37474967"
"GCCTAAAAATGGACAAGCT::AGCTTGTCCATTTTTAGGC","0","0","0.56304892","0.96228925","0.59632723"
"CCTAAAAATGGACAAGCTT::AAGCTTGTCCATTTTTAGG","0","0","0.58604834","1.1866763","0.77749416"
"CTAAAAATGGACAAGCTTA::TAAGCTTGTCCATTTTTAG","0","0","0.73322918","1.2038616","0.88864643"
"TAAAAATGGACAAGCTTAG::CTAAGCTTGTCCATTTTTA","0","0","0.94742334","0.99917989","0.86515186"
"AAAAATGGACAAGCTTAGA::TCTAAGCTTGTCCATTTTT","0","0","0.78257919","0.88854816","0.80502629"
"AAAATGGACAAGCTTAGAT::ATCTAAGCTTGTCCATTTT","0","0","0.83578537","0.36580794","0.53191341"
"AAATGGACAAGCTTAGATT::AATCTAAGCTTGTCCATTT","0","0","0.81694942","0.27850503","0.48266141"
"AATGGACAAGCTTAGATTG::CAATCTAAGCTTGTCCATT","0","0","0.85130105","0.062640501","0.40782255"
"ATGGACAAGCTTAGATTGA::TCAATCTAAGCTTGTCCAT","0","0","0.75664919","0.1180635","0.43956828"
"TGGACAAGCTTAGATTGAA::TTCAATCTAAGCTTGTCCA","0","0","0.76853961","0.22371323","0.33099064"
"GGACAAGCTTAGATTGAAG::CTTCAATCTAAGCTTGTCC","0","0","0.68090789","0.34658835","0.48655473"
"GACAAGCTTAGATTGAAGG::CCTTCAATCTAAGCTTGTC","0","0","0.81906004","0.27372732","0.34132057"
"ACAAGCTTAGATTGAAGGG::CCCTTCAATCTAAGCTTGT","0","0","0.82747243","0.22195507","0.233742"
"CAAGCTTAGATTGAAGGGC::GCCCTTCAATCTAAGCTTG","0","0","0.81285656","-0.0075147535","0.19451234"
"AAGCTTAGATTGAAGGGCG::CGCCCTTCAATCTAAGCTT","0","0","0.8480619","-0.18456657","0.36297806"
"AGCTTAGATTGAAGGGCGT::ACGCCCTTCAATCTAAGCT","0","0","0.64365679","-0.28606239","0.17849915"
"GCTTAGATTGAAGGGCGTG::CACGCCCTTCAATCTAAGC","0","0","0.57857721","-0.41347796","0.083222305"
"CTTAGATTGAAGGGCGTGT::ACACGCCCTTCAATCTAAG","0","0","0.72495405","-0.529796","0.02588469"
"TTAGATTGAAGGGCGTGTC::GACACGCCCTTCAATCTAA","0","0","0.97920597","-0.66198221","0.15658598"
"TAGATTGAAGGGCGTGTCA::TGACACGCCCTTCAATCTA","0","0","0.77830023","-0.63596517","0.1291397"
"AGATTGAAGGGCGTGTCAT::ATGACACGCCCTTCAATCT","0","0","0.63948965","-0.59426538","0.15628965"
"GATTGAAGGGCGTGTCATA::TATGACACGCCCTTCAATC","0","0","0.51201517","-0.72274384","0.052666449"
"ATTGAAGGGCGTGTCATAT::ATATGACACGCCCTTCAAT","0","0","0.76708287","-0.48215103","-0.020469294"
"TTGAAGGGCGTGTCATATT::AATATGACACGCCCTTCAA","0","0","0.84144347","-0.40773521","-0.21243802"
"TGAAGGGCGTGTCATATTC::GAATATGACACGCCCTTCA","0","0","0.87201252","-0.44249337","-0.3218459"
"GAAGGGCGTGTCATATTCC::GGAATATGACACGCCCTTC","0","0","0.69623736","-0.59629348","-0.55330914"
"AAGGGCGTGTCATATTCCT::AGGAATATGACACGCCCTT","0","0","0.75087688","-0.79473232","-0.57643559"
"AGGGCGTGTCATATTCCTT::AAGGAATATGACACGCCCT","0","0","0.65835358","-0.53484501","-0.37414799"
"GGGCGTGTCATATTCCTTG::CAAGGAATATGACACGCCC","0","0","0.67086141","-0.36398907","-0.38377796"
"GGCGTGTCATATTCCTTGT::ACAAGGAATATGACACGCC","0","0","0.57472803","-0.27645157","-0.38332935"
"GCGTGTCATATTCCTTGTG::CACAAGGAATATGACACGC","0","0","0.66246409","-0.31631412","-0.27992726"
"CGTGTCATATTCCTTGTGC::GCACAAGGAATATGACACG","0","0","0.74166966","-0.50406525","-0.29598311"
"GTGTCATATTCCTTGTGCA::TGCACAAGGAATATGACAC","0","0","0.6617431","-0.54536482","-0.3257885"
"TGTCATATTCCTTGTGCAC::GTGCACAAGGAATATGACA","0","0","0.89942974","-0.42420914","-0.52680951"
"GTCATATTCCTTGTGCACT::AGTGCACAAGGAATATGAC","0","0","0.80518987","-0.60013192","-0.65552801"
"TCATATTCCTTGTGCACTG::CAGTGCACAAGGAATATGA","0","0","0.95480001","-0.61760302","-0.84118427"
"CATATTCCTTGTGCACTGC::GCAGTGCACAAGGAATATG","0","0","0.77717432","-0.64077034","-0.88735675"
"ATATTCCTTGTGCACTGCG::CGCAGTGCACAAGGAATAT","0","0","0.93167204","-0.82454734","-0.8070864"
"TATTCCTTGTGCACTGCGG::CCGCAGTGCACAAGGAATA","0","0","0.91371322","-1.0821107","-0.84396247"
"ATTCCTTGTGCACTGCGGC::GCCGCAGTGCACAAGGAAT","0","0","0.88659187","-1.2283253","-0.86514357"
"TTCCTTGTGCACTGCGGCA::TGCCGCAGTGCACAAGGAA","0","0","0.72886883","-1.160248","-0.79605685"
"TCCTTGTGCACTGCGGCAT::ATGCCGCAGTGCACAAGGA","0","0","0.76407871","-1.0747077","-0.76282991"
"CCTTGTGCACTGCGGCATT::AATGCCGCAGTGCACAAGG","0","0","0.54265687","-1.2520519","-0.94372337"
"CTTGTGCACTGCGGCATTC::GAATGCCGCAGTGCACAAG","0","0","0.68519234","-1.1656468","-0.82393276"
"TTGTGCACTGCGGCATTCA::TGAATGCCGCAGTGCACAA","0","0","0.80585782","-1.0885726","-0.99520955"
"TGTGCACTGCGGCATTCAC::GTGAATGCCGCAGTGCACA","0","0","0.75697884","-1.1208078","-1.1030514"
"GTGCACTGCGGCATTCACA::TGTGAATGCCGCAGTGCAC","0","0","0.6980956","-1.081567","-1.154462"
"TGCACTGCGGCATTCACAT::ATGTGAATGCCGCAGTGCA","0","0","0.79794382","-1.0130467","-1.141235"
"GCACTGCGGCATTCACATT::AATGTGAATGCCGCAGTGC","0","0","0.55695284","-1.0065542","-1.0233073"
"CACTGCGGCATTCACATTC::GAATGTGAATGCCGCAGTG","0","0","0.76343219","-0.65727353","-0.66710822"
"ACTGCGGCATTCACATTCA::TGAATGTGAATGCCGCAGT","0","0","0.58736169","-0.44012585","-0.53251615"
"CTGCGGCATTCACATTCAC::GTGAATGTGAATGCCGCAG","0","0","0.6257678","-0.312932","-0.38857865"
"TGCGGCATTCACATTCACC::GGTGAATGTGAATGCCGCA","0","0","0.84792285","-0.21517125","-0.39205648"
"GCGGCATTCACATTCACCA::TGGTGAATGTGAATGCCGC","0","0","0.53169422","-0.19302816","-0.4354789"
"CGGCATTCACATTCACCAA::TTGGTGAATGTGAATGCCG","0","0","0.39663075","-0.10221189","-0.33571323"
"GGCATTCACATTCACCAAG::CTTGGTGAATGTGAATGCC","0","0","0.54334698","-0.042258473","-0.3644642"
"GCATTCACATTCACCAAGG::CCTTGGTGAATGTGAATGC","0","0","0.58418456","-0.011498491","-0.29888304"
"CATTCACATTCACCAAGGT::ACCTTGGTGAATGTGAATG","0","0","0.50386519","0.039999219","-0.32040733"
"ATTCACATTCACCAAGGTC::GACCTTGGTGAATGTGAAT","0","0","0.79770077","-0.043090325","-0.54335791"
"TTCACATTCACCAAGGTCC::GGACCTTGGTGAATGTGAA","0","0","0.91340781","-0.23984144","-0.57606957"
"TCACATTCACCAAGGTCCC::GGGACCTTGGTGAATGTGA","0","0","0.77713392","-0.40992668","-0.71923109"
"CACATTCACCAAGGTCCCA::TGGGACCTTGGTGAATGTG","0","0","0.49670582","-0.40073301","-0.77797954"
"ACATTCACCAAGGTCCCAG::CTGGGACCTTGGTGAATGT","0","0","0.72376923","-0.37100567","-1.021527"
"CATTCACCAAGGTCCCAGC::GCTGGGACCTTGGTGAATG","0","0","0.63487874","-0.41953314","-1.0335105"
"ATTCACCAAGGTCCCAGCT::AGCTGGGACCTTGGTGAAT","0","0","0.7280953","-0.46811944","-1.1799614"
"TTCACCAAGGTCCCAGCTG::CAGCTGGGACCTTGGTGAA","0","0","0.84972479","-0.61271148","-1.0390058"
"TCACCAAGGTCCCAGCTGA::TCAGCTGGGACCTTGGTGA","0","0","0.66793177","-0.35815039","-0.95979998"
"CACCAAGGTCCCAGCTGAA::TTCAGCTGGGACCTTGGTG","0","0","0.46673827","-0.29399299","-0.93251041"
"ACCAAGGTCCCAGCTGAAA::TTTCAGCTGGGACCTTGGT","0","0","0.55295552","-0.15328502","-0.93962613"
"CCAAGGTCCCAGCTGAAAC::GTTTCAGCTGGGACCTTGG","0","0","0.72392563","-0.28095675","-1.1448275"
"CAAGGTCCCAGCTGAAACA::TGTTTCAGCTGGGACCTTG","0","0","0.70476119","-0.40911631","-0.78320905"
"AAGGTCCCAGCTGAAACAC::GTGTTTCAGCTGGGACCTT","0","0","0.81035299","-0.33857087","-0.9368522"
"AGGTCCCAGCTGAAACACT::AGTGTTTCAGCTGGGACCT","0","0","0.72422789","-0.46111518","-0.97624135"
"GGTCCCAGCTGAAACACTG::CAGTGTTTCAGCTGGGACC","0","0","0.72290258","-0.59680809","-1.050568"
"GTCCCAGCTGAAACACTGC::GCAGTGTTTCAGCTGGGAC","0","0","0.74411664","-0.6475291","-1.0773796"
"TCCCAGCTGAAACACTGCA::TGCAGTGTTTCAGCTGGGA","0","0","0.74895876","-0.42577002","-1.1020424"
"CCCAGCTGAAACACTGCAT::ATGCAGTGTTTCAGCTGGG","0","0","0.61192951","-0.47909495","-1.087943"
"CCAGCTGAAACACTGCATG::CATGCAGTGTTTCAGCTGG","0","0","0.75271505","-0.4114776","-0.86081972"
"CAGCTGAAACACTGCATGG::CCATGCAGTGTTTCAGCTG","0","0","0.7923502","-0.38458846","-0.91212943"
"AGCTGAAACACTGCATGGA::TCCATGCAGTGTTTCAGCT","0","0","0.69015968","-0.38407153","-0.64465125"
"GCTGAAACACTGCATGGAA::TTCCATGCAGTGTTTCAGC","0","0","0.46884955","-0.44700574","-0.58299757"
"CTGAAACACTGCATGGAAC::GTTCCATGCAGTGTTTCAG","0","0","0.72309454","-0.74408726","-0.73092529"
"TGAAACACTGCATGGAACA::TGTTCCATGCAGTGTTTCA","0","0","0.85608074","-0.80187806","-0.83705259"
"GAAACACTGCATGGAACAG::CTGTTCCATGCAGTGTTTC","0","0","0.6630288","-0.949513","-0.43243402"
"AAACACTGCATGGAACAGT::ACTGTTCCATGCAGTGTTT","0","0","0.90292433","-1.0287086","-0.36967097"
"AACACTGCATGGAACAGTC::GACTGTTCCATGCAGTGTT","0","0","0.93934892","-1.0172857","-0.62815545"
"ACACTGCATGGAACAGTCA::TGACTGTTCCATGCAGTGT","0","0","0.68804085","-1.1217172","-0.48093061"
"CACTGCATGGAACAGTCAC::GTGACTGTTCCATGCAGTG","0","0","0.72944476","-1.0730178","-0.31689845"
"ACTGCATGGAACAGTCACA::TGTGACTGTTCCATGCAGT","0","0","0.70494744","-1.0698411","-0.18878064"
"CTGCATGGAACAGTCACAG::CTGTGACTGTTCCATGCAG","0","0","0.8198403","-1.0328384","-0.28384115"
"TGCATGGAACAGTCACAGT::ACTGTGACTGTTCCATGCA","0","0","0.82439492","-1.1249425","-0.21391277"
"GCATGGAACAGTCACAGTG::CACTGTGACTGTTCCATGC","0","0","0.73758915","-1.1673573","-0.19478573"
"CATGGAACAGTCACAGTGG::CCACTGTGACTGTTCCATG","0","0","0.81830023","-1.293549","-0.20308588"
"ATGGAACAGTCACAGTGGA::TCCACTGTGACTGTTCCAT","0","0","0.69575472","-1.2733717","-0.19027598"
"TGGAACAGTCACAGTGGAG::CTCCACTGTGACTGTTCCA","0","0","0.8643605","-1.3594109","-0.41380521"
"GGAACAGTCACAGTGGAGG::CCTCCACTGTGACTGTTCC","0","0","0.78771442","-1.2433702","-0.53544101"
"GAACAGTCACAGTGGAGGT::ACCTCCACTGTGACTGTTC","0","0","0.68743406","-1.2077956","-0.48215643"
"AACAGTCACAGTGGAGGTG::CACCTCCACTGTGACTGTT","0","0","0.78538683","-1.3148393","-0.49730571"
"ACAGTCACAGTGGAGGTGC::GCACCTCCACTGTGACTGT","0","0","0.81910923","-1.1724032","-0.91260292"
"CAGTCACAGTGGAGGTGCA::TGCACCTCCACTGTGACTG","0","0","0.49721369","-1.2466875","-0.95902036"
"AGTCACAGTGGAGGTGCAG::CTGCACCTCCACTGTGACT","0","0","0.67570782","-1.3250871","-0.9653491"
"GTCACAGTGGAGGTGCAGT::ACTGCACCTCCACTGTGAC","0","0","0.65322299","-1.3487406","-1.1034784"
"TCACAGTGGAGGTGCAGTA::TACTGCACCTCCACTGTGA","0","0","0.72401387","-1.3704738","-1.3115768"
"CACAGTGGAGGTGCAGTAT::ATACTGCACCTCCACTGTG","0","0","0.60597077","-1.3672101","-1.3213417"
"ACAGTGGAGGTGCAGTATG::CATACTGCACCTCCACTGT","0","0","0.71922486","-1.3336025","-1.1609625"
"CAGTGGAGGTGCAGTATGC::GCATACTGCACCTCCACTG","0","0","0.65677166","-1.2601905","-1.1417626"
"AGTGGAGGTGCAGTATGCA::TGCATACTGCACCTCCACT","0","0","0.61632655","-1.1882113","-1.1853341"
"GTGGAGGTGCAGTATGCAG::CTGCATACTGCACCTCCAC","0","0","0.64206378","-1.0926318","-1.008986"
"TGGAGGTGCAGTATGCAGG::CCTGCATACTGCACCTCCA","0","0","0.84152626","-1.1617768","-0.71127822"
"GGAGGTGCAGTATGCAGGG::CCCTGCATACTGCACCTCC","0","0","0.58420675","-1.1839011","-0.55621241"
"GAGGTGCAGTATGCAGGGA::TCCCTGCATACTGCACCTC","0","0","0.43924445","-1.3025489","-0.66737166"
"AGGTGCAGTATGCAGGGAC::GTCCCTGCATACTGCACCT","0","0","0.68913233","-1.3109798","-0.84624231"
"GGTGCAGTATGCAGGGACA::TGTCCCTGCATACTGCACC","0","0","0.49145884","-1.1310239","-0.67699371"
"GTGCAGTATGCAGGGACAG::CTGTCCCTGCATACTGCAC","0","0","0.63854219","-1.1255767","-0.59937232"
"TGCAGTATGCAGGGACAGA::TCTGTCCCTGCATACTGCA","0","0","0.65131636","-1.0569245","-0.47979036"
"GCAGTATGCAGGGACAGAT::ATCTGTCCCTGCATACTGC","0","0","0.57527543","-1.0481054","-0.5626752"
"CAGTATGCAGGGACAGATG::CATCTGTCCCTGCATACTG","0","0","0.71321829","-0.94385094","-0.2880197"
"AGTATGCAGGGACAGATGG::CCATCTGTCCCTGCATACT","0","0","0.71046538","-0.82542921","-0.12146096"
"GTATGCAGGGACAGATGGA::TCCATCTGTCCCTGCATAC","0","0","0.55470492","-0.69456145","0.14638824"
"TATGCAGGGACAGATGGAC::GTCCATCTGTCCCTGCATA","0","0","0.85899401","-0.62483003","0.16270268"
"ATGCAGGGACAGATGGACC::GGTCCATCTGTCCCTGCAT","0","0","0.82353863","-0.61945694","0.13687868"
"TGCAGGGACAGATGGACCC::GGGTCCATCTGTCCCTGCA","0","0","0.78687212","-0.4765814","0.27611965"
"GCAGGGACAGATGGACCCT::AGGGTCCATCTGTCCCTGC","0","0","0.51041536","-0.3217127","0.22746556"
"CAGGGACAGATGGACCCTG::CAGGGTCCATCTGTCCCTG","0","0","0.63884653","-0.10822187","-0.086830137"
"AGGGACAGATGGACCCTGC::GCAGGGTCCATCTGTCCCT","0","0","0.70033133","0.20651628","-0.28788527"
"GGGACAGATGGACCCTGCA::TGCAGGGTCCATCTGTCCC","0","0","0.52357805","0.38348021","-0.23662101"
"GGACAGATGGACCCTGCAA::TTGCAGGGTCCATCTGTCC","0","0","0.49384337","0.37544515","-0.14948397"
"GACAGATGGACCCTGCAAG::CTTGCAGGGTCCATCTGTC","0","0","0.64933492","0.23358086","-0.27033774"
"ACAGATGGACCCTGCAAGA::TCTTGCAGGGTCCATCTGT","0","0","0.59778351","0.12620065","-0.20787995"
"CAGATGGACCCTGCAAGAT::ATCTTGCAGGGTCCATCTG","0","0","0.54827398","0.12190296","-0.099980591"
"AGATGGACCCTGCAAGATC::GATCTTGCAGGGTCCATCT","0","0","0.72835013","0.12722095","-0.048128113"
"GATGGACCCTGCAAGATCC::GGATCTTGCAGGGTCCATC","0","0","0.63929111","0.15646977","-0.19348867"
"ATGGACCCTGCAAGATCCC::GGGATCTTGCAGGGTCCAT","0","0","0.70976941","0.074197118","-0.23185162"
"TGGACCCTGCAAGATCCCA::TGGGATCTTGCAGGGTCCA","0","0","0.6229316","-0.041308245","-0.55163869"
"GGACCCTGCAAGATCCCAG::CTGGGATCTTGCAGGGTCC","0","0","0.62376417","-0.081700425","-0.81866228"
"GACCCTGCAAGATCCCAGT::ACTGGGATCTTGCAGGGTC","0","0","0.60770008","-0.14653913","-0.78386706"
"ACCCTGCAAGATCCCAGTC::GACTGGGATCTTGCAGGGT","0","0","0.69003857","-0.19101201","-0.75545255"
"CCCTGCAAGATCCCAGTCC::GGACTGGGATCTTGCAGGG","0","0","0.65179421","-0.27138182","-0.72162705"
"CCTGCAAGATCCCAGTCCA::TGGACTGGGATCTTGCAGG","0","0","0.47387777","-0.39968931","-0.64621917"
"CTGCAAGATCCCAGTCCAG::CTGGACTGGGATCTTGCAG","0","0","0.60697966","-0.71984785","-0.54045314"
"TGCAAGATCCCAGTCCAGA::TCTGGACTGGGATCTTGCA","0","0","0.70429537","-0.60922603","-0.29615182"
"GCAAGATCCCAGTCCAGAT::ATCTGGACTGGGATCTTGC","0","0","0.54857368","-0.52527997","-0.18272036"
"CAAGATCCCAGTCCAGATG::CATCTGGACTGGGATCTTG","0","0","0.69345249","-0.48704531","-0.021861286"
"AAGATCCCAGTCCAGATGG::CCATCTGGACTGGGATCTT","0","0","0.77015989","-0.3794912","-0.051972647"
"AGATCCCAGTCCAGATGGC::GCCATCTGGACTGGGATCT","0","0","0.54172893","-0.21974116","-0.27939921"
"GATCCCAGTCCAGATGGCG::CGCCATCTGGACTGGGATC","0","0","0.58313923","-0.20093146","-0.41377851"
"ATCCCAGTCCAGATGGCGG::CCGCCATCTGGACTGGGAT","0","0","0.67344112","-0.27585507","-0.43677839"
"TCCCAGTCCAGATGGCGGT::ACCGCCATCTGGACTGGGA","0","0","0.61300516","-0.36896999","-0.40486529"
"CCCAGTCCAGATGGCGGTG::CACCGCCATCTGGACTGGG","0","0","0.40862281","-0.37892509","-0.1398257"
"CCAGTCCAGATGGCGGTGG::CCACCGCCATCTGGACTGG","0","0","0.52950023","-0.48980196","0.19965365"
"CAGTCCAGATGGCGGTGGA::TCCACCGCCATCTGGACTG","0","0","0.42694285","-0.38260076","0.17464603"
"AGTCCAGATGGCGGTGGAC::GTCCACCGCCATCTGGACT","0","0","0.57967981","-0.37946524","0.12977377"
"GTCCAGATGGCGGTGGACA::TGTCCACCGCCATCTGGAC","0","0","0.54857676","-0.2580797","0.18160379"
"TCCAGATGGCGGTGGACAT::ATGTCCACCGCCATCTGGA","0","0","0.61143877","-0.081262716","0.31334636"
"CCAGATGGCGGTGGACATG::CATGTCCACCGCCATCTGG","0","0","0.54971254","0.042037466","0.26828902"
"CAGATGGCGGTGGACATGC::GCATGTCCACCGCCATCTG","0","0","0.74054763","-0.14050801","0.14581123"
"AGATGGCGGTGGACATGCA::TGCATGTCCACCGCCATCT","0","0","0.52483704","-0.25105173","0.00066235653"
"GATGGCGGTGGACATGCAG::CTGCATGTCCACCGCCATC","0","0","0.64015687","-0.34725548","-0.092813089"
"ATGGCGGTGGACATGCAGA::TCTGCATGTCCACCGCCAT","0","0","0.71016845","-0.42347751","-0.062009933"
"TGGCGGTGGACATGCAGAC::GTCTGCATGTCCACCGCCA","0","0","0.74780366","-0.55794065","-0.077464114"
"GGCGGTGGACATGCAGACC::GGTCTGCATGTCCACCGCC","0","0","0.56008588","-0.63035042","0.049689508"
"GCGGTGGACATGCAGACCC::GGGTCTGCATGTCCACCGC","0","0","0.67705487","-0.56275001","0.098218768"
"CGGTGGACATGCAGACCCT::AGGGTCTGCATGTCCACCG","0","0","0.51610904","-0.39361558","0.071981295"
"GGTGGACATGCAGACCCTG::CAGGGTCTGCATGTCCACC","0","0","0.53258904","-0.19075516","-0.1546446"
"GTGGACATGCAGACCCTGA::TCAGGGTCTGCATGTCCAC","0","0","0.60411112","-0.0092701717","-0.20263103"
"TGGACATGCAGACCCTGAC::GTCAGGGTCTGCATGTCCA","0","0","0.82932338","0.1260197","-0.036937152"
"GGACATGCAGACCCTGACC::GGTCAGGGTCTGCATGTCC","0","0","0.67864354","0.17208999","0.15261231"
"GACATGCAGACCCTGACCC::GGGTCAGGGTCTGCATGTC","0","0","0.7401598","0.14192888","0.12335308"
"ACATGCAGACCCTGACCCC::GGGGTCAGGGTCTGCATGT","0","0","0.67914086","-0.096199863","-0.092427341"
"CATGCAGACCCTGACCCCA::TGGGGTCAGGGTCTGCATG","0","0","0.47706927","-0.24285839","-0.2288344"
"ATGCAGACCCTGACCCCAG::CTGGGGTCAGGGTCTGCAT","0","0","0.71370413","-0.23858922","-0.52765929"
"TGCAGACCCTGACCCCAGT::ACTGGGGTCAGGGTCTGCA","0","0","0.6422841","-0.26139776","-0.45397015"
"GCAGACCCTGACCCCAGTT::AACTGGGGTCAGGGTCTGC","0","0","0.52219506","-0.27088198","-0.56975477"
"CAGACCCTGACCCCAGTTG::CAACTGGGGTCAGGGTCTG","0","0","0.67245607","-0.24239924","-0.55282794"
"AGACCCTGACCCCAGTTGG::CCAACTGGGGTCAGGGTCT","0","0","0.71174659","-0.24121461","-0.49352652"
"GACCCTGACCCCAGTTGGA::TCCAACTGGGGTCAGGGTC","0","0","0.50774549","-0.30727978","-0.56269363"
"ACCCTGACCCCAGTTGGAA::TTCCAACTGGGGTCAGGGT","0","0","0.52973074","-0.54893319","-0.54918739"
"CCCTGACCCCAGTTGGAAG::CTTCCAACTGGGGTCAGGG","0","0","0.5127959","-0.68867311","-0.81460478"
"CCTGACCCCAGTTGGAAGG::CCTTCCAACTGGGGTCAGG","0","0","0.59299933","-0.77775664","-0.80392909"
"CTGACCCCAGTTGGAAGGC::GCCTTCCAACTGGGGTCAG","0","0","0.62104226","-0.76561572","-0.76038444"
"TGACCCCAGTTGGAAGGCT::AGCCTTCCAACTGGGGTCA","0","0","0.65845794","-0.90563587","-0.90475237"
"GACCCCAGTTGGAAGGCTG::CAGCCTTCCAACTGGGGTC","0","0","0.59546072","-0.86158503","-1.0041939"
"ACCCCAGTTGGAAGGCTGA::TCAGCCTTCCAACTGGGGT","0","0","0.5049971","-0.70817093","-0.92334998"
"CCCCAGTTGGAAGGCTGAT::ATCAGCCTTCCAACTGGGG","0","0","0.38685867","-0.63368565","-0.84783462"
"CCCAGTTGGAAGGCTGATA::TATCAGCCTTCCAACTGGG","0","0","0.52165765","-0.56437714","-0.67533232"
"CCAGTTGGAAGGCTGATAA::TTATCAGCCTTCCAACTGG","0","0","0.54997409","-0.52805801","-0.25322201"
"CAGTTGGAAGGCTGATAAC::GTTATCAGCCTTCCAACTG","0","0","0.64863237","-0.46407726","-0.16943146"
"AGTTGGAAGGCTGATAACC::GGTTATCAGCCTTCCAACT","0","0","0.81823856","-0.32261341","-0.16559057"
"GTTGGAAGGCTGATAACCG::CGGTTATCAGCCTTCCAAC","0","0","0.81074161","-0.43074827","-0.30808205"
"TTGGAAGGCTGATAACCGC::GCGGTTATCAGCCTTCCAA","0","0","0.97086406","-0.37463664","-0.41834686"
"TGGAAGGCTGATAACCGCC::GGCGGTTATCAGCCTTCCA","0","0","0.97334791","-0.29796899","-0.43380855"
"GGAAGGCTGATAACCGCCA::TGGCGGTTATCAGCCTTCC","0","0","0.67669846","-0.23730125","-0.51410525"
"GAAGGCTGATAACCGCCAA::TTGGCGGTTATCAGCCTTC","0","0","0.58310103","0.066297408","-0.21130946"
"AAGGCTGATAACCGCCAAC::GTTGGCGGTTATCAGCCTT","0","0","0.86816512","0.038195031","-0.19438058"
"AGGCTGATAACCGCCAACC::GGTTGGCGGTTATCAGCCT","0","0","0.893439","-0.026382315","-0.3238913"
"GGCTGATAACCGCCAACCC::GGGTTGGCGGTTATCAGCC","0","0","0.64146971","0.013715677","-0.4168489"
"GCTGATAACCGCCAACCCC::GGGGTTGGCGGTTATCAGC","0","0","0.64580029","-0.14692917","-0.58257706"
"CTGATAACCGCCAACCCCG::CGGGGTTGGCGGTTATCAG","0","0","0.81697083","-0.30823787","-0.73681716"
"TGATAACCGCCAACCCCGT::ACGGGGTTGGCGGTTATCA","0","0","0.71880644","-0.35175557","-0.81035703"
"GATAACCGCCAACCCCGTG::CACGGGGTTGGCGGTTATC","0","0","0.66512068","-0.4376681","-0.87419518"
"ATAACCGCCAACCCCGTGA::TCACGGGGTTGGCGGTTAT","0","0","0.80956753","-0.40273754","-1.0469289"
"TAACCGCCAACCCCGTGAT::ATCACGGGGTTGGCGGTTA","0","0","0.76657877","-0.26728582","-1.1103257"
"AACCGCCAACCCCGTGATT::AATCACGGGGTTGGCGGTT","0","0","0.57557161","-0.30716279","-0.98677096"
"ACCGCCAACCCCGTGATTA::TAATCACGGGGTTGGCGGT","0","0","0.59949989","-0.16985516","-0.89972898"
"CCGCCAACCCCGTGATTAC::GTAATCACGGGGTTGGCGG","0","0","0.50255011","-0.2765323","-0.87219845"
"CGCCAACCCCGTGATTACT::AGTAATCACGGGGTTGGCG","0","0","0.49794682","-0.38159602","-0.98582202"
"GCCAACCCCGTGATTACTG::CAGTAATCACGGGGTTGGC","0","0","0.61903675","-0.45587039","-1.0528219"
"CCAACCCCGTGATTACTGA::TCAGTAATCACGGGGTTGG","0","0","0.50278799","-0.81364371","-1.1363257"
"CAACCCCGTGATTACTGAA::TTCAGTAATCACGGGGTTG","0","0","0.5627695","-0.73550584","-1.0828534"
"AACCCCGTGATTACTGAAA::TTTCAGTAATCACGGGGTT","0","0","0.66938514","-0.65377713","-1.0860317"
"ACCCCGTGATTACTGAAAG::CTTTCAGTAATCACGGGGT","0","0","0.6920899","-0.54892225","-0.90901415"
"CCCCGTGATTACTGAAAGC::GCTTTCAGTAATCACGGGG","0","0","0.59901747","-0.40605257","-0.59213579"
"CCCGTGATTACTGAAAGCA::TGCTTTCAGTAATCACGGG","0","0","0.60230975","-0.34067204","-0.21080214"
"CCGTGATTACTGAAAGCAC::GTGCTTTCAGTAATCACGG","0","0","0.67192678","-0.51110175","-0.19911298"
"CGTGATTACTGAAAGCACT::AGTGCTTTCAGTAATCACG","0","0","0.7021832","-0.56694728","-0.34404106"
"GTGATTACTGAAAGCACTG::CAGTGCTTTCAGTAATCAC","0","0","0.83280139","-0.68584127","-0.50407188"
"TGATTACTGAAAGCACTGA::TCAGTGCTTTCAGTAATCA","0","0","0.73799822","-0.76961187","-0.44063118"
"GATTACTGAAAGCACTGAG::CTCAGTGCTTTCAGTAATC","0","0","0.7223693","-0.84956527","-0.55852628"
"ATTACTGAAAGCACTGAGA::TCTCAGTGCTTTCAGTAAT","0","0","0.78468035","-0.90265228","-0.5598761"
"TTACTGAAAGCACTGAGAA::TTCTCAGTGCTTTCAGTAA","0","0","0.78218409","-0.81974342","-0.37190513"
"TACTGAAAGCACTGAGAAC::GTTCTCAGTGCTTTCAGTA","0","0","0.79193223","-0.68635915","-0.37933893"
"ACTGAAAGCACTGAGAACT::AGTTCTCAGTGCTTTCAGT","0","0","0.79081191","-0.50042891","-0.28153696"
"CTGAAAGCACTGAGAACTC::GAGTTCTCAGTGCTTTCAG","0","0","0.76694799","-0.42034948","-0.31888928"
"TGAAAGCACTGAGAACTCA::TGAGTTCTCAGTGCTTTCA","0","0","0.67732185","-0.53032216","-0.40407239"
"GAAAGCACTGAGAACTCAA::TTGAGTTCTCAGTGCTTTC","0","0","0.6143694","-0.6118844","-0.43577771"
"AAAGCACTGAGAACTCAAA::TTTGAGTTCTCAGTGCTTT","0","0","0.609326","-0.63592977","-0.50336729"
"AAGCACTGAGAACTCAAAG::CTTTGAGTTCTCAGTGCTT","0","0","0.77463499","-0.59068024","-0.68228457"
"AGCACTGAGAACTCAAAGA::TCTTTGAGTTCTCAGTGCT","0","0","0.62966745","-0.67332013","-0.75897855"
"GCACTGAGAACTCAAAGAT::ATCTTTGAGTTCTCAGTGC","0","0","0.5128666","-0.49884385","-0.47254185"
"CACTGAGAACTCAAAGATG::CATCTTTGAGTTCTCAGTG","0","0","0.65200145","-0.30194287","-0.13093289"
"ACTGAGAACTCAAAGATGA::TCATCTTTGAGTTCTCAGT","0","0","0.62387904","-0.15377451","0.15990163"
"CTGAGAACTCAAAGATGAT::ATCATCTTTGAGTTCTCAG","0","0","0.60147361","-0.053192339","0.21164884"
"TGAGAACTCAAAGATGATG::CATCATCTTTGAGTTCTCA","0","0","0.82066849","-0.00083503526","0.29194031"
"GAGAACTCAAAGATGATGT::ACATCATCTTTGAGTTCTC","0","0","0.68095198","-0.053205005","0.2865665"
"AGAACTCAAAGATGATGTT::AACATCATCTTTGAGTTCT","0","0","0.57245843","-0.13459385","-0.0171145"
"GAACTCAAAGATGATGTTG::CAACATCATCTTTGAGTTC","0","0","0.66717815","-0.22262649","0.054314722"
"AACTCAAAGATGATGTTGG::CCAACATCATCTTTGAGTT","0","0","0.8144537","-0.32562663","-0.001243543"
"ACTCAAAGATGATGTTGGA::TCCAACATCATCTTTGAGT","0","0","0.5125688","-0.49657331","0.0052566581"
"CTCAAAGATGATGTTGGAG::CTCCAACATCATCTTTGAG","0","0","0.65014339","-0.52209637","0.04745429"
"TCAAAGATGATGTTGGAGC::GCTCCAACATCATCTTTGA","0","0","0.89912696","-0.62064601","0.17206801"
"CAAAGATGATGTTGGAGCT::AGCTCCAACATCATCTTTG","0","0","0.65579222","-0.77640729","0.19360523"
"AAAGATGATGTTGGAGCTT::AAGCTCCAACATCATCTTT","0","0","0.68986022","-0.69960116","0.24482395"
"AAGATGATGTTGGAGCTTG::CAAGCTCCAACATCATCTT","0","0","0.76990503","-0.81982869","0.11348439"
"AGATGATGTTGGAGCTTGA::TCAAGCTCCAACATCATCT","0","0","0.61273141","-0.84951049","-0.086986237"
"GATGATGTTGGAGCTTGAC::GTCAAGCTCCAACATCATC","0","0","0.7114556","-0.96353141","-0.21942934"
"ATGATGTTGGAGCTTGACC::GGTCAAGCTCCAACATCAT","0","0","0.93865182","-0.98799015","-0.1607205"
"TGATGTTGGAGCTTGACCC::GGGTCAAGCTCCAACATCA","0","0","0.97359255","-0.95335322","-0.14875026"
"GATGTTGGAGCTTGACCCA::TGGGTCAAGCTCCAACATC","0","0","0.58483157","-0.87622471","-0.39372513"
"ATGTTGGAGCTTGACCCAC::GTGGGTCAAGCTCCAACAT","0","0","0.83206416","-0.99271475","-0.49339036"
"TGTTGGAGCTTGACCCACC::GGTGGGTCAAGCTCCAACA","0","0","0.94501608","-0.83836515","-0.45614665"
"GTTGGAGCTTGACCCACCA::TGGTGGGTCAAGCTCCAAC","0","0","0.6974899","-0.82242924","-0.450032"
"TTGGAGCTTGACCCACCAT::ATGGTGGGTCAAGCTCCAA","0","0","0.81307628","-0.86031616","-0.47611432"
"TGGAGCTTGACCCACCATT::AATGGTGGGTCAAGCTCCA","0","0","0.82706336","-0.57865507","-0.44896765"
"GGAGCTTGACCCACCATTT::AAATGGTGGGTCAAGCTCC","0","0","0.61195341","-0.47425442","-0.35363842"
"GAGCTTGACCCACCATTTG::CAAATGGTGGGTCAAGCTC","0","0","0.71591366","-0.39169478","-0.35017825"
"AGCTTGACCCACCATTTGG::CCAAATGGTGGGTCAAGCT","0","0","0.78567425","-0.34184571","-0.15028611"
"GCTTGACCCACCATTTGGG::CCCAAATGGTGGGTCAAGC","0","0","0.59140204","-0.67454449","-0.28932354"
"CTTGACCCACCATTTGGGG::CCCCAAATGGTGGGTCAAG","0","0","0.61994544","-0.73461724","-0.51068479"
"TTGACCCACCATTTGGGGA::TCCCCAAATGGTGGGTCAA","0","0","0.68719902","-0.66814761","-0.47240677"
"TGACCCACCATTTGGGGAT::ATCCCCAAATGGTGGGTCA","0","0","0.63706471","-0.57304906","-0.48050859"
"GACCCACCATTTGGGGATT::AATCCCCAAATGGTGGGTC","0","0","0.30637738","-0.61741886","-0.77928736"
"ACCCACCATTTGGGGATTC::GAATCCCCAAATGGTGGGT","0","0","0.47363185","-0.60709889","-0.84215411"
"CCCACCATTTGGGGATTCT::AGAATCCCCAAATGGTGGG","0","0","0.42633715","-0.52809841","-0.49653941"
"CCACCATTTGGGGATTCTT::AAGAATCCCCAAATGGTGG","0","0","0.48238091","-0.25270809","-0.41367382"
"CACCATTTGGGGATTCTTA::TAAGAATCCCCAAATGGTG","0","0","0.57408862","-0.22938194","-0.34039012"
"ACCATTTGGGGATTCTTAC::GTAAGAATCCCCAAATGGT","0","0","0.71645978","0.0036250674","-0.36483907"
"CCATTTGGGGATTCTTACA::TGTAAGAATCCCCAAATGG","0","0","0.55022146","0.044272944","-0.46329657"
"CATTTGGGGATTCTTACAT::ATGTAAGAATCCCCAAATG","0","0","0.59629133","-0.013108047","-0.50827302"
"ATTTGGGGATTCTTACATT::AATGTAAGAATCCCCAAAT","0","0","0.63771445","-0.10246824","-0.59287013"
"TTTGGGGATTCTTACATTG::CAATGTAAGAATCCCCAAA","0","0","0.87117548","-0.0011192267","-0.59707253"
"TTGGGGATTCTTACATTGT::ACAATGTAAGAATCCCCAA","0","0","0.83739256","-0.074621855","-0.79322778"
"TGGGGATTCTTACATTGTC::GACAATGTAAGAATCCCCA","0","0","0.84904196","0.13043707","-0.80194286"
"GGGGATTCTTACATTGTCA::TGACAATGTAAGAATCCCC","0","0","0.603378","0.29623894","-0.77056376"
"GGGATTCTTACATTGTCAT::ATGACAATGTAAGAATCCC","0","0","0.56201091","0.24541941","-0.79814049"
"GGATTCTTACATTGTCATA::TATGACAATGTAAGAATCC","0","0","0.48951679","0.13865448","-0.84024529"
"GATTCTTACATTGTCATAG::CTATGACAATGTAAGAATC","0","0","0.80142346","0.04686782","-0.82720374"
"ATTCTTACATTGTCATAGG::CCTATGACAATGTAAGAAT","0","0","0.8968224","-0.049815257","-0.82382726"
"TTCTTACATTGTCATAGGA::TCCTATGACAATGTAAGAA","0","0","0.78177182","-0.22809614","-1.0114643"
"TCTTACATTGTCATAGGAG::CTCCTATGACAATGTAAGA","0","0","0.87883042","-0.43009411","-1.0146183"
"CTTACATTGTCATAGGAGT::ACTCCTATGACAATGTAAG","0","0","0.76141804","-0.52833928","-0.98875611"
"TTACATTGTCATAGGAGTT::AACTCCTATGACAATGTAA","0","0","0.8711678","-0.71062593","-0.83263409"
"TACATTGTCATAGGAGTTG::CAACTCCTATGACAATGTA","0","0","0.9331947","-0.63374074","-0.64851452"
"ACATTGTCATAGGAGTTGG::CCAACTCCTATGACAATGT","0","0","0.77781378","-0.76335889","-0.60428381"
"CATTGTCATAGGAGTTGGG::CCCAACTCCTATGACAATG","0","0","0.67767324","-0.87296109","-0.60102819"
"ATTGTCATAGGAGTTGGGG::CCCCAACTCCTATGACAAT","0","0","0.87893009","-1.1295853","-0.7316221"
"TTGTCATAGGAGTTGGGGA::TCCCCAACTCCTATGACAA","0","0","0.79840676","-1.0387493","-0.65720332"
"TGTCATAGGAGTTGGGGAC::GTCCCCAACTCCTATGACA","0","0","0.80742477","-1.1637881","-0.81018725"
"GTCATAGGAGTTGGGGACA::TGTCCCCAACTCCTATGAC","0","0","0.59396366","-1.0483116","-0.6456378"
"TCATAGGAGTTGGGGACAA::TTGTCCCCAACTCCTATGA","0","0","0.64028716","-1.0106472","-0.5919284"
"CATAGGAGTTGGGGACAAG::CTTGTCCCCAACTCCTATG","0","0","0.64786623","-0.81784024","-0.53792548"
"ATAGGAGTTGGGGACAAGA::TCTTGTCCCCAACTCCTAT","0","0","0.84822365","-0.74181963","-0.35998129"
"TAGGAGTTGGGGACAAGAA::TTCTTGTCCCCAACTCCTA","0","0","0.7971696","-0.70743471","-0.19388778"
"AGGAGTTGGGGACAAGAAA::TTTCTTGTCCCCAACTCCT","0","0","0.63843551","-0.64152218","-0.066327882"
"GGAGTTGGGGACAAGAAAA::TTTTCTTGTCCCCAACTCC","0","0","0.55934595","-0.49773016","0.15287565"
"GAGTTGGGGACAAGAAAAT::ATTTTCTTGTCCCCAACTC","0","0","0.57831622","-0.39280197","0.29881218"
"AGTTGGGGACAAGAAAATC::GATTTTCTTGTCCCCAACT","0","0","0.73005964","-0.33166261","0.24619526"
"GTTGGGGACAAGAAAATCA::TGATTTTCTTGTCCCCAAC","0","0","0.62645597","-0.31612591","0.18175411"
"TTGGGGACAAGAAAATCAC::GTGATTTTCTTGTCCCCAA","0","0","0.88055668","-0.32016188","0.22717496"
"TGGGGACAAGAAAATCACC::GGTGATTTTCTTGTCCCCA","0","0","0.73823233","-0.14384394","0.24931344"
"GGGGACAAGAAAATCACCC::GGGTGATTTTCTTGTCCCC","0","0","0.68252721","-0.013918662","0.29656419"
"GGGACAAGAAAATCACCCA::TGGGTGATTTTCTTGTCCC","0","0","0.50533237","0.057850529","0.035426444"
"GGACAAGAAAATCACCCAC::GTGGGTGATTTTCTTGTCC","0","0","0.54961844","-0.026408476","0.11885088"
"GACAAGAAAATCACCCACC::GGTGGGTGATTTTCTTGTC","0","0","0.72346018","-0.088118527","-0.11896301"
"ACAAGAAAATCACCCACCA::TGGTGGGTGATTTTCTTGT","0","0","0.56600044","-0.13953405","-0.25072805"
"CAAGAAAATCACCCACCAC::GTGGTGGGTGATTTTCTTG","0","0","0.58050285","-0.27307883","-0.31887126"
"AAGAAAATCACCCACCACT::AGTGGTGGGTGATTTTCTT","0","0","0.77890417","-0.29883121","-0.47898462"
"AGAAAATCACCCACCACTG::CAGTGGTGGGTGATTTTCT","0","0","0.74540435","-0.36381953","-0.7855655"
"GAAAATCACCCACCACTGG::CCAGTGGTGGGTGATTTTC","0","0","0.61120834","-0.43937324","-0.9830096"
"AAAATCACCCACCACTGGC::GCCAGTGGTGGGTGATTTT","0","0","0.84711627","-0.50547429","-1.2289492"
"AAATCACCCACCACTGGCA::TGCCAGTGGTGGGTGATTT","0","0","0.65127111","-0.63907301","-1.4363119"
"AATCACCCACCACTGGCAT::ATGCCAGTGGTGGGTGATT","0","0","0.55484421","-0.7538639","-1.4859778"
"ATCACCCACCACTGGCATA::TATGCCAGTGGTGGGTGAT","0","0","0.56837407","-0.87308545","-1.5643124"
"TCACCCACCACTGGCATAG::CTATGCCAGTGGTGGGTGA","0","0","0.76388667","-0.94545119","-1.7412234"
"CACCCACCACTGGCATAGG::CCTATGCCAGTGGTGGGTG","0","0","0.53551145","-1.0363666","-1.7856154"
"ACCCACCACTGGCATAGGA::TCCTATGCCAGTGGTGGGT","0","0","0.47274955","-1.0284129","-1.7751568"
"CCCACCACTGGCATAGGAG::CTCCTATGCCAGTGGTGGG","0","0","0.57271195","-1.1493547","-1.5869323"
"CCACCACTGGCATAGGAGT::ACTCCTATGCCAGTGGTGG","0","0","0.5566102","-1.0118413","-1.5366765"
"CACCACTGGCATAGGAGTG::CACTCCTATGCCAGTGGTG","0","0","0.67212051","-1.1335443","-1.3882623"
"ACCACTGGCATAGGAGTGG::CCACTCCTATGCCAGTGGT","0","0","0.72580621","-1.151087","-1.3667313"
"CCACTGGCATAGGAGTGGT::ACCACTCCTATGCCAGTGG","0","0","0.54063462","-1.1448948","-1.3710804"
"CACTGGCATAGGAGTGGTA::TACCACTCCTATGCCAGTG","0","0","0.48788108","-1.132506","-1.310575"
"ACTGGCATAGGAGTGGTAG::CTACCACTCCTATGCCAGT","0","0","0.73205696","-1.1562159","-1.1148083"
"CTGGCATAGGAGTGGTAGC::GCTACCACTCCTATGCCAG","0","0","0.73016493","-1.0322573","-0.95464671"
"TGGCATAGGAGTGGTAGCA::TGCTACCACTCCTATGCCA","0","0","0.72473441","-1.1566524","-0.96571417"
"GGCATAGGAGTGGTAGCAC::GTGCTACCACTCCTATGCC","0","0","0.61367472","-1.336523","-0.94307788"
"GCATAGGAGTGGTAGCACC::GGTGCTACCACTCCTATGC","0","0","0.68327841","-1.3506321","-0.83350562"
"CATAGGAGTGGTAGCACCA::TGGTGCTACCACTCCTATG","0","0","0.72829146","-1.3683296","-0.82802277"
"ATAGGAGTGGTAGCACCAT::ATGGTGCTACCACTCCTAT","0","0","0.79712796","-1.3353857","-0.73728447"
"TAGGAGTGGTAGCACCATC::GATGGTGCTACCACTCCTA","0","0","0.96604197","-1.2564446","-0.60336036"
"AGGAGTGGTAGCACCATCG::CGATGGTGCTACCACTCCT","0","0","0.94488351","-1.26564","-0.5919279"
"GGAGTGGTAGCACCATCGG::CCGATGGTGCTACCACTCC","0","0","0.69070468","-1.2333086","-0.56516384"
"GAGTGGTAGCACCATCGGA::TCCGATGGTGCTACCACTC","0","0","0.66470138","-1.2206646","-0.59734166"
"AGTGGTAGCACCATCGGAA::TTCCGATGGTGCTACCACT","0","0","0.73420628","-1.1813653","-0.64143993"
"GTGGTAGCACCATCGGAAA::TTTCCGATGGTGCTACCAC","0","0","0.56064368","-1.1840722","-0.45738604"
"TGGTAGCACCATCGGAAAG::CTTTCCGATGGTGCTACCA","0","0","0.73599389","-1.0475828","-0.39551212"
"GGTAGCACCATCGGAAAGG::CCTTTCCGATGGTGCTACC","0","0","0.69553785","-0.91365154","-0.48689446"
"GTAGCACCATCGGAAAGGC::GCCTTTCCGATGGTGCTAC","0","0","0.64172021","-0.76220904","-0.45989788"
"TAGCACCATCGGAAAGGCA::TGCCTTTCCGATGGTGCTA","0","0","0.7198982","-0.9577219","-0.59395171"
"AGCACCATCGGAAAGGCAT::ATGCCTTTCCGATGGTGCT","0","0","0.6155108","-0.90001188","-0.56842574"
"GCACCATCGGAAAGGCATT::AATGCCTTTCCGATGGTGC","0","0","0.45125788","-0.66623375","-0.50562352"
"CACCATCGGAAAGGCATTT::AAATGCCTTTCCGATGGTG","0","0","0.50470637","-0.51501054","-0.49933324"
"ACCATCGGAAAGGCATTTG::CAAATGCCTTTCCGATGGT","0","0","0.66541765","-0.45366883","-0.39544042"
"CCATCGGAAAGGCATTTGA::TCAAATGCCTTTCCGATGG","0","0","0.51512183","-0.4386248","-0.31625155"
"CATCGGAAAGGCATTTGAG::CTCAAATGCCTTTCCGATG","0","0","0.67378757","-0.56072369","-0.41303364"
"ATCGGAAAGGCATTTGAGG::CCTCAAATGCCTTTCCGAT","0","0","0.81065552","-0.66889439","-0.47237928"
"TCGGAAAGGCATTTGAGGC::GCCTCAAATGCCTTTCCGA","0","0","0.79948365","-0.65888977","-0.54463582"
"CGGAAAGGCATTTGAGGCC::GGCCTCAAATGCCTTTCCG","0","0","0.56532835","-0.5998356","-0.34200271"
"GGAAAGGCATTTGAGGCCA::TGGCCTCAAATGCCTTTCC","0","0","0.47286067","-0.44523639","-0.19955998"
"GAAAGGCATTTGAGGCCAC::GTGGCCTCAAATGCCTTTC","0","0","0.53865801","-0.17861485","-0.43228139"
"AAAGGCATTTGAGGCCACT::AGTGGCCTCAAATGCCTTT","0","0","0.70922015","-0.31762325","-0.52809272"
"AAGGCATTTGAGGCCACTG::CAGTGGCCTCAAATGCCTT","0","0","0.77685132","-0.50233923","-0.58099056"
"AGGCATTTGAGGCCACTGT::ACAGTGGCCTCAAATGCCT","1","0","0.67940373","-0.62178569","-0.78587562"
"GGCATTTGAGGCCACTGTG::CACAGTGGCCTCAAATGCC","0","0","0.58791499","-0.68479227","-0.79028468"
"GCATTTGAGGCCACTGTGA::TCACAGTGGCCTCAAATGC","0","0","0.55211824","-0.66889422","-0.82347832"
"CATTTGAGGCCACTGTGAG::CTCACAGTGGCCTCAAATG","0","0","0.67060902","-0.78681031","-0.80584804"
"ATTTGAGGCCACTGTGAGA::TCTCACAGTGGCCTCAAAT","0","0","0.69488156","-0.8309803","-0.862905"
"TTTGAGGCCACTGTGAGAG::CTCTCACAGTGGCCTCAAA","0","0","0.89333142","-0.77254404","-1.0483117"
"TTGAGGCCACTGTGAGAGG::CCTCTCACAGTGGCCTCAA","0","0","0.77224677","-0.862978","-1.1482687"
"TGAGGCCACTGTGAGAGGC::GCCTCTCACAGTGGCCTCA","0","0","0.72126325","-0.72212109","-1.1189061"
"GAGGCCACTGTGAGAGGCG::CGCCTCTCACAGTGGCCTC","0","0","0.61834324","-0.59599979","-1.0612147"
"AGGCCACTGTGAGAGGCGC::GCGCCTCTCACAGTGGCCT","0","0","0.60726496","-0.66749364","-1.0695113"
"GGCCACTGTGAGAGGCGCC::GGCGCCTCTCACAGTGGCC","0","0","0.51970535","-0.72300272","-1.2252695"
"GCCACTGTGAGAGGCGCCA::TGGCGCCTCTCACAGTGGC","0","0","0.4755738","-0.92316072","-1.2828242"
"CCACTGTGAGAGGCGCCAA::TTGGCGCCTCTCACAGTGG","0","0","0.48775772","-0.82767255","-1.1353015"
"CACTGTGAGAGGCGCCAAG::CTTGGCGCCTCTCACAGTG","0","0","0.59671201","-0.66582829","-1.1064181"
"ACTGTGAGAGGCGCCAAGA::TCTTGGCGCCTCTCACAGT","0","0","0.62329169","-0.60426409","-0.87201574"
"CTGTGAGAGGCGCCAAGAG::CTCTTGGCGCCTCTCACAG","0","0","0.60924532","-0.50729673","-0.52813708"
"TGTGAGAGGCGCCAAGAGA::TCTCTTGGCGCCTCTCACA","0","0","0.65681278","-0.17096746","-0.36290887"
"GTGAGAGGCGCCAAGAGAA::TTCTCTTGGCGCCTCTCAC","0","0","0.59259163","-0.11868768","-0.16154126"
"TGAGAGGCGCCAAGAGAAT::ATTCTCTTGGCGCCTCTCA","0","0","0.63136133","0.11693686","-0.025307807"
"GAGAGGCGCCAAGAGAATG::CATTCTCTTGGCGCCTCTC","0","0","0.64323057","0.19085764","0.078541991"
"AGAGGCGCCAAGAGAATGG::CCATTCTCTTGGCGCCTCT","0","0","0.69780321","0.15339722","0.4051277"
"GAGGCGCCAAGAGAATGGC::GCCATTCTCTTGGCGCCTC","0","0","0.60088494","0.41025625","0.4079184"
"AGGCGCCAAGAGAATGGCA::TGCCATTCTCTTGGCGCCT","0","0","0.47709665","0.39317539","0.37118296"
"GGCGCCAAGAGAATGGCAG::CTGCCATTCTCTTGGCGCC","0","0","0.50564294","0.28661668","0.1708458"
"GCGCCAAGAGAATGGCAGT::ACTGCCATTCTCTTGGCGC","0","0","0.43857298","0.22616789","0.030724489"
"CGCCAAGAGAATGGCAGTC::GACTGCCATTCTCTTGGCG","0","0","0.53773647","0.22745806","0.097613029"
"GCCAAGAGAATGGCAGTCC::GGACTGCCATTCTCTTGGC","0","0","0.58693808","0.29006495","0.10424772"
"CCAAGAGAATGGCAGTCCT::AGGACTGCCATTCTCTTGG","0","0","0.54422776","0.19802765","0.19807746"
"CAAGAGAATGGCAGTCCTG::CAGGACTGCCATTCTCTTG","0","0","0.67468671","0.042117616","0.1786192"
"AAGAGAATGGCAGTCCTGG::CCAGGACTGCCATTCTCTT","0","1","0.7961381","-0.045937392","-0.11830248"
"AGAGAATGGCAGTCCTGGG::CCCAGGACTGCCATTCTCT","0","1","0.67853024","-0.34039528","-0.35747308"
"GAGAATGGCAGTCCTGGGG::CCCCAGGACTGCCATTCTC","0","1","0.68155193","-0.64268241","-0.53174331"
"AGAATGGCAGTCCTGGGGG::CCCCCAGGACTGCCATTCT","0","1","0.67068885","-0.73945835","-0.78150663"
"GAATGGCAGTCCTGGGGGA::TCCCCCAGGACTGCCATTC","0","0","0.35839166","-0.89467009","-0.87785073"
"AATGGCAGTCCTGGGGGAT::ATCCCCCAGGACTGCCATT","0","0","0.51765968","-0.99588577","-0.97985418"
"ATGGCAGTCCTGGGGGATA::TATCCCCCAGGACTGCCAT","0","0","0.55533725","-0.91153852","-0.9693432"
"TGGCAGTCCTGGGGGATAC::GTATCCCCCAGGACTGCCA","0","0","0.65669577","-0.94648629","-0.93141345"
"GGCAGTCCTGGGGGATACA::TGTATCCCCCAGGACTGCC","0","0","0.39787157","-0.95556166","-0.91515884"
"GCAGTCCTGGGGGATACAG::CTGTATCCCCCAGGACTGC","0","0","0.5457677","-0.9084361","-0.83845449"
"CAGTCCTGGGGGATACAGC::GCTGTATCCCCCAGGACTG","0","0","0.74838025","-0.80747369","-0.75811079"
"AGTCCTGGGGGATACAGCC::GGCTGTATCCCCCAGGACT","0","0","0.75517564","-0.73821393","-0.72558589"
"GTCCTGGGGGATACAGCCT::AGGCTGTATCCCCCAGGAC","0","0","0.59963577","-0.79981986","-0.80506789"
"TCCTGGGGGATACAGCCTG::CAGGCTGTATCCCCCAGGA","0","0","0.72052971","-1.011646","-1.0345323"
"CCTGGGGGATACAGCCTGG::CCAGGCTGTATCCCCCAGG","0","0","0.53578372","-1.0070701","-1.0836638"
"CTGGGGGATACAGCCTGGG::CCCAGGCTGTATCCCCCAG","0","0","0.72759189","-1.1587333","-0.90715393"
"TGGGGGATACAGCCTGGGA::TCCCAGGCTGTATCCCCCA","0","0","0.65561162","-1.0834062","-1.0169678"
"GGGGGATACAGCCTGGGAC::GTCCCAGGCTGTATCCCCC","0","0","0.65986506","-0.9803578","-1.0960802"
"GGGGATACAGCCTGGGACT::AGTCCCAGGCTGTATCCCC","0","1","0.6045262","-0.83541756","-0.98194521"
"GGGATACAGCCTGGGACTT::AAGTCCCAGGCTGTATCCC","0","0","0.45117541","-0.90455944","-0.96990422"
"GGATACAGCCTGGGACTTC::GAAGTCCCAGGCTGTATCC","0","0","0.61398326","-0.78639736","-0.85861466"
"GATACAGCCTGGGACTTCG::CGAAGTCCCAGGCTGTATC","0","0","0.75379506","-0.80065826","-1.02694"
"ATACAGCCTGGGACTTCGG::CCGAAGTCCCAGGCTGTAT","0","0","0.83745011","-0.80232053","-1.0714882"
"TACAGCCTGGGACTTCGGA::TCCGAAGTCCCAGGCTGTA","0","0","0.74341413","-0.74006233","-1.0430393"
"ACAGCCTGGGACTTCGGAT::ATCCGAAGTCCCAGGCTGT","0","0","0.70922014","-0.65251893","-0.91145778"
"CAGCCTGGGACTTCGGATC::GATCCGAAGTCCCAGGCTG","0","0","0.7333234","-0.68267713","-0.81421787"
"AGCCTGGGACTTCGGATCA::TGATCCGAAGTCCCAGGCT","0","0","0.57535457","-0.72581287","-0.79520643"
"GCCTGGGACTTCGGATCAG::CTGATCCGAAGTCCCAGGC","0","0","0.43020897","-0.68660048","-0.76879478"
"CCTGGGACTTCGGATCAGT::ACTGATCCGAAGTCCCAGG","0","0","0.57967487","-0.69320258","-0.76363221"
"CTGGGACTTCGGATCAGTC::GACTGATCCGAAGTCCCAG","0","0","0.74476429","-0.57529147","-0.50837813"
"TGGGACTTCGGATCAGTCG::CGACTGATCCGAAGTCCCA","0","0","0.95124819","-0.20620437","-0.3835586"
"GGGACTTCGGATCAGTCGG::CCGACTGATCCGAAGTCCC","0","0","0.71363358","-0.17821454","-0.29374168"
"GGACTTCGGATCAGTCGGG::CCCGACTGATCCGAAGTCC","0","0","0.61852183","-0.16103537","-0.13108614"
"GACTTCGGATCAGTCGGGG::CCCCGACTGATCCGAAGTC","0","0","0.64333163","-0.25870352","-0.091593086"
"ACTTCGGATCAGTCGGGGG::CCCCCGACTGATCCGAAGT","0","0","0.69957555","-0.27163694","-0.2711314"
"CTTCGGATCAGTCGGGGGT::ACCCCCGACTGATCCGAAG","0","0","0.6691582","-0.47770013","-0.46896199"
"TTCGGATCAGTCGGGGGTG::CACCCCCGACTGATCCGAA","0","0","0.73159289","-0.62523175","-0.50736083"
"TCGGATCAGTCGGGGGTGT::ACACCCCCGACTGATCCGA","0","0","0.64791216","-0.8176772","-0.50864064"
"CGGATCAGTCGGGGGTGTG::CACACCCCCGACTGATCCG","0","0","0.53281003","-0.83960462","-0.47765042"
"GGATCAGTCGGGGGTGTGT::ACACACCCCCGACTGATCC","0","0","0.56395901","-0.75381469","-0.38673273"
"GATCAGTCGGGGGTGTGTT::AACACACCCCCGACTGATC","0","0","0.60126283","-0.87502797","-0.39088478"
"ATCAGTCGGGGGTGTGTTC::GAACACACCCCCGACTGAT","0","0","0.7477935","-0.98486632","-0.44425066"
"TCAGTCGGGGGTGTGTTCA::TGAACACACCCCCGACTGA","0","0","0.77564494","-0.88284231","-0.20351876"
"CAGTCGGGGGTGTGTTCAA::TTGAACACACCCCCGACTG","0","0","0.54562544","-0.76121839","0.030270269"
"AGTCGGGGGTGTGTTCAAC::GTTGAACACACCCCCGACT","0","0","0.73549387","-0.79194907","-0.090660876"
"GTCGGGGGTGTGTTCAACT::AGTTGAACACACCCCCGAC","0","0","0.75032518","-0.83314491","-0.13221709"
"TCGGGGGTGTGTTCAACTC::GAGTTGAACACACCCCCGA","0","0","0.83265511","-0.69910628","-0.17526296"
"CGGGGGTGTGTTCAACTCA::TGAGTTGAACACACCCCCG","0","0","0.57089029","-0.6724094","-0.22237911"
"GGGGGTGTGTTCAACTCAC::GTGAGTTGAACACACCCCC","0","0","0.63340757","-0.60180688","-0.3673939"
"GGGGTGTGTTCAACTCACT::AGTGAGTTGAACACACCCC","0","0","0.66857184","-0.48819931","-0.18106261"
"GGGTGTGTTCAACTCACTG::CAGTGAGTTGAACACACCC","0","0","0.73306335","-0.4790206","-0.2651548"
"GGTGTGTTCAACTCACTGG::CCAGTGAGTTGAACACACC","0","0","0.77794737","-0.47117308","-0.35333258"
"GTGTGTTCAACTCACTGGG::CCCAGTGAGTTGAACACAC","0","0","0.79899118","-0.61486997","-0.34917531"
"TGTGTTCAACTCACTGGGT::ACCCAGTGAGTTGAACACA","0","0","0.80707417","-0.80735777","-0.25748791"
"GTGTTCAACTCACTGGGTA::TACCCAGTGAGTTGAACAC","0","0","0.6162566","-0.94961912","-0.29017453"
"TGTTCAACTCACTGGGTAA::TTACCCAGTGAGTTGAACA","0","0","0.63434067","-0.77531082","-0.23540099"
"GTTCAACTCACTGGGTAAG::CTTACCCAGTGAGTTGAAC","0","0","0.58501395","-0.79323691","-0.098996228"
"TTCAACTCACTGGGTAAGG::CCTTACCCAGTGAGTTGAA","0","0","0.84601214","-0.87642401","-0.11577165"
"TCAACTCACTGGGTAAGGG::CCCTTACCCAGTGAGTTGA","0","0","0.78020352","-1.030767","-0.29314181"
"CAACTCACTGGGTAAGGGC::GCCCTTACCCAGTGAGTTG","0","0","0.74978019","-1.1581642","-0.25187424"
"AACTCACTGGGTAAGGGCA::TGCCCTTACCCAGTGAGTT","0","0","0.60956908","-1.3580257","-0.36320175"
"ACTCACTGGGTAAGGGCAT::ATGCCCTTACCCAGTGAGT","0","0","0.56764974","-1.4862991","-0.39155913"
"CTCACTGGGTAAGGGCATT::AATGCCCTTACCCAGTGAG","0","0","0.52307191","-1.4661529","-0.34547371"
"TCACTGGGTAAGGGCATTC::GAATGCCCTTACCCAGTGA","0","0","0.78444756","-1.3773778","-0.16127062"
"CACTGGGTAAGGGCATTCA::TGAATGCCCTTACCCAGTG","0","0","0.53522317","-1.3082035","-0.30259977"
"ACTGGGTAAGGGCATTCAC::GTGAATGCCCTTACCCAGT","0","0","0.64761807","-1.2786392","-0.11861651"
"CTGGGTAAGGGCATTCACC::GGTGAATGCCCTTACCCAG","0","0","0.76973868","-1.193616","0.0097296097"
"TGGGTAAGGGCATTCACCA::TGGTGAATGCCCTTACCCA","0","0","0.72862421","-1.0019754","-0.03734311"
"GGGTAAGGGCATTCACCAG::CTGGTGAATGCCCTTACCC","0","0","0.49339552","-0.90467951","-0.0091627506"
"GGTAAGGGCATTCACCAGA::TCTGGTGAATGCCCTTACC","0","0","0.53000901","-0.70744885","0.12943921"
"GTAAGGGCATTCACCAGAT::ATCTGGTGAATGCCCTTAC","0","0","0.56619342","-0.72989422","0.062745246"
"TAAGGGCATTCACCAGATT::AATCTGGTGAATGCCCTTA","0","0","0.64765417","-0.6211261","-0.040285535"
"AAGGGCATTCACCAGATTT::AAATCTGGTGAATGCCCTT","0","0","0.6300545","-0.619014","-0.19197369"
"AGGGCATTCACCAGATTTT::AAAATCTGGTGAATGCCCT","0","0","0.49583721","-0.44197259","-0.066014804"
"GGGCATTCACCAGATTTTT::AAAAATCTGGTGAATGCCC","0","0","0.38256214","-0.045986658","0.36803302"
"GGCATTCACCAGATTTTTG::CAAAAATCTGGTGAATGCC","0","0","0.53767017","0.0013214683","0.42698249"
"GCATTCACCAGATTTTTGG::CCAAAAATCTGGTGAATGC","0","0","0.63423059","0.025099207","0.64634645"
"CATTCACCAGATTTTTGGA::TCCAAAAATCTGGTGAATG","0","0","0.46056497","-0.10382541","0.6504098"
"ATTCACCAGATTTTTGGAG::CTCCAAAAATCTGGTGAAT","0","0","0.75051887","-0.25499373","0.5332708"
"TTCACCAGATTTTTGGAGC::GCTCCAAAAATCTGGTGAA","0","0","0.85849807","-0.45001916","0.64908892"
"TCACCAGATTTTTGGAGCA::TGCTCCAAAAATCTGGTGA","0","0","0.65654782","-0.39483845","0.59507992"
"CACCAGATTTTTGGAGCAG::CTGCTCCAAAAATCTGGTG","0","0","0.56326952","-0.36831215","0.86156643"
"ACCAGATTTTTGGAGCAGC::GCTGCTCCAAAAATCTGGT","0","0","0.71197806","-0.38630068","0.79076332"
"CCAGATTTTTGGAGCAGCC::GGCTGCTCCAAAAATCTGG","0","0","0.63988961","-0.19546341","0.76691414"
"CAGATTTTTGGAGCAGCCT::AGGCTGCTCCAAAAATCTG","0","0","0.70539235","-0.40281843","0.57860363"
"AGATTTTTGGAGCAGCCTT::AAGGCTGCTCCAAAAATCT","0","0","0.68621504","-0.36327823","0.60758738"
"GATTTTTGGAGCAGCCTTC::GAAGGCTGCTCCAAAAATC","0","0","0.70378425","-0.42046391","0.59181443"
"ATTTTTGGAGCAGCCTTCA::TGAAGGCTGCTCCAAAAAT","0","0","0.7294041","-0.26722848","0.66643348"
"TTTTTGGAGCAGCCTTCAA::TTGAAGGCTGCTCCAAAAA","0","0","0.69153071","-0.27390859","0.71218216"
"TTTTGGAGCAGCCTTCAAA::TTTGAAGGCTGCTCCAAAA","0","0","0.74647882","-0.43757195","0.24125229"
"TTTGGAGCAGCCTTCAAAT::ATTTGAAGGCTGCTCCAAA","0","0","0.76715756","-0.30940741","0.25398062"
"TTGGAGCAGCCTTCAAATC::GATTTGAAGGCTGCTCCAA","0","0","0.87159782","-0.20759019","0.098686269"
"TGGAGCAGCCTTCAAATCA::TGATTTGAAGGCTGCTCCA","0","0","0.75865618","-0.0199881","0.12818534"
"GGAGCAGCCTTCAAATCAC::GTGATTTGAAGGCTGCTCC","0","0","0.57377919","-0.012224373","0.22196233"
"GAGCAGCCTTCAAATCACT::AGTGATTTGAAGGCTGCTC","0","0","0.611475","0.10169632","0.24374896"
"AGCAGCCTTCAAATCACTG::CAGTGATTTGAAGGCTGCT","0","0","0.73476431","0.01497124","0.11395808"
"GCAGCCTTCAAATCACTGT::ACAGTGATTTGAAGGCTGC","0","0","0.6078494","-0.13491277","-0.30778246"
"CAGCCTTCAAATCACTGTT::AACAGTGATTTGAAGGCTG","0","0","0.63062839","0.28413346","-0.25649995"
"AGCCTTCAAATCACTGTTT::AAACAGTGATTTGAAGGCT","0","0","0.6240324","0.52135687","-0.34617375"
"GCCTTCAAATCACTGTTTG::CAAACAGTGATTTGAAGGC","0","0","0.53806972","0.65702196","-0.21515601"
"CCTTCAAATCACTGTTTGG::CCAAACAGTGATTTGAAGG","0","0","0.57712343","0.5609766","-0.093508607"
"CTTCAAATCACTGTTTGGA::TCCAAACAGTGATTTGAAG","0","0","0.61744252","0.49686604","-0.1558376"
"TTCAAATCACTGTTTGGAG::CTCCAAACAGTGATTTGAA","0","0","0.83128147","0.30920501","-0.3020487"
"TCAAATCACTGTTTGGAGG::CCTCCAAACAGTGATTTGA","0","0","0.81639257","0.22122841","-0.45396276"
"CAAATCACTGTTTGGAGGA::TCCTCCAAACAGTGATTTG","0","0","0.62578876","0.071012596","-0.46546227"
"AAATCACTGTTTGGAGGAA::TTCCTCCAAACAGTGATTT","0","0","0.50343375","-0.05502971","-0.60389377"
"AATCACTGTTTGGAGGAAT::ATTCCTCCAAACAGTGATT","0","0","0.69247171","-0.20154521","-0.63429821"
"ATCACTGTTTGGAGGAATG::CATTCCTCCAAACAGTGAT","0","0","0.77806371","-0.17822312","-0.54901189"
"TCACTGTTTGGAGGAATGT::ACATTCCTCCAAACAGTGA","0","0","0.77093818","-0.15855843","-0.64243827"
"CACTGTTTGGAGGAATGTC::GACATTCCTCCAAACAGTG","0","0","0.71370562","-0.029411426","-0.52190276"
"ACTGTTTGGAGGAATGTCC::GGACATTCCTCCAAACAGT","0","0","0.87708178","0.1427699","-0.22672668"
"CTGTTTGGAGGAATGTCCT::AGGACATTCCTCCAAACAG","0","0","0.71769518","0.39300525","0.049514545"
"TGTTTGGAGGAATGTCCTG::CAGGACATTCCTCCAAACA","0","0","0.71918756","0.018818232","0.054298374"
"GTTTGGAGGAATGTCCTGG::CCAGGACATTCCTCCAAAC","0","0","0.66813381","-0.39563189","-0.15353061"
"TTTGGAGGAATGTCCTGGT::ACCAGGACATTCCTCCAAA","0","0","0.80291364","-0.37130569","-0.36586199"
"TTGGAGGAATGTCCTGGTT::AACCAGGACATTCCTCCAA","0","0","0.69787219","-0.33644588","-0.57923303"
"TGGAGGAATGTCCTGGTTC::GAACCAGGACATTCCTCCA","0","0","0.79088107","-0.30031745","-0.49461468"
"GGAGGAATGTCCTGGTTCT::AGAACCAGGACATTCCTCC","0","0","0.50237762","-0.39375371","-0.46213782"
"GAGGAATGTCCTGGTTCTC::GAGAACCAGGACATTCCTC","0","0","0.59164298","-0.27223319","-0.4475518"
"AGGAATGTCCTGGTTCTCA::TGAGAACCAGGACATTCCT","0","0","0.67318771","-0.18848826","-0.35681497"
"GGAATGTCCTGGTTCTCAC::GTGAGAACCAGGACATTCC","0","0","0.64092354","-0.099547474","-0.31267312"
"GAATGTCCTGGTTCTCACA::TGTGAGAACCAGGACATTC","0","0","0.63811791","-0.07256446","-0.33269494"
"AATGTCCTGGTTCTCACAG::CTGTGAGAACCAGGACATT","0","0","0.81556136","-0.26670896","-0.61108336"
"ATGTCCTGGTTCTCACAGA::TCTGTGAGAACCAGGACAT","0","0","0.71213188","-0.3094343","-0.49723804"
"TGTCCTGGTTCTCACAGAT::ATCTGTGAGAACCAGGACA","0","0","0.75210453","-0.43010054","-0.65229047"
"GTCCTGGTTCTCACAGATC::GATCTGTGAGAACCAGGAC","0","0","0.71126163","-0.51074415","-0.70854917"
"TCCTGGTTCTCACAGATCC::GGATCTGTGAGAACCAGGA","0","0","0.89809455","-0.63638753","-0.8545091"
"CCTGGTTCTCACAGATCCT::AGGATCTGTGAGAACCAGG","0","0","0.63092342","-0.55909656","-0.79979761"
"CTGGTTCTCACAGATCCTC::GAGGATCTGTGAGAACCAG","0","0","0.7553094","-0.50984858","-0.6547866"
"TGGTTCTCACAGATCCTCA::TGAGGATCTGTGAGAACCA","0","0","0.76581285","-0.69834747","-0.69511117"
"GGTTCTCACAGATCCTCAT::ATGAGGATCTGTGAGAACC","0","0","0.53770345","-0.63844272","-0.57319031"
"GTTCTCACAGATCCTCATA::TATGAGGATCTGTGAGAAC","0","0","0.60372653","-0.67076798","-0.70262461"
"TTCTCACAGATCCTCATAG::CTATGAGGATCTGTGAGAA","0","0","0.85534527","-0.63634433","-0.81331562"
"TCTCACAGATCCTCATAGG::CCTATGAGGATCTGTGAGA","0","0","0.7718021","-0.80837074","-0.85171813"
"CTCACAGATCCTCATAGGC::GCCTATGAGGATCTGTGAG","0","0","0.69632755","-0.89356363","-0.89861731"
"TCACAGATCCTCATAGGCA::TGCCTATGAGGATCTGTGA","0","0","0.78091403","-1.0134174","-0.88914865"
"CACAGATCCTCATAGGCAC::GTGCCTATGAGGATCTGTG","0","0","0.66271825","-0.95298816","-0.87002864"
"ACAGATCCTCATAGGCACG::CGTGCCTATGAGGATCTGT","0","0","0.71220653","-0.85053662","-0.71557888"
"CAGATCCTCATAGGCACGC::GCGTGCCTATGAGGATCTG","0","0","0.7243614","-0.77408991","-0.73888641"
"AGATCCTCATAGGCACGCT::AGCGTGCCTATGAGGATCT","0","0","0.69111201","-0.64530488","-0.66165856"
"GATCCTCATAGGCACGCTG::CAGCGTGCCTATGAGGATC","0","0","0.68824553","-0.48890871","-0.5978816"
"ATCCTCATAGGCACGCTGC::GCAGCGTGCCTATGAGGAT","0","0","0.82167912","-0.67184081","-0.67300477"
"TCCTCATAGGCACGCTGCT::AGCAGCGTGCCTATGAGGA","0","0","0.72280295","-0.43746685","-0.56562125"
"CCTCATAGGCACGCTGCTA::TAGCAGCGTGCCTATGAGG","0","0","0.51554475","-0.4488629","-0.61625807"
"CTCATAGGCACGCTGCTAG::CTAGCAGCGTGCCTATGAG","0","0","0.75662642","-0.30058256","-0.50068364"
"TCATAGGCACGCTGCTAGT::ACTAGCAGCGTGCCTATGA","0","0","0.77208785","-0.36248872","-0.64645444"
"CATAGGCACGCTGCTAGTG::CACTAGCAGCGTGCCTATG","0","0","0.75784677","-0.34201579","-0.69178591"
"ATAGGCACGCTGCTAGTGT::ACACTAGCAGCGTGCCTAT","0","0","0.85464122","-0.31592579","-0.65375932"
"TAGGCACGCTGCTAGTGTG::CACACTAGCAGCGTGCCTA","0","0","0.85360739","-0.29529875","-0.65707458"
"AGGCACGCTGCTAGTGTGG::CCACACTAGCAGCGTGCCT","0","0","0.75608827","-0.3518454","-0.67718385"
"GGCACGCTGCTAGTGTGGT::ACCACACTAGCAGCGTGCC","0","0","0.56234424","-0.28163762","-0.63369271"
"GCACGCTGCTAGTGTGGTT::AACCACACTAGCAGCGTGC","0","0","0.55783893","-0.27333598","-0.64278617"
"CACGCTGCTAGTGTGGTTA::TAACCACACTAGCAGCGTG","0","0","0.69608106","-0.35048198","-0.56767619"
"ACGCTGCTAGTGTGGTTAG::CTAACCACACTAGCAGCGT","0","0","0.66011583","-0.37885462","-0.68794989"
"CGCTGCTAGTGTGGTTAGG::CCTAACCACACTAGCAGCG","0","0","0.59566847","-0.57686409","-0.77328942"
"GCTGCTAGTGTGGTTAGGT::ACCTAACCACACTAGCAGC","0","0","0.66478898","-0.75416019","-0.91031714"
"CTGCTAGTGTGGTTAGGTT::AACCTAACCACACTAGCAG","0","0","0.59841047","-0.6158196","-0.80942841"
"TGCTAGTGTGGTTAGGTTT::AAACCTAACCACACTAGCA","0","0","0.70246753","-0.83101304","-0.93860153"
"GCTAGTGTGGTTAGGTTTG::CAAACCTAACCACACTAGC","0","0","0.60731866","-0.67883046","-0.71826483"
"CTAGTGTGGTTAGGTTTGA::TCAAACCTAACCACACTAG","0","0","0.63686593","-0.79169578","-0.60853807"
"TAGTGTGGTTAGGTTTGAA::TTCAAACCTAACCACACTA","0","0","0.72564067","-0.63643075","-0.44311354"
"AGTGTGGTTAGGTTTGAAC::GTTCAAACCTAACCACACT","0","0","0.84026707","-0.31909245","-0.27341351"
"GTGTGGTTAGGTTTGAACA::TGTTCAAACCTAACCACAC","0","0","0.71889965","-0.19566143","-0.29429774"
"TGTGGTTAGGTTTGAACAC::GTGTTCAAACCTAACCACA","0","0","0.9323375","-0.12558884","-0.39689235"
"GTGGTTAGGTTTGAACACA::TGTGTTCAAACCTAACCAC","0","0","0.75429509","0.057663199","-0.27425814"
"TGGTTAGGTTTGAACACAA::TTGTGTTCAAACCTAACCA","0","0","0.80490964","0.22020879","-0.24346981"
"GGTTAGGTTTGAACACAAA::TTTGTGTTCAAACCTAACC","0","0","0.53652798","0.27173665","-0.04672205"
"GTTAGGTTTGAACACAAAG::CTTTGTGTTCAAACCTAAC","0","0","0.83696098","0.44630584","-0.037633582"
"TTAGGTTTGAACACAAAGA::TCTTTGTGTTCAAACCTAA","0","0","0.9930683","0.46914873","0.25336995"
"TAGGTTTGAACACAAAGAA::TTCTTTGTGTTCAAACCTA","0","0","0.82633811","0.5157444","0.38075323"
"AGGTTTGAACACAAAGAAT::ATTCTTTGTGTTCAAACCT","0","0","0.65256699","0.66220836","0.51074198"
"GGTTTGAACACAAAGAATG::CATTCTTTGTGTTCAAACC","0","0","0.71364934","0.75069378","0.61680163"
"GTTTGAACACAAAGAATGG::CCATTCTTTGTGTTCAAAC","0","0","0.70208796","0.71706398","0.83950565"
"TTTGAACACAAAGAATGGA::TCCATTCTTTGTGTTCAAA","0","0","0.78538587","0.69056016","0.94869347"
"TTGAACACAAAGAATGGAT::ATCCATTCTTTGTGTTCAA","0","0","0.86434876","0.83001008","0.95210626"
"TGAACACAAAGAATGGATC::GATCCATTCTTTGTGTTCA","0","0","0.85951849","0.67227453","0.92175228"
"GAACACAAAGAATGGATCT::AGATCCATTCTTTGTGTTC","0","0","0.69624231","0.51769145","0.85432898"
"AACACAAAGAATGGATCTA::TAGATCCATTCTTTGTGTT","0","0","0.73513589","0.46382043","0.82151176"
"ACACAAAGAATGGATCTAT::ATAGATCCATTCTTTGTGT","0","0","0.70630617","0.49691466","0.98281862"
"CACAAAGAATGGATCTATC::GATAGATCCATTCTTTGTG","0","0","0.73321493","0.52573214","0.89061407"
"ACAAAGAATGGATCTATCT::AGATAGATCCATTCTTTGT","0","0","0.8466003","0.46306319","0.88252249"
"CAAAGAATGGATCTATCTC::GAGATAGATCCATTCTTTG","0","0","0.81042902","0.53156022","0.83296038"
"AAAGAATGGATCTATCTCC::GGAGATAGATCCATTCTTT","0","0","0.97706016","0.48168128","0.80038551"
"AAGAATGGATCTATCTCCC::GGGAGATAGATCCATTCTT","0","0","0.89234916","0.45585167","0.47643658"
"AGAATGGATCTATCTCCCT::AGGGAGATAGATCCATTCT","0","0","0.77988965","0.34217741","0.22283422"
"GAATGGATCTATCTCCCTC::GAGGGAGATAGATCCATTC","0","0","0.76677136","0.16817307","-0.017653284"
"AATGGATCTATCTCCCTCA::TGAGGGAGATAGATCCATT","0","0","0.77582756","-0.021195739","-0.27556126"
"ATGGATCTATCTCCCTCAC::GTGAGGGAGATAGATCCAT","0","0","0.76500655","-0.023225634","-0.5512035"
"TGGATCTATCTCCCTCACA::TGTGAGGGAGATAGATCCA","0","0","0.80220562","-0.14572685","-0.81050316"
"GGATCTATCTCCCTCACAT::ATGTGAGGGAGATAGATCC","0","0","0.63517456","-0.29781001","-0.89897825"
"GATCTATCTCCCTCACATG::CATGTGAGGGAGATAGATC","0","0","0.67906108","-0.23483019","-0.9666287"
"ATCTATCTCCCTCACATGC::GCATGTGAGGGAGATAGAT","0","0","0.9005331","-0.34092576","-0.94183017"
"TCTATCTCCCTCACATGCT::AGCATGTGAGGGAGATAGA","0","0","0.86493328","-0.33567298","-0.81860745"
"CTATCTCCCTCACATGCTT::AAGCATGTGAGGGAGATAG","0","0","0.66943988","-0.11016789","-0.74256723"
"TATCTCCCTCACATGCTTG::CAAGCATGTGAGGGAGATA","0","0","0.89368471","-0.29430854","-0.64001438"
"ATCTCCCTCACATGCTTGG::CCAAGCATGTGAGGGAGAT","0","0","0.78473029","-0.40511091","-0.50292032"
"TCTCCCTCACATGCTTGGC::GCCAAGCATGTGAGGGAGA","0","0","0.8073508","-0.4733341","-0.33120326"
"CTCCCTCACATGCTTGGCC::GGCCAAGCATGTGAGGGAG","0","0","0.70834202","-0.44764067","-0.2201439"
"TCCCTCACATGCTTGGCCC::GGGCCAAGCATGTGAGGGA","0","0","0.76895881","-0.53987214","-0.23339362"
"CCCTCACATGCTTGGCCCT::AGGGCCAAGCATGTGAGGG","0","0","0.5156595","-0.44177134","-0.25401681"
"CCTCACATGCTTGGCCCTG::CAGGGCCAAGCATGTGAGG","0","0","0.55733525","-0.28533869","-0.2315754"
"CTCACATGCTTGGCCCTGG::CCAGGGCCAAGCATGTGAG","0","0","0.6588612","-0.30767542","-0.29620545"
"TCACATGCTTGGCCCTGGG::CCCAGGGCCAAGCATGTGA","0","0","0.76907258","-0.58154773","-0.22749987"
"CACATGCTTGGCCCTGGGG::CCCCAGGGCCAAGCATGTG","0","0","0.59284397","-0.66753321","-0.27829505"
"ACATGCTTGGCCCTGGGGG::CCCCCAGGGCCAAGCATGT","0","0","0.65653112","-0.70856599","-0.37739846"
"CATGCTTGGCCCTGGGGGG::CCCCCCAGGGCCAAGCATG","1","0","0.50306721","-0.78607966","-0.4293941"
"ATGCTTGGCCCTGGGGGGA::TCCCCCCAGGGCCAAGCAT","0","0","0.45822895","-0.77030757","-0.43116979"
"TGCTTGGCCCTGGGGGGAG::CTCCCCCCAGGGCCAAGCA","0","0","0.46710831","-0.84948498","-0.4531012"
"GCTTGGCCCTGGGGGGAGT::ACTCCCCCCAGGGCCAAGC","0","0","0.31385497","-1.1538663","-0.60462165"
"CTTGGCCCTGGGGGGAGTG::CACTCCCCCCAGGGCCAAG","0","0","0.45384962","-1.1163262","-0.70888639"
"TTGGCCCTGGGGGGAGTGA::TCACTCCCCCCAGGGCCAA","0","0","0.54524041","-0.99323295","-0.81255977"
"TGGCCCTGGGGGGAGTGAT::ATCACTCCCCCCAGGGCCA","0","0","0.56379667","-0.966681","-1.1049429"
"GGCCCTGGGGGGAGTGATG::CATCACTCCCCCCAGGGCC","0","0","0.41825291","-1.0563039","-1.2071251"
"GCCCTGGGGGGAGTGATGA::TCATCACTCCCCCCAGGGC","0","0","0.41307069","-0.90069479","-1.0056122"
"CCCTGGGGGGAGTGATGAT::ATCATCACTCCCCCCAGGG","0","0","0.33602585","-0.87010372","-0.85106231"
"CCTGGGGGGAGTGATGATC::GATCATCACTCCCCCCAGG","0","0","0.61868391","-0.9020125","-0.74437105"
"CTGGGGGGAGTGATGATCT::AGATCATCACTCCCCCCAG","0","0","0.74198243","-0.71632429","-0.5203477"
"TGGGGGGAGTGATGATCTT::AAGATCATCACTCCCCCCA","0","0","0.60944339","-0.26013254","-0.53720988"
"GGGGGGAGTGATGATCTTC::GAAGATCATCACTCCCCCC","0","0","0.61035716","-0.013745112","-0.34836654"
"GGGGGAGTGATGATCTTCC::GGAAGATCATCACTCCCCC","0","0","0.68356941","-0.20368453","-0.31410005"
"GGGGAGTGATGATCTTCCT::AGGAAGATCATCACTCCCC","0","0","0.57077481","-0.25718566","-0.27129146"
"GGGAGTGATGATCTTCCTC::GAGGAAGATCATCACTCCC","0","0","0.65565428","-0.30624631","-0.38918001"
"GGAGTGATGATCTTCCTCT::AGAGGAAGATCATCACTCC","0","0","0.69649335","-0.25504144","-0.52079402"
"GAGTGATGATCTTCCTCTC::GAGAGGAAGATCATCACTC","0","0","0.66679889","-0.40989533","-0.43049967"
"AGTGATGATCTTCCTCTCC::GGAGAGGAAGATCATCACT","0","0","0.83112071","-0.31137646","-0.40396623"
"GTGATGATCTTCCTCTCCA::TGGAGAGGAAGATCATCAC","0","0","0.66885438","-0.39928061","-0.4540008"
"TGATGATCTTCCTCTCCAC::GTGGAGAGGAAGATCATCA","0","0","0.79161479","-0.54576757","-0.43759007"
"GATGATCTTCCTCTCCACG::CGTGGAGAGGAAGATCATC","0","0","0.69953197","-0.58111325","-0.51352347"
"ATGATCTTCCTCTCCACGG::CCGTGGAGAGGAAGATCAT","0","0","0.83588742","-0.7015638","-0.74787558"
"TGATCTTCCTCTCCACGGC::GCCGTGGAGAGGAAGATCA","0","0","0.83775536","-0.67944069","-0.75791898"
"GATCTTCCTCTCCACGGCT::AGCCGTGGAGAGGAAGATC","0","0","0.60749984","-0.82207121","-0.82441161"
"ATCTTCCTCTCCACGGCTG::CAGCCGTGGAGAGGAAGAT","0","0","0.69690564","-0.81969955","-0.76327115"
"TCTTCCTCTCCACGGCTGT::ACAGCCGTGGAGAGGAAGA","0","0","0.73047913","-1.0663134","-0.69088646"
"CTTCCTCTCCACGGCTGTT::AACAGCCGTGGAGAGGAAG","0","0","0.48940613","-0.81415288","-0.87506514"
"TTCCTCTCCACGGCTGTTT::AAACAGCCGTGGAGAGGAA","0","0","0.74938496","-0.24177728","-0.84319614"
"TCCTCTCCACGGCTGTTTC::GAAACAGCCGTGGAGAGGA","0","0","0.70924159","-0.22254828","-0.81829526"
"CCTCTCCACGGCTGTTTCT::AGAAACAGCCGTGGAGAGG","0","0","0.50896854","-0.08555576","-0.71891814"
"CTCTCCACGGCTGTTTCTG::CAGAAACAGCCGTGGAGAG","0","0","0.65813946","-0.06831694","-0.48148467"
"TCTCCACGGCTGTTTCTGC::GCAGAAACAGCCGTGGAGA","0","0","0.74789923","0.15798072","-0.51196891"
"CTCCACGGCTGTTTCTGCT::AGCAGAAACAGCCGTGGAG","0","0","0.63304946","0.38155483","-0.46217908"
"TCCACGGCTGTTTCTGCTG::CAGCAGAAACAGCCGTGGA","0","0","0.79215996","0.18891344","-0.64230825"
"CCACGGCTGTTTCTGCTGA::TCAGCAGAAACAGCCGTGG","0","0","0.50389689","0.45286344","-0.53281917"
"CACGGCTGTTTCTGCTGAC::GTCAGCAGAAACAGCCGTG","0","0","0.60918802","0.62097495","-0.40460107"
"ACGGCTGTTTCTGCTGACG::CGTCAGCAGAAACAGCCGT","0","0","0.75889694","0.74508871","-0.31914689"
"CGGCTGTTTCTGCTGACGT::ACGTCAGCAGAAACAGCCG","0","0","0.6265404","0.80218748","-0.35118768"
"GGCTGTTTCTGCTGACGTG::CACGTCAGCAGAAACAGCC","0","0","0.55268649","0.81444095","-0.31318165"
"GCTGTTTCTGCTGACGTGG::CCACGTCAGCAGAAACAGC","0","0","0.72898772","0.68422996","-0.45473005"
"CTGTTTCTGCTGACGTGGG::CCCACGTCAGCAGAAACAG","0","0","0.70895818","0.63836729","-0.61011492"
"TGTTTCTGCTGACGTGGGG::CCCCACGTCAGCAGAAACA","0","0","0.79557671","0.13971754","-0.62964514"
"GTTTCTGCTGACGTGGGGT::ACCCCACGTCAGCAGAAAC","0","0","0.66651832","-0.25280068","-0.69693996"
"TTTCTGCTGACGTGGGGTG::CACCCCACGTCAGCAGAAA","0","0","0.74591658","-0.17339448","-0.68076412"
"TTCTGCTGACGTGGGGTGC::GCACCCCACGTCAGCAGAA","0","0","0.77269585","-0.1752714","-0.78696332"
"TCTGCTGACGTGGGGTGCT::AGCACCCCACGTCAGCAGA","0","0","0.78493046","-0.25718742","-1.1007503"
"CTGCTGACGTGGGGTGCTC::GAGCACCCCACGTCAGCAG","0","0","0.60978026","-0.36278277","-1.110903"
"TGCTGACGTGGGGTGCTCA::TGAGCACCCCACGTCAGCA","0","0","0.6260053","-0.58228238","-1.3076958"
"GCTGACGTGGGGTGCTCAG::CTGAGCACCCCACGTCAGC","0","0","0.56623072","-0.41592544","-1.1707425"
"CTGACGTGGGGTGCTCAGT::ACTGAGCACCCCACGTCAG","0","0","0.71911354","-0.66596422","-1.3556688"
"TGACGTGGGGTGCTCAGTG::CACTGAGCACCCCACGTCA","0","0","0.81616848","-0.93838877","-1.5088579"
"GACGTGGGGTGCTCAGTGG::CCACTGAGCACCCCACGTC","0","0","0.5909781","-1.0938929","-1.5161904"
"ACGTGGGGTGCTCAGTGGA::TCCACTGAGCACCCCACGT","0","0","0.56275467","-1.2068088","-1.5464876"
"CGTGGGGTGCTCAGTGGAC::GTCCACTGAGCACCCCACG","0","0","0.55189772","-1.17212","-1.5515903"
"GTGGGGTGCTCAGTGGACT::AGTCCACTGAGCACCCCAC","0","0","0.67668579","-1.0875963","-1.4967843"
"TGGGGTGCTCAGTGGACTT::AAGTCCACTGAGCACCCCA","0","0","0.67738563","-1.0820591","-1.2869727"
"GGGGTGCTCAGTGGACTTC::GAAGTCCACTGAGCACCCC","0","0","0.54308227","-0.80774657","-1.0616986"
"GGGTGCTCAGTGGACTTCT::AGAAGTCCACTGAGCACCC","0","0","0.63712303","-0.54456572","-0.97609329"
"GGTGCTCAGTGGACTTCTC::GAGAAGTCCACTGAGCACC","0","0","0.64237613","-0.36526525","-0.9374211"
"GTGCTCAGTGGACTTCTCA::TGAGAAGTCCACTGAGCAC","0","0","0.67709582","-0.41302715","-0.83397401"
"TGCTCAGTGGACTTCTCAA::TTGAGAAGTCCACTGAGCA","0","0","0.67047493","-0.33544343","-0.69912799"
"GCTCAGTGGACTTCTCAAA::TTTGAGAAGTCCACTGAGC","0","0","0.48216197","-0.22752623","-0.76849675"
"CTCAGTGGACTTCTCAAAA::TTTTGAGAAGTCCACTGAG","0","0","0.56202849","-0.29615169","-0.72405142"
"TCAGTGGACTTCTCAAAAA::TTTTTGAGAAGTCCACTGA","0","0","0.64727642","0.16922568","-0.40650995"
"CAGTGGACTTCTCAAAAAA::TTTTTTGAGAAGTCCACTG","0","0","0.46609005","0.67844971","-0.013669132"
"AGTGGACTTCTCAAAAAAG::CTTTTTTGAGAAGTCCACT","0","0","0.63013154","0.82482086","0.22146867"
"GTGGACTTCTCAAAAAAGG::CCTTTTTTGAGAAGTCCAC","0","0","0.67242959","1.0166343","0.14268985"
"TGGACTTCTCAAAAAAGGA::TCCTTTTTTGAGAAGTCCA","0","0","0.70717119","1.1983354","0.37320051"
"GGACTTCTCAAAAAAGGAA::TTCCTTTTTTGAGAAGTCC","0","0","0.39292458","1.1164188","0.2165075"
"GACTTCTCAAAAAAGGAAA::TTTCCTTTTTTGAGAAGTC","0","0","0.41472432","0.98333378","0.35474524"
"ACTTCTCAAAAAAGGAAAC::GTTTCCTTTTTTGAGAAGT","0","0","0.49633028","1.0103574","0.17395659"
"CTTCTCAAAAAAGGAAACG::CGTTTCCTTTTTTGAGAAG","0","0","0.58989251","1.052025","0.14506331"
"TTCTCAAAAAAGGAAACGA::TCGTTTCCTTTTTTGAGAA","0","0","0.6101613","0.92333789","0.13240037"
"TCTCAAAAAAGGAAACGAG::CTCGTTTCCTTTTTTGAGA","0","0","0.61923093","0.79433131","0.11418702"
"CTCAAAAAAGGAAACGAGA::TCTCGTTTCCTTTTTTGAG","0","0","0.4956707","0.76396115","0.086407321"
"TCAAAAAAGGAAACGAGAT::ATCTCGTTTCCTTTTTTGA","0","0","0.60609979","0.86443986","0.29055306"
"CAAAAAAGGAAACGAGATG::CATCTCGTTTCCTTTTTTG","2","0","0.64271737","0.79651353","0.48448944"
"AAAAAAGGAAACGAGATGT::ACATCTCGTTTCCTTTTTT","3","2","0.76636081","0.77099388","0.57344829"
"AAAAAGGAAACGAGATGTG::CACATCTCGTTTCCTTTTT","3","2","0.74054663","0.29995965","0.22089184"
"AAAAGGAAACGAGATGTGG::CCACATCTCGTTTCCTTTT","4","2","0.79332693","-0.22713404","-0.072970719"
"AAAGGAAACGAGATGTGGC::GCCACATCTCGTTTCCTTT","0","0","0.80595687","-0.27723784","-0.068350055"
"AAGGAAACGAGATGTGGCA::TGCCACATCTCGTTTCCTT","0","0","0.6541203","-0.43373562","-0.062666398"
"AGGAAACGAGATGTGGCAC::GTGCCACATCTCGTTTCCT","0","0","0.62487988","-0.62543927","-0.28398163"
"GGAAACGAGATGTGGCACG::CGTGCCACATCTCGTTTCC","0","0","0.57543095","-0.53701775","-0.15470281"
"GAAACGAGATGTGGCACGG::CCGTGCCACATCTCGTTTC","0","0","0.60832952","-0.49521077","-0.41422704"
"AAACGAGATGTGGCACGGG::CCCGTGCCACATCTCGTTT","0","0","0.72900673","-0.53485387","-0.34299689"
"AACGAGATGTGGCACGGGG::CCCCGTGCCACATCTCGTT","0","0","0.68065409","-0.74895561","-0.38678545"
"ACGAGATGTGGCACGGGGG::CCCCCGTGCCACATCTCGT","0","0","0.67447028","-0.89228403","-0.49194337"
"CGAGATGTGGCACGGGGGT::ACCCCCGTGCCACATCTCG","0","0","0.47790555","-0.96095391","-0.54845157"
"GAGATGTGGCACGGGGGTA::TACCCCCGTGCCACATCTC","0","0","0.44195909","-0.99593955","-0.5181629"
"AGATGTGGCACGGGGGTAT::ATACCCCCGTGCCACATCT","0","0","0.50997062","-1.1058283","-0.66838379"
"GATGTGGCACGGGGGTATT::AATACCCCCGTGCCACATC","0","0","0.38599542","-1.1207854","-0.90564067"
"ATGTGGCACGGGGGTATTC::GAATACCCCCGTGCCACAT","0","0","0.62121899","-0.98318762","-0.93336433"
"TGTGGCACGGGGGTATTCA::TGAATACCCCCGTGCCACA","0","0","0.67270733","-0.8712381","-0.95401882"
"GTGGCACGGGGGTATTCAT::ATGAATACCCCCGTGCCAC","0","0","0.47138908","-0.66872867","-0.88089748"
"TGGCACGGGGGTATTCATC::GATGAATACCCCCGTGCCA","0","0","0.76568286","-0.4611805","-0.98331571"
"GGCACGGGGGTATTCATCT::AGATGAATACCCCCGTGCC","0","0","0.59785561","-0.28213181","-0.85330817"
"GCACGGGGGTATTCATCTA::TAGATGAATACCCCCGTGC","0","0","0.42654354","-0.27458015","-0.92775271"
"CACGGGGGTATTCATCTAT::ATAGATGAATACCCCCGTG","0","0","0.56709715","-0.20072936","-0.88196604"
"ACGGGGGTATTCATCTATA::TATAGATGAATACCCCCGT","0","0","0.5532263","-0.15170297","-0.7878659"
"CGGGGGTATTCATCTATAA::TTATAGATGAATACCCCCG","0","0","0.44686001","-0.14874022","-0.63961527"
"GGGGGTATTCATCTATAAT::ATTATAGATGAATACCCCC","0","0","0.457079","-0.032168009","-0.50607744"
"GGGGTATTCATCTATAATG::CATTATAGATGAATACCCC","0","0","0.63633331","0.055865652","-0.38347998"
"GGGTATTCATCTATAATGA::TCATTATAGATGAATACCC","0","0","0.49984982","0.28119166","-0.15673512"
"GGTATTCATCTATAATGAT::ATCATTATAGATGAATACC","0","0","0.48537887","0.36341829","-0.17372178"
"GTATTCATCTATAATGATG::CATCATTATAGATGAATAC","0","0","0.70355409","0.34657641","-0.10661134"
"TATTCATCTATAATGATGT::ACATCATTATAGATGAATA","0","0","0.86576117","0.32041284","0.0049097178"
"ATTCATCTATAATGATGTT::AACATCATTATAGATGAAT","0","0","0.62974356","0.11488079","-0.16579635"
"TTCATCTATAATGATGTTG::CAACATCATTATAGATGAA","0","0","0.90309387","-0.063547683","-0.14275861"
"TCATCTATAATGATGTTGA::TCAACATCATTATAGATGA","0","0","0.77139979","-0.2205739","-0.20045922"
"CATCTATAATGATGTTGAA::TTCAACATCATTATAGATG","0","0","0.46540362","-0.19350176","-0.17984304"
"ATCTATAATGATGTTGAAG::CTTCAACATCATTATAGAT","0","0","0.80434083","-0.2096566","-0.051843276"
"TCTATAATGATGTTGAAGC::GCTTCAACATCATTATAGA","0","0","0.95065828","-0.29718615","0.10243087"
"CTATAATGATGTTGAAGCC::GGCTTCAACATCATTATAG","0","0","0.73238545","-0.49621413","-0.037954336"
"TATAATGATGTTGAAGCCT::AGGCTTCAACATCATTATA","0","0","0.90124767","-0.54745435","-0.046272079"
"ATAATGATGTTGAAGCCTG::CAGGCTTCAACATCATTAT","0","0","0.88240435","-0.48232712","-0.23362708"
"TAATGATGTTGAAGCCTGG::CCAGGCTTCAACATCATTA","0","0","0.84703278","-0.66569641","-0.61692748"
"AATGATGTTGAAGCCTGGA::TCCAGGCTTCAACATCATT","0","0","0.72886555","-0.63687253","-0.69255085"
"ATGATGTTGAAGCCTGGAG::CTCCAGGCTTCAACATCAT","0","0","0.80803626","-0.81500666","-0.8647112"
"TGATGTTGAAGCCTGGAGG::CCTCCAGGCTTCAACATCA","0","0","0.84943115","-0.83412517","-0.88651966"
"GATGTTGAAGCCTGGAGGG::CCCTCCAGGCTTCAACATC","0","0","0.61892034","-0.91551641","-0.94285339"
"ATGTTGAAGCCTGGAGGGA::TCCCTCCAGGCTTCAACAT","0","0","0.5752757","-1.0204534","-1.0803449"
"TGTTGAAGCCTGGAGGGAC::GTCCCTCCAGGCTTCAACA","0","0","0.76726987","-0.98812682","-1.0791735"
"GTTGAAGCCTGGAGGGACC::GGTCCCTCCAGGCTTCAAC","0","0","0.67847243","-0.96385117","-1.1021686"
"TTGAAGCCTGGAGGGACCG::CGGTCCCTCCAGGCTTCAA","0","0","0.89455393","-0.86361699","-1.0777073"
"TGAAGCCTGGAGGGACCGG::CCGGTCCCTCCAGGCTTCA","0","0","0.72165219","-1.0052239","-1.1072183"
"GAAGCCTGGAGGGACCGGT::ACCGGTCCCTCCAGGCTTC","0","0","0.67985785","-1.0683654","-1.2408849"
"AAGCCTGGAGGGACCGGTA::TACCGGTCCCTCCAGGCTT","0","0","0.71186536","-0.98260718","-1.3085005"
"AGCCTGGAGGGACCGGTAC::GTACCGGTCCCTCCAGGCT","0","0","0.63868825","-0.94580746","-1.2437474"
"GCCTGGAGGGACCGGTACA::TGTACCGGTCCCTCCAGGC","0","0","0.46967484","-0.88476006","-1.2455358"
"CCTGGAGGGACCGGTACAA::TTGTACCGGTCCCTCCAGG","0","0","0.51145618","-0.92868507","-1.1433756"
"CTGGAGGGACCGGTACAAG::CTTGTACCGGTCCCTCCAG","0","0","0.71131874","-0.71947713","-0.9211223"
"TGGAGGGACCGGTACAAGT::ACTTGTACCGGTCCCTCCA","0","0","0.84751631","-0.61357123","-1.0053638"
"GGAGGGACCGGTACAAGTA::TACTTGTACCGGTCCCTCC","0","0","0.62880968","-0.73961683","-0.96370367"
"GAGGGACCGGTACAAGTAC::GTACTTGTACCGGTCCCTC","0","0","0.67712892","-0.57098047","-0.90678732"
"AGGGACCGGTACAAGTACC::GGTACTTGTACCGGTCCCT","0","0","0.74712293","-0.51596939","-0.96438827"
"GGGACCGGTACAAGTACCA::TGGTACTTGTACCGGTCCC","0","0","0.62685255","-0.42114359","-0.87411388"
"GGACCGGTACAAGTACCAT::ATGGTACTTGTACCGGTCC","0","0","0.51694637","-0.42400098","-0.70283659"
"GACCGGTACAAGTACCATC::GATGGTACTTGTACCGGTC","0","0","0.79947575","-0.33249506","-0.53027873"
"ACCGGTACAAGTACCATCC::GGATGGTACTTGTACCGGT","0","0","0.84265478","-0.3863669","-0.46309125"
"CCGGTACAAGTACCATCCT::AGGATGGTACTTGTACCGG","0","0","0.56259787","-0.3592369","-0.54729269"
"CGGTACAAGTACCATCCTG::CAGGATGGTACTTGTACCG","0","0","0.64223573","-0.45566365","-0.62891343"
"GGTACAAGTACCATCCTGA::TCAGGATGGTACTTGTACC","0","0","0.63259478","-0.41086202","-0.6028442"
"GTACAAGTACCATCCTGAC::GTCAGGATGGTACTTGTAC","0","0","0.7156223","-0.21924297","-0.4723523"
"TACAAGTACCATCCTGACT::AGTCAGGATGGTACTTGTA","0","0","0.98180545","-0.23392965","-0.49506482"
"ACAAGTACCATCCTGACTC::GAGTCAGGATGGTACTTGT","0","0","1.008104","-0.12495504","-0.56072182"
"CAAGTACCATCCTGACTCC::GGAGTCAGGATGGTACTTG","0","0","0.69806018","-0.25287114","-0.5808678"
"AAGTACCATCCTGACTCCC::GGGAGTCAGGATGGTACTT","0","0","0.83877361","-0.40431888","-0.5002358"
"AGTACCATCCTGACTCCCC::GGGGAGTCAGGATGGTACT","0","0","0.79039074","-0.20081173","-0.53175798"
"GTACCATCCTGACTCCCCC::GGGGGAGTCAGGATGGTAC","0","0","0.70638713","-0.48025448","-0.67973991"
"TACCATCCTGACTCCCCCC::GGGGGGAGTCAGGATGGTA","0","0","0.81512188","-0.50616023","-0.62418475"
"ACCATCCTGACTCCCCCCG::CGGGGGGAGTCAGGATGGT","0","0","0.72490848","-0.44259853","-0.64819418"
"CCATCCTGACTCCCCCCGC::GCGGGGGGAGTCAGGATGG","0","0","0.6220498","-0.44091648","-0.69512612"
"CATCCTGACTCCCCCCGCA::TGCGGGGGGAGTCAGGATG","0","0","0.53516598","-0.49683684","-0.87534132"
"ATCCTGACTCCCCCCGCAG::CTGCGGGGGGAGTCAGGAT","0","0","0.72925394","-0.46754772","-1.0148576"
"TCCTGACTCCCCCCGCAGA::TCTGCGGGGGGAGTCAGGA","0","0","0.58396069","-0.48051215","-0.92337987"
"CCTGACTCCCCCCGCAGAT::ATCTGCGGGGGGAGTCAGG","0","0","0.47093195","-0.41889831","-0.82058508"
"CTGACTCCCCCCGCAGATT::AATCTGCGGGGGGAGTCAG","0","0","0.54268874","-0.43407143","-0.76967014"
"TGACTCCCCCCGCAGATTG::CAATCTGCGGGGGGAGTCA","0","0","0.76906811","-0.66800413","-0.84385048"
"GACTCCCCCCGCAGATTGG::CCAATCTGCGGGGGGAGTC","0","0","0.5140441","-0.62939116","-0.71542329"
"ACTCCCCCCGCAGATTGGC::GCCAATCTGCGGGGGGAGT","0","0","0.55113292","-0.61689007","-0.39898065"
"CTCCCCCCGCAGATTGGCA::TGCCAATCTGCGGGGGGAG","0","0","0.43938541","-0.61544428","-0.49784322"
"TCCCCCCGCAGATTGGCAG::CTGCCAATCTGCGGGGGGA","0","0","0.61429479","-0.7300764","-0.64772638"
"CCCCCCGCAGATTGGCAGC::GCTGCCAATCTGCGGGGGG","0","0","0.47835251","-0.85086719","-0.75893011"
"CCCCCGCAGATTGGCAGCA::TGCTGCCAATCTGCGGGGG","0","0","0.38420855","-1.0152156","-0.94327062"
"CCCCGCAGATTGGCAGCAG::CTGCTGCCAATCTGCGGGG","0","0","0.43151485","-0.82211265","-0.57632072"
"CCCGCAGATTGGCAGCAGC::GCTGCTGCCAATCTGCGGG","0","0","0.56951138","-0.88632644","-0.59258128"
"CCGCAGATTGGCAGCAGCA::TGCTGCTGCCAATCTGCGG","0","0","0.60113138","-0.96245812","-0.67835392"
"CGCAGATTGGCAGCAGCAG::CTGCTGCTGCCAATCTGCG","0","0","0.57205937","-0.80192033","-0.28663205"
"GCAGATTGGCAGCAGCAGT::ACTGCTGCTGCCAATCTGC","0","0","0.57579816","-0.87860762","-0.34252275"
"CAGATTGGCAGCAGCAGTC::GACTGCTGCTGCCAATCTG","0","0","0.76807349","-0.8887854","-0.36099432"
"AGATTGGCAGCAGCAGTCA::TGACTGCTGCTGCCAATCT","0","0","0.64408574","-0.95082297","-0.38560953"
"GATTGGCAGCAGCAGTCAA::TTGACTGCTGCTGCCAATC","0","0","0.48761368","-0.95008663","-0.52957223"
"ATTGGCAGCAGCAGTCAAG::CTTGACTGCTGCTGCCAAT","0","0","0.77645634","-0.82363155","-0.60391265"
"TTGGCAGCAGCAGTCAAGC::GCTTGACTGCTGCTGCCAA","0","0","0.92884763","-0.74488291","-0.73629319"
"TGGCAGCAGCAGTCAAGCA::TGCTTGACTGCTGCTGCCA","0","0","0.68978718","-0.66449053","-0.66657504"
"GGCAGCAGCAGTCAAGCAG::CTGCTTGACTGCTGCTGCC","0","0","0.58353203","-0.42296989","-0.21032186"
"GCAGCAGCAGTCAAGCAGG::CCTGCTTGACTGCTGCTGC","0","0","0.6400754","-0.39232","0.20062181"
"CAGCAGCAGTCAAGCAGGC::GCCTGCTTGACTGCTGCTG","0","0","0.61202281","-0.45254373","0.27227667"
"AGCAGCAGTCAAGCAGGCC::GGCCTGCTTGACTGCTGCT","0","0","0.67198673","-0.25543971","0.5527123"
"GCAGCAGTCAAGCAGGCCT::AGGCCTGCTTGACTGCTGC","0","0","0.56818781","-0.33188432","0.28007547"
"CAGCAGTCAAGCAGGCCTG::CAGGCCTGCTTGACTGCTG","0","0","0.66246125","-0.27727528","0.31324692"
"AGCAGTCAAGCAGGCCTGG::CCAGGCCTGCTTGACTGCT","0","0","0.56572118","-0.17762987","0.31194526"
"GCAGTCAAGCAGGCCTGGG::CCCAGGCCTGCTTGACTGC","0","0","0.53891162","-0.58556382","-0.056128508"
"CAGTCAAGCAGGCCTGGGA::TCCCAGGCCTGCTTGACTG","0","0","0.55232925","-0.61372375","0.0099775661"
"AGTCAAGCAGGCCTGGGAA::TTCCCAGGCCTGCTTGACT","0","0","0.48631284","-0.72111794","-0.011726245"
"GTCAAGCAGGCCTGGGAAG::CTTCCCAGGCCTGCTTGAC","0","0","0.47514206","-0.70747036","-0.26480594"
"TCAAGCAGGCCTGGGAAGA::TCTTCCCAGGCCTGCTTGA","0","0","0.58759384","-0.61709659","-0.081887044"
"CAAGCAGGCCTGGGAAGAG::CTCTTCCCAGGCCTGCTTG","0","0","0.55076432","-0.59110576","0.20295912"
"AAGCAGGCCTGGGAAGAGG::CCTCTTCCCAGGCCTGCTT","0","0","0.67122311","-0.85303149","0.26255072"
"AGCAGGCCTGGGAAGAGGG::CCCTCTTCCCAGGCCTGCT","0","0","0.57479814","-1.0625417","-0.094009104"
"GCAGGCCTGGGAAGAGGGG::CCCCTCTTCCCAGGCCTGC","0","0","0.4522389","-1.2932479","-0.33008936"
"CAGGCCTGGGAAGAGGGGA::TCCCCTCTTCCCAGGCCTG","1","0","0.55911904","-1.2235123","-0.5220925"
"AGGCCTGGGAAGAGGGGAT::ATCCCCTCTTCCCAGGCCT","0","0","0.50795531","-1.1273428","-0.4797968"
"GGCCTGGGAAGAGGGGATC::GATCCCCTCTTCCCAGGCC","0","0","0.46579082","-1.2010573","-0.55505648"
"GCCTGGGAAGAGGGGATCT::AGATCCCCTCTTCCCAGGC","0","0","0.42633601","-1.2507441","-0.59715494"
"CCTGGGAAGAGGGGATCTG::CAGATCCCCTCTTCCCAGG","0","0","0.54194625","-1.1915728","-0.48814738"
"CTGGGAAGAGGGGATCTGT::ACAGATCCCCTCTTCCCAG","0","0","0.66338706","-0.98215024","-0.3273411"
"TGGGAAGAGGGGATCTGTG::CACAGATCCCCTCTTCCCA","0","0","0.78885513","-0.89576352","-0.3906297"
"GGGAAGAGGGGATCTGTGG::CCACAGATCCCCTCTTCCC","0","0","0.66590185","-0.90231075","-0.37379882"
"GGAAGAGGGGATCTGTGGG::CCCACAGATCCCCTCTTCC","0","0","0.62174413","-0.89768296","-0.5414181"
"GAAGAGGGGATCTGTGGGA::TCCCACAGATCCCCTCTTC","0","0","0.59557523","-0.97169078","-0.34890916"
"AAGAGGGGATCTGTGGGAT::ATCCCACAGATCCCCTCTT","0","0","0.63683157","-0.9907392","-0.37612297"
"AGAGGGGATCTGTGGGATC::GATCCCACAGATCCCCTCT","0","0","0.6444051","-0.94421166","-0.45721126"
"GAGGGGATCTGTGGGATCT::AGATCCCACAGATCCCCTC","0","0","0.61822446","-0.6679078","-0.35141545"
"AGGGGATCTGTGGGATCTC::GAGATCCCACAGATCCCCT","0","0","0.68255746","-0.49931279","-0.24063937"
"GGGGATCTGTGGGATCTCA::TGAGATCCCACAGATCCCC","0","0","0.49374682","-0.34912683","-0.26871212"
"GGGATCTGTGGGATCTCAT::ATGAGATCCCACAGATCCC","0","0","0.61486083","-0.28575604","-0.25154405"
"GGATCTGTGGGATCTCATC::GATGAGATCCCACAGATCC","0","0","0.69188587","-0.23317747","-0.24860691"
"GATCTGTGGGATCTCATCC::GGATGAGATCCCACAGATC","0","0","0.81748251","-0.29481855","-0.28331762"
"ATCTGTGGGATCTCATCCG::CGGATGAGATCCCACAGAT","0","0","0.88321536","-0.44974304","-0.34232515"
"TCTGTGGGATCTCATCCGT::ACGGATGAGATCCCACAGA","0","0","0.78434214","-0.58538705","-0.34354975"
"CTGTGGGATCTCATCCGTT::AACGGATGAGATCCCACAG","0","0","0.61972808","-0.72517358","-0.37149418"
"TGTGGGATCTCATCCGTTT::AAACGGATGAGATCCCACA","0","0","0.75889092","-0.46317342","-0.11940972"
"GTGGGATCTCATCCGTTTC::GAAACGGATGAGATCCCAC","0","0","0.67394577","-0.47298928","-0.13899629"
"TGGGATCTCATCCGTTTCA::TGAAACGGATGAGATCCCA","0","0","0.6887532","-0.45406256","0.06767491"
"GGGATCTCATCCGTTTCAA::TTGAAACGGATGAGATCCC","0","0","0.38476705","-0.25350574","0.28364953"
"GGATCTCATCCGTTTCAAG::CTTGAAACGGATGAGATCC","0","0","0.54697019","-0.25148196","0.20020839"
"GATCTCATCCGTTTCAAGA::TCTTGAAACGGATGAGATC","0","0","0.61565989","-0.26246623","0.2198075"
"ATCTCATCCGTTTCAAGAA::TTCTTGAAACGGATGAGAT","0","0","0.65619538","-0.34366513","0.33652205"
"TCTCATCCGTTTCAAGAAT::ATTCTTGAAACGGATGAGA","0","0","0.64470296","-0.31909549","0.36057194"
"CTCATCCGTTTCAAGAATG::CATTCTTGAAACGGATGAG","0","0","0.64883939","-0.23299168","0.44118776"
"TCATCCGTTTCAAGAATGG::CCATTCTTGAAACGGATGA","0","0","0.74893001","-0.26767131","0.54219259"
"CATCCGTTTCAAGAATGGA::TCCATTCTTGAAACGGATG","0","0","0.54512125","-0.32928158","0.69235228"
"ATCCGTTTCAAGAATGGAA::TTCCATTCTTGAAACGGAT","0","0","0.67796216","-0.42845636","0.75041213"
"TCCGTTTCAAGAATGGAAA::TTTCCATTCTTGAAACGGA","0","0","0.63449986","-0.49398728","0.87830287"
"CCGTTTCAAGAATGGAAAA::TTTTCCATTCTTGAAACGG","0","0","0.27793747","-0.31685684","1.0581979"
"CGTTTCAAGAATGGAAAAC::GTTTTCCATTCTTGAAACG","0","0","0.45588821","-0.40768107","1.1559532"
"GTTTCAAGAATGGAAAACA::TGTTTTCCATTCTTGAAAC","0","0","0.53084921","-0.50567119","1.319102"
"TTTCAAGAATGGAAAACAT::ATGTTTTCCATTCTTGAAA","0","0","0.65717293","-0.57194553","1.2866792"
"TTCAAGAATGGAAAACATC::GATGTTTTCCATTCTTGAA","0","0","0.85677383","-0.49731218","1.1974304"
"TCAAGAATGGAAAACATCA::TGATGTTTTCCATTCTTGA","0","0","0.75427023","-0.54556311","1.0394632"
"CAAGAATGGAAAACATCAT::ATGATGTTTTCCATTCTTG","0","0","0.61626937","-0.54118982","1.1334737"
"AAGAATGGAAAACATCATG::CATGATGTTTTCCATTCTT","0","0","0.80975306","-0.5778802","1.0769884"
"AGAATGGAAAACATCATGT::ACATGATGTTTTCCATTCT","0","0","0.77233347","-0.59308955","0.99302511"
"GAATGGAAAACATCATGTG::CACATGATGTTTTCCATTC","0","0","0.69374292","-0.75897079","0.78880689"
"AATGGAAAACATCATGTGG::CCACATGATGTTTTCCATT","0","0","0.79117634","-0.97420161","0.6500353"
"ATGGAAAACATCATGTGGA::TCCACATGATGTTTTCCAT","0","0","0.79072734","-1.0092992","0.41047932"
"TGGAAAACATCATGTGGAA::TTCCACATGATGTTTTCCA","0","0","0.57347286","-1.1139431","0.34968302"
"GGAAAACATCATGTGGAAA::TTTCCACATGATGTTTTCC","0","0","0.32821149","-1.0768526","0.3762243"
"GAAAACATCATGTGGAAAT::ATTTCCACATGATGTTTTC","0","0","0.56638221","-1.1079994","0.29306513"
"AAAACATCATGTGGAAATC::GATTTCCACATGATGTTTT","0","0","0.73513348","-1.1253901","0.11546754"
"AAACATCATGTGGAAATCA::TGATTTCCACATGATGTTT","0","0","0.69436975","-0.92744364","0.11847209"
"AACATCATGTGGAAATCAG::CTGATTTCCACATGATGTT","0","0","0.78395909","-0.92491465","-0.19439567"
"ACATCATGTGGAAATCAGT::ACTGATTTCCACATGATGT","0","0","0.6988791","-0.77748872","-0.20318465"
"CATCATGTGGAAATCAGTA::TACTGATTTCCACATGATG","0","0","0.62916951","-0.81368189","-0.30875257"
"ATCATGTGGAAATCAGTAG::CTACTGATTTCCACATGAT","0","0","0.84252476","-0.97190113","-0.37484052"
"TCATGTGGAAATCAGTAGA::TCTACTGATTTCCACATGA","0","0","0.71785012","-1.1295628","-0.39179887"
"CATGTGGAAATCAGTAGAA::TTCTACTGATTTCCACATG","0","0","0.52754518","-0.97609977","-0.46480879"
"ATGTGGAAATCAGTAGAAG::CTTCTACTGATTTCCACAT","0","0","0.69930999","-0.95244754","-0.34994051"
"TGTGGAAATCAGTAGAAGG::CCTTCTACTGATTTCCACA","0","0","0.79184521","-0.87933785","-0.33801247"
"GTGGAAATCAGTAGAAGGG::CCCTTCTACTGATTTCCAC","0","0","0.69196842","-0.82780776","-0.32998585"
"TGGAAATCAGTAGAAGGGG::CCCCTTCTACTGATTTCCA","0","0","0.83632692","-0.96217677","-0.20740839"
"GGAAATCAGTAGAAGGGGA::TCCCCTTCTACTGATTTCC","0","0","0.46298751","-0.85857759","-0.27201713"
"GAAATCAGTAGAAGGGGAG::CTCCCCTTCTACTGATTTC","0","0","0.70023967","-0.84805726","-0.42228652"
"AAATCAGTAGAAGGGGAGC::GCTCCCCTTCTACTGATTT","0","0","0.79619825","-0.90166988","-0.48938966"
"AATCAGTAGAAGGGGAGCT::AGCTCCCCTTCTACTGATT","0","0","0.75950056","-1.0361624","-0.5317315"
"ATCAGTAGAAGGGGAGCTC::GAGCTCCCCTTCTACTGAT","0","0","0.79623073","-1.1373522","-0.6316149"
"TCAGTAGAAGGGGAGCTCA::TGAGCTCCCCTTCTACTGA","0","0","0.69574765","-1.0829064","-0.74264958"
"CAGTAGAAGGGGAGCTCAA::TTGAGCTCCCCTTCTACTG","0","0","0.54678731","-1.0434369","-0.74180703"
"AGTAGAAGGGGAGCTCAAT::ATTGAGCTCCCCTTCTACT","0","0","0.63817985","-0.80815621","-0.54311792"
"GTAGAAGGGGAGCTCAATG::CATTGAGCTCCCCTTCTAC","0","0","0.73338582","-0.6422073","-0.35313828"
"TAGAAGGGGAGCTCAATGC::GCATTGAGCTCCCCTTCTA","0","0","0.9648014","-0.49699359","-0.34363642"
"AGAAGGGGAGCTCAATGCT::AGCATTGAGCTCCCCTTCT","0","0","0.70226316","-0.59192687","-0.2732309"
"GAAGGGGAGCTCAATGCTA::TAGCATTGAGCTCCCCTTC","0","0","0.63348624","-0.6676791","-0.56185604"
"AAGGGGAGCTCAATGCTAT::ATAGCATTGAGCTCCCCTT","0","0","0.74082177","-0.71412282","-0.507347"
"AGGGGAGCTCAATGCTATC::GATAGCATTGAGCTCCCCT","0","0","0.72395702","-0.5502727","-0.47646441"
"GGGGAGCTCAATGCTATCC::GGATAGCATTGAGCTCCCC","0","0","0.69221923","-0.22320396","-0.42601249"
"GGGAGCTCAATGCTATCCT::AGGATAGCATTGAGCTCCC","0","0","0.65684171","-0.17680987","-0.50041382"
"GGAGCTCAATGCTATCCTA::TAGGATAGCATTGAGCTCC","0","0","0.49688464","-0.14020362","-0.53044061"
"GAGCTCAATGCTATCCTAG::CTAGGATAGCATTGAGCTC","0","0","0.74747255","-0.087401923","-0.65988805"
"AGCTCAATGCTATCCTAGA::TCTAGGATAGCATTGAGCT","0","0","0.66412955","-0.051817939","-0.72710603"
"GCTCAATGCTATCCTAGAG::CTCTAGGATAGCATTGAGC","0","0","0.60822886","-0.10923155","-0.65859653"
"CTCAATGCTATCCTAGAGG::CCTCTAGGATAGCATTGAG","0","0","0.79923643","-0.30039077","-0.56445181"
"TCAATGCTATCCTAGAGGA::TCCTCTAGGATAGCATTGA","0","0","0.76113579","-0.36316163","-0.54487762"
"CAATGCTATCCTAGAGGAG::CTCCTCTAGGATAGCATTG","0","0","0.68755016","-0.63130449","-0.64495851"
"AATGCTATCCTAGAGGAGA::TCTCCTCTAGGATAGCATT","0","0","0.79957122","-0.63692034","-0.69398003"
"ATGCTATCCTAGAGGAGAA::TTCTCCTCTAGGATAGCAT","0","0","0.71777077","-0.63200703","-0.5861832"
"TGCTATCCTAGAGGAGAAT::ATTCTCCTCTAGGATAGCA","0","1","0.67590549","-0.49855684","-0.46106805"
"GCTATCCTAGAGGAGAATG::CATTCTCCTCTAGGATAGC","0","0","0.63400798","-0.32896648","-0.23314601"
"CTATCCTAGAGGAGAATGG::CCATTCTCCTCTAGGATAG","0","0","0.78262745","-0.31216036","-0.064470755"
"TATCCTAGAGGAGAATGGA::TCCATTCTCCTCTAGGATA","0","0","0.80872815","-0.35280188","0.13363261"
"ATCCTAGAGGAGAATGGAG::CTCCATTCTCCTCTAGGAT","0","0","0.77420367","-0.56320594","0.00022558098"
"TCCTAGAGGAGAATGGAGT::ACTCCATTCTCCTCTAGGA","0","0","0.78205994","-0.6017902","-0.01040798"
"CCTAGAGGAGAATGGAGTT::AACTCCATTCTCCTCTAGG","0","0","0.52902767","-0.57306315","0.084053497"
"CTAGAGGAGAATGGAGTTC::GAACTCCATTCTCCTCTAG","0","0","0.71336308","-0.45143511","0.25218489"
"TAGAGGAGAATGGAGTTCA::TGAACTCCATTCTCCTCTA","0","0","0.81447984","-0.30996413","0.58742042"
"AGAGGAGAATGGAGTTCAA::TTGAACTCCATTCTCCTCT","0","0","0.51718479","-0.13487872","0.75561845"
"GAGGAGAATGGAGTTCAAC::GTTGAACTCCATTCTCCTC","0","0","0.69818539","-0.012723889","0.71713199"
"AGGAGAATGGAGTTCAACT::AGTTGAACTCCATTCTCCT","0","0","0.787888","0.12445902","0.83816761"
"GGAGAATGGAGTTCAACTG::CAGTTGAACTCCATTCTCC","0","0","0.70510833","0.11838327","0.77997559"
"GAGAATGGAGTTCAACTGA::TCAGTTGAACTCCATTCTC","0","0","0.63265116","-0.00017532182","0.68041963"
"AGAATGGAGTTCAACTGAC::GTCAGTTGAACTCCATTCT","0","0","0.7987003","0.11732379","0.62724993"
"GAATGGAGTTCAACTGACA::TGTCAGTTGAACTCCATTC","0","0","0.70027426","-0.095926751","0.49128341"
"AATGGAGTTCAACTGACAG::CTGTCAGTTGAACTCCATT","0","0","0.89357896","-0.11995591","0.39355429"
"ATGGAGTTCAACTGACAGT::ACTGTCAGTTGAACTCCAT","0","0","0.88475257","-0.26598784","0.14008206"
"TGGAGTTCAACTGACAGTT::AACTGTCAGTTGAACTCCA","0","0","0.89368666","-0.40412861","-0.14176616"
"GGAGTTCAACTGACAGTTG::CAACTGTCAGTTGAACTCC","0","0","0.69636994","-0.32264354","-0.047587438"
"GAGTTCAACTGACAGTTGT::ACAACTGTCAGTTGAACTC","0","0","0.74048466","-0.25023312","-0.076008882"
"AGTTCAACTGACAGTTGTT::AACAACTGTCAGTTGAACT","0","0","0.72236344","-0.062502419","-0.10865865"
"GTTCAACTGACAGTTGTTG::CAACAACTGTCAGTTGAAC","0","0","0.79191955","-0.23109823","-0.25150545"
"TTCAACTGACAGTTGTTGT::ACAACAACTGTCAGTTGAA","0","0","0.98286321","-0.17824727","-0.48278936"
"TCAACTGACAGTTGTTGTG::CACAACAACTGTCAGTTGA","0","0","0.98856924","-0.24738951","-0.50563322"
"CAACTGACAGTTGTTGTGG::CCACAACAACTGTCAGTTG","0","0","0.86887182","-0.3245959","-0.46477797"
"AACTGACAGTTGTTGTGGG::CCCACAACAACTGTCAGTT","0","0","0.80578868","-0.48560569","-0.64315761"
"ACTGACAGTTGTTGTGGGA::TCCCACAACAACTGTCAGT","0","0","0.70711357","-0.51446938","-0.62660723"
"CTGACAGTTGTTGTGGGAT::ATCCCACAACAACTGTCAG","0","0","0.70404252","-0.43009881","-0.58284408"
"TGACAGTTGTTGTGGGATC::GATCCCACAACAACTGTCA","0","0","0.8438688","-0.54036923","-0.60730973"
"GACAGTTGTTGTGGGATCT::AGATCCCACAACAACTGTC","0","0","0.6918828","-0.40591355","-0.59644106"
"ACAGTTGTTGTGGGATCTG::CAGATCCCACAACAACTGT","0","0","0.77601086","-0.44498221","-0.58605799"
"CAGTTGTTGTGGGATCTGT::ACAGATCCCACAACAACTG","0","0","0.67027331","-0.20522747","-0.57586086"
"AGTTGTTGTGGGATCTGTA::TACAGATCCCACAACAACT","0","0","0.72438112","-0.2713432","-0.56690733"
"GTTGTTGTGGGATCTGTAA::TTACAGATCCCACAACAAC","0","0","0.62317996","-0.43698354","-0.65762637"
"TTGTTGTGGGATCTGTAAA::TTTACAGATCCCACAACAA","0","0","0.71958725","-0.57929917","-0.76669718"
"TGTTGTGGGATCTGTAAAA::TTTTACAGATCCCACAACA","0","0","0.65951627","-0.67684257","-0.77590802"
"GTTGTGGGATCTGTAAAAA::TTTTTACAGATCCCACAAC","0","0","0.43843101","-0.18182307","-0.4647024"
"TTGTGGGATCTGTAAAAAA::TTTTTTACAGATCCCACAA","0","0","0.66014607","0.2295753","-0.089673614"
"TGTGGGATCTGTAAAAAAC::GTTTTTTACAGATCCCACA","0","0","0.77798971","0.12028228","-0.18611117"
"GTGGGATCTGTAAAAAACC::GGTTTTTTACAGATCCCAC","0","0","0.77965864","0.18773573","-0.094003242"
"TGGGATCTGTAAAAAACCC::GGGTTTTTTACAGATCCCA","0","0","0.79642211","0.2753452","-0.10457312"
"GGGATCTGTAAAAAACCCC::GGGGTTTTTTACAGATCCC","0","0","0.70468168","0.30605008","-0.12613373"
"GGATCTGTAAAAAACCCCA::TGGGGTTTTTTACAGATCC","0","0","0.57448631","0.21022593","-0.28241572"
"GATCTGTAAAAAACCCCAT::ATGGGGTTTTTTACAGATC","0","0","0.57070341","0.24702299","-0.43212335"
"ATCTGTAAAAAACCCCATG::CATGGGGTTTTTTACAGAT","0","1","0.80375188","0.099664938","-0.48816884"
"TCTGTAAAAAACCCCATGT::ACATGGGGTTTTTTACAGA","0","0","0.74694803","0.059084577","-0.4538602"
"CTGTAAAAAACCCCATGTG::CACATGGGGTTTTTTACAG","0","0","0.67510002","-0.057845826","-0.46807012"
"TGTAAAAAACCCCATGTGG::CCACATGGGGTTTTTTACA","0","0","0.7287115","-0.02646726","-0.43526212"
"GTAAAAAACCCCATGTGGA::TCCACATGGGGTTTTTTAC","0","0","0.56450005","0.035621501","-0.47096929"
"TAAAAAACCCCATGTGGAG::CTCCACATGGGGTTTTTTA","0","0","0.80020067","-0.053052744","-0.39373405"
"AAAAAACCCCATGTGGAGA::TCTCCACATGGGGTTTTTT","0","0","0.61074696","-0.10892219","-0.35761983"
"AAAAACCCCATGTGGAGAG::CTCTCCACATGGGGTTTTT","0","0","0.75727432","-0.54168882","-0.84354462"
"AAAACCCCATGTGGAGAGG::CCTCTCCACATGGGGTTTT","0","0","0.65226422","-1.0773558","-1.1302974"
"AAACCCCATGTGGAGAGGT::ACCTCTCCACATGGGGTTT","0","0","0.67455978","-0.9909357","-1.1291744"
"AACCCCATGTGGAGAGGTC::GACCTCTCCACATGGGGTT","0","0","0.6608217","-0.88418046","-1.2706517"
"ACCCCATGTGGAGAGGTCC::GGACCTCTCCACATGGGGT","0","0","0.62677418","-0.96275351","-1.174505"
"CCCCATGTGGAGAGGTCCA::TGGACCTCTCCACATGGGG","0","0","0.38883182","-0.88267969","-1.07842"
"CCCATGTGGAGAGGTCCAC::GTGGACCTCTCCACATGGG","0","0","0.5271563","-0.84799083","-0.93660491"
"CCATGTGGAGAGGTCCACA::TGTGGACCTCTCCACATGG","0","0","0.59718262","-0.91301896","-0.94866649"
"CATGTGGAGAGGTCCACAA::TTGTGGACCTCTCCACATG","0","0","0.66429382","-0.70837452","-0.92629178"
"ATGTGGAGAGGTCCACAAA::TTTGTGGACCTCTCCACAT","0","0","0.68088403","-0.6454446","-0.83507928"
"TGTGGAGAGGTCCACAAAG::CTTTGTGGACCTCTCCACA","0","0","0.84293646","-0.50928665","-0.70310894"
"GTGGAGAGGTCCACAAAGA::TCTTTGTGGACCTCTCCAC","0","0","0.65399026","-0.36409105","-0.42650061"
"TGGAGAGGTCCACAAAGAT::ATCTTTGTGGACCTCTCCA","0","0","0.74376098","-0.40311104","-0.16039436"
"GGAGAGGTCCACAAAGATT::AATCTTTGTGGACCTCTCC","0","0","0.61652149","-0.35550388","-0.065130951"
"GAGAGGTCCACAAAGATTG::CAATCTTTGTGGACCTCTC","0","0","0.85127095","-0.52478325","-0.11876418"
"AGAGGTCCACAAAGATTGC::GCAATCTTTGTGGACCTCT","0","0","0.73926362","-0.62058728","-0.10640286"
"GAGGTCCACAAAGATTGCC::GGCAATCTTTGTGGACCTC","0","0","0.75889652","-0.51668528","-0.064593774"
"AGGTCCACAAAGATTGCCA::TGGCAATCTTTGTGGACCT","0","0","0.72180903","-0.5810014","-0.11638298"
"GGTCCACAAAGATTGCCAG::CTGGCAATCTTTGTGGACC","0","0","0.56727612","-0.69767313","-0.016958958"
"GTCCACAAAGATTGCCAGT::ACTGGCAATCTTTGTGGAC","0","0","0.61503628","-0.74162142","-0.0040050706"
"TCCACAAAGATTGCCAGTG::CACTGGCAATCTTTGTGGA","0","0","0.86977358","-0.9088733","-0.094537945"
"CCACAAAGATTGCCAGTGC::GCACTGGCAATCTTTGTGG","0","0","0.6521882","-1.0379125","-0.25027739"
"CACAAAGATTGCCAGTGCC::GGCACTGGCAATCTTTGTG","0","0","0.73382448","-1.0356618","-0.1469608"
"ACAAAGATTGCCAGTGCCT::AGGCACTGGCAATCTTTGT","0","0","0.79117395","-1.2464041","-0.24372013"
"CAAAGATTGCCAGTGCCTG::CAGGCACTGGCAATCTTTG","0","0","0.73799996","-1.3104883","-0.48703104"
"AAAGATTGCCAGTGCCTGT::ACAGGCACTGGCAATCTTT","0","0","0.75763085","-1.4868377","-0.54128809"
"AAGATTGCCAGTGCCTGTG::CACAGGCACTGGCAATCTT","0","0","0.82310021","-1.6941576","-0.87609001"
"AGATTGCCAGTGCCTGTGA::TCACAGGCACTGGCAATCT","0","0","0.58910944","-1.6966998","-1.1495712"
"GATTGCCAGTGCCTGTGAA::TTCACAGGCACTGGCAATC","0","0","0.44549969","-1.6901338","-1.2683292"
"ATTGCCAGTGCCTGTGAAT::ATTCACAGGCACTGGCAAT","0","0","0.70793617","-1.6294092","-1.1843354"
"TTGCCAGTGCCTGTGAATG::CATTCACAGGCACTGGCAA","0","0","0.82473232","-1.4889212","-0.93724322"
"TGCCAGTGCCTGTGAATGA::TCATTCACAGGCACTGGCA","0","0","0.63299602","-1.3198844","-0.80215635"
"GCCAGTGCCTGTGAATGAG::CTCATTCACAGGCACTGGC","0","0","0.52656072","-1.1406558","-0.70039315"
"CCAGTGCCTGTGAATGAGC::GCTCATTCACAGGCACTGG","0","0","0.68195625","-1.2007308","-0.66720426"
"CAGTGCCTGTGAATGAGCT::AGCTCATTCACAGGCACTG","0","0","0.68179961","-1.1642414","-0.64945245"
"AGTGCCTGTGAATGAGCTG::CAGCTCATTCACAGGCACT","0","0","0.74735498","-1.0617106","-0.51850118"
"GTGCCTGTGAATGAGCTGC::GCAGCTCATTCACAGGCAC","0","0","0.71496839","-1.0041486","-0.44253928"
"TGCCTGTGAATGAGCTGCC::GGCAGCTCATTCACAGGCA","0","0","0.73569318","-1.2078789","-0.55640658"
"GCCTGTGAATGAGCTGCCC::GGGCAGCTCATTCACAGGC","1","0","0.4992426","-1.1765559","-0.57469472"
"CCTGTGAATGAGCTGCCCC::GGGGCAGCTCATTCACAGG","0","0","0.62764045","-1.1237432","-0.52702393"
"CTGTGAATGAGCTGCCCCA::TGGGGCAGCTCATTCACAG","0","0","0.57846749","-1.1594441","-0.68758603"
"TGTGAATGAGCTGCCCCAT::ATGGGGCAGCTCATTCACA","0","0","0.63867905","-0.95573067","-0.70473737"
"GTGAATGAGCTGCCCCATG::CATGGGGCAGCTCATTCAC","0","0","0.61831882","-0.98193138","-0.67244419"
"TGAATGAGCTGCCCCATGG::CCATGGGGCAGCTCATTCA","0","0","0.78374163","-1.0406528","-0.70360544"
"GAATGAGCTGCCCCATGGC::GCCATGGGGCAGCTCATTC","0","0","0.59451948","-0.84387319","-0.81751432"
"AATGAGCTGCCCCATGGCT::AGCCATGGGGCAGCTCATT","0","0","0.64390868","-0.87366185","-0.70816477"
"ATGAGCTGCCCCATGGCTG::CAGCCATGGGGCAGCTCAT","0","0","0.74228461","-0.92558453","-0.77021064"
"TGAGCTGCCCCATGGCTGG::CCAGCCATGGGGCAGCTCA","0","0","0.69787729","-1.0002542","-0.89403679"
"GAGCTGCCCCATGGCTGGA::TCCAGCCATGGGGCAGCTC","0","0","0.40216708","-0.83599669","-1.010388"
"AGCTGCCCCATGGCTGGAA::TTCCAGCCATGGGGCAGCT","0","0","0.42987656","-0.86974203","-0.86369956"
"GCTGCCCCATGGCTGGAAA::TTTCCAGCCATGGGGCAGC","0","0","0.26841129","-0.90605601","-0.77643985"
"CTGCCCCATGGCTGGAAAG::CTTTCCAGCCATGGGGCAG","0","0","0.50581838","-0.6845983","-0.67791078"
"TGCCCCATGGCTGGAAAGC::GCTTTCCAGCCATGGGGCA","0","0","0.62955263","-0.38515493","-0.32744095"
"GCCCCATGGCTGGAAAGCC::GGCTTTCCAGCCATGGGGC","0","0","0.46034908","-0.44710022","-0.30923563"
"CCCCATGGCTGGAAAGCCT::AGGCTTTCCAGCCATGGGG","0","0","0.45737601","-0.52707862","-0.29283174"
"CCCATGGCTGGAAAGCCTG::CAGGCTTTCCAGCCATGGG","0","0","0.5868163","-0.45844975","-0.2262398"
"CCATGGCTGGAAAGCCTGG::CCAGGCTTTCCAGCCATGG","0","0","0.5538773","-0.59848698","-0.32860538"
"CATGGCTGGAAAGCCTGGG::CCCAGGCTTTCCAGCCATG","0","0","0.70408076","-0.78235262","-0.31289861"
"ATGGCTGGAAAGCCTGGGG::CCCCAGGCTTTCCAGCCAT","0","0","0.7557839","-0.90739755","-0.33703874"
"TGGCTGGAAAGCCTGGGGG::CCCCCAGGCTTTCCAGCCA","0","0","0.72835739","-1.1314823","-0.43427888"
"GGCTGGAAAGCCTGGGGGA::TCCCCCAGGCTTTCCAGCC","0","0","0.39630633","-1.2183232","-0.60746282"
"GCTGGAAAGCCTGGGGGAA::TTCCCCCAGGCTTTCCAGC","0","0","0.34252353","-1.4037025","-0.65373635"
"CTGGAAAGCCTGGGGGAAA::TTTCCCCCAGGCTTTCCAG","0","0","0.48370264","-1.3820257","-0.37594878"
"TGGAAAGCCTGGGGGAAAT::ATTTCCCCCAGGCTTTCCA","0","0","0.58411048","-1.4448311","-0.20052281"
"GGAAAGCCTGGGGGAAATC::GATTTCCCCCAGGCTTTCC","0","0","0.51532679","-1.2820594","-0.31194808"
"GAAAGCCTGGGGGAAATCG::CGATTTCCCCCAGGCTTTC","0","0","0.68279929","-1.2869223","-0.52553777"
"AAAGCCTGGGGGAAATCGT::ACGATTTCCCCCAGGCTTT","0","0","0.77554897","-1.3598016","-0.50982137"
"AAGCCTGGGGGAAATCGTA::TACGATTTCCCCCAGGCTT","0","0","0.71062845","-1.3704029","-0.73388387"
"AGCCTGGGGGAAATCGTAT::ATACGATTTCCCCCAGGCT","0","0","0.63265646","-1.2359376","-0.58767347"
"GCCTGGGGGAAATCGTATT::AATACGATTTCCCCCAGGC","0","0","0.45552125","-1.1739264","-0.65431873"
"CCTGGGGGAAATCGTATTT::AAATACGATTTCCCCCAGG","0","0","0.47889532","-0.9887287","-0.53740619"
"CTGGGGGAAATCGTATTTT::AAAATACGATTTCCCCCAG","0","0","0.5798147","-0.7692894","-0.22946622"
"TGGGGGAAATCGTATTTTG::CAAAATACGATTTCCCCCA","0","0","0.71621396","-0.58045743","-0.22136358"
"GGGGGAAATCGTATTTTGT::ACAAAATACGATTTCCCCC","0","0","0.53943733","-0.26552672","-0.067048749"
"GGGGAAATCGTATTTTGTT::AACAAAATACGATTTCCCC","0","0","0.52064138","0.020453815","0.094951546"
"GGGAAATCGTATTTTGTTA::TAACAAAATACGATTTCCC","0","0","0.5145373","0.17166236","-0.066204598"
"GGAAATCGTATTTTGTTAG::CTAACAAAATACGATTTCC","0","0","0.679572","0.27787517","-0.14221852"
"GAAATCGTATTTTGTTAGG::CCTAACAAAATACGATTTC","0","0","0.68266264","0.30741049","-0.27138138"
"AAATCGTATTTTGTTAGGG::CCCTAACAAAATACGATTT","0","0","0.84284723","0.24190646","-0.45218307"
"AATCGTATTTTGTTAGGGC::GCCCTAACAAAATACGATT","0","0","0.8711871","0.045529998","-0.4894357"
"ATCGTATTTTGTTAGGGCG::CGCCCTAACAAAATACGAT","0","0","0.85472928","-0.012540023","-0.40878119"
"TCGTATTTTGTTAGGGCGG::CCGCCCTAACAAAATACGA","0","0","0.82378787","-0.053017951","-0.45606869"
"CGTATTTTGTTAGGGCGGC::GCCGCCCTAACAAAATACG","0","0","0.56698828","-0.14522903","-0.49691716"
"GTATTTTGTTAGGGCGGCA::TGCCGCCCTAACAAAATAC","0","0","0.50141871","-0.1118104","-0.56733298"
"TATTTTGTTAGGGCGGCAA::TTGCCGCCCTAACAAAATA","0","0","0.68483516","-0.093282601","-0.50429967"
"ATTTTGTTAGGGCGGCAAA::TTTGCCGCCCTAACAAAAT","0","0","0.50740269","-0.21635038","-0.57572926"
"TTTTGTTAGGGCGGCAAAG::CTTTGCCGCCCTAACAAAA","0","0","0.76115494","-0.20351965","-0.61547864"
"TTTGTTAGGGCGGCAAAGA::TCTTTGCCGCCCTAACAAA","0","0","0.71951046","-0.11031363","-0.3636697"
"TTGTTAGGGCGGCAAAGAC::GTCTTTGCCGCCCTAACAA","0","0","0.77393685","-0.21151766","-0.40141841"
"TGTTAGGGCGGCAAAGACC::GGTCTTTGCCGCCCTAACA","0","0","0.81782505","-0.42288415","-0.35174335"
"GTTAGGGCGGCAAAGACCA::TGGTCTTTGCCGCCCTAAC","0","0","0.61308491","-0.56592502","-0.15870364"
"TTAGGGCGGCAAAGACCAA::TTGGTCTTTGCCGCCCTAA","0","0","0.57604248","-0.49274692","-0.039746215"
"TAGGGCGGCAAAGACCAAC::GTTGGTCTTTGCCGCCCTA","0","0","0.83409523","-0.41361321","-0.081357453"
"AGGGCGGCAAAGACCAACA::TGTTGGTCTTTGCCGCCCT","0","0","0.63871525","-0.37294854","-0.084230094"
"GGGCGGCAAAGACCAACAA::TTGTTGGTCTTTGCCGCCC","0","0","0.36517132","-0.20226351","0.11596027"
"GGCGGCAAAGACCAACAAC::GTTGTTGGTCTTTGCCGCC","0","0","0.50072085","-0.1982041","0.11954788"
"GCGGCAAAGACCAACAACA::TGTTGTTGGTCTTTGCCGC","0","0","0.57896703","-0.19658294","0.10479335"
"CGGCAAAGACCAACAACAG::CTGTTGTTGGTCTTTGCCG","0","0","0.5660056","-0.24016764","0.46582117"
"GGCAAAGACCAACAACAGT::ACTGTTGTTGGTCTTTGCC","0","0","0.56843933","-0.41151435","0.42926561"
"GCAAAGACCAACAACAGTT::AACTGTTGTTGGTCTTTGC","0","0","0.71420582","-0.50661496","0.39442025"
"CAAAGACCAACAACAGTTT::AAACTGTTGTTGGTCTTTG","0","0","0.6609564","-0.54575892","0.44217582"
"AAAGACCAACAACAGTTTT::AAAACTGTTGTTGGTCTTT","0","0","0.68377716","-0.64843693","0.24912114"
"AAGACCAACAACAGTTTTG::CAAAACTGTTGTTGGTCTT","0","0","0.88246057","-0.75613939","-0.018986677"
"AGACCAACAACAGTTTTGT::ACAAAACTGTTGTTGGTCT","0","0","0.79061564","-0.66052147","0.016115902"
"GACCAACAACAGTTTTGTT::AACAAAACTGTTGTTGGTC","0","0","0.59789663","-0.44369999","-0.020704233"
"ACCAACAACAGTTTTGTTG::CAACAAAACTGTTGTTGGT","0","0","0.88668331","-0.50828608","-0.15962636"
"CCAACAACAGTTTTGTTGT::ACAACAAAACTGTTGTTGG","0","0","0.71666652","-0.49871114","-0.30252733"
"CAACAACAGTTTTGTTGTC::GACAACAAAACTGTTGTTG","0","0","0.76250599","-0.45455633","-0.28749427"
"AACAACAGTTTTGTTGTCG::CGACAACAAAACTGTTGTT","0","0","1.0611875","-0.52797851","-0.23129873"
"ACAACAGTTTTGTTGTCGA::TCGACAACAAAACTGTTGT","0","0","0.84817545","-0.58521228","-0.46322403"
"CAACAGTTTTGTTGTCGAC::GTCGACAACAAAACTGTTG","0","0","0.81476496","-0.58024106","-0.57590452"
"AACAGTTTTGTTGTCGACG::CGTCGACAACAAAACTGTT","0","0","1.0752794","-0.54394419","-0.49192124"
"ACAGTTTTGTTGTCGACGG::CCGTCGACAACAAAACTGT","0","0","0.96391117","-0.41950168","-0.81977211"
"CAGTTTTGTTGTCGACGGT::ACCGTCGACAACAAAACTG","0","0","0.70493725","-0.32147316","-0.89416735"
"AGTTTTGTTGTCGACGGTG::CACCGTCGACAACAAAACT","0","0","0.88641566","-0.31427539","-0.65284231"
"GTTTTGTTGTCGACGGTGA::TCACCGTCGACAACAAAAC","0","0","0.74696568","-0.29449137","-0.60306623"
"TTTTGTTGTCGACGGTGAC::GTCACCGTCGACAACAAAA","0","0","0.97311618","-0.24637476","-0.47666107"
"TTTGTTGTCGACGGTGACA::TGTCACCGTCGACAACAAA","0","0","0.97247902","-0.24930597","-0.44876946"
"TTGTTGTCGACGGTGACAC::GTGTCACCGTCGACAACAA","0","0","1.0487024","-0.33088997","-0.64773136"
"TGTTGTCGACGGTGACACA::TGTGTCACCGTCGACAACA","0","0","0.78760578","-0.44159106","-0.58260932"
"GTTGTCGACGGTGACACAC::GTGTGTCACCGTCGACAAC","0","0","0.84837445","-0.38886361","-0.53239569"
"TTGTCGACGGTGACACACT::AGTGTGTCACCGTCGACAA","0","0","1.0445813","-0.51487042","-0.55737031"
"TGTCGACGGTGACACACTG::CAGTGTGTCACCGTCGACA","0","0","0.8668678","-0.66677632","-0.69573919"
"GTCGACGGTGACACACTGA::TCAGTGTGTCACCGTCGAC","0","0","0.69027762","-0.67580666","-0.76562864"
"TCGACGGTGACACACTGAA::TTCAGTGTGTCACCGTCGA","0","0","0.76713809","-0.55163296","-0.67638698"
"CGACGGTGACACACTGAAG::CTTCAGTGTGTCACCGTCG","0","0","0.64141474","-0.37237178","-0.50973371"
"GACGGTGACACACTGAAGG::CCTTCAGTGTGTCACCGTC","0","0","0.80714007","-0.2915127","-0.55930644"
"ACGGTGACACACTGAAGGA::TCCTTCAGTGTGTCACCGT","0","0","0.65007938","-0.15154415","-0.37591561"
"CGGTGACACACTGAAGGAA::TTCCTTCAGTGTGTCACCG","0","0","0.46930122","-0.19121741","-0.39043927"
"GGTGACACACTGAAGGAAT::ATTCCTTCAGTGTGTCACC","0","0","0.59182113","-0.21057245","-0.57665958"
"GTGACACACTGAAGGAATG::CATTCCTTCAGTGTGTCAC","0","0","0.68634179","-0.13490491","-0.52323368"
"TGACACACTGAAGGAATGT::ACATTCCTTCAGTGTGTCA","0","0","0.82528558","-0.21674214","-0.53560346"
"GACACACTGAAGGAATGTC::GACATTCCTTCAGTGTGTC","0","1","0.7118406","-0.0080569579","-0.35852888"
"ACACACTGAAGGAATGTCC::GGACATTCCTTCAGTGTGT","0","0","0.86727439","0.010461396","-0.067760849"
"CACACTGAAGGAATGTCCG::CGGACATTCCTTCAGTGTG","0","0","0.80134994","-0.082725305","-0.07216272"
"ACACTGAAGGAATGTCCGC::GCGGACATTCCTTCAGTGT","0","0","0.80650339","0.0013841637","-0.048826849"
"CACTGAAGGAATGTCCGCT::AGCGGACATTCCTTCAGTG","0","0","0.73508887","0.11812847","0.001711724"
"ACTGAAGGAATGTCCGCTT::AAGCGGACATTCCTTCAGT","0","1","0.72708801","0.25147555","0.17933526"
"CTGAAGGAATGTCCGCTTG::CAAGCGGACATTCCTTCAG","0","0","0.72553999","0.25097952","0.33785827"
"TGAAGGAATGTCCGCTTGA::TCAAGCGGACATTCCTTCA","0","0","0.78180258","0.068989917","0.31934773"
"GAAGGAATGTCCGCTTGAG::CTCAAGCGGACATTCCTTC","0","0","0.68141554","-0.14708032","0.16253837"
"AAGGAATGTCCGCTTGAGC::GCTCAAGCGGACATTCCTT","0","0","0.90648006","-0.32503349","0.25098902"
"AGGAATGTCCGCTTGAGCA::TGCTCAAGCGGACATTCCT","0","0","0.80708004","-0.48862736","0.028863004"
"GGAATGTCCGCTTGAGCAC::GTGCTCAAGCGGACATTCC","0","0","0.71273785","-0.6305788","0.097790899"
"GAATGTCCGCTTGAGCACA::TGTGCTCAAGCGGACATTC","0","0","0.71718384","-0.52917104","0.010859859"
"AATGTCCGCTTGAGCACAG::CTGTGCTCAAGCGGACATT","0","0","0.84865093","-0.71689248","-0.27063976"
"ATGTCCGCTTGAGCACAGA::TCTGTGCTCAAGCGGACAT","0","0","0.77434831","-0.76112799","-0.1647086"
"TGTCCGCTTGAGCACAGAG::CTCTGTGCTCAAGCGGACA","0","0","0.88100925","-0.9925658","-0.15172002"
"GTCCGCTTGAGCACAGAGC::GCTCTGTGCTCAAGCGGAC","0","0","0.82346887","-1.1418435","-0.26181206"
"TCCGCTTGAGCACAGAGCA::TGCTCTGTGCTCAAGCGGA","0","0","0.82220482","-1.0225049","-0.31601062"
"CCGCTTGAGCACAGAGCAT::ATGCTCTGTGCTCAAGCGG","0","0","0.58866406","-1.0502523","-0.31315595"
"CGCTTGAGCACAGAGCATG::CATGCTCTGTGCTCAAGCG","0","0","0.7117638","-1.0656241","-0.32361815"
"GCTTGAGCACAGAGCATGG::CCATGCTCTGTGCTCAAGC","0","0","0.65106508","-1.1490522","-0.41346642"
"CTTGAGCACAGAGCATGGA::TCCATGCTCTGTGCTCAAG","0","0","0.64590478","-1.0076955","-0.32822305"
"TTGAGCACAGAGCATGGAA::TTCCATGCTCTGTGCTCAA","0","0","0.77819636","-1.0405247","-0.21341367"
"TGAGCACAGAGCATGGAAT::ATTCCATGCTCTGTGCTCA","0","0","0.72860702","-1.0544859","-0.23863782"
"GAGCACAGAGCATGGAATA::TATTCCATGCTCTGTGCTC","0","0","0.58365376","-0.94837962","-0.17061715"
"AGCACAGAGCATGGAATAG::CTATTCCATGCTCTGTGCT","0","0","0.64761944","-1.00657","-0.16846661"
"GCACAGAGCATGGAATAGT::ACTATTCCATGCTCTGTGC","0","0","0.62882505","-0.83449539","-0.11891489"
"CACAGAGCATGGAATAGTT::AACTATTCCATGCTCTGTG","0","0","0.63930069","-0.7274199","-0.0029035502"
"ACAGAGCATGGAATAGTTT::AAACTATTCCATGCTCTGT","0","0","0.63783068","-0.64908285","0.16609686"
"CAGAGCATGGAATAGTTTT::AAAACTATTCCATGCTCTG","0","0","0.61203677","-0.58722351","-0.072207334"
"AGAGCATGGAATAGTTTTC::GAAAACTATTCCATGCTCT","0","0","0.72229953","-0.30674715","-0.19044516"
"GAGCATGGAATAGTTTTCT::AGAAAACTATTCCATGCTC","0","0","0.67539558","-0.17172363","-0.17728268"
"AGCATGGAATAGTTTTCTT::AAGAAAACTATTCCATGCT","0","0","0.62030678","-0.040294588","-0.16234313"
"GCATGGAATAGTTTTCTTG::CAAGAAAACTATTCCATGC","0","0","0.63074335","0.023662259","-0.18856689"
"CATGGAATAGTTTTCTTGT::ACAAGAAAACTATTCCATG","0","0","0.6593084","0.013405837","-0.071769055"
"ATGGAATAGTTTTCTTGTG::CACAAGAAAACTATTCCAT","0","0","0.82246382","0.034599649","0.13485806"
"TGGAATAGTTTTCTTGTGG::CCACAAGAAAACTATTCCA","0","0","0.90098471","-0.14250072","-0.10599747"
"GGAATAGTTTTCTTGTGGA::TCCACAAGAAAACTATTCC","0","0","0.54419869","-0.035137991","-0.28975011"
"GAATAGTTTTCTTGTGGAG::CTCCACAAGAAAACTATTC","0","0","0.62658019","0.025111817","-0.28608807"
"AATAGTTTTCTTGTGGAGG::CCTCCACAAGAAAACTATT","0","0","0.895746","0.039850813","-0.40679437"
"ATAGTTTTCTTGTGGAGGA::TCCTCCACAAGAAAACTAT","0","0","0.78314534","-0.067946411","-0.49007236"
"TAGTTTTCTTGTGGAGGAT::ATCCTCCACAAGAAAACTA","0","0","0.69078527","-0.043848046","-0.42052736"
"AGTTTTCTTGTGGAGGATC::GATCCTCCACAAGAAAACT","0","0","0.76506296","-0.16513231","-0.36618832"
"GTTTTCTTGTGGAGGATCA::TGATCCTCCACAAGAAAAC","0","0","0.61056582","-0.12481285","-0.26148705"
"TTTTCTTGTGGAGGATCAC::GTGATCCTCCACAAGAAAA","0","0","0.89146805","-0.17411669","-0.058487491"
"TTTCTTGTGGAGGATCACG::CGTGATCCTCCACAAGAAA","0","0","0.96169157","-0.37502611","-0.093881806"
"TTCTTGTGGAGGATCACGG::CCGTGATCCTCCACAAGAA","0","0","0.93865621","-0.51526831","-0.24304697"
"TCTTGTGGAGGATCACGGG::CCCGTGATCCTCCACAAGA","0","0","0.79702213","-0.75047066","-0.28896564"
"CTTGTGGAGGATCACGGGT::ACCCGTGATCCTCCACAAG","0","0","0.6620155","-0.88178052","-0.3373581"
"TTGTGGAGGATCACGGGTT::AACCCGTGATCCTCCACAA","0","0","0.74784719","-1.042286","-0.42448774"
"TGTGGAGGATCACGGGTTT::AAACCCGTGATCCTCCACA","0","0","0.54902167","-0.96988776","-0.5897448"
"GTGGAGGATCACGGGTTTG::CAAACCCGTGATCCTCCAC","0","0","0.50763348","-0.77568221","-0.44762429"
"TGGAGGATCACGGGTTTGG::CCAAACCCGTGATCCTCCA","0","0","0.70076074","-0.80038829","-0.21274993"
"GGAGGATCACGGGTTTGGA::TCCAAACCCGTGATCCTCC","0","0","0.4254922","-0.86932614","-0.1959571"
"GAGGATCACGGGTTTGGAG::CTCCAAACCCGTGATCCTC","0","0","0.5760914","-0.9129431","-0.21022875"
"AGGATCACGGGTTTGGAGT::ACTCCAAACCCGTGATCCT","0","0","0.65753588","-0.85055646","-0.1857996"
"GGATCACGGGTTTGGAGTC::GACTCCAAACCCGTGATCC","0","0","0.49710205","-0.88425776","-0.18949527"
"GATCACGGGTTTGGAGTCT::AGACTCCAAACCCGTGATC","0","0","0.58299577","-0.91064808","-0.39249692"
"ATCACGGGTTTGGAGTCTT::AAGACTCCAAACCCGTGAT","0","0","0.68458964","-0.94218527","-0.4468102"
"TCACGGGTTTGGAGTCTTC::GAAGACTCCAAACCCGTGA","0","0","0.78052808","-0.81545104","-0.41822719"
"CACGGGTTTGGAGTCTTCC::GGAAGACTCCAAACCCGTG","0","0","0.7453706","-1.0573291","-0.49838539"
"ACGGGTTTGGAGTCTTCCA::TGGAAGACTCCAAACCCGT","0","0","0.68342835","-0.88611776","-0.50159582"
"CGGGTTTGGAGTCTTCCAC::GTGGAAGACTCCAAACCCG","0","0","0.68362775","-0.85566563","-0.45844308"
"GGGTTTGGAGTCTTCCACA::TGTGGAAGACTCCAAACCC","0","0","0.62029909","-0.83568834","-0.51357912"
"GGTTTGGAGTCTTCCACAC::GTGTGGAAGACTCCAAACC","0","0","0.70140182","-0.72103836","-0.54631779"
"GTTTGGAGTCTTCCACACC::GGTGTGGAAGACTCCAAAC","0","0","0.87131429","-0.8227262","-0.61474932"
"TTTGGAGTCTTCCACACCA::TGGTGTGGAAGACTCCAAA","0","0","0.91945243","-0.96899571","-0.78509127"
"TTGGAGTCTTCCACACCAG::CTGGTGTGGAAGACTCCAA","0","0","0.94217896","-1.0374477","-0.84805037"
"TGGAGTCTTCCACACCAGT::ACTGGTGTGGAAGACTCCA","0","0","0.83606821","-1.0456892","-0.88343914"
"GGAGTCTTCCACACCAGTG::CACTGGTGTGGAAGACTCC","0","0","0.78693422","-1.1764856","-0.9369713"
"GAGTCTTCCACACCAGTGT::ACACTGGTGTGGAAGACTC","0","0","0.81198214","-1.2444408","-0.96002352"
"AGTCTTCCACACCAGTGTC::GACACTGGTGTGGAAGACT","0","0","0.80588782","-1.3444971","-0.921303"
"GTCTTCCACACCAGTGTCT::AGACACTGGTGTGGAAGAC","0","0","0.76112219","-1.3266308","-0.56026462"
"TCTTCCACACCAGTGTCTG::CAGACACTGGTGTGGAAGA","0","0","0.91688137","-1.3582101","-0.63041197"
"CTTCCACACCAGTGTCTGG::CCAGACACTGGTGTGGAAG","0","0","0.72322331","-1.281192","-0.59145023"
"TTCCACACCAGTGTCTGGC::GCCAGACACTGGTGTGGAA","0","0","0.96955038","-1.0129008","-0.6030797"
"TCCACACCAGTGTCTGGCT::AGCCAGACACTGGTGTGGA","0","0","0.82791566","-1.0724815","-0.26075"
"CCACACCAGTGTCTGGCTT::AAGCCAGACACTGGTGTGG","0","0","0.62178087","-1.1172387","-0.36400595"
"CACACCAGTGTCTGGCTTA::TAAGCCAGACACTGGTGTG","0","0","0.69472694","-1.0390184","-0.18944679"
"ACACCAGTGTCTGGCTTAA::TTAAGCCAGACACTGGTGT","0","0","0.58325446","-0.84742592","-0.044454046"
"CACCAGTGTCTGGCTTAAG::CTTAAGCCAGACACTGGTG","0","0","0.72108254","-0.69356748","0.2216984"
"ACCAGTGTCTGGCTTAAGG::CCTTAAGCCAGACACTGGT","0","0","0.82548025","-0.61463777","0.48756182"
"CCAGTGTCTGGCTTAAGGT::ACCTTAAGCCAGACACTGG","0","0","0.6887149","-0.44405636","0.34707886"
"CAGTGTCTGGCTTAAGGTC::GACCTTAAGCCAGACACTG","0","0","0.72887447","-0.26175344","0.29483891"
"AGTGTCTGGCTTAAGGTCA::TGACCTTAAGCCAGACACT","0","0","0.77214772","0.085794426","0.40855335"
"GTGTCTGGCTTAAGGTCAG::CTGACCTTAAGCCAGACAC","0","0","0.68948879","0.24680146","0.57499568"
"TGTCTGGCTTAAGGTCAGA::TCTGACCTTAAGCCAGACA","0","0","0.68819178","0.28494785","0.3838929"
"GTCTGGCTTAAGGTCAGAG::CTCTGACCTTAAGCCAGAC","0","0","0.65651766","0.2017136","0.37456657"
"TCTGGCTTAAGGTCAGAGA::TCTCTGACCTTAAGCCAGA","0","0","0.75691028","0.37410565","0.47016662"
"CTGGCTTAAGGTCAGAGAA::TTCTCTGACCTTAAGCCAG","0","0","0.57502903","0.20260432","0.45434232"
"TGGCTTAAGGTCAGAGAAG::CTTCTCTGACCTTAAGCCA","0","0","0.72063042","0.20518267","0.69282027"
"GGCTTAAGGTCAGAGAAGA::TCTTCTCTGACCTTAAGCC","0","0","0.43711775","0.25261487","0.57647019"
"GCTTAAGGTCAGAGAAGAT::ATCTTCTCTGACCTTAAGC","0","0","0.41543047","0.30493516","0.89870244"
"CTTAAGGTCAGAGAAGATT::AATCTTCTCTGACCTTAAG","0","0","0.69141252","0.28155588","0.90787376"
"TTAAGGTCAGAGAAGATTA::TAATCTTCTCTGACCTTAA","0","0","0.857872","0.20763608","0.81187666"
"TAAGGTCAGAGAAGATTAC::GTAATCTTCTCTGACCTTA","0","0","0.79255388","0.01086126","0.59753104"
"AAGGTCAGAGAAGATTACT::AGTAATCTTCTCTGACCTT","0","0","0.75848658","-0.13240779","0.25807553"
"AGGTCAGAGAAGATTACTC::GAGTAATCTTCTCTGACCT","0","0","0.76964323","-0.23859788","0.35208091"
"GGTCAGAGAAGATTACTCA::TGAGTAATCTTCTCTGACC","0","0","0.52189933","-0.30852607","0.38001754"
"GTCAGAGAAGATTACTCAT::ATGAGTAATCTTCTCTGAC","0","0","0.54605987","-0.43322391","0.40412932"
"TCAGAGAAGATTACTCATT::AATGAGTAATCTTCTCTGA","0","0","0.75172479","-0.35871461","0.4386777"
"CAGAGAAGATTACTCATTA::TAATGAGTAATCTTCTCTG","0","0","0.58882984","-0.23427269","0.54709465"
"AGAGAAGATTACTCATTAG::CTAATGAGTAATCTTCTCT","0","0","0.68728538","-0.10065202","0.288868"
"GAGAAGATTACTCATTAGA::TCTAATGAGTAATCTTCTC","0","0","0.59128309","-0.28258394","0.17852481"
"AGAAGATTACTCATTAGAA::TTCTAATGAGTAATCTTCT","0","0","0.63714316","-0.17955415","0.009004205"
"GAAGATTACTCATTAGAAT::ATTCTAATGAGTAATCTTC","0","0","0.57917162","-0.053885139","-0.030283805"
"AAGATTACTCATTAGAATG::CATTCTAATGAGTAATCTT","0","0","0.87002882","-0.060142701","-0.016855273"
"AGATTACTCATTAGAATGT::ACATTCTAATGAGTAATCT","0","0","0.68605608","-0.014791743","-0.23216623"
"GATTACTCATTAGAATGTG::CACATTCTAATGAGTAATC","0","0","0.65604055","-0.05388","-0.36022541"
"ATTACTCATTAGAATGTGA::TCACATTCTAATGAGTAAT","0","0","0.7699021","-0.18167696","-0.45217306"
"TTACTCATTAGAATGTGAC::GTCACATTCTAATGAGTAA","0","0","1.0075492","-0.029078869","-0.39482804"
"TACTCATTAGAATGTGACC::GGTCACATTCTAATGAGTA","0","0","0.90302607","0.1463392","-0.08986071"
"ACTCATTAGAATGTGACCC::GGGTCACATTCTAATGAGT","0","0","0.87234492","0.23148327","-0.12250905"
"CTCATTAGAATGTGACCCA::TGGGTCACATTCTAATGAG","0","0","0.66981018","0.30666584","-0.26899066"
"TCATTAGAATGTGACCCAG::CTGGGTCACATTCTAATGA","0","0","0.77251365","0.21713604","-0.60301023"
"CATTAGAATGTGACCCAGC::GCTGGGTCACATTCTAATG","0","0","0.77413037","0.011634954","-0.76361636"
"ATTAGAATGTGACCCAGCC::GGCTGGGTCACATTCTAAT","0","0","0.89166829","0.089165923","-0.66603987"
"TTAGAATGTGACCCAGCCG::CGGCTGGGTCACATTCTAA","0","0","0.97287766","0.017507898","-0.63766556"
"TAGAATGTGACCCAGCCGT::ACGGCTGGGTCACATTCTA","0","0","0.89930367","0.036018311","-0.55498735"
"AGAATGTGACCCAGCCGTC::GACGGCTGGGTCACATTCT","0","0","0.74086674","-0.050844445","-0.46210412"
"GAATGTGACCCAGCCGTCA::TGACGGCTGGGTCACATTC","0","0","0.60741176","-0.23033657","-0.54230818"
"AATGTGACCCAGCCGTCAT::ATGACGGCTGGGTCACATT","0","0","0.71558143","-0.38517235","-0.62480843"
"ATGTGACCCAGCCGTCATA::TATGACGGCTGGGTCACAT","0","0","0.63781605","-0.48215833","-0.63645258"
"TGTGACCCAGCCGTCATAG::CTATGACGGCTGGGTCACA","0","0","0.77458052","-0.56195533","-0.67723387"
"GTGACCCAGCCGTCATAGG::CCTATGACGGCTGGGTCAC","0","0","0.65298868","-0.55943325","-0.64358134"
"TGACCCAGCCGTCATAGGA::TCCTATGACGGCTGGGTCA","0","0","0.73969845","-0.6711162","-0.67609537"
"GACCCAGCCGTCATAGGAA::TTCCTATGACGGCTGGGTC","0","0","0.50367325","-0.79000707","-1.0107943"
"ACCCAGCCGTCATAGGAAC::GTTCCTATGACGGCTGGGT","0","0","0.58296023","-0.92024752","-1.0688184"
"CCCAGCCGTCATAGGAACA::TGTTCCTATGACGGCTGGG","0","0","0.49603224","-0.94625381","-0.92974151"
"CCAGCCGTCATAGGAACAG::CTGTTCCTATGACGGCTGG","0","0","0.65600735","-0.99718293","-0.33346154"
"CAGCCGTCATAGGAACAGC::GCTGTTCCTATGACGGCTG","0","0","0.76860269","-0.90845425","-0.35690746"
"AGCCGTCATAGGAACAGCT::AGCTGTTCCTATGACGGCT","0","0","0.79109663","-0.93273885","-0.49761982"
"GCCGTCATAGGAACAGCTG::CAGCTGTTCCTATGACGGC","0","0","0.66928079","-0.96167131","-0.404055"
"CCGTCATAGGAACAGCTGT::ACAGCTGTTCCTATGACGG","0","0","0.68407314","-1.0072414","-0.44288769"
"CGTCATAGGAACAGCTGTT::AACAGCTGTTCCTATGACG","0","0","0.63310259","-0.68347265","-0.57184954"
"GTCATAGGAACAGCTGTTA::TAACAGCTGTTCCTATGAC","0","0","0.68268656","-0.5134376","-0.74657599"
"TCATAGGAACAGCTGTTAA::TTAACAGCTGTTCCTATGA","0","0","0.71871157","-0.34326106","-0.68315157"
"CATAGGAACAGCTGTTAAG::CTTAACAGCTGTTCCTATG","0","0","0.7715512","-0.10726883","-0.48350919"
"ATAGGAACAGCTGTTAAGG::CCTTAACAGCTGTTCCTAT","0","0","0.95160693","0.0014556725","-0.17601585"
"TAGGAACAGCTGTTAAGGG::CCCTTAACAGCTGTTCCTA","0","0","0.92271296","-0.027898644","-0.1687976"
"AGGAACAGCTGTTAAGGGA::TCCCTTAACAGCTGTTCCT","0","0","0.73132388","-0.11471937","-0.25412138"
"GGAACAGCTGTTAAGGGAA::TTCCCTTAACAGCTGTTCC","0","0","0.59530373","-0.13732585","-0.081474662"
"GAACAGCTGTTAAGGGAAG::CTTCCCTTAACAGCTGTTC","0","0","0.63764291","-0.096555324","-0.29645983"
"AACAGCTGTTAAGGGAAGG::CCTTCCCTTAACAGCTGTT","0","0","0.82818837","-0.08875906","-0.29138018"
"ACAGCTGTTAAGGGAAGGG::CCCTTCCCTTAACAGCTGT","0","1","0.77108423","-0.045357089","-0.60042773"
"CAGCTGTTAAGGGAAGGGA::TCCCTTCCCTTAACAGCTG","0","0","0.63125892","-0.14690853","-0.61498225"
"AGCTGTTAAGGGAAGGGAG::CTCCCTTCCCTTAACAGCT","0","0","0.66477545","-0.27714685","-0.55563414"
"GCTGTTAAGGGAAGGGAGG::CCTCCCTTCCCTTAACAGC","0","1","0.59593212","-0.22639917","-0.6107425"
"CTGTTAAGGGAAGGGAGGC::GCCTCCCTTCCCTTAACAG","0","1","0.66623556","-0.19865306","-0.69054297"
"TGTTAAGGGAAGGGAGGCC::GGCCTCCCTTCCCTTAACA","0","0","0.69348956","-0.43821038","-0.49398266"
"GTTAAGGGAAGGGAGGCCG::CGGCCTCCCTTCCCTTAAC","0","0","0.71037381","-0.62840198","-0.39167354"
"TTAAGGGAAGGGAGGCCGC::GCGGCCTCCCTTCCCTTAA","0","0","0.84358365","-0.76542371","-0.4923488"
"TAAGGGAAGGGAGGCCGCG::CGCGGCCTCCCTTCCCTTA","0","0","0.8098447","-0.88205193","-0.66696192"
"AAGGGAAGGGAGGCCGCGC::GCGCGGCCTCCCTTCCCTT","0","0","0.77646229","-0.87166444","-0.84966702"
"AGGGAAGGGAGGCCGCGCA::TGCGCGGCCTCCCTTCCCT","0","0","0.58468209","-0.88762638","-0.92350541"
"GGGAAGGGAGGCCGCGCAC::GTGCGCGGCCTCCCTTCCC","0","0","0.59941529","-0.80411801","-0.89053703"
"GGAAGGGAGGCCGCGCACA::TGTGCGCGGCCTCCCTTCC","0","0","0.56941397","-0.69061139","-1.0163708"
"GAAGGGAGGCCGCGCACAG::CTGTGCGCGGCCTCCCTTC","0","0","0.60723365","-0.73498303","-0.93730457"
"AAGGGAGGCCGCGCACAGT::ACTGTGCGCGGCCTCCCTT","0","0","0.72484589","-0.91990705","-0.96110616"
"AGGGAGGCCGCGCACAGTG::CACTGTGCGCGGCCTCCCT","0","1","0.73832857","-1.01095","-1.0154365"
"GGGAGGCCGCGCACAGTGA::TCACTGTGCGCGGCCTCCC","0","0","0.54336652","-0.82739927","-0.879758"
"GGAGGCCGCGCACAGTGAT::ATCACTGTGCGCGGCCTCC","0","0","0.51657061","-0.67300933","-0.9001424"
"GAGGCCGCGCACAGTGATC::GATCACTGTGCGCGGCCTC","0","0","0.71233103","-0.58129232","-0.85739523"
"AGGCCGCGCACAGTGATCT::AGATCACTGTGCGCGGCCT","0","0","0.76423936","-0.48621221","-0.76592419"
"GGCCGCGCACAGTGATCTG::CAGATCACTGTGCGCGGCC","0","0","0.5558607","-0.51928282","-0.8781089"
"GCCGCGCACAGTGATCTGG::CCAGATCACTGTGCGCGGC","0","0","0.67090494","-0.28152372","-0.73740588"
"CCGCGCACAGTGATCTGGG::CCCAGATCACTGTGCGCGG","0","0","0.76752585","-0.50821265","-0.73365854"
"CGCGCACAGTGATCTGGGC::GCCCAGATCACTGTGCGCG","0","0","0.60226352","-0.64203775","-0.7614783"
"GCGCACAGTGATCTGGGCT::AGCCCAGATCACTGTGCGC","0","0","0.70947199","-0.76756903","-0.78243991"
"CGCACAGTGATCTGGGCTA::TAGCCCAGATCACTGTGCG","0","0","0.58110964","-0.70375654","-0.64210776"
"GCACAGTGATCTGGGCTAT::ATAGCCCAGATCACTGTGC","0","0","0.51568876","-0.73283871","-0.62456558"
"CACAGTGATCTGGGCTATT::AATAGCCCAGATCACTGTG","0","0","0.64235373","-0.71756875","-0.46868756"
"ACAGTGATCTGGGCTATTG::CAATAGCCCAGATCACTGT","0","0","0.84306933","-0.79417952","-0.27313278"
"CAGTGATCTGGGCTATTGG::CCAATAGCCCAGATCACTG","0","0","0.75221423","-0.61614703","-0.12509965"
"AGTGATCTGGGCTATTGGA::TCCAATAGCCCAGATCACT","0","0","0.6899487","-0.56268933","-0.055783812"
"GTGATCTGGGCTATTGGAT::ATCCAATAGCCCAGATCAC","0","0","0.65806752","-0.52905983","0.003899459"
"TGATCTGGGCTATTGGATT::AATCCAATAGCCCAGATCA","0","0","0.75410061","-0.61617734","-0.084086068"
"GATCTGGGCTATTGGATTG::CAATCCAATAGCCCAGATC","0","0","0.62055521","-0.86205321","-0.11703218"
"ATCTGGGCTATTGGATTGA::TCAATCCAATAGCCCAGAT","0","0","0.6527146","-0.87379337","0.067763487"
"TCTGGGCTATTGGATTGAA::TTCAATCCAATAGCCCAGA","0","0","0.61884326","-0.74551285","0.1468314"
"CTGGGCTATTGGATTGAAA::TTTCAATCCAATAGCCCAG","0","0","0.60366496","-0.84198468","-0.069511425"
"TGGGCTATTGGATTGAAAG::CTTTCAATCCAATAGCCCA","0","0","0.87131797","-0.47486092","-0.019707658"
"GGGCTATTGGATTGAAAGT::ACTTTCAATCCAATAGCCC","0","0","0.53579631","-0.34321936","0.033835108"
"GGCTATTGGATTGAAAGTG::CACTTTCAATCCAATAGCC","0","0","0.65559114","-0.20326683","-0.002026987"
"GCTATTGGATTGAAAGTGA::TCACTTTCAATCCAATAGC","0","0","0.57368831","-0.17823352","-0.08108936"
"CTATTGGATTGAAAGTGAA::TTCACTTTCAATCCAATAG","0","0","0.63766024","-0.14837209","-0.12239747"
"TATTGGATTGAAAGTGAAA::TTTCACTTTCAATCCAATA","0","0","0.73148949","-0.01796685","-0.15541894"
"ATTGGATTGAAAGTGAAAA::TTTTCACTTTCAATCCAAT","0","0","0.71860677","0.21966384","-0.0071134976"
"TTGGATTGAAAGTGAAAAG::CTTTTCACTTTCAATCCAA","0","0","0.81246326","0.14958498","0.0858312"
"TGGATTGAAAGTGAAAAGA::TCTTTTCACTTTCAATCCA","0","0","0.66833815","0.28903576","0.33052045"
"GGATTGAAAGTGAAAAGAA::TTCTTTTCACTTTCAATCC","0","0","0.3872264","0.18539958","0.40881516"
"GATTGAAAGTGAAAAGAAT::ATTCTTTTCACTTTCAATC","0","0","0.46572623","0.32168197","0.6465522"
"ATTGAAAGTGAAAAGAATG::CATTCTTTTCACTTTCAAT","0","0","0.81467991","0.55226742","0.74906106"
"TTGAAAGTGAAAAGAATGA::TCATTCTTTTCACTTTCAA","0","0","0.74174719","0.61322983","0.69275842"
"TGAAAGTGAAAAGAATGAC::GTCATTCTTTTCACTTTCA","0","0","0.7583752","0.48440911","0.54536074"
"GAAAGTGAAAAGAATGACA::TGTCATTCTTTTCACTTTC","0","1","0.58415639","0.29258468","0.57381118"
"AAAGTGAAAAGAATGACAC::GTGTCATTCTTTTCACTTT","1","0","0.82206865","0.24270366","0.37542395"
"AAGTGAAAAGAATGACACA::TGTGTCATTCTTTTCACTT","0","0","0.64931475","0.30162614","0.46875705"
"AGTGAAAAGAATGACACAT::ATGTGTCATTCTTTTCACT","0","0","0.67441923","0.21902204","0.49956675"
"GTGAAAAGAATGACACATG::CATGTGTCATTCTTTTCAC","0","1","0.72168375","0.20652813","0.46193787"
"TGAAAAGAATGACACATGG::CCATGTGTCATTCTTTTCA","0","0","0.82950833","0.14494504","0.43685481"
"GAAAAGAATGACACATGGA::TCCATGTGTCATTCTTTTC","0","0","0.62293633","0.13311888","0.71942483"
"AAAAGAATGACACATGGAG::CTCCATGTGTCATTCTTTT","0","0","0.8893844","0.016095595","0.50438284"
"AAAGAATGACACATGGAGG::CCTCCATGTGTCATTCTTT","0","0","0.89988263","0.054956051","0.31700211"
"AAGAATGACACATGGAGGC::GCCTCCATGTGTCATTCTT","0","0","0.91643465","0.014481485","0.0016778078"
"AGAATGACACATGGAGGCT::AGCCTCCATGTGTCATTCT","0","0","0.74647745","-0.0064330635","-0.19391388"
"GAATGACACATGGAGGCTG::CAGCCTCCATGTGTCATTC","0","0","0.75375631","-0.06458485","-0.26638447"
"AATGACACATGGAGGCTGA::TCAGCCTCCATGTGTCATT","0","0","0.73253257","0.046076906","-0.26930921"
"ATGACACATGGAGGCTGAA::TTCAGCCTCCATGTGTCAT","0","0","0.67761873","0.017072486","-0.38089655"
"TGACACATGGAGGCTGAAG::CTTCAGCCTCCATGTGTCA","0","0","0.85632608","0.12587874","-0.17420338"
"GACACATGGAGGCTGAAGA::TCTTCAGCCTCCATGTGTC","0","0","0.65922388","0.29623495","-0.09539764"
"ACACATGGAGGCTGAAGAG::CTCTTCAGCCTCCATGTGT","0","0","0.72637352","0.25037711","0.26553283"
"CACATGGAGGCTGAAGAGG::CCTCTTCAGCCTCCATGTG","0","0","0.69071924","0.042845105","0.14503327"
"ACATGGAGGCTGAAGAGGG::CCCTCTTCAGCCTCCATGT","0","0","0.75291916","0.0077596293","0.14798888"
"CATGGAGGCTGAAGAGGGC::GCCCTCTTCAGCCTCCATG","0","0","0.63800749","-0.19037214","0.14351142"
"ATGGAGGCTGAAGAGGGCC::GGCCCTCTTCAGCCTCCAT","0","0","0.78516684","-0.24941816","0.12574469"
"TGGAGGCTGAAGAGGGCCC::GGGCCCTCTTCAGCCTCCA","0","0","0.66343428","-0.39690285","-0.17646753"
"GGAGGCTGAAGAGGGCCCA::TGGGCCCTCTTCAGCCTCC","0","0","0.43932756","-0.41862197","-0.27649677"
"GAGGCTGAAGAGGGCCCAC::GTGGGCCCTCTTCAGCCTC","0","0","0.53227573","-0.56099582","-0.36036862"
"AGGCTGAAGAGGGCCCACC::GGTGGGCCCTCTTCAGCCT","0","0","0.65352063","-0.47871","-0.43225765"
"GGCTGAAGAGGGCCCACCT::AGGTGGGCCCTCTTCAGCC","0","0","0.48837735","-0.5351254","-0.44060132"
"GCTGAAGAGGGCCCACCTG::CAGGTGGGCCCTCTTCAGC","0","0","0.4803486","-0.60242677","-0.54312672"
"CTGAAGAGGGCCCACCTGA::TCAGGTGGGCCCTCTTCAG","0","0","0.58640761","-0.77551986","-0.63826749"
"TGAAGAGGGCCCACCTGAT::ATCAGGTGGGCCCTCTTCA","0","0","0.64521797","-0.89135446","-0.69193376"
"GAAGAGGGCCCACCTGATT::AATCAGGTGGGCCCTCTTC","0","0","0.52304682","-1.0006377","-0.7713131"
"AAGAGGGCCCACCTGATTG::CAATCAGGTGGGCCCTCTT","0","0","0.7829872","-1.2447645","-0.86311192"
"AGAGGGCCCACCTGATTGA::TCAATCAGGTGGGCCCTCT","0","0","0.52249098","-1.2069388","-0.86294003"
"GAGGGCCCACCTGATTGAG::CTCAATCAGGTGGGCCCTC","0","0","0.50459349","-1.1485552","-0.84607655"
"AGGGCCCACCTGATTGAGA::TCTCAATCAGGTGGGCCCT","0","0","0.53994547","-1.029131","-0.79914523"
"GGGCCCACCTGATTGAGAT::ATCTCAATCAGGTGGGCCC","0","0","0.47703101","-0.77398778","-0.66306816"
"GGCCCACCTGATTGAGATG::CATCTCAATCAGGTGGGCC","0","0","0.42974454","-0.65447905","-0.42897966"
"GCCCACCTGATTGAGATGA::TCATCTCAATCAGGTGGGC","0","0","0.44067584","-0.49547959","-0.21884169"
"CCCACCTGATTGAGATGAA::TTCATCTCAATCAGGTGGG","0","0","0.36914513","-0.39285679","-0.00069764346"
"CCACCTGATTGAGATGAAA::TTTCATCTCAATCAGGTGG","0","0","0.47050553","-0.18395037","0.020615848"
"CACCTGATTGAGATGAAAA::TTTTCATCTCAATCAGGTG","0","0","0.57767594","-0.18400079","0.35054925"
"ACCTGATTGAGATGAAAAC::GTTTTCATCTCAATCAGGT","0","0","0.72258728","-0.22658157","0.43077996"
"CCTGATTGAGATGAAAACA::TGTTTTCATCTCAATCAGG","0","0","0.59884087","-0.25863195","0.74941005"
"CTGATTGAGATGAAAACAT::ATGTTTTCATCTCAATCAG","0","0","0.77095635","-0.47503661","0.65456396"
"TGATTGAGATGAAAACATG::CATGTTTTCATCTCAATCA","0","0","0.83740772","-0.41793396","0.64772725"
"GATTGAGATGAAAACATGT::ACATGTTTTCATCTCAATC","0","0","0.72324318","-0.44623267","0.63359979"
"ATTGAGATGAAAACATGTG::CACATGTTTTCATCTCAAT","0","0","0.93567065","-0.32469197","0.57821723"
"TTGAGATGAAAACATGTGA::TCACATGTTTTCATCTCAA","1","0","0.89485514","-0.44666863","0.2988597"
"TGAGATGAAAACATGTGAA::TTCACATGTTTTCATCTCA","1","0","0.72971978","-0.33496889","0.25379714"
"GAGATGAAAACATGTGAAT::ATTCACATGTTTTCATCTC","0","0","0.57086281","-0.44824401","0.32120517"
"AGATGAAAACATGTGAATG::CATTCACATGTTTTCATCT","0","0","0.72531649","-0.46806419","0.30995055"
"GATGAAAACATGTGAATGG::CCATTCACATGTTTTCATC","0","0","0.69536693","-0.47222857","0.33756637"
"ATGAAAACATGTGAATGGC::GCCATTCACATGTTTTCAT","0","0","0.82463841","-0.42565084","0.2017297"
"TGAAAACATGTGAATGGCC::GGCCATTCACATGTTTTCA","0","0","0.85782713","-0.3727136","0.25685269"
"GAAAACATGTGAATGGCCA::TGGCCATTCACATGTTTTC","0","0","0.66142556","-0.3040996","0.42579846"
"AAAACATGTGAATGGCCAA::TTGGCCATTCACATGTTTT","0","0","0.68035953","-0.10265546","0.28814535"
"AAACATGTGAATGGCCAAA::TTTGGCCATTCACATGTTT","0","0","0.64674797","0.20437192","0.24700954"
"AACATGTGAATGGCCAAAG::CTTTGGCCATTCACATGTT","0","0","0.83178439","0.35254012","0.010312504"
"ACATGTGAATGGCCAAAGT::ACTTTGGCCATTCACATGT","0","0","0.65129457","0.52459939","0.087215277"
"CATGTGAATGGCCAAAGTC::GACTTTGGCCATTCACATG","0","0","0.73283075","0.53775642","0.020330682"
"ATGTGAATGGCCAAAGTCT::AGACTTTGGCCATTCACAT","0","0","0.84657899","0.52677048","-0.1847501"
"TGTGAATGGCCAAAGTCTC::GAGACTTTGGCCATTCACA","0","0","0.8659207","0.59553346","-0.046020109"
"GTGAATGGCCAAAGTCTCA::TGAGACTTTGGCCATTCAC","0","0","0.61860748","0.66567218","0.041866825"
"TGAATGGCCAAAGTCTCAC::GTGAGACTTTGGCCATTCA","0","0","0.89617339","0.66122224","-0.013824019"
"GAATGGCCAAAGTCTCACA::TGTGAGACTTTGGCCATTC","0","0","0.61309361","0.66927787","-0.15427033"
"AATGGCCAAAGTCTCACAC::GTGTGAGACTTTGGCCATT","0","0","0.77923609","0.53364856","-0.27796521"
"ATGGCCAAAGTCTCACACA::TGTGTGAGACTTTGGCCAT","0","0","0.76206905","0.58536741","-0.35191587"
"TGGCCAAAGTCTCACACAT::ATGTGTGAGACTTTGGCCA","0","0","0.71612317","0.42026207","-0.34719623"
"GGCCAAAGTCTCACACATT::AATGTGTGAGACTTTGGCC","0","0","0.5357424","0.30816207","-0.50081471"
"GCCAAAGTCTCACACATTG::CAATGTGTGAGACTTTGGC","0","0","0.65058385","0.26845617","-0.56264999"
"CCAAAGTCTCACACATTGT::ACAATGTGTGAGACTTTGG","0","0","0.71382949","-0.11461056","-0.6369144"
"CAAAGTCTCACACATTGTG::CACAATGTGTGAGACTTTG","0","0","0.85239831","-0.32248528","-0.48254335"
"AAAGTCTCACACATTGTGG::CCACAATGTGTGAGACTTT","0","0","0.95799051","-0.55478683","-0.58353947"
"AAGTCTCACACATTGTGGA::TCCACAATGTGTGAGACTT","0","0","0.80708932","-0.56045826","-0.63312943"
"AGTCTCACACATTGTGGAC::GTCCACAATGTGTGAGACT","0","0","0.78991503","-0.61567319","-0.54532421"
"GTCTCACACATTGTGGACA::TGTCCACAATGTGTGAGAC","0","0","0.72658211","-0.45270789","-0.30083043"
"TCTCACACATTGTGGACAG::CTGTCCACAATGTGTGAGA","0","0","0.87263132","-0.41812464","-0.359571"
"CTCACACATTGTGGACAGA::TCTGTCCACAATGTGTGAG","0","0","0.55288673","-0.48308732","-0.26846384"
"TCACACATTGTGGACAGAT::ATCTGTCCACAATGTGTGA","0","0","0.84302926","-0.48450438","-0.13756591"
"CACACATTGTGGACAGATG::CATCTGTCCACAATGTGTG","0","0","0.75520314","-0.40335716","0.044569392"
"ACACATTGTGGACAGATGG::CCATCTGTCCACAATGTGT","0","0","0.87301277","-0.28989936","0.097939006"
"CACATTGTGGACAGATGGA::TCCATCTGTCCACAATGTG","0","0","0.64163885","-0.29379637","0.21025073"
"ACATTGTGGACAGATGGAG::CTCCATCTGTCCACAATGT","0","0","0.78520897","-0.26184885","0.21327274"
"CATTGTGGACAGATGGAGT::ACTCCATCTGTCCACAATG","0","0","0.70544939","-0.25429858","0.18028764"
"ATTGTGGACAGATGGAGTA::TACTCCATCTGTCCACAAT","0","0","0.74976169","-0.29802728","0.11107259"
"TTGTGGACAGATGGAGTAG::CTACTCCATCTGTCCACAA","0","0","0.78948851","-0.32016371","0.056049034"
"TGTGGACAGATGGAGTAGA::TCTACTCCATCTGTCCACA","0","0","0.69359439","-0.45799694","-0.062045329"
"GTGGACAGATGGAGTAGAA::TTCTACTCCATCTGTCCAC","0","0","0.52708251","-0.24383334","-0.067194588"
"TGGACAGATGGAGTAGAAG::CTTCTACTCCATCTGTCCA","0","0","0.79828296","-0.22326005","0.16860296"
"GGACAGATGGAGTAGAAGA::TCTTCTACTCCATCTGTCC","0","0","0.55940078","-0.1216223","0.25663563"
"GACAGATGGAGTAGAAGAA::TTCTTCTACTCCATCTGTC","0","0","0.51781368","-0.260347","0.29720314"
"ACAGATGGAGTAGAAGAAA::TTTCTTCTACTCCATCTGT","0","0","0.58122814","-0.30864276","0.38019808"
"CAGATGGAGTAGAAGAAAG::CTTTCTTCTACTCCATCTG","0","0","0.61250993","-0.16287945","0.30178517"
"AGATGGAGTAGAAGAAAGT::ACTTTCTTCTACTCCATCT","0","0","0.62312504","-0.18193163","0.26713391"
"GATGGAGTAGAAGAAAGTG::CACTTTCTTCTACTCCATC","0","0","0.66562549","-0.17312854","0.067488483"
"ATGGAGTAGAAGAAAGTGA::TCACTTTCTTCTACTCCAT","0","0","0.72335233","-0.19753229","0.051338094"
"TGGAGTAGAAGAAAGTGAT::ATCACTTTCTTCTACTCCA","0","0","0.75607648","-0.18109566","-0.19441491"
"GGAGTAGAAGAAAGTGATC::GATCACTTTCTTCTACTCC","0","0","0.59461691","-0.046651965","-0.12864222"
"GAGTAGAAGAAAGTGATCT::AGATCACTTTCTTCTACTC","0","0","0.68939713","0.036620249","-0.062710615"
"AGTAGAAGAAAGTGATCTT::AAGATCACTTTCTTCTACT","0","0","0.64799702","0.18793544","-0.078925095"
"GTAGAAGAAAGTGATCTTA::TAAGATCACTTTCTTCTAC","0","0","0.59945097","0.41277145","-0.064269866"
"TAGAAGAAAGTGATCTTAT::ATAAGATCACTTTCTTCTA","0","0","0.8101917","0.64659665","-0.12291347"
"AGAAGAAAGTGATCTTATC::GATAAGATCACTTTCTTCT","0","0","0.78757256","0.71773799","-0.078044144"
"GAAGAAAGTGATCTTATCA::TGATAAGATCACTTTCTTC","0","0","0.64669445","0.71178918","-0.29831614"
"AAGAAAGTGATCTTATCAT::ATGATAAGATCACTTTCTT","0","0","0.76495575","0.6240351","-0.36351274"
"AGAAAGTGATCTTATCATA::TATGATAAGATCACTTTCT","0","0","0.64861819","0.52495575","-0.53970436"
"GAAAGTGATCTTATCATAC::GTATGATAAGATCACTTTC","0","0","0.76735376","0.47804983","-0.67320624"
"AAAGTGATCTTATCATACC::GGTATGATAAGATCACTTT","0","0","0.90931034","0.32773019","-0.69407026"
"AAGTGATCTTATCATACCC::GGGTATGATAAGATCACTT","0","0","0.9038228","0.35949111","-0.73655793"
"AGTGATCTTATCATACCCA::TGGGTATGATAAGATCACT","0","0","0.71114084","0.41486575","-0.88037612"
"GTGATCTTATCATACCCAA::TTGGGTATGATAAGATCAC","0","0","0.54872071","0.34241757","-1.0287752"
"TGATCTTATCATACCCAAG::CTTGGGTATGATAAGATCA","0","0","0.83688768","0.37065028","-1.0632352"
"GATCTTATCATACCCAAGT::ACTTGGGTATGATAAGATC","0","0","0.71957137","0.41779891","-1.2595041"
"ATCTTATCATACCCAAGTC::GACTTGGGTATGATAAGAT","0","0","0.84176699","0.40212256","-1.3629891"
"TCTTATCATACCCAAGTCT::AGACTTGGGTATGATAAGA","0","0","0.83555205","0.1678931","-1.4684728"
"CTTATCATACCCAAGTCTT::AAGACTTGGGTATGATAAG","0","0","0.65724566","0.07366233","-1.3532344"
"TTATCATACCCAAGTCTTT::AAAGACTTGGGTATGATAA","0","0","0.76122598","0.24215179","-1.2610096"
"TATCATACCCAAGTCTTTA::TAAAGACTTGGGTATGATA","0","0","0.7752635","0.012425475","-1.3025715"
"ATCATACCCAAGTCTTTAG::CTAAAGACTTGGGTATGAT","0","0","0.78723832","-0.033974784","-1.1086157"
"TCATACCCAAGTCTTTAGC::GCTAAAGACTTGGGTATGA","0","0","0.86302277","-0.015079753","-1.1588101"
"CATACCCAAGTCTTTAGCT::AGCTAAAGACTTGGGTATG","0","0","0.70716402","0.11252748","-1.1163633"
"ATACCCAAGTCTTTAGCTG::CAGCTAAAGACTTGGGTAT","0","0","0.88150467","0.064572459","-0.9971602"
"TACCCAAGTCTTTAGCTGG::CCAGCTAAAGACTTGGGTA","0","0","0.92174925","0.079280634","-1.0642606"
"ACCCAAGTCTTTAGCTGGT::ACCAGCTAAAGACTTGGGT","0","0","0.65587977","0.1545518","-1.1181873"
"CCCAAGTCTTTAGCTGGTC::GACCAGCTAAAGACTTGGG","0","0","0.71916934","0.1839945","-0.91653054"
"CCAAGTCTTTAGCTGGTCC::GGACCAGCTAAAGACTTGG","0","0","0.80542511","0.11442236","-0.8402696"
"CAAGTCTTTAGCTGGTCCA::TGGACCAGCTAAAGACTTG","0","0","0.77390946","0.0067278408","-0.77006183"
"AAGTCTTTAGCTGGTCCAC::GTGGACCAGCTAAAGACTT","0","0","0.85876953","-0.20219969","-0.6218219"
"AGTCTTTAGCTGGTCCACT::AGTGGACCAGCTAAAGACT","0","0","0.88982405","-0.31382547","-0.62132019"
"GTCTTTAGCTGGTCCACTC::GAGTGGACCAGCTAAAGAC","0","0","0.85426092","-0.27648169","-0.52272438"
"TCTTTAGCTGGTCCACTCA::TGAGTGGACCAGCTAAAGA","0","0","0.84674986","-0.29822757","-0.64353086"
"CTTTAGCTGGTCCACTCAG::CTGAGTGGACCAGCTAAAG","0","0","0.73562322","-0.58577471","-0.74985963"
"TTTAGCTGGTCCACTCAGC::GCTGAGTGGACCAGCTAAA","0","0","0.96857399","-0.42146775","-0.51816774"
"TTAGCTGGTCCACTCAGCC::GGCTGAGTGGACCAGCTAA","0","0","1.0037712","-0.30362771","-0.60369741"
"TAGCTGGTCCACTCAGCCA::TGGCTGAGTGGACCAGCTA","0","0","0.83387037","-0.10255321","-0.50929799"
"AGCTGGTCCACTCAGCCAC::GTGGCTGAGTGGACCAGCT","0","0","0.75092509","0.051467281","-0.60793441"
"GCTGGTCCACTCAGCCACC::GGTGGCTGAGTGGACCAGC","0","0","0.56280471","0.18295349","-0.80885755"
"CTGGTCCACTCAGCCACCA::TGGTGGCTGAGTGGACCAG","0","0","0.56285495","0.12929796","-0.80549736"
"TGGTCCACTCAGCCACCAC::GTGGTGGCTGAGTGGACCA","0","0","0.7530397","-0.028458773","-0.74668047"
"GGTCCACTCAGCCACCACA::TGTGGTGGCTGAGTGGACC","0","0","0.47552757","-0.1460015","-0.84522353"
"GTCCACTCAGCCACCACAA::TTGTGGTGGCTGAGTGGAC","0","0","0.4942065","0.055317588","-0.79881311"
"TCCACTCAGCCACCACAAC::GTTGTGGTGGCTGAGTGGA","0","0","0.63722811","-0.0075990533","-0.71487458"
"CCACTCAGCCACCACAACA::TGTTGTGGTGGCTGAGTGG","0","0","0.60872384","-0.006653831","-0.7648919"
"CACTCAGCCACCACAACAC::GTGTTGTGGTGGCTGAGTG","0","0","0.68149103","0.089197002","-0.81776232"
"ACTCAGCCACCACAACACC::GGTGTTGTGGTGGCTGAGT","0","0","0.637361","0.044421642","-0.87868521"
"CTCAGCCACCACAACACCA::TGGTGTTGTGGTGGCTGAG","0","0","0.59467695","0.020902768","-0.81033587"
"TCAGCCACCACAACACCAG::CTGGTGTTGTGGTGGCTGA","0","0","0.7497096","-0.050914204","-0.64367402"
"CAGCCACCACAACACCAGA::TCTGGTGTTGTGGTGGCTG","0","0","0.52259376","-0.0069568195","-0.67323306"
"AGCCACCACAACACCAGAG::CTCTGGTGTTGTGGTGGCT","0","0","0.67166964","-0.17533393","-0.58620883"
"GCCACCACAACACCAGAGA::TCTCTGGTGTTGTGGTGGC","0","0","0.50592161","-0.23679371","-0.60583524"
"CCACCACAACACCAGAGAG::CTCTCTGGTGTTGTGGTGG","0","0","0.54777868","-0.35425648","-0.67153156"
"CACCACAACACCAGAGAGG::CCTCTCTGGTGTTGTGGTG","0","0","0.71000425","-0.55419254","-0.55362178"
"ACCACAACACCAGAGAGGG::CCCTCTCTGGTGTTGTGGT","0","0","0.72127563","-0.64687439","-0.57703251"
"CCACAACACCAGAGAGGGT::ACCCTCTCTGGTGTTGTGG","0","0","0.54092466","-0.59699048","-0.45171872"
"CACAACACCAGAGAGGGTT::AACCCTCTCTGGTGTTGTG","0","0","0.71799504","-0.71372614","-0.34014899"
"ACAACACCAGAGAGGGTTA::TAACCCTCTCTGGTGTTGT","0","0","0.63312917","-0.89093047","-0.27031376"
"CAACACCAGAGAGGGTTAC::GTAACCCTCTCTGGTGTTG","0","0","0.63956596","-0.82204144","-0.3354259"
"AACACCAGAGAGGGTTACA::TGTAACCCTCTCTGGTGTT","0","0","0.71231774","-0.78336179","-0.3523486"
"ACACCAGAGAGGGTTACAG::CTGTAACCCTCTCTGGTGT","0","0","0.72240114","-0.90148538","-0.36761803"
"CACCAGAGAGGGTTACAGA::TCTGTAACCCTCTCTGGTG","0","0","0.58816748","-0.90396695","-0.14022373"
"ACCAGAGAGGGTTACAGAA::TTCTGTAACCCTCTCTGGT","0","0","0.58566064","-0.72325589","-0.090908609"
"CCAGAGAGGGTTACAGAAC::GTTCTGTAACCCTCTCTGG","0","0","0.6718114","-0.61026897","-0.33435063"
"CAGAGAGGGTTACAGAACC::GGTTCTGTAACCCTCTCTG","0","0","0.79885791","-0.67809851","-0.57594553"
"AGAGAGGGTTACAGAACCC::GGGTTCTGTAACCCTCTCT","0","0","0.78509752","-0.57740722","-0.92161902"
"GAGAGGGTTACAGAACCCA::TGGGTTCTGTAACCCTCTC","0","0","0.7003832","-0.67967493","-1.1916757"
"AGAGGGTTACAGAACCCAA::TTGGGTTCTGTAACCCTCT","0","0","0.62961754","-0.7423295","-1.1702586"
"GAGGGTTACAGAACCCAAG::CTTGGGTTCTGTAACCCTC","0","0","0.73867942","-0.4848164","-1.2037651"
"AGGGTTACAGAACCCAAGT::ACTTGGGTTCTGTAACCCT","0","0","0.73407269","-0.24851786","-1.342483"
"GGGTTACAGAACCCAAGTG::CACTTGGGTTCTGTAACCC","0","0","0.60220752","-0.23771425","-1.4900737"
"GGTTACAGAACCCAAGTGA::TCACTTGGGTTCTGTAACC","0","0","0.5651389","-0.02295525","-1.472914"
"GTTACAGAACCCAAGTGAA::TTCACTTGGGTTCTGTAAC","0","0","0.53462766","0.061869634","-1.5765839"
"TTACAGAACCCAAGTGAAA::TTTCACTTGGGTTCTGTAA","0","0","0.70015347","0.13532635","-1.6420961"
"TACAGAACCCAAGTGAAAG::CTTTCACTTGGGTTCTGTA","0","0","0.86083993","0.28017927","-1.5095565"
"ACAGAACCCAAGTGAAAGG::CCTTTCACTTGGGTTCTGT","0","0","0.67305782","0.47355226","-1.4621647"
"CAGAACCCAAGTGAAAGGG::CCCTTTCACTTGGGTTCTG","0","0","0.67459326","0.46523845","-1.5717"
"AGAACCCAAGTGAAAGGGC::GCCCTTTCACTTGGGTTCT","0","0","0.65765064","0.22738975","-1.5784337"
"GAACCCAAGTGAAAGGGCC::GGCCCTTTCACTTGGGTTC","0","0","0.66062497","0.12152701","-1.5377793"
"AACCCAAGTGAAAGGGCCA::TGGCCCTTTCACTTGGGTT","0","0","0.61320572","0.17907616","-1.377279"
"ACCCAAGTGAAAGGGCCAT::ATGGCCCTTTCACTTGGGT","0","0","0.45902454","0.1522748","-1.1142042"
"CCCAAGTGAAAGGGCCATG::CATGGCCCTTTCACTTGGG","0","0","0.50054926","0.013012401","-0.94319013"
"CCAAGTGAAAGGGCCATGG::CCATGGCCCTTTCACTTGG","0","0","0.65248575","-0.018975009","-0.88832016"
"CAAGTGAAAGGGCCATGGC::GCCATGGCCCTTTCACTTG","0","0","0.64016829","-0.025584441","-0.85321423"
"AAGTGAAAGGGCCATGGCA::TGCCATGGCCCTTTCACTT","0","0","0.64265427","-0.20603029","-0.80272643"
"AGTGAAAGGGCCATGGCAC::GTGCCATGGCCCTTTCACT","0","0","0.67042728","-0.26016082","-0.79965099"
"GTGAAAGGGCCATGGCACA::TGTGCCATGGCCCTTTCAC","0","0","0.52591101","-0.3271248","-0.93975973"
"TGAAAGGGCCATGGCACAG::CTGTGCCATGGCCCTTTCA","0","0","0.73352015","-0.44771881","-1.0705667"
"GAAAGGGCCATGGCACAGT::ACTGTGCCATGGCCCTTTC","0","0","0.63902175","-0.66322258","-1.0814963"
"AAAGGGCCATGGCACAGTG::CACTGTGCCATGGCCCTTT","0","0","0.6726439","-0.93035839","-1.1758581"
"AAGGGCCATGGCACAGTGA::TCACTGTGCCATGGCCCTT","0","0","0.61636652","-0.97745118","-1.0425946"
"AGGGCCATGGCACAGTGAA::TTCACTGTGCCATGGCCCT","0","0","0.53025577","-0.88707374","-1.0650879"
"GGGCCATGGCACAGTGAAG::CTTCACTGTGCCATGGCCC","0","0","0.50670017","-0.62236854","-0.89878232"
"GGCCATGGCACAGTGAAGA::TCTTCACTGTGCCATGGCC","0","0","0.49667593","-0.42847953","-0.71616385"
"GCCATGGCACAGTGAAGAG::CTCTTCACTGTGCCATGGC","0","0","0.49424678","-0.53561394","-0.60601746"
"CCATGGCACAGTGAAGAGC::GCTCTTCACTGTGCCATGG","0","0","0.6526962","-0.56401578","-0.69911432"
"CATGGCACAGTGAAGAGCT::AGCTCTTCACTGTGCCATG","0","0","0.75853446","-0.56613097","-0.6849116"
"ATGGCACAGTGAAGAGCTT::AAGCTCTTCACTGTGCCAT","0","0","0.64663258","-0.33071334","-0.48683621"
"TGGCACAGTGAAGAGCTTG::CAAGCTCTTCACTGTGCCA","0","0","0.86768425","-0.53712076","-0.34521251"
"GGCACAGTGAAGAGCTTGA::TCAAGCTCTTCACTGTGCC","0","0","0.54975256","-0.57681302","-0.22953678"
"GCACAGTGAAGAGCTTGAA::TTCAAGCTCTTCACTGTGC","0","0","0.51752724","-0.41739034","-0.10265542"
"CACAGTGAAGAGCTTGAAA::TTTCAAGCTCTTCACTGTG","0","0","0.5868343","-0.34743776","-0.052435159"
"ACAGTGAAGAGCTTGAAAT::ATTTCAAGCTCTTCACTGT","0","0","0.752341","-0.29977509","0.21215574"
"CAGTGAAGAGCTTGAAATC::GATTTCAAGCTCTTCACTG","0","0","0.71973242","-0.12151627","0.28962462"
"AGTGAAGAGCTTGAAATCC::GGATTTCAAGCTCTTCACT","0","0","0.82441026","-0.068336884","0.35281545"
"GTGAAGAGCTTGAAATCCG::CGGATTTCAAGCTCTTCAC","0","0","0.83061365","-0.15940485","0.34669153"
"TGAAGAGCTTGAAATCCGG::CCGGATTTCAAGCTCTTCA","0","0","0.94048486","-0.088593745","0.57834581"
"GAAGAGCTTGAAATCCGGT::ACCGGATTTCAAGCTCTTC","0","0","0.72517428","-0.15314475","0.43077351"
"AAGAGCTTGAAATCCGGTT::AACCGGATTTCAAGCTCTT","0","0","0.85755228","-0.3207515","0.28540099"
"AGAGCTTGAAATCCGGTTT::AAACCGGATTTCAAGCTCT","0","0","0.75559227","-0.29208013","0.033586624"
"GAGCTTGAAATCCGGTTTG::CAAACCGGATTTCAAGCTC","0","0","0.67247168","-0.15772064","0.12141334"
"AGCTTGAAATCCGGTTTGA::TCAAACCGGATTTCAAGCT","0","0","0.57507967","-0.12696149","0.22840675"
"GCTTGAAATCCGGTTTGAG::CTCAAACCGGATTTCAAGC","0","0","0.56802393","-0.41403988","0.093860173"
"CTTGAAATCCGGTTTGAGG::CCTCAAACCGGATTTCAAG","0","0","0.7929246","-0.47515644","-0.11268623"
"TTGAAATCCGGTTTGAGGA::TCCTCAAACCGGATTTCAA","0","0","0.87191984","-0.46231217","-0.17327467"
"TGAAATCCGGTTTGAGGAA::TTCCTCAAACCGGATTTCA","0","0","0.6260051","-0.68497577","-0.40584194"
"GAAATCCGGTTTGAGGAAT::ATTCCTCAAACCGGATTTC","0","0","0.53538245","-0.84343049","-0.36214925"
"AAATCCGGTTTGAGGAATG::CATTCCTCAAACCGGATTT","0","0","0.77739209","-0.70949532","-0.35521025"
"AATCCGGTTTGAGGAATGT::ACATTCCTCAAACCGGATT","0","0","0.70673408","-0.76406525","-0.37721447"
"ATCCGGTTTGAGGAATGTC::GACATTCCTCAAACCGGAT","0","0","0.8226041","-0.50483203","-0.18797477"
"TCCGGTTTGAGGAATGTCC::GGACATTCCTCAAACCGGA","0","0","0.91862711","-0.38977072","-0.067176408"
"CCGGTTTGAGGAATGTCCA::TGGACATTCCTCAAACCGG","0","0","0.61851269","-0.47804617","-0.24549934"
"CGGTTTGAGGAATGTCCAG::CTGGACATTCCTCAAACCG","0","0","0.56515061","-0.59887181","-0.21106642"
"GGTTTGAGGAATGTCCAGG::CCTGGACATTCCTCAAACC","0","0","0.65246699","-0.74809295","-0.26770226"
"GTTTGAGGAATGTCCAGGC::GCCTGGACATTCCTCAAAC","0","0","0.7182025","-0.89896468","-0.25030055"
"TTTGAGGAATGTCCAGGCA::TGCCTGGACATTCCTCAAA","0","0","0.74583381","-1.08523","-0.44479326"
"TTGAGGAATGTCCAGGCAC::GTGCCTGGACATTCCTCAA","0","0","0.90742062","-1.0493232","-0.55180638"
"TGAGGAATGTCCAGGCACC::GGTGCCTGGACATTCCTCA","0","0","0.76373153","-1.0380816","-0.48247398"
"GAGGAATGTCCAGGCACCA::TGGTGCCTGGACATTCCTC","0","0","0.54407416","-0.96331848","-0.45705009"
"AGGAATGTCCAGGCACCAA::TTGGTGCCTGGACATTCCT","0","0","0.54190592","-0.82350024","-0.31889765"
"GGAATGTCCAGGCACCAAG::CTTGGTGCCTGGACATTCC","0","0","0.63625817","-0.63195702","-0.23115036"
"GAATGTCCAGGCACCAAGG::CCTTGGTGCCTGGACATTC","0","0","0.65468403","-0.55986527","-0.18011311"
"AATGTCCAGGCACCAAGGT::ACCTTGGTGCCTGGACATT","0","0","0.64585173","-0.59171518","-0.33531345"
"ATGTCCAGGCACCAAGGTT::AACCTTGGTGCCTGGACAT","0","0","0.6547473","-0.58199486","-0.32253224"
"TGTCCAGGCACCAAGGTTT::AAACCTTGGTGCCTGGACA","0","0","0.68310751","-0.66455669","-0.54867645"
"GTCCAGGCACCAAGGTTTA::TAAACCTTGGTGCCTGGAC","0","0","0.43598893","-0.79266738","-0.63781209"
"TCCAGGCACCAAGGTTTAC::GTAAACCTTGGTGCCTGGA","0","0","0.59444688","-0.89620354","-0.62435606"
"CCAGGCACCAAGGTTTACG::CGTAAACCTTGGTGCCTGG","0","0","0.62235404","-0.74986197","-0.56480548"
"CAGGCACCAAGGTTTACGT::ACGTAAACCTTGGTGCCTG","0","0","0.576025","-0.56748964","-0.37598736"
"AGGCACCAAGGTTTACGTG::CACGTAAACCTTGGTGCCT","0","0","0.60197796","-0.49682652","-0.33852562"
"GGCACCAAGGTTTACGTGG::CCACGTAAACCTTGGTGCC","0","0","0.60827153","-0.42745276","-0.29471651"
"GCACCAAGGTTTACGTGGA::TCCACGTAAACCTTGGTGC","0","0","0.46149239","-0.42840713","-0.32406487"
"CACCAAGGTTTACGTGGAG::CTCCACGTAAACCTTGGTG","0","0","0.55461693","-0.38406126","-0.41542102"
"ACCAAGGTTTACGTGGAGG::CCTCCACGTAAACCTTGGT","0","0","0.70190144","-0.31656364","-0.36076936"
"CCAAGGTTTACGTGGAGGA::TCCTCCACGTAAACCTTGG","0","0","0.53715426","-0.45734681","-0.50250407"
"CAAGGTTTACGTGGAGGAG::CTCCTCCACGTAAACCTTG","0","0","0.57880835","-0.63794633","-0.47057113"
"AAGGTTTACGTGGAGGAGA::TCTCCTCCACGTAAACCTT","0","0","0.71480108","-0.58519491","-0.43464697"
"AGGTTTACGTGGAGGAGAC::GTCTCCTCCACGTAAACCT","0","0","0.64330564","-0.56665865","-0.34629932"
"GGTTTACGTGGAGGAGACA::TGTCTCCTCCACGTAAACC","0","0","0.46330428","-0.36536981","-0.34930523"
"GTTTACGTGGAGGAGACAT::ATGTCTCCTCCACGTAAAC","0","0","0.62514087","-0.23427003","-0.14726365"
"TTTACGTGGAGGAGACATG::CATGTCTCCTCCACGTAAA","0","0","0.88593329","-0.14047952","-0.2032456"
"TTACGTGGAGGAGACATGC::GCATGTCTCCTCCACGTAA","0","0","0.97716964","-0.07491803","-0.19135473"
"TACGTGGAGGAGACATGCG::CGCATGTCTCCTCCACGTA","0","0","0.83083923","-0.12969092","-0.22772911"
"ACGTGGAGGAGACATGCGG::CCGCATGTCTCCTCCACGT","0","0","0.73823309","-0.19689612","-0.31928361"
"CGTGGAGGAGACATGCGGA::TCCGCATGTCTCCTCCACG","0","0","0.55740652","-0.16791647","-0.27991734"
"GTGGAGGAGACATGCGGAA::TTCCGCATGTCTCCTCCAC","0","0","0.53292984","-0.14071295","-0.26743884"
"TGGAGGAGACATGCGGAAC::GTTCCGCATGTCTCCTCCA","0","0","0.79102631","-0.21268485","-0.24536856"
"GGAGGAGACATGCGGAACT::AGTTCCGCATGTCTCCTCC","0","0","0.62347247","-0.12067628","-0.15428028"
"GAGGAGACATGCGGAACTA::TAGTTCCGCATGTCTCCTC","0","0","0.5856512","-0.12249239","-0.036276995"
"AGGAGACATGCGGAACTAG::CTAGTTCCGCATGTCTCCT","0","0","0.68001513","-0.13698569","0.023618913"
"GGAGACATGCGGAACTAGA::TCTAGTTCCGCATGTCTCC","0","0","0.59762651","-0.1221842","-0.047534103"
"GAGACATGCGGAACTAGAG::CTCTAGTTCCGCATGTCTC","0","0","0.77247339","-0.24003787","-0.1325212"
"AGACATGCGGAACTAGAGG::CCTCTAGTTCCGCATGTCT","0","0","0.79839843","-0.47249928","-0.20801318"
"GACATGCGGAACTAGAGGA::TCCTCTAGTTCCGCATGTC","0","0","0.6553907","-0.74325433","-0.26554261"
"ACATGCGGAACTAGAGGAC::GTCCTCTAGTTCCGCATGT","0","0","0.7245597","-0.77817333","-0.22442455"
"CATGCGGAACTAGAGGACC::GGTCCTCTAGTTCCGCATG","0","0","0.73067344","-0.88934695","-0.28544859"
"ATGCGGAACTAGAGGACCA::TGGTCCTCTAGTTCCGCAT","0","0","0.74438213","-0.86981303","-0.24910941"
"TGCGGAACTAGAGGACCAT::ATGGTCCTCTAGTTCCGCA","0","0","0.69582305","-0.94791065","-0.2995045"
"GCGGAACTAGAGGACCATC::GATGGTCCTCTAGTTCCGC","0","0","0.60416877","-0.81798548","-0.18737061"
"CGGAACTAGAGGACCATCT::AGATGGTCCTCTAGTTCCG","0","0","0.73904505","-0.68671641","-0.2138761"
"GGAACTAGAGGACCATCTC::GAGATGGTCCTCTAGTTCC","0","0","0.73489266","-0.55869","-0.064530362"
"GAACTAGAGGACCATCTCT::AGAGATGGTCCTCTAGTTC","0","0","0.77712793","-0.41260693","0.12423183"
"AACTAGAGGACCATCTCTG::CAGAGATGGTCCTCTAGTT","0","0","0.95569702","-0.29279954","-0.046709904"
"ACTAGAGGACCATCTCTGA::TCAGAGATGGTCCTCTAGT","0","0","0.67954353","-0.40882455","-0.27938914"
"CTAGAGGACCATCTCTGAG::CTCAGAGATGGTCCTCTAG","0","0","0.81449666","-0.4018697","-0.32093379"
"TAGAGGACCATCTCTGAGA::TCTCAGAGATGGTCCTCTA","0","0","0.9312598","-0.3327182","-0.20785309"
"AGAGGACCATCTCTGAGAT::ATCTCAGAGATGGTCCTCT","0","0","0.64161566","-0.13426308","-0.078432812"
"GAGGACCATCTCTGAGATC::GATCTCAGAGATGGTCCTC","0","0","0.66375724","0.027377085","0.019563643"
"AGGACCATCTCTGAGATCA::TGATCTCAGAGATGGTCCT","0","0","0.72562852","0.13237582","0.1807647"
"GGACCATCTCTGAGATCAA::TTGATCTCAGAGATGGTCC","0","0","0.49498868","0.14348988","0.072919027"
"GACCATCTCTGAGATCAAC::GTTGATCTCAGAGATGGTC","0","0","0.64548251","0.18800542","0.08054771"
"ACCATCTCTGAGATCAACT::AGTTGATCTCAGAGATGGT","0","0","0.87753342","0.27800044","0.051716518"
"CCATCTCTGAGATCAACTA::TAGTTGATCTCAGAGATGG","0","0","0.63569008","0.34275765","0.17059532"
"CATCTCTGAGATCAACTAC::GTAGTTGATCTCAGAGATG","0","0","0.74867173","0.24847439","0.076607169"
"ATCTCTGAGATCAACTACT::AGTAGTTGATCTCAGAGAT","0","0","0.92600121","0.030304283","-0.07893424"
"TCTCTGAGATCAACTACTG::CAGTAGTTGATCTCAGAGA","0","0","0.91444418","-0.21165751","-0.2161248"
"CTCTGAGATCAACTACTGC::GCAGTAGTTGATCTCAGAG","0","0","0.7550239","-0.41287363","-0.44408153"
"TCTGAGATCAACTACTGCA::TGCAGTAGTTGATCTCAGA","0","0","0.87722873","-0.5612221","-0.4290847"
"CTGAGATCAACTACTGCAA::TTGCAGTAGTTGATCTCAG","0","0","0.67231437","-0.5112355","-0.39504022"
"TGAGATCAACTACTGCAAG::CTTGCAGTAGTTGATCTCA","0","0","0.7969517","-0.45926498","-0.37369878"
"GAGATCAACTACTGCAAGT::ACTTGCAGTAGTTGATCTC","0","0","0.69028875","-0.34362852","-0.55271833"
"AGATCAACTACTGCAAGTG::CACTTGCAGTAGTTGATCT","0","0","0.81832312","-0.43742503","-0.73156433"
"GATCAACTACTGCAAGTGG::CCACTTGCAGTAGTTGATC","0","0","0.64596757","-0.54389614","-0.85143641"
"ATCAACTACTGCAAGTGGA::TCCACTTGCAGTAGTTGAT","0","0","0.7438484","-0.59143097","-1.0146168"
"TCAACTACTGCAAGTGGAA::TTCCACTTGCAGTAGTTGA","0","0","0.70005951","-0.85877501","-0.96166445"
"CAACTACTGCAAGTGGAAG::CTTCCACTTGCAGTAGTTG","0","0","0.66374143","-0.89077378","-1.1413402"
"AACTACTGCAAGTGGAAGG::CCTTCCACTTGCAGTAGTT","0","0","0.806242","-0.91122747","-1.2476153"
"ACTACTGCAAGTGGAAGGG::CCCTTCCACTTGCAGTAGT","0","0","0.69124424","-0.98265105","-1.3922328"
"CTACTGCAAGTGGAAGGGT::ACCCTTCCACTTGCAGTAG","0","0","0.57368811","-0.92178661","-1.3071988"
"TACTGCAAGTGGAAGGGTC::GACCCTTCCACTTGCAGTA","0","0","0.80409101","-0.8147998","-1.1296095"
"ACTGCAAGTGGAAGGGTCA::TGACCCTTCCACTTGCAGT","0","0","0.60052156","-0.49815204","-1.0541024"
"CTGCAAGTGGAAGGGTCAT::ATGACCCTTCCACTTGCAG","0","0","0.56485143","-0.4223586","-0.95039637"
"TGCAAGTGGAAGGGTCATT::AATGACCCTTCCACTTGCA","0","0","0.65524492","-0.31502779","-0.72956312"
"GCAAGTGGAAGGGTCATTG::CAATGACCCTTCCACTTGC","0","0","0.66193262","-0.14492591","-0.60712108"
"CAAGTGGAAGGGTCATTGA::TCAATGACCCTTCCACTTG","0","0","0.61383354","-0.050872747","-0.37495905"
"AAGTGGAAGGGTCATTGAG::CTCAATGACCCTTCCACTT","0","0","0.75200487","-0.27894907","-0.22395122"
"AGTGGAAGGGTCATTGAGG::CCTCAATGACCCTTCCACT","0","0","0.8211883","-0.44033906","-0.24492335"
"GTGGAAGGGTCATTGAGGA::TCCTCAATGACCCTTCCAC","0","0","0.61409109","-0.42302241","-0.26166168"
"TGGAAGGGTCATTGAGGAA::TTCCTCAATGACCCTTCCA","0","0","0.61624309","-0.48860764","-0.3470203"
"GGAAGGGTCATTGAGGAAT::ATTCCTCAATGACCCTTCC","0","0","0.58711653","-0.46254218","-0.49142186"
"GAAGGGTCATTGAGGAATG::CATTCCTCAATGACCCTTC","0","0","0.64389334","-0.33317028","-0.12983883"
"AAGGGTCATTGAGGAATGG::CCATTCCTCAATGACCCTT","0","0","0.73677772","-0.36561201","0.088834331"
"AGGGTCATTGAGGAATGGT::ACCATTCCTCAATGACCCT","0","0","0.70850997","-0.29939141","0.053014121"
"GGGTCATTGAGGAATGGTG::CACCATTCCTCAATGACCC","0","0","0.66906009","-0.37201299","-0.09922454"
"GGTCATTGAGGAATGGTGC::GCACCATTCCTCAATGACC","0","0","0.72976626","-0.32754071","-0.22956925"
"GTCATTGAGGAATGGTGCT::AGCACCATTCCTCAATGAC","0","0","0.65627147","-0.58549714","-0.49216281"
"TCATTGAGGAATGGTGCTG::CAGCACCATTCCTCAATGA","0","0","0.79962404","-0.73332671","-0.71843946"
"CATTGAGGAATGGTGCTGT::ACAGCACCATTCCTCAATG","0","0","0.67529539","-0.93654162","-0.84305871"
"ATTGAGGAATGGTGCTGTA::TACAGCACCATTCCTCAAT","0","0","0.64229329","-1.1988711","-0.95066439"
"TTGAGGAATGGTGCTGTAG::CTACAGCACCATTCCTCAA","0","0","0.87840802","-1.147802","-1.1082321"
"TGAGGAATGGTGCTGTAGG::CCTACAGCACCATTCCTCA","0","0","0.83912033","-1.0629984","-1.1829729"
"GAGGAATGGTGCTGTAGGG::CCCTACAGCACCATTCCTC","0","0","0.64020534","-1.0201381","-1.1766229"
"AGGAATGGTGCTGTAGGGA::TCCCTACAGCACCATTCCT","0","0","0.65631333","-1.0730032","-1.2403333"
"GGAATGGTGCTGTAGGGAA::TTCCCTACAGCACCATTCC","0","0","0.47643046","-1.0921576","-1.071612"
"GAATGGTGCTGTAGGGAAT::ATTCCCTACAGCACCATTC","0","0","0.51554032","-1.0921576","-1.071612"
"AATGGTGCTGTAGGGAATG::CATTCCCTACAGCACCATT","0","0","0.76262941","-1.0921576","-1.071612"
"ATGGTGCTGTAGGGAATGC::GCATTCCCTACAGCACCAT","0","0","0.67036483","-1.1225309","-1.2278238"
"TGGTGCTGTAGGGAATGCA::TGCATTCCCTACAGCACCA","0","0","0.71374036","-1.212351","-1.2867358"
"GGTGCTGTAGGGAATGCAC::GTGCATTCCCTACAGCACC","0","0","0.65060706","-1.1884705","-1.3422366"
"GTGCTGTAGGGAATGCACA::TGTGCATTCCCTACAGCAC","0","0","0.68710631","-1.2522125","-1.3779284"
"TGCTGTAGGGAATGCACAA::TTGTGCATTCCCTACAGCA","0","0","0.71007184","-1.0463819","-1.1787497"
"GCTGTAGGGAATGCACAAT::ATTGTGCATTCCCTACAGC","0","0","0.53273456","-0.86623623","-1.0755836"
"CTGTAGGGAATGCACAATG::CATTGTGCATTCCCTACAG","0","0","0.80247817","-0.7866995","-1.0003831"
"TGTAGGGAATGCACAATGC::GCATTGTGCATTCCCTACA","0","0","0.84927002","-0.57469737","-0.84493422"
"GTAGGGAATGCACAATGCC::GGCATTGTGCATTCCCTAC","0","0","0.75484955","-0.72823125","-0.94842816"
"TAGGGAATGCACAATGCCC::GGGCATTGTGCATTCCCTA","0","0","0.91244264","-0.78065587","-0.99815286"
"AGGGAATGCACAATGCCCC::GGGGCATTGTGCATTCCCT","0","0","0.73575843","-0.65497557","-0.95748616"
"GGGAATGCACAATGCCCCC::GGGGGCATTGTGCATTCCC","0","0","0.51866968","-0.64970971","-0.93067457"
"GGAATGCACAATGCCCCCA::TGGGGGCATTGTGCATTCC","0","0","0.50434352","-0.65102368","-1.1083947"
"GAATGCACAATGCCCCCAC::GTGGGGGCATTGTGCATTC","0","0","0.67215999","-0.69473186","-1.1698947"
"AATGCACAATGCCCCCACT::AGTGGGGGCATTGTGCATT","0","0","0.62153974","-0.82071344","-1.3477943"
"ATGCACAATGCCCCCACTA::TAGTGGGGGCATTGTGCAT","0","0","0.70167699","-0.97242094","-1.5372549"
"TGCACAATGCCCCCACTAT::ATAGTGGGGGCATTGTGCA","0","0","0.66304806","-0.90790492","-1.4583009"
"GCACAATGCCCCCACTATC::GATAGTGGGGGCATTGTGC","0","0","0.62307199","-0.78243646","-1.3119827"
"CACAATGCCCCCACTATCG::CGATAGTGGGGGCATTGTG","0","0","0.76459903","-0.65240239","-1.1834982"
"ACAATGCCCCCACTATCGT::ACGATAGTGGGGGCATTGT","0","0","0.69218727","-0.75368201","-1.1513535"
"CAATGCCCCCACTATCGTT::AACGATAGTGGGGGCATTG","0","0","0.57267967","-0.73869539","-0.99839731"
"AATGCCCCCACTATCGTTT::AAACGATAGTGGGGGCATT","0","0","0.6856713","-0.68574151","-0.93860361"
"ATGCCCCCACTATCGTTTC::GAAACGATAGTGGGGGCAT","0","0","0.69331361","-0.79853084","-1.0019547"
"TGCCCCCACTATCGTTTCG::CGAAACGATAGTGGGGGCA","0","0","0.7335688","-0.69681215","-0.96792395"
"GCCCCCACTATCGTTTCGA::TCGAAACGATAGTGGGGGC","0","0","0.46610434","-0.63662367","-0.83377763"
"CCCCCACTATCGTTTCGAG::CTCGAAACGATAGTGGGGG","0","0","0.44004731","-0.65147328","-0.80727428"
"CCCCACTATCGTTTCGAGC::GCTCGAAACGATAGTGGGG","0","0","0.68661596","-0.41476592","-0.79011"
"CCCACTATCGTTTCGAGCA::TGCTCGAAACGATAGTGGG","0","0","0.67065215","-0.29637548","-0.6687905"
"CCACTATCGTTTCGAGCAA::TTGCTCGAAACGATAGTGG","0","0","0.52113085","-0.19155126","-0.5989472"
"CACTATCGTTTCGAGCAAA::TTTGCTCGAAACGATAGTG","0","0","0.58099594","-0.11748246","-0.55979799"
"ACTATCGTTTCGAGCAAAA::TTTTGCTCGAAACGATAGT","0","0","0.62983452","-0.05842451","-0.5405146"
"CTATCGTTTCGAGCAAAAG::CTTTTGCTCGAAACGATAG","0","0","0.80045418","-0.06517105","-0.30799734"
"TATCGTTTCGAGCAAAAGA::TCTTTTGCTCGAAACGATA","0","0","0.89816894","-0.12719738","-0.082697993"
"ATCGTTTCGAGCAAAAGAC::GTCTTTTGCTCGAAACGAT","0","0","0.91080828","-0.2184062","-0.091700424"
"TCGTTTCGAGCAAAAGACG::CGTCTTTTGCTCGAAACGA","0","0","0.85653837","-0.17429374","-0.0026503724"
"CGTTTCGAGCAAAAGACGG::CCGTCTTTTGCTCGAAACG","0","0","0.6385457","-0.12099514","-0.045908485"
"GTTTCGAGCAAAAGACGGC::GCCGTCTTTTGCTCGAAAC","0","0","0.67570585","-0.15609916","-0.20509328"
"TTTCGAGCAAAAGACGGCT::AGCCGTCTTTTGCTCGAAA","0","0","0.84829611","-0.071274325","-0.17873268"
"TTCGAGCAAAAGACGGCTG::CAGCCGTCTTTTGCTCGAA","0","0","0.81197993","-0.045753304","-0.068943561"
"TCGAGCAAAAGACGGCTGC::GCAGCCGTCTTTTGCTCGA","0","0","0.79224272","-0.17835623","-0.16685207"
"CGAGCAAAAGACGGCTGCT::AGCAGCCGTCTTTTGCTCG","0","0","0.5397537","0.085129372","-0.067545273"
"GAGCAAAAGACGGCTGCTG::CAGCAGCCGTCTTTTGCTC","0","0","0.67996921","-0.24975152","-0.20051102"
"AGCAAAAGACGGCTGCTGG::CCAGCAGCCGTCTTTTGCT","0","0","0.6983651","-0.2840171","-0.234428"
"GCAAAAGACGGCTGCTGGT::ACCAGCAGCCGTCTTTTGC","0","0","0.55184254","-0.14251551","-0.34360122"
"CAAAAGACGGCTGCTGGTA::TACCAGCAGCCGTCTTTTG","0","0","0.62640043","-0.2106427","-0.32332618"
"AAAAGACGGCTGCTGGTAT::ATACCAGCAGCCGTCTTTT","0","0","0.66162553","-0.17879819","-0.28251752"
"AAAGACGGCTGCTGGTATG::CATACCAGCAGCCGTCTTT","0","0","0.73357692","-0.20359697","-0.46979503"
"AAGACGGCTGCTGGTATGG::CCATACCAGCAGCCGTCTT","0","0","0.75999469","-0.27522087","-0.6903257"
"AGACGGCTGCTGGTATGGA::TCCATACCAGCAGCCGTCT","0","0","0.52819494","-0.26827276","-0.48150406"
"GACGGCTGCTGGTATGGAA::TTCCATACCAGCAGCCGTC","0","0","0.49068085","-0.45336437","-0.46613139"
"ACGGCTGCTGGTATGGAAT::ATTCCATACCAGCAGCCGT","0","0","0.65380123","-0.60077686","-0.49677221"
"CGGCTGCTGGTATGGAATG::CATTCCATACCAGCAGCCG","0","0","0.47766818","-0.55122492","-0.39201072"
"GGCTGCTGGTATGGAATGG::CCATTCCATACCAGCAGCC","0","0","0.46954824","-0.48338346","-0.18630071"
"GCTGCTGGTATGGAATGGA::TCCATTCCATACCAGCAGC","0","0","0.5141073","-0.45534611","-0.0016739271"
"CTGCTGGTATGGAATGGAG::CTCCATTCCATACCAGCAG","0","0","0.65307731","-0.36353244","0.06593978"
"TGCTGGTATGGAATGGAGA::TCTCCATTCCATACCAGCA","0","0","0.67818309","-0.58412519","0.056119244"
"GCTGGTATGGAATGGAGAT::ATCTCCATTCCATACCAGC","0","0","0.4989817","-0.28341933","0.36377268"
"CTGGTATGGAATGGAGATA::TATCTCCATTCCATACCAG","0","0","0.58851694","-0.29474776","0.48007974"
"TGGTATGGAATGGAGATAA::TTATCTCCATTCCATACCA","0","0","0.69088739","-0.384475","0.75499749"
"GGTATGGAATGGAGATAAG::CTTATCTCCATTCCATACC","0","0","0.48463953","-0.41358636","0.85594774"
"GTATGGAATGGAGATAAGG::CCTTATCTCCATTCCATAC","0","0","0.70813839","-0.41611126","1.0844697"
"TATGGAATGGAGATAAGGC::GCCTTATCTCCATTCCATA","0","0","0.92573704","-0.31324675","1.1454247"
"ATGGAATGGAGATAAGGCC::GGCCTTATCTCCATTCCAT","0","0","0.87651319","-0.21106978","1.2528523"
"TGGAATGGAGATAAGGCCC::GGGCCTTATCTCCATTCCA","0","0","0.81998196","-0.4099384","0.94454607"
"GGAATGGAGATAAGGCCCA::TGGGCCTTATCTCCATTCC","0","0","0.52158925","-0.34876112","0.6863713"
"GAATGGAGATAAGGCCCAG::CTGGGCCTTATCTCCATTC","0","0","0.5567484","-0.28540186","0.45097069"
"AATGGAGATAAGGCCCAGG::CCTGGGCCTTATCTCCATT","0","0","0.74668237","-0.58557492","0.23211453"
"ATGGAGATAAGGCCCAGGA::TCCTGGGCCTTATCTCCAT","1","0","0.69584763","-0.6728552","0.016054466"
"TGGAGATAAGGCCCAGGAA::TTCCTGGGCCTTATCTCCA","1","0","0.58958044","-0.80256674","-0.34460401"
"GGAGATAAGGCCCAGGAAA::TTTCCTGGGCCTTATCTCC","0","0","0.41805371","-0.85931066","-0.18102575"
"GAGATAAGGCCCAGGAAAG::CTTTCCTGGGCCTTATCTC","0","0","0.59251948","-0.79187155","-0.2334409"
"AGATAAGGCCCAGGAAAGA::TCTTTCCTGGGCCTTATCT","0","0","0.51058973","-0.87085649","-0.10853558"
"GATAAGGCCCAGGAAAGAA::TTCTTTCCTGGGCCTTATC","0","0","0.46710439","-0.8644304","-0.0074280744"
"ATAAGGCCCAGGAAAGAAC::GTTCTTTCCTGGGCCTTAT","0","0","0.72786797","-0.86202376","-0.30960471"
"TAAGGCCCAGGAAAGAACC::GGTTCTTTCCTGGGCCTTA","0","0","0.80611553","-0.72480788","-0.46109958"
"AAGGCCCAGGAAAGAACCA::TGGTTCTTTCCTGGGCCTT","0","0","0.51073144","-0.77092442","-0.6697246"
"AGGCCCAGGAAAGAACCAG::CTGGTTCTTTCCTGGGCCT","0","0","0.57282928","-0.93167172","-0.63503163"
"GGCCCAGGAAAGAACCAGA::TCTGGTTCTTTCCTGGGCC","0","0","0.38567063","-0.85015112","-0.59436274"
"GCCCAGGAAAGAACCAGAG::CTCTGGTTCTTTCCTGGGC","0","0","0.50906197","-0.84996215","-0.307325"
"CCCAGGAAAGAACCAGAGA::TCTCTGGTTCTTTCCTGGG","0","0","0.42870268","-0.6403892","-0.11003169"
"CCAGGAAAGAACCAGAGAG::CTCTCTGGTTCTTTCCTGG","0","0","0.62003347","-0.55783532","0.006825556"
"CAGGAAAGAACCAGAGAGC::GCTCTCTGGTTCTTTCCTG","0","0","0.71307925","-0.39972468","0.1334477"
"AGGAAAGAACCAGAGAGCA::TGCTCTCTGGTTCTTTCCT","0","0","0.61741971","-0.30194443","0.14235017"
"GGAAAGAACCAGAGAGCAA::TTGCTCTCTGGTTCTTTCC","0","0","0.45646657","-0.24984437","0.27261844"
"GAAAGAACCAGAGAGCAAC::GTTGCTCTCTGGTTCTTTC","0","0","0.74892956","-0.13749285","0.075519062"
"AAAGAACCAGAGAGCAACT::AGTTGCTCTCTGGTTCTTT","0","1","0.7627317","-0.16068252","0.11027059"
"AAGAACCAGAGAGCAACTT::AAGTTGCTCTCTGGTTCTT","0","0","0.73681046","-0.091954605","0.081371378"
"AGAACCAGAGAGCAACTTA::TAAGTTGCTCTCTGGTTCT","0","0","0.67137898","-0.057762974","-0.16407655"
"GAACCAGAGAGCAACTTAG::CTAAGTTGCTCTCTGGTTC","0","0","0.76064735","-0.089342897","-0.090200766"
"AACCAGAGAGCAACTTAGT::ACTAAGTTGCTCTCTGGTT","0","0","0.80943456","-0.1296119","0.040407755"
"ACCAGAGAGCAACTTAGTG::CACTAAGTTGCTCTCTGGT","0","0","0.77864091","-0.17201912","-0.045315373"
"CCAGAGAGCAACTTAGTGA::TCACTAAGTTGCTCTCTGG","0","0","0.69731811","-0.0066384038","-0.13675231"
"CAGAGAGCAACTTAGTGAG::CTCACTAAGTTGCTCTCTG","1","0","0.77418029","-0.25101905","-0.28706221"
"AGAGAGCAACTTAGTGAGG::CCTCACTAAGTTGCTCTCT","0","0","0.72632569","-0.30781734","-0.5674761"
"GAGAGCAACTTAGTGAGGT::ACCTCACTAAGTTGCTCTC","0","0","0.77397099","-0.51012951","-0.61656463"
"AGAGCAACTTAGTGAGGTC::GACCTCACTAAGTTGCTCT","0","0","0.80717717","-0.49798329","-0.55977291"
"GAGCAACTTAGTGAGGTCA::TGACCTCACTAAGTTGCTC","0","0","0.69807262","-0.2613221","-0.53613933"
"AGCAACTTAGTGAGGTCAA::TTGACCTCACTAAGTTGCT","0","0","0.66227588","-0.26018981","-0.59306761"
"GCAACTTAGTGAGGTCAAT::ATTGACCTCACTAAGTTGC","0","0","0.54607933","-0.017721202","-0.51738649"
"CAACTTAGTGAGGTCAATG::CATTGACCTCACTAAGTTG","0","0","0.90123604","-0.0015377727","-0.35106421"
"AACTTAGTGAGGTCAATGG::CCATTGACCTCACTAAGTT","0","0","0.92226684","-0.06117529","-0.23027572"
"ACTTAGTGAGGTCAATGGT::ACCATTGACCTCACTAAGT","0","0","0.74208943","-0.17291646","-0.50502355"
"CTTAGTGAGGTCAATGGTG::CACCATTGACCTCACTAAG","0","0","0.86792448","-0.26574158","-0.46830445"
"TTAGTGAGGTCAATGGTGA::TCACCATTGACCTCACTAA","0","0","0.91574393","-0.23627964","-0.37057964"
"TAGTGAGGTCAATGGTGAC::GTCACCATTGACCTCACTA","0","0","0.87082695","-0.22200565","-0.42800177"
"AGTGAGGTCAATGGTGACA::TGTCACCATTGACCTCACT","0","0","0.75852386","-0.20042109","-0.32747113"
"GTGAGGTCAATGGTGACAG::CTGTCACCATTGACCTCAC","0","0","0.82206497","-0.18744719","-0.3373206"
"TGAGGTCAATGGTGACAGC::GCTGTCACCATTGACCTCA","0","0","0.80721773","-0.062548301","-0.40044147"
"GAGGTCAATGGTGACAGCG::CGCTGTCACCATTGACCTC","0","0","0.81931628","0.22710231","-0.1454147"
"AGGTCAATGGTGACAGCGG::CCGCTGTCACCATTGACCT","0","0","0.82504877","0.24626689","-0.10545648"
"GGTCAATGGTGACAGCGGG::CCCGCTGTCACCATTGACC","0","0","0.64840085","0.13333096","-0.070467055"
"GTCAATGGTGACAGCGGGG::CCCCGCTGTCACCATTGAC","0","0","0.74116435","-0.10050846","-0.060339831"
"TCAATGGTGACAGCGGGGT::ACCCCGCTGTCACCATTGA","0","0","0.8252443","-0.19929121","-0.043886233"
"CAATGGTGACAGCGGGGTC::GACCCCGCTGTCACCATTG","0","0","0.67161579","-0.38548334","-0.067926872"
"AATGGTGACAGCGGGGTCA::TGACCCCGCTGTCACCATT","0","0","0.74155064","-0.23300605","-0.14025133"
"ATGGTGACAGCGGGGTCAA::TTGACCCCGCTGTCACCAT","0","0","0.63489806","-0.23511576","-0.40870614"
"TGGTGACAGCGGGGTCAAC::GTTGACCCCGCTGTCACCA","0","0","0.69217156","-0.23885542","-0.4210843"
"GGTGACAGCGGGGTCAACC::GGTTGACCCCGCTGTCACC","0","0","0.78868528","-0.18380452","-0.42603808"
"GTGACAGCGGGGTCAACCG::CGGTTGACCCCGCTGTCAC","0","0","0.83320151","-0.2451546","-0.53210361"
"TGACAGCGGGGTCAACCGA::TCGGTTGACCCCGCTGTCA","0","0","0.72292288","-0.12716306","-0.58216685"
"GACAGCGGGGTCAACCGAT::ATCGGTTGACCCCGCTGTC","0","0","0.63587823","-0.057233489","-0.6138516"
"ACAGCGGGGTCAACCGATC::GATCGGTTGACCCCGCTGT","0","0","0.75482915","-0.09285361","-0.61277305"
"CAGCGGGGTCAACCGATCA::TGATCGGTTGACCCCGCTG","0","0","0.62919298","-0.077412712","-0.46606838"
"AGCGGGGTCAACCGATCAT::ATGATCGGTTGACCCCGCT","0","0","0.58629675","-0.20661088","-0.60495763"
"GCGGGGTCAACCGATCATA::TATGATCGGTTGACCCCGC","0","0","0.48283462","-0.29718359","-0.69400538"
"CGGGGTCAACCGATCATAT::ATATGATCGGTTGACCCCG","0","0","0.46165002","-0.14424318","-0.70805695"
"GGGGTCAACCGATCATATG::CATATGATCGGTTGACCCC","0","0","0.6027528","-0.16400875","-0.65013008"
"GGGTCAACCGATCATATGG::CCATATGATCGGTTGACCC","0","0","0.6759006","-0.12180852","-0.55634817"
"GGTCAACCGATCATATGGA::TCCATATGATCGGTTGACC","0","0","0.50839905","-0.093014068","-0.40066524"
"GTCAACCGATCATATGGAC::GTCCATATGATCGGTTGAC","0","0","0.57701832","-0.25847857","-0.42785467"
"TCAACCGATCATATGGACC::GGTCCATATGATCGGTTGA","0","0","0.86977416","-0.32940857","-0.40927545"
"CAACCGATCATATGGACCA::TGGTCCATATGATCGGTTG","0","0","0.67536903","-0.33170614","-0.25922872"
"AACCGATCATATGGACCAC::GTGGTCCATATGATCGGTT","0","0","0.65375784","-0.37090262","-0.23882636"
"ACCGATCATATGGACCACT::AGTGGTCCATATGATCGGT","0","0","0.67468289","-0.35993736","-0.26039547"
"CCGATCATATGGACCACTT::AAGTGGTCCATATGATCGG","0","0","0.55959339","-0.61526292","-0.19961693"
"CGATCATATGGACCACTTC::GAAGTGGTCCATATGATCG","0","0","0.613466","-0.49720254","-0.051058662"
"GATCATATGGACCACTTCT::AGAAGTGGTCCATATGATC","0","0","0.74418753","-0.35926392","-0.043467145"
"ATCATATGGACCACTTCTC::GAGAAGTGGTCCATATGAT","0","0","0.88653527","-0.26511341","-0.13566085"
"TCATATGGACCACTTCTCT::AGAGAAGTGGTCCATATGA","0","0","0.87834168","-0.19851174","-0.0056117755"
"CATATGGACCACTTCTCTC::GAGAGAAGTGGTCCATATG","0","0","0.81092013","-0.24023775","0.086286947"
"ATATGGACCACTTCTCTCT::AGAGAGAAGTGGTCCATAT","0","0","0.97433424","-0.22337701","0.36249508"
"TATGGACCACTTCTCTCTT::AAGAGAGAAGTGGTCCATA","0","0","0.82202694","0.052843787","0.31122712"
"ATGGACCACTTCTCTCTTG::CAAGAGAGAAGTGGTCCAT","0","0","0.84530894","0.17856171","0.27167854"
"TGGACCACTTCTCTCTTGG::CCAAGAGAGAAGTGGTCCA","0","0","0.94604411","0.071598323","0.18679981"
"GGACCACTTCTCTCTTGGA::TCCAAGAGAGAAGTGGTCC","0","0","0.5517418","-0.040732171","0.17755437"
"GACCACTTCTCTCTTGGAG::CTCCAAGAGAGAAGTGGTC","0","0","0.71890878","-0.029300985","0.22965242"
"ACCACTTCTCTCTTGGAGT::ACTCCAAGAGAGAAGTGGT","0","0","0.81129453","-0.022896019","0.11606657"
"CCACTTCTCTCTTGGAGTG::CACTCCAAGAGAGAAGTGG","0","0","0.69268888","-0.028185663","0.16628544"
"CACTTCTCTCTTGGAGTGC::GCACTCCAAGAGAGAAGTG","0","0","0.72470765","-0.16863796","0.088723456"
"ACTTCTCTCTTGGAGTGCT::AGCACTCCAAGAGAGAAGT","0","0","0.78473013","-0.18754583","-0.14799075"
"CTTCTCTCTTGGAGTGCTT::AAGCACTCCAAGAGAGAAG","0","0","0.68216974","-0.0070916215","-0.17110848"
"TTCTCTCTTGGAGTGCTTG::CAAGCACTCCAAGAGAGAA","0","0","0.93227958","-0.26756773","-0.080924116"
"TCTCTCTTGGAGTGCTTGT::ACAAGCACTCCAAGAGAGA","0","0","0.8635135","-0.36931744","0.00026919659"
"CTCTCTTGGAGTGCTTGTG::CACAAGCACTCCAAGAGAG","0","0","0.7967932","-0.53054684","-0.091593946"
"TCTCTTGGAGTGCTTGTGA::TCACAAGCACTCCAAGAGA","1","0","0.86584325","-0.43093266","-0.21454814"
"CTCTTGGAGTGCTTGTGAT::ATCACAAGCACTCCAAGAG","0","0","0.61736542","-0.43628338","-0.40240642"
"TCTTGGAGTGCTTGTGATT::AATCACAAGCACTCCAAGA","0","0","0.78590518","-0.63471678","-0.3648594"
"CTTGGAGTGCTTGTGATTC::GAATCACAAGCACTCCAAG","0","0","0.8095958","-0.65146934","-0.38894248"
"TTGGAGTGCTTGTGATTCT::AGAATCACAAGCACTCCAA","0","0","0.88758303","-0.44690241","-0.36458308"
"TGGAGTGCTTGTGATTCTA::TAGAATCACAAGCACTCCA","0","0","0.7608533","-0.38200704","-0.25668447"
"GGAGTGCTTGTGATTCTAC::GTAGAATCACAAGCACTCC","0","0","0.67129672","-0.33857616","-0.3920281"
"GAGTGCTTGTGATTCTACT::AGTAGAATCACAAGCACTC","0","0","0.75153078","-0.41448245","-0.48970551"
"AGTGCTTGTGATTCTACTC::GAGTAGAATCACAAGCACT","0","0","0.95896927","-0.40206417","-0.43464539"
"GTGCTTGTGATTCTACTCA::TGAGTAGAATCACAAGCAC","0","0","0.72276735","-0.21669654","-0.31938887"
"TGCTTGTGATTCTACTCAT::ATGAGTAGAATCACAAGCA","0","0","0.7499363","-0.069824233","-0.033795282"
"GCTTGTGATTCTACTCATG::CATGAGTAGAATCACAAGC","0","0","0.64700157","-0.43973391","-0.11258559"
"CTTGTGATTCTACTCATGG::CCATGAGTAGAATCACAAG","0","0","0.84238307","-0.38053528","-0.31163309"
"TTGTGATTCTACTCATGGT::ACCATGAGTAGAATCACAA","0","0","0.85491061","-0.39888704","-0.46152491"
"TGTGATTCTACTCATGGTG::CACCATGAGTAGAATCACA","0","0","0.92990892","-0.45356097","-0.65122684"
"GTGATTCTACTCATGGTGC::GCACCATGAGTAGAATCAC","0","0","0.73087088","-0.33896717","-0.66244801"
"TGATTCTACTCATGGTGCA::TGCACCATGAGTAGAATCA","0","0","0.73819244","-0.53482984","-0.66210617"
"GATTCTACTCATGGTGCAG::CTGCACCATGAGTAGAATC","0","0","0.61301838","-0.62682777","-0.68305734"
"ATTCTACTCATGGTGCAGG::CCTGCACCATGAGTAGAAT","0","0","0.81800782","-0.75730561","-0.39422763"
"TTCTACTCATGGTGCAGGA::TCCTGCACCATGAGTAGAA","0","0","0.70289463","-0.97151604","-0.56375631"
"TCTACTCATGGTGCAGGAG::CTCCTGCACCATGAGTAGA","0","0","0.72225525","-0.99569806","-0.67701724"
"CTACTCATGGTGCAGGAGG::CCTCCTGCACCATGAGTAG","0","0","0.71375391","-0.9964729","-0.52960985"
"TACTCATGGTGCAGGAGGG::CCCTCCTGCACCATGAGTA","0","0","0.70138391","-1.0028337","-0.41642083"
"ACTCATGGTGCAGGAGGGG::CCCCTCCTGCACCATGAGT","0","0","0.59472131","-1.1176075","-0.42610892"
"CTCATGGTGCAGGAGGGGT::ACCCCTCCTGCACCATGAG","0","0","0.55884907","-1.1910487","-0.44296354"
"TCATGGTGCAGGAGGGGTT::AACCCCTCCTGCACCATGA","0","0","0.60244126","-1.3998549","-0.50472494"
"CATGGTGCAGGAGGGGTTG::CAACCCCTCCTGCACCATG","0","0","0.57024854","-1.4114445","-0.54869979"
"ATGGTGCAGGAGGGGTTGA::TCAACCCCTCCTGCACCAT","0","0","0.51608805","-1.4382787","-0.48114792"
"TGGTGCAGGAGGGGTTGAA::TTCAACCCCTCCTGCACCA","0","0","0.55294876","-1.2810934","-0.33721889"
"GGTGCAGGAGGGGTTGAAG::CTTCAACCCCTCCTGCACC","0","0","0.56062992","-1.0951413","-0.12262231"
"GTGCAGGAGGGGTTGAAGA::TCTTCAACCCCTCCTGCAC","0","0","0.55730198","-1.0644609","0.041425541"
"TGCAGGAGGGGTTGAAGAA::TTCTTCAACCCCTCCTGCA","0","0","0.54553625","-0.95578555","0.19993402"
"GCAGGAGGGGTTGAAGAAG::CTTCTTCAACCCCTCCTGC","0","0","0.52935693","-0.86932589","0.33089264"
"CAGGAGGGGTTGAAGAAGA::TCTTCTTCAACCCCTCCTG","0","0","0.59868813","-0.61188704","0.21111499"
"AGGAGGGGTTGAAGAAGAG::CTCTTCTTCAACCCCTCCT","0","0","0.65959407","-0.50137163","0.4426891"
"GGAGGGGTTGAAGAAGAGA::TCTCTTCTTCAACCCCTCC","0","0","0.55456538","-0.27947086","0.53134865"
"GAGGGGTTGAAGAAGAGAA::TTCTCTTCTTCAACCCCTC","0","0","0.55943327","-0.28225915","0.67015175"
"AGGGGTTGAAGAAGAGAAT::ATTCTCTTCTTCAACCCCT","0","0","0.59565457","-0.056936544","0.83694232"
"GGGGTTGAAGAAGAGAATG::CATTCTCTTCTTCAACCCC","0","0","0.57177071","0.18912869","0.89562556"
"GGGTTGAAGAAGAGAATGA::TCATTCTCTTCTTCAACCC","0","0","0.42832455","0.4003204","1.1209875"
"GGTTGAAGAAGAGAATGAC::GTCATTCTCTTCTTCAACC","0","0","0.5577469","0.56214407","1.0614268"
"GTTGAAGAAGAGAATGACC::GGTCATTCTCTTCTTCAAC","0","0","0.67139404","0.66037559","1.2459927"
"TTGAAGAAGAGAATGACCA::TGGTCATTCTCTTCTTCAA","0","0","0.85124009","0.71604682","1.3432178"
"TGAAGAAGAGAATGACCAC::GTGGTCATTCTCTTCTTCA","0","0","0.7376476","0.52789915","1.2167087"
"GAAGAAGAGAATGACCACA::TGTGGTCATTCTCTTCTTC","0","0","0.58748244","0.37528442","0.96953304"
"AAGAAGAGAATGACCACAA::TTGTGGTCATTCTCTTCTT","0","0","0.73623331","0.345861","0.85558044"
"AGAAGAGAATGACCACAAA::TTTGTGGTCATTCTCTTCT","0","0","0.50588348","0.39702213","0.86357344"
"GAAGAGAATGACCACAAAG::CTTTGTGGTCATTCTCTTC","0","0","0.68814443","0.49459687","0.75637611"
"AAGAGAATGACCACAAAGA::TCTTTGTGGTCATTCTCTT","0","0","0.76336742","0.40994547","0.89925887"
"AGAGAATGACCACAAAGAT::ATCTTTGTGGTCATTCTCT","0","0","0.62412534","0.32578909","0.89299247"
"GAGAATGACCACAAAGATC::GATCTTTGTGGTCATTCTC","0","0","0.764548","0.19633447","0.89594402"
"AGAATGACCACAAAGATCA::TGATCTTTGTGGTCATTCT","0","0","0.75367882","0.23346343","0.86771998"
"GAATGACCACAAAGATCAT::ATGATCTTTGTGGTCATTC","0","0","0.48590579","0.10287877","0.74493633"
"AATGACCACAAAGATCATC::GATGATCTTTGTGGTCATT","0","3","0.78381296","0.12859919","0.70477834"
"ATGACCACAAAGATCATCA::TGATGATCTTTGTGGTCAT","0","0","0.77875411","0.023734605","0.5384849"
"TGACCACAAAGATCATCAT::ATGATGATCTTTGTGGTCA","0","0","0.64326012","0.056024791","0.62508524"
"GACCACAAAGATCATCATG::CATGATGATCTTTGTGGTC","0","0","0.59508368","-0.033391135","0.47980538"
"ACCACAAAGATCATCATGA::TCATGATGATCTTTGTGGT","0","0","0.61894864","0.010970968","0.34686643"
"CCACAAAGATCATCATGAG::CTCATGATGATCTTTGTGG","0","0","0.53957108","0.12356133","0.45483148"
"CACAAAGATCATCATGAGC::GCTCATGATGATCTTTGTG","0","0","0.7221781","0.043267369","0.60341031"
"ACAAAGATCATCATGAGCA::TGCTCATGATGATCTTTGT","0","0","0.80703976","-0.059799998","0.58757693"
"CAAAGATCATCATGAGCAC::GTGCTCATGATGATCTTTG","0","0","0.65285811","-0.31080584","0.36384177"
"AAAGATCATCATGAGCACA::TGTGCTCATGATGATCTTT","0","0","0.71778961","-0.42118712","0.19126391"
"AAGATCATCATGAGCACAT::ATGTGCTCATGATGATCTT","0","0","0.82001566","-0.50454734","-0.070116056"
"AGATCATCATGAGCACATC::GATGTGCTCATGATGATCT","0","0","0.76895534","-0.44296615","-0.29283973"
"GATCATCATGAGCACATCA::TGATGTGCTCATGATGATC","0","0","0.67100423","-0.36489263","-0.32761642"
"ATCATCATGAGCACATCAA::TTGATGTGCTCATGATGAT","0","0","0.75651434","-0.25506056","-0.34374192"
"TCATCATGAGCACATCAAT::ATTGATGTGCTCATGATGA","0","0","0.73615073","-0.11145406","-0.34683676"
"CATCATGAGCACATCAATG::CATTGATGTGCTCATGATG","0","0","0.79543006","-0.18906027","-0.29895648"
"ATCATGAGCACATCAATGG::CCATTGATGTGCTCATGAT","0","0","0.96176136","-0.27079754","-0.16884234"
"TCATGAGCACATCAATGGC::GCCATTGATGTGCTCATGA","0","0","0.86154798","-0.16616144","-0.20942255"
"CATGAGCACATCAATGGCA::TGCCATTGATGTGCTCATG","0","0","0.68762711","-0.14582515","-0.34676284"
"ATGAGCACATCAATGGCAG::CTGCCATTGATGTGCTCAT","0","0","0.84399055","-0.29862425","-0.52429533"
"TGAGCACATCAATGGCAGT::ACTGCCATTGATGTGCTCA","0","0","0.72997321","-0.44788176","-0.71594422"
"GAGCACATCAATGGCAGTG::CACTGCCATTGATGTGCTC","0","0","0.73555689","-0.49487963","-0.835232"
"AGCACATCAATGGCAGTGC::GCACTGCCATTGATGTGCT","0","0","0.7903682","-0.6999704","-0.96168377"
"GCACATCAATGGCAGTGCT::AGCACTGCCATTGATGTGC","0","0","0.5714401","-0.56106261","-1.1015639"
"CACATCAATGGCAGTGCTG::CAGCACTGCCATTGATGTG","0","0","0.73274234","-0.76772466","-1.1995341"
"ACATCAATGGCAGTGCTGG::CCAGCACTGCCATTGATGT","0","0","0.79107136","-0.73997143","-1.2533808"
"CATCAATGGCAGTGCTGGT::ACCAGCACTGCCATTGATG","0","0","0.60848766","-0.65472634","-1.3421804"
"ATCAATGGCAGTGCTGGTA::TACCAGCACTGCCATTGAT","0","0","0.72375199","-0.71893404","-1.3581993"
"TCAATGGCAGTGCTGGTAG::CTACCAGCACTGCCATTGA","0","0","0.80163042","-0.97048623","-1.3958437"
"CAATGGCAGTGCTGGTAGT::ACTACCAGCACTGCCATTG","0","0","0.52423983","-1.1922869","-1.5285475"
"AATGGCAGTGCTGGTAGTC::GACTACCAGCACTGCCATT","0","0","0.77060542","-1.2392496","-1.6561384"
"ATGGCAGTGCTGGTAGTCA::TGACTACCAGCACTGCCAT","0","0","0.73033481","-1.3245707","-1.8251655"
"TGGCAGTGCTGGTAGTCAT::ATGACTACCAGCACTGCCA","0","0","0.73809647","-1.5004328","-1.7816001"
"GGCAGTGCTGGTAGTCATG::CATGACTACCAGCACTGCC","0","0","0.58630653","-1.5145652","-1.6428309"
"GCAGTGCTGGTAGTCATGA::TCATGACTACCAGCACTGC","0","0","0.56746479","-1.3569378","-1.4675164"
"CAGTGCTGGTAGTCATGAT::ATCATGACTACCAGCACTG","0","0","0.62849029","-1.2531758","-1.3251283"
"AGTGCTGGTAGTCATGATC::GATCATGACTACCAGCACT","0","0","0.85864007","-0.99025059","-1.2140652"
"GTGCTGGTAGTCATGATCT::AGATCATGACTACCAGCAC","0","0","0.76473174","-0.72153772","-1.0209825"
"TGCTGGTAGTCATGATCTT::AAGATCATGACTACCAGCA","0","0","0.6865547","-0.43013879","-0.85126575"
"GCTGGTAGTCATGATCTTG::CAAGATCATGACTACCAGC","0","0","0.69826661","-0.15022834","-0.66412975"
"CTGGTAGTCATGATCTTGG::CCAAGATCATGACTACCAG","0","0","0.86381555","-0.19058138","-0.48136931"
"TGGTAGTCATGATCTTGGG::CCCAAGATCATGACTACCA","0","0","0.83812467","-0.42588766","-0.38343088"
"GGTAGTCATGATCTTGGGA::TCCCAAGATCATGACTACC","0","0","0.56807651","-0.50724006","-0.42427731"
"GTAGTCATGATCTTGGGAG::CTCCCAAGATCATGACTAC","0","0","0.77917784","-0.48763749","-0.46294843"
"TAGTCATGATCTTGGGAGG::CCTCCCAAGATCATGACTA","0","0","0.83096767","-0.46521891","-0.40884343"
"AGTCATGATCTTGGGAGGA::TCCTCCCAAGATCATGACT","0","0","0.63951374","-0.51869627","-0.45463515"
"GTCATGATCTTGGGAGGAT::ATCCTCCCAAGATCATGAC","0","0","0.53114933","-0.48768717","-0.41898874"
"TCATGATCTTGGGAGGATT::AATCCTCCCAAGATCATGA","0","0","0.72301161","-0.4382832","-0.55360317"
"CATGATCTTGGGAGGATTT::AAATCCTCCCAAGATCATG","0","0","0.58931508","-0.37629121","-0.54086113"
"ATGATCTTGGGAGGATTTT::AAAATCCTCCCAAGATCAT","0","0","0.67855423","-0.30408432","-0.38673739"
"TGATCTTGGGAGGATTTTC::GAAAATCCTCCCAAGATCA","0","0","0.8450241","-0.13755533","-0.32130191"
"GATCTTGGGAGGATTTTCA::TGAAAATCCTCCCAAGATC","0","0","0.63385082","-0.31816124","-0.29520271"
"ATCTTGGGAGGATTTTCAA::TTGAAAATCCTCCCAAGAT","0","0","0.62318713","-0.31239012","-0.17133616"
"TCTTGGGAGGATTTTCAAT::ATTGAAAATCCTCCCAAGA","0","0","0.6614207","-0.3059555","-0.047703808"
"CTTGGGAGGATTTTCAATG::CATTGAAAATCCTCCCAAG","0","0","0.7167786","-0.33741164","0.076830227"
"TTGGGAGGATTTTCAATGA::TCATTGAAAATCCTCCCAA","0","0","0.70251439","-0.1280788","0.1278191"
"TGGGAGGATTTTCAATGAG::CTCATTGAAAATCCTCCCA","0","0","0.67493435","0.078347978","0.20657316"
"GGGAGGATTTTCAATGAGT::ACTCATTGAAAATCCTCCC","0","0","0.54818752","0.12767567","0.25691682"
"GGAGGATTTTCAATGAGTG::CACTCATTGAAAATCCTCC","0","0","0.62109267","0.15646269","0.26765603"
"GAGGATTTTCAATGAGTGA::TCACTCATTGAAAATCCTC","0","0","0.57349639","0.221458","0.29100856"
"AGGATTTTCAATGAGTGAC::GTCACTCATTGAAAATCCT","0","0","0.79258896","0.35642711","0.35104391"
"GGATTTTCAATGAGTGACC::GGTCACTCATTGAAAATCC","0","0","0.68526138","0.42211951","0.48905261"
"GATTTTCAATGAGTGACCT::AGGTCACTCATTGAAAATC","0","0","0.65439327","0.34101771","0.66019234"
"ATTTTCAATGAGTGACCTG::CAGGTCACTCATTGAAAAT","0","0","0.82834062","0.36571156","0.60819574"
"TTTTCAATGAGTGACCTGG::CCAGGTCACTCATTGAAAA","0","0","0.94327183","0.14426845","0.30063916"
"TTTCAATGAGTGACCTGGC::GCCAGGTCACTCATTGAAA","0","0","0.91675037","-0.028708876","0.16395517"
"TTCAATGAGTGACCTGGCC::GGCCAGGTCACTCATTGAA","0","0","0.88114129","0.12955428","0.23691192"
"TCAATGAGTGACCTGGCCA::TGGCCAGGTCACTCATTGA","0","0","0.83790812","0.16723565","0.1727593"
"CAATGAGTGACCTGGCCAA::TTGGCCAGGTCACTCATTG","0","0","0.59124291","0.22762961","0.14613224"
"AATGAGTGACCTGGCCAAG::CTTGGCCAGGTCACTCATT","0","0","0.72001542","0.31167516","-0.019940407"
"ATGAGTGACCTGGCCAAGC::GCTTGGCCAGGTCACTCAT","0","0","0.90176097","0.28700784","-0.26274988"
"TGAGTGACCTGGCCAAGCT::AGCTTGGCCAGGTCACTCA","0","0","0.86066165","0.34578983","-0.12152196"
"GAGTGACCTGGCCAAGCTT::AAGCTTGGCCAGGTCACTC","0","0","0.61144523","0.60729133","0.0087605586"
"AGTGACCTGGCCAAGCTTG::CAAGCTTGGCCAGGTCACT","0","0","0.75319561","0.56477194","0.12036675"
"GTGACCTGGCCAAGCTTGT::ACAAGCTTGGCCAGGTCAC","0","0","0.68839944","0.51913908","0.19228649"
"TGACCTGGCCAAGCTTGTG::CACAAGCTTGGCCAGGTCA","0","0","0.85594725","0.41920019","0.33375021"
"GACCTGGCCAAGCTTGTGA::TCACAAGCTTGGCCAGGTC","0","0","0.6377254","0.3298864","0.075763975"
"ACCTGGCCAAGCTTGTGAT::ATCACAAGCTTGGCCAGGT","0","0","0.60288073","0.50064426","-0.016119936"
"CCTGGCCAAGCTTGTGATC::GATCACAAGCTTGGCCAGG","0","0","0.58000336","0.57430216","0.036439766"
"CTGGCCAAGCTTGTGATCC::GGATCACAAGCTTGGCCAG","0","0","0.80893165","0.73853037","0.23400259"
"TGGCCAAGCTTGTGATCCT::AGGATCACAAGCTTGGCCA","0","0","0.74890114","0.7615162","0.26661062"
"GGCCAAGCTTGTGATCCTG::CAGGATCACAAGCTTGGCC","0","0","0.56820786","0.62695769","0.047379367"
"GCCAAGCTTGTGATCCTGA::TCAGGATCACAAGCTTGGC","0","0","0.54657498","0.51233362","-0.041163364"
"CCAAGCTTGTGATCCTGAT::ATCAGGATCACAAGCTTGG","0","0","0.62411382","0.23116849","-0.10304573"
"CAAGCTTGTGATCCTGATG::CATCAGGATCACAAGCTTG","0","0","0.80248641","0.11077537","-0.013512591"
"AAGCTTGTGATCCTGATGG::CCATCAGGATCACAAGCTT","0","0","0.90073263","0.083987499","0.11531639"
"AGCTTGTGATCCTGATGGG::CCCATCAGGATCACAAGCT","0","0","0.60442086","-0.13930226","-0.053597007"
"GCTTGTGATCCTGATGGGT::ACCCATCAGGATCACAAGC","0","0","0.52602691","-0.54602048","-0.11860941"
"CTTGTGATCCTGATGGGTG::CACCCATCAGGATCACAAG","0","0","0.72853108","-0.49859309","-0.26995065"
"TTGTGATCCTGATGGGTGC::GCACCCATCAGGATCACAA","0","0","0.79885018","-0.44006561","-0.43234225"
"TGTGATCCTGATGGGTGCT::AGCACCCATCAGGATCACA","0","0","0.6712637","-0.50336759","-0.77099445"
"GTGATCCTGATGGGTGCTA::TAGCACCCATCAGGATCAC","0","1","0.48973211","-0.52709021","-0.81524322"
"TGATCCTGATGGGTGCTAC::GTAGCACCCATCAGGATCA","0","0","0.74904332","-0.56339999","-0.70310007"
"GATCCTGATGGGTGCTACT::AGTAGCACCCATCAGGATC","0","0","0.61317038","-0.74471632","-0.86820439"
"ATCCTGATGGGTGCTACTT::AAGTAGCACCCATCAGGAT","0","0","0.71447165","-0.77802101","-1.0146158"
"TCCTGATGGGTGCTACTTT::AAAGTAGCACCCATCAGGA","0","0","0.66587846","-0.82402389","-0.99959462"
"CCTGATGGGTGCTACTTTC::GAAAGTAGCACCCATCAGG","0","0","0.60876853","-0.7740368","-0.82482308"
"CTGATGGGTGCTACTTTCG::CGAAAGTAGCACCCATCAG","0","0","0.78425506","-0.74896195","-0.85869856"
"TGATGGGTGCTACTTTCGC::GCGAAAGTAGCACCCATCA","0","0","0.83210904","-0.67317968","-0.73913592"
"GATGGGTGCTACTTTCGCA::TGCGAAAGTAGCACCCATC","0","0","0.63384013","-0.69682845","-0.69748359"
"ATGGGTGCTACTTTCGCAG::CTGCGAAAGTAGCACCCAT","0","0","0.85730447","-0.7911621","-0.80814399"
"TGGGTGCTACTTTCGCAGA::TCTGCGAAAGTAGCACCCA","0","0","0.68311894","-0.66577794","-0.76876644"
"GGGTGCTACTTTCGCAGAA::TTCTGCGAAAGTAGCACCC","0","0","0.44739481","-0.36306218","-0.83864071"
"GGTGCTACTTTCGCAGAAA::TTTCTGCGAAAGTAGCACC","0","0","0.48255047","-0.28237896","-0.73668555"
"GTGCTACTTTCGCAGAAAT::ATTTCTGCGAAAGTAGCAC","0","0","0.56527393","-0.39848783","-0.56638711"
"TGCTACTTTCGCAGAAATG::CATTTCTGCGAAAGTAGCA","0","0","0.78683105","-0.24398875","-0.27340073"
"GCTACTTTCGCAGAAATGA::TCATTTCTGCGAAAGTAGC","0","0","0.56447856","-0.0379694","-0.0081789869"
"CTACTTTCGCAGAAATGAA::TTCATTTCTGCGAAAGTAG","0","0","0.60430098","-0.031818119","0.00040221964"
"TACTTTCGCAGAAATGAAC::GTTCATTTCTGCGAAAGTA","0","0","0.88981898","0.28698687","0.22143129"
"ACTTTCGCAGAAATGAACA::TGTTCATTTCTGCGAAAGT","0","0","0.72463874","0.31370897","0.31123868"
"CTTTCGCAGAAATGAACAC::GTGTTCATTTCTGCGAAAG","0","0","0.69586679","0.37207377","0.1815089"
"TTTCGCAGAAATGAACACT::AGTGTTCATTTCTGCGAAA","0","0","0.94257767","0.30252317","0.0083828882"
"TTCGCAGAAATGAACACTG::CAGTGTTCATTTCTGCGAA","0","0","0.98626706","0.16613352","-0.12656366"
"TCGCAGAAATGAACACTGG::CCAGTGTTCATTTCTGCGA","0","0","0.83680371","0.055075913","-0.35653703"
"CGCAGAAATGAACACTGGA::TCCAGTGTTCATTTCTGCG","0","0","0.55401342","0.11834641","-0.50212297"
"GCAGAAATGAACACTGGAG::CTCCAGTGTTCATTTCTGC","0","0","0.66709609","0.07912424","-0.45648945"
"CAGAAATGAACACTGGAGG::CCTCCAGTGTTCATTTCTG","0","0","0.81606372","0.058155152","-0.53805005"
"AGAAATGAACACTGGAGGA::TCCTCCAGTGTTCATTTCT","0","0","0.71278068","-0.1001167","-0.58985404"
"GAAATGAACACTGGAGGAG::CTCCTCCAGTGTTCATTTC","0","0","0.75186787","-0.19406938","-0.68160426"
"AAATGAACACTGGAGGAGA::TCTCCTCCAGTGTTCATTT","0","0","0.81008937","-0.11693161","-0.70944408"
"AATGAACACTGGAGGAGAT::ATCTCCTCCAGTGTTCATT","0","0","0.6956626","-0.080035797","-0.66760709"
"ATGAACACTGGAGGAGATG::CATCTCCTCCAGTGTTCAT","0","0","0.85371906","-0.19298121","-0.69012817"
"TGAACACTGGAGGAGATGT::ACATCTCCTCCAGTGTTCA","0","0","0.83399605","-0.26129675","-0.77457467"
"GAACACTGGAGGAGATGTA::TACATCTCCTCCAGTGTTC","0","0","0.6367987","-0.51339161","-0.75253159"
"AACACTGGAGGAGATGTAG::CTACATCTCCTCCAGTGTT","0","0","0.84576585","-0.44192393","-0.63314105"
"ACACTGGAGGAGATGTAGC::GCTACATCTCCTCCAGTGT","0","0","0.82205088","-0.39460707","-0.45278081"
"CACTGGAGGAGATGTAGCT::AGCTACATCTCCTCCAGTG","0","0","0.66973375","-0.30490103","-0.37476536"
"ACTGGAGGAGATGTAGCTC::GAGCTACATCTCCTCCAGT","0","0","0.74889293","-0.25500832","-0.29305368"
"CTGGAGGAGATGTAGCTCA::TGAGCTACATCTCCTCCAG","0","0","0.6860111","-0.166722","-0.28959528"
"TGGAGGAGATGTAGCTCAC::GTGAGCTACATCTCCTCCA","0","0","0.75226962","-0.18765761","-0.31622813"
"GGAGGAGATGTAGCTCACT::AGTGAGCTACATCTCCTCC","0","0","0.59731827","-0.13590142","-0.22930051"
"GAGGAGATGTAGCTCACTT::AAGTGAGCTACATCTCCTC","0","0","0.64959815","-0.20320962","-0.20776742"
"AGGAGATGTAGCTCACTTG::CAAGTGAGCTACATCTCCT","0","0","0.77994767","-0.29425245","0.003757608"
"GGAGATGTAGCTCACTTGG::CCAAGTGAGCTACATCTCC","0","0","0.68714508","-0.29023466","0.13607373"
"GAGATGTAGCTCACTTGGC::GCCAAGTGAGCTACATCTC","0","0","0.72853875","-0.27464217","0.34790408"
"AGATGTAGCTCACTTGGCA::TGCCAAGTGAGCTACATCT","0","0","0.71595851","-0.42440381","0.1282166"
"GATGTAGCTCACTTGGCAT::ATGCCAAGTGAGCTACATC","0","0","0.64654508","-0.51047283","-0.052842099"
"ATGTAGCTCACTTGGCATT::AATGCCAAGTGAGCTACAT","0","0","0.76433435","-0.47782007","-0.071215782"
"TGTAGCTCACTTGGCATTG::CAATGCCAAGTGAGCTACA","0","0","0.883818","-0.36971888","-0.14341624"
"GTAGCTCACTTGGCATTGG::CCAATGCCAAGTGAGCTAC","0","0","0.73209329","-0.44670712","-0.11247331"
"TAGCTCACTTGGCATTGGT::ACCAATGCCAAGTGAGCTA","0","0","0.85995383","-0.45784669","-0.075792071"
"AGCTCACTTGGCATTGGTA::TACCAATGCCAAGTGAGCT","0","0","0.61137648","-0.50159336","-0.10847277"
"GCTCACTTGGCATTGGTAG::CTACCAATGCCAAGTGAGC","0","0","0.66971657","-0.57315126","0.0095285847"
"CTCACTTGGCATTGGTAGC::GCTACCAATGCCAAGTGAG","0","0","0.79115494","-0.53475095","0.16632579"
"TCACTTGGCATTGGTAGCG::CGCTACCAATGCCAAGTGA","0","0","0.91588995","-0.49883199","0.33229067"
"CACTTGGCATTGGTAGCGG::CCGCTACCAATGCCAAGTG","0","0","0.64710384","-0.53811864","0.32091808"
"ACTTGGCATTGGTAGCGGC::GCCGCTACCAATGCCAAGT","0","0","0.67562678","-0.50139518","0.27392702"
"CTTGGCATTGGTAGCGGCA::TGCCGCTACCAATGCCAAG","0","0","0.64989683","-0.30090202","0.10465034"
"TTGGCATTGGTAGCGGCAT::ATGCCGCTACCAATGCCAA","0","0","0.79562798","-0.25593339","-0.014941834"
"TGGCATTGGTAGCGGCATT::AATGCCGCTACCAATGCCA","0","0","0.66036343","-0.24460165","-0.22961029"
"GGCATTGGTAGCGGCATTT::AAATGCCGCTACCAATGCC","0","0","0.4761635","-0.14477339","-0.062903716"
"GCATTGGTAGCGGCATTTA::TAAATGCCGCTACCAATGC","0","0","0.43861991","-0.082696711","-0.055757914"
"CATTGGTAGCGGCATTTAA::TTAAATGCCGCTACCAATG","0","0","0.52843322","-0.014310413","0.07950327"
"ATTGGTAGCGGCATTTAAA::TTTAAATGCCGCTACCAAT","0","0","0.69986825","0.054022404","0.16183267"
"TTGGTAGCGGCATTTAAAG::CTTTAAATGCCGCTACCAA","0","0","0.82990174","-0.016760533","0.020494743"
"TGGTAGCGGCATTTAAAGT::ACTTTAAATGCCGCTACCA","0","0","0.66272858","-0.1031529","-0.065195301"
"GGTAGCGGCATTTAAAGTC::GACTTTAAATGCCGCTACC","0","0","0.69042962","-0.0043109379","-0.12390849"
"GTAGCGGCATTTAAAGTCA::TGACTTTAAATGCCGCTAC","0","0","0.57684795","0.040783878","-0.15558027"
"TAGCGGCATTTAAAGTCAG::CTGACTTTAAATGCCGCTA","0","0","0.77776071","0.037242552","-0.086845951"
"AGCGGCATTTAAAGTCAGA::TCTGACTTTAAATGCCGCT","0","0","0.52161218","-0.13422105","-0.27074238"
"GCGGCATTTAAAGTCAGAC::GTCTGACTTTAAATGCCGC","0","0","0.58060414","-0.13885642","-0.35355799"
"CGGCATTTAAAGTCAGACC::GGTCTGACTTTAAATGCCG","0","0","0.6614726","-0.14507912","-0.24597468"
"GGCATTTAAAGTCAGACCA::TGGTCTGACTTTAAATGCC","0","0","0.55098877","-0.19955943","-0.13735889"
"GCATTTAAAGTCAGACCAG::CTGGTCTGACTTTAAATGC","0","0","0.54518642","-0.23609749","0.017859919"
"CATTTAAAGTCAGACCAGC::GCTGGTCTGACTTTAAATG","0","0","0.6871122","-0.31293537","0.0058476729"
"ATTTAAAGTCAGACCAGCC::GGCTGGTCTGACTTTAAAT","0","0","0.89165924","-0.30559927","0.026460353"
"TTTAAAGTCAGACCAGCCT::AGGCTGGTCTGACTTTAAA","0","0","0.92402119","-0.41264545","-0.015042856"
"TTAAAGTCAGACCAGCCTT::AAGGCTGGTCTGACTTTAA","0","0","0.90025956","-0.46998668","-0.13517326"
"TAAAGTCAGACCAGCCTTG::CAAGGCTGGTCTGACTTTA","0","0","0.89369152","-0.61559218","-0.27879158"
"AAAGTCAGACCAGCCTTGC::GCAAGGCTGGTCTGACTTT","1","0","0.83129215","-0.59423105","-0.23000401"
"AAGTCAGACCAGCCTTGCT::AGCAAGGCTGGTCTGACTT","0","0","0.76763805","-0.60828146","-0.2550804"
"AGTCAGACCAGCCTTGCTG::CAGCAAGGCTGGTCTGACT","0","0","0.80874315","-0.87707573","-0.38207981"
"GTCAGACCAGCCTTGCTGG::CCAGCAAGGCTGGTCTGAC","0","0","0.64657878","-0.84135123","-0.44873422"
"TCAGACCAGCCTTGCTGGT::ACCAGCAAGGCTGGTCTGA","0","0","0.68058641","-0.81992107","-0.66806898"
"CAGACCAGCCTTGCTGGTC::GACCAGCAAGGCTGGTCTG","0","0","0.73847482","-0.60992627","-0.56476995"
"AGACCAGCCTTGCTGGTCT::AGACCAGCAAGGCTGGTCT","0","0","0.76667833","-0.50874651","-0.56060944"
"GACCAGCCTTGCTGGTCTC::GAGACCAGCAAGGCTGGTC","0","0","0.60632522","-0.44464127","-0.56374764"
"ACCAGCCTTGCTGGTCTCC::GGAGACCAGCAAGGCTGGT","0","0","0.68404197","-0.3757487","-0.62507201"
"CCAGCCTTGCTGGTCTCCT::AGGAGACCAGCAAGGCTGG","0","0","0.62718923","-0.29062831","-0.78956868"
"CAGCCTTGCTGGTCTCCTT::AAGGAGACCAGCAAGGCTG","0","0","0.61784479","-0.029495878","-0.59619857"
"AGCCTTGCTGGTCTCCTTC::GAAGGAGACCAGCAAGGCT","0","0","0.76555489","-0.14795748","-0.6190721"
"GCCTTGCTGGTCTCCTTCA::TGAAGGAGACCAGCAAGGC","0","0","0.47864562","0.054605563","-0.45971915"
"CCTTGCTGGTCTCCTTCAT::ATGAAGGAGACCAGCAAGG","0","0","0.57540039","0.08553676","-0.46702458"
"CTTGCTGGTCTCCTTCATT::AATGAAGGAGACCAGCAAG","0","0","0.69947004","0.22301916","-0.2992384"
"TTGCTGGTCTCCTTCATTT::AAATGAAGGAGACCAGCAA","0","0","0.8113825","0.31595127","-0.21086635"
"TGCTGGTCTCCTTCATTTT::AAAATGAAGGAGACCAGCA","0","0","0.72164982","0.45413268","-0.06836915"
"GCTGGTCTCCTTCATTTTC::GAAAATGAAGGAGACCAGC","0","0","0.63988825","0.85574717","0.21516706"
"CTGGTCTCCTTCATTTTCA::TGAAAATGAAGGAGACCAG","0","0","0.65427468","0.80509711","0.35230863"
"TGGTCTCCTTCATTTTCAG::CTGAAAATGAAGGAGACCA","0","0","0.74165013","0.72736445","0.55961957"
"GGTCTCCTTCATTTTCAGA::TCTGAAAATGAAGGAGACC","0","0","0.5025146","0.51960214","0.45420431"
"GTCTCCTTCATTTTCAGAG::CTCTGAAAATGAAGGAGAC","0","0","0.71106103","0.34934282","0.68330318"
"TCTCCTTCATTTTCAGAGC::GCTCTGAAAATGAAGGAGA","0","0","0.85080241","0.24876864","0.62815657"
"CTCCTTCATTTTCAGAGCC::GGCTCTGAAAATGAAGGAG","0","0","0.69703546","0.19417686","0.58323424"
"TCCTTCATTTTCAGAGCCA::TGGCTCTGAAAATGAAGGA","0","0","0.64170126","0.41784372","0.70838045"
"CCTTCATTTTCAGAGCCAA::TTGGCTCTGAAAATGAAGG","0","0","0.34956455","0.50901719","0.57230791"
"CTTCATTTTCAGAGCCAAT::ATTGGCTCTGAAAATGAAG","0","0","0.54316673","0.63964906","0.56549606"
"TTCATTTTCAGAGCCAATT::AATTGGCTCTGAAAATGAA","1","0","0.82284786","0.54451834","0.55242637"
"TCATTTTCAGAGCCAATTG::CAATTGGCTCTGAAAATGA","1","0","0.85442746","0.56341408","0.57006827"
"CATTTTCAGAGCCAATTGG::CCAATTGGCTCTGAAAATG","1","0","0.66835655","0.4613926","0.50733039"
"ATTTTCAGAGCCAATTGGA::TCCAATTGGCTCTGAAAAT","1","0","0.68345276","0.27082732","0.41841827"
"TTTTCAGAGCCAATTGGAC::GTCCAATTGGCTCTGAAAA","0","0","0.79465733","0.16795062","0.31341919"
"TTTCAGAGCCAATTGGACA::TGTCCAATTGGCTCTGAAA","0","0","0.85251598","0.11016119","0.33109671"
"TTCAGAGCCAATTGGACAC::GTGTCCAATTGGCTCTGAA","0","0","0.90709799","0.25915214","0.10557007"
"TCAGAGCCAATTGGACACC::GGTGTCCAATTGGCTCTGA","0","0","0.84370122","0.19407144","-0.10662702"
"CAGAGCCAATTGGACACCC::GGGTGTCCAATTGGCTCTG","0","0","0.7211992","0.2842279","-0.040902915"
"AGAGCCAATTGGACACCCC::GGGGTGTCCAATTGGCTCT","0","0","0.75150951","0.3011544","-0.31759003"
"GAGCCAATTGGACACCCCG::CGGGGTGTCCAATTGGCTC","0","0","0.75200738","0.40015829","-0.39253113"
"AGCCAATTGGACACCCCGT::ACGGGGTGTCCAATTGGCT","0","0","0.66745593","0.3170431","-0.47585107"
"GCCAATTGGACACCCCGTG::CACGGGGTGTCCAATTGGC","0","0","0.62637497","-0.028005132","-0.59488018"
"CCAATTGGACACCCCGTGA::TCACGGGGTGTCCAATTGG","0","0","0.59974859","-0.26118644","-0.64702608"
"CAATTGGACACCCCGTGAG::CTCACGGGGTGTCCAATTG","0","0","0.76936441","-0.4356961","-0.67356811"
"AATTGGACACCCCGTGAGA::TCTCACGGGGTGTCCAATT","0","0","0.69351001","-0.47066177","-0.76331517"
"ATTGGACACCCCGTGAGAG::CTCTCACGGGGTGTCCAAT","0","0","0.7703183","-0.52690154","-0.97172549"
"TTGGACACCCCGTGAGAGC::GCTCTCACGGGGTGTCCAA","0","0","0.91444263","-0.62185821","-1.0313926"
"TGGACACCCCGTGAGAGCA::TGCTCTCACGGGGTGTCCA","0","0","0.73048353","-0.49800119","-1.0575869"
"GGACACCCCGTGAGAGCAT::ATGCTCTCACGGGGTGTCC","0","0","0.50821859","-0.48671857","-1.05674"
"GACACCCCGTGAGAGCATG::CATGCTCTCACGGGGTGTC","0","0","0.60088136","-0.57133809","-1.1832724"
"ACACCCCGTGAGAGCATGC::GCATGCTCTCACGGGGTGT","0","0","0.72423012","-0.67982832","-0.98488679"
"CACCCCGTGAGAGCATGCT::AGCATGCTCTCACGGGGTG","0","0","0.60753219","-0.64136927","-0.85118575"
"ACCCCGTGAGAGCATGCTG::CAGCATGCTCTCACGGGGT","0","0","0.67558902","-0.81000556","-1.0051249"
"CCCCGTGAGAGCATGCTGC::GCAGCATGCTCTCACGGGG","0","0","0.61053985","-0.86638588","-1.0108177"
"CCCGTGAGAGCATGCTGCT::AGCAGCATGCTCTCACGGG","0","0","0.53143617","-0.64337228","-0.87733988"
"CCGTGAGAGCATGCTGCTA::TAGCAGCATGCTCTCACGG","0","0","0.52018149","-0.66487366","-0.90104117"
"CGTGAGAGCATGCTGCTAG::CTAGCAGCATGCTCTCACG","0","0","0.68705222","-0.48359467","-0.88194071"
"GTGAGAGCATGCTGCTAGC::GCTAGCAGCATGCTCTCAC","0","0","0.69258916","-0.5516829","-0.81863473"
"TGAGAGCATGCTGCTAGCC::GGCTAGCAGCATGCTCTCA","0","0","0.85094796","-0.3426203","-0.78083013"
"GAGAGCATGCTGCTAGCCC::GGGCTAGCAGCATGCTCTC","0","0","0.74417932","-0.38548098","-0.90231533"
"AGAGCATGCTGCTAGCCCT::AGGGCTAGCAGCATGCTCT","0","0","0.72748802","-0.453212","-0.8993945"
"GAGCATGCTGCTAGCCCTG::CAGGGCTAGCAGCATGCTC","0","0","0.66230503","-0.26474285","-0.9869503"
"AGCATGCTGCTAGCCCTGG::CCAGGGCTAGCAGCATGCT","0","0","0.6783974","-0.39163542","-1.1690388"
"GCATGCTGCTAGCCCTGGC::GCCAGGGCTAGCAGCATGC","0","0","0.61801964","-0.4029195","-1.2320354"
"CATGCTGCTAGCCCTGGCT::AGCCAGGGCTAGCAGCATG","0","0","0.68015777","-0.38518419","-0.9911095"
"ATGCTGCTAGCCCTGGCTT::AAGCCAGGGCTAGCAGCAT","0","0","0.65296247","-0.45510724","-1.1550593"
"TGCTGCTAGCCCTGGCTTC::GAAGCCAGGGCTAGCAGCA","0","0","0.71291041","-0.40490874","-1.2637001"
"GCTGCTAGCCCTGGCTTCG::CGAAGCCAGGGCTAGCAGC","0","0","0.62054345","-0.10238461","-1.0435872"
"CTGCTAGCCCTGGCTTCGT::ACGAAGCCAGGGCTAGCAG","0","0","0.58685517","0.088907333","-0.97008239"
"TGCTAGCCCTGGCTTCGTG::CACGAAGCCAGGGCTAGCA","0","0","0.71422388","-0.22439988","-1.0886909"
"GCTAGCCCTGGCTTCGTGT::ACACGAAGCCAGGGCTAGC","0","0","0.59156571","-0.23711736","-0.97868621"
"CTAGCCCTGGCTTCGTGTC::GACACGAAGCCAGGGCTAG","0","0","0.72064828","-0.45487238","-0.8767536"
"TAGCCCTGGCTTCGTGTCT::AGACACGAAGCCAGGGCTA","0","0","0.85372772","-0.43132986","-0.73179296"
"AGCCCTGGCTTCGTGTCTT::AAGACACGAAGCCAGGGCT","0","0","0.63860076","-0.54549599","-0.73168293"
"GCCCTGGCTTCGTGTCTTC::GAAGACACGAAGCCAGGGC","0","0","0.52399167","-0.44364936","-0.51980367"
"CCCTGGCTTCGTGTCTTCT::AGAAGACACGAAGCCAGGG","0","0","0.62148817","-0.23888491","-0.3586259"
"CCTGGCTTCGTGTCTTCTG::CAGAAGACACGAAGCCAGG","0","0","0.75442168","-0.36275398","-0.17409859"
"CTGGCTTCGTGTCTTCTGC::GCAGAAGACACGAAGCCAG","0","0","0.86307873","-0.17554653","0.056563989"
"TGGCTTCGTGTCTTCTGCA::TGCAGAAGACACGAAGCCA","0","0","0.8290035","-0.14060632","0.039209633"
"GGCTTCGTGTCTTCTGCAA::TTGCAGAAGACACGAAGCC","0","0","0.52756991","-0.26879688","-0.25975098"
"GCTTCGTGTCTTCTGCAAA::TTTGCAGAAGACACGAAGC","0","0","0.6111016","-0.13337538","-0.19775501"
"CTTCGTGTCTTCTGCAAAC::GTTTGCAGAAGACACGAAG","0","0","0.80910636","-0.084685921","-0.029272391"
"TTCGTGTCTTCTGCAAACT::AGTTTGCAGAAGACACGAA","0","0","1.0301792","-0.18939977","-0.047773367"
"TCGTGTCTTCTGCAAACTG::CAGTTTGCAGAAGACACGA","0","0","0.95410002","-0.3291932","-0.11684808"
"CGTGTCTTCTGCAAACTGC::GCAGTTTGCAGAAGACACG","0","0","0.73843144","-0.43024408","-0.1629364"
"GTGTCTTCTGCAAACTGCG::CGCAGTTTGCAGAAGACAC","0","0","0.85705182","-0.41608663","-0.15512592"
"TGTCTTCTGCAAACTGCGA::TCGCAGTTTGCAGAAGACA","0","0","0.73755493","-0.1817661","-0.27459533"
"GTCTTCTGCAAACTGCGAT::ATCGCAGTTTGCAGAAGAC","0","0","0.66361309","-0.14149212","-0.39770508"
"TCTTCTGCAAACTGCGATC::GATCGCAGTTTGCAGAAGA","0","0","0.85440198","-0.10358819","-0.43620273"
"CTTCTGCAAACTGCGATCT::AGATCGCAGTTTGCAGAAG","0","0","0.73050112","-0.12247969","-0.52165752"
"TTCTGCAAACTGCGATCTC::GAGATCGCAGTTTGCAGAA","0","0","0.81750226","-0.19362152","-0.42697261"
"TCTGCAAACTGCGATCTCT::AGAGATCGCAGTTTGCAGA","0","0","0.8244907","-0.12074596","-0.37425356"
"CTGCAAACTGCGATCTCTG::CAGAGATCGCAGTTTGCAG","0","0","0.76700837","-0.0043757397","-0.48551341"
"TGCAAACTGCGATCTCTGC::GCAGAGATCGCAGTTTGCA","0","0","0.7725453","0.025404171","-0.38184535"
"GCAAACTGCGATCTCTGCT::AGCAGAGATCGCAGTTTGC","0","0","0.71583788","0.37462178","-0.21121"
"CAAACTGCGATCTCTGCTC::GAGCAGAGATCGCAGTTTG","0","0","0.80725616","0.31524114","-0.15297968"
"AAACTGCGATCTCTGCTCT::AGAGCAGAGATCGCAGTTT","0","0","0.79436863","0.2292713","-0.28161329"
"AACTGCGATCTCTGCTCTT::AAGAGCAGAGATCGCAGTT","0","0","0.66479084","0.44183745","-0.23695396"
"ACTGCGATCTCTGCTCTTG::CAAGAGCAGAGATCGCAGT","0","0","0.75639694","0.59661278","-0.17611175"
"CTGCGATCTCTGCTCTTGA::TCAAGAGCAGAGATCGCAG","0","0","0.59000719","0.64937121","-0.095957414"
"TGCGATCTCTGCTCTTGAA::TTCAAGAGCAGAGATCGCA","0","0","0.6074015","0.87132703","-0.017517575"
"GCGATCTCTGCTCTTGAAG::CTTCAAGAGCAGAGATCGC","0","0","0.64214305","0.92164425","0.16856644"
"CGATCTCTGCTCTTGAAGG::CCTTCAAGAGCAGAGATCG","0","0","0.68855724","0.95078559","0.038424041"
"GATCTCTGCTCTTGAAGGT::ACCTTCAAGAGCAGAGATC","0","0","0.66982467","0.97182658","-0.0058079675"
"ATCTCTGCTCTTGAAGGTG::CACCTTCAAGAGCAGAGAT","0","0","0.84474451","0.8347792","-0.11383617"
"TCTCTGCTCTTGAAGGTGA::TCACCTTCAAGAGCAGAGA","0","0","0.78527052","0.73328364","-0.17894074"
"CTCTGCTCTTGAAGGTGAC::GTCACCTTCAAGAGCAGAG","0","0","0.73205709","0.7302248","-0.34063834"
"TCTGCTCTTGAAGGTGACT::AGTCACCTTCAAGAGCAGA","0","0","0.8940396","0.54181271","-0.30363874"
"CTGCTCTTGAAGGTGACTT::AAGTCACCTTCAAGAGCAG","0","0","0.80266325","0.37817131","-0.2583067"
"TGCTCTTGAAGGTGACTTG::CAAGTCACCTTCAAGAGCA","0","0","0.86356325","-0.058067255","-0.19634474"
"GCTCTTGAAGGTGACTTGA::TCAAGTCACCTTCAAGAGC","0","0","0.62472839","-0.06354515","-0.15376774"
"CTCTTGAAGGTGACTTGAT::ATCAAGTCACCTTCAAGAG","0","0","0.70140262","-0.018012758","0.039650161"
"TCTTGAAGGTGACTTGATG::CATCAAGTCACCTTCAAGA","0","0","0.88800673","-0.22718108","0.046493026"
"CTTGAAGGTGACTTGATGG::CCATCAAGTCACCTTCAAG","0","0","0.83699318","-0.20897352","0.10336152"
"TTGAAGGTGACTTGATGGT::ACCATCAAGTCACCTTCAA","0","0","0.81495647","-0.18342201","-0.00551886"
"TGAAGGTGACTTGATGGTC::GACCATCAAGTCACCTTCA","0","0","0.88787102","-0.25150146","-0.11916907"
"GAAGGTGACTTGATGGTCC::GGACCATCAAGTCACCTTC","0","0","0.80882193","-0.45179549","-0.32030968"
"AAGGTGACTTGATGGTCCT::AGGACCATCAAGTCACCTT","0","0","0.78676202","-0.32300982","-0.14447472"
"AGGTGACTTGATGGTCCTC::GAGGACCATCAAGTCACCT","0","0","0.6777076","-0.44976358","-0.16473206"
"GGTGACTTGATGGTCCTCA::TGAGGACCATCAAGTCACC","0","0","0.64502882","-0.47393905","-0.22098324"
"GTGACTTGATGGTCCTCAT::ATGAGGACCATCAAGTCAC","0","0","0.6682134","-0.42534408","-0.19463461"
"TGACTTGATGGTCCTCATT::AATGAGGACCATCAAGTCA","0","0","0.82920274","-0.34682593","-0.044568727"
"GACTTGATGGTCCTCATTA::TAATGAGGACCATCAAGTC","0","0","0.63979082","-0.33974727","0.0056951009"
"ACTTGATGGTCCTCATTAA::TTAATGAGGACCATCAAGT","0","0","0.58110289","-0.23697241","-0.0011099338"
"CTTGATGGTCCTCATTAAT::ATTAATGAGGACCATCAAG","0","0","0.63620953","-0.02235163","-0.12762264"
"TTGATGGTCCTCATTAATG::CATTAATGAGGACCATCAA","0","0","0.90470367","0.046250603","-0.1334584"
"TGATGGTCCTCATTAATGG::CCATTAATGAGGACCATCA","0","0","0.83436932","-0.0040436803","-0.11369067"
"GATGGTCCTCATTAATGGA::TCCATTAATGAGGACCATC","0","0","0.50007983","0.063570008","0.06799645"
"ATGGTCCTCATTAATGGAT::ATCCATTAATGAGGACCAT","0","0","0.70836901","0.061567179","0.10885404"
"TGGTCCTCATTAATGGATT::AATCCATTAATGAGGACCA","0","0","0.67882105","0.061177364","0.055586793"
"GGTCCTCATTAATGGATTT::AAATCCATTAATGAGGACC","0","0","0.41931891","-0.019570201","0.113775"
"GTCCTCATTAATGGATTTG::CAAATCCATTAATGAGGAC","0","0","0.60953805","0.056528482","0.21177882"
"TCCTCATTAATGGATTTGC::GCAAATCCATTAATGAGGA","1","0","0.77468716","-0.17099843","0.10347499"
"CCTCATTAATGGATTTGCT::AGCAAATCCATTAATGAGG","0","0","0.58594985","-0.12336193","0.13556602"
"CTCATTAATGGATTTGCTT::AAGCAAATCCATTAATGAG","0","0","0.65533158","0.29982121","0.39009446"
"TCATTAATGGATTTGCTTT::AAAGCAAATCCATTAATGA","0","0","0.68865268","0.49314894","0.39100147"
"CATTAATGGATTTGCTTTG::CAAAGCAAATCCATTAATG","0","0","0.6125579","0.40843825","0.38656898"
"ATTAATGGATTTGCTTTGG::CCAAAGCAAATCCATTAAT","0","0","0.78047869","0.37138569","0.58927707"
"TTAATGGATTTGCTTTGGC::GCCAAAGCAAATCCATTAA","0","0","0.80840597","0.39753101","0.82440983"
"TAATGGATTTGCTTTGGCC::GGCCAAAGCAAATCCATTA","0","0","0.82201458","0.42651436","0.95030386"
"AATGGATTTGCTTTGGCCT::AGGCCAAAGCAAATCCATT","0","0","0.75550353","0.57554916","1.0159067"
"ATGGATTTGCTTTGGCCTG::CAGGCCAAAGCAAATCCAT","0","0","0.70301648","0.55040899","0.74852125"
"TGGATTTGCTTTGGCCTGG::CCAGGCCAAAGCAAATCCA","0","0","0.71225331","0.38397964","0.32855388"
"GGATTTGCTTTGGCCTGGT::ACCAGGCCAAAGCAAATCC","0","0","0.45681887","0.39723188","0.15006546"
"GATTTGCTTTGGCCTGGTT::AACCAGGCCAAAGCAAATC","0","0","0.43789701","0.42146423","0.23474674"
"ATTTGCTTTGGCCTGGTTG::CAACCAGGCCAAAGCAAAT","0","0","0.77588134","0.35017633","0.17920968"
"TTTGCTTTGGCCTGGTTGG::CCAACCAGGCCAAAGCAAA","0","0","0.80436859","0.34172643","0.16581918"
"TTGCTTTGGCCTGGTTGGC::GCCAACCAGGCCAAAGCAA","0","0","0.7059565","0.44199893","0.46474735"
"TGCTTTGGCCTGGTTGGCA::TGCCAACCAGGCCAAAGCA","0","0","0.60470269","0.39632052","0.40151562"
"GCTTTGGCCTGGTTGGCAA::TTGCCAACCAGGCCAAAGC","0","0","0.37584453","0.096212395","0.23209547"
"CTTTGGCCTGGTTGGCAAT::ATTGCCAACCAGGCCAAAG","0","0","0.43900116","-0.26457277","0.081163038"
"TTTGGCCTGGTTGGCAATT::AATTGCCAACCAGGCCAAA","0","0","0.59893965","-0.28287014","0.045332628"
"TTGGCCTGGTTGGCAATTC::GAATTGCCAACCAGGCCAA","0","0","0.78079542","-0.32422768","-0.20620203"
"TGGCCTGGTTGGCAATTCG::CGAATTGCCAACCAGGCCA","0","0","0.76841218","-0.38140112","-0.54121585"
"GGCCTGGTTGGCAATTCGA::TCGAATTGCCAACCAGGCC","0","0","0.46268349","-0.48828758","-0.676688"
"GCCTGGTTGGCAATTCGAG::CTCGAATTGCCAACCAGGC","0","0","0.54053422","-0.62207453","-0.7585957"
"CCTGGTTGGCAATTCGAGC::GCTCGAATTGCCAACCAGG","0","0","0.72203084","-0.473427","-0.74802881"
"CTGGTTGGCAATTCGAGCA::TGCTCGAATTGCCAACCAG","0","0","0.74175542","-0.34227061","-0.57144212"
"TGGTTGGCAATTCGAGCAA::TTGCTCGAATTGCCAACCA","0","0","0.63096672","-0.47781289","-0.4788903"
"GGTTGGCAATTCGAGCAAT::ATTGCTCGAATTGCCAACC","0","0","0.44004066","-0.5522582","-0.43209387"
"GTTGGCAATTCGAGCAATG::CATTGCTCGAATTGCCAAC","0","0","0.67819237","-0.45004973","-0.33285069"
"TTGGCAATTCGAGCAATGG::CCATTGCTCGAATTGCCAA","0","0","0.93176251","-0.41313946","-0.18464304"
"TGGCAATTCGAGCAATGGC::GCCATTGCTCGAATTGCCA","0","0","0.83947622","-0.34575422","-0.46536065"
"GGCAATTCGAGCAATGGCC::GGCCATTGCTCGAATTGCC","0","0","0.69378374","-0.21684852","-0.22699203"
"GCAATTCGAGCAATGGCCG::CGGCCATTGCTCGAATTGC","0","0","0.68709639","-0.30301597","-0.18333874"
"CAATTCGAGCAATGGCCGT::ACGGCCATTGCTCGAATTG","0","0","0.63513904","-0.21851949","-0.1282745"
"AATTCGAGCAATGGCCGTG::CACGGCCATTGCTCGAATT","0","0","0.80966978","-0.38710453","-0.28693803"
"ATTCGAGCAATGGCCGTGC::GCACGGCCATTGCTCGAAT","0","0","0.83763928","-0.32690335","-0.20393407"
"TTCGAGCAATGGCCGTGCC::GGCACGGCCATTGCTCGAA","0","0","0.73656737","-0.41060611","-0.21488857"
"TCGAGCAATGGCCGTGCCA::TGGCACGGCCATTGCTCGA","0","0","0.70730142","-0.51732748","-0.26158884"
"CGAGCAATGGCCGTGCCAC::GTGGCACGGCCATTGCTCG","0","0","0.58615996","-0.32942464","-0.33879906"
"GAGCAATGGCCGTGCCACG::CGTGGCACGGCCATTGCTC","0","0","0.64534385","-0.52139601","-0.29740998"
"AGCAATGGCCGTGCCACGC::GCGTGGCACGGCCATTGCT","0","0","0.74280411","-0.51941832","-0.18352517"
"GCAATGGCCGTGCCACGCA::TGCGTGGCACGGCCATTGC","0","0","0.56086488","-0.40590184","-0.19653264"
"CAATGGCCGTGCCACGCAC::GTGCGTGGCACGGCCATTG","0","0","0.62540969","-0.23923076","-0.1638843"
"AATGGCCGTGCCACGCACT::AGTGCGTGGCACGGCCATT","0","0","0.71360781","-0.44174856","-0.4605278"
"ATGGCCGTGCCACGCACTG::CAGTGCGTGGCACGGCCAT","0","0","0.71284648","-0.53540369","-0.79518255"
"TGGCCGTGCCACGCACTGA::TCAGTGCGTGGCACGGCCA","0","0","0.66597082","-0.73019624","-0.81422714"
"GGCCGTGCCACGCACTGAC::GTCAGTGCGTGGCACGGCC","0","0","0.58966417","-0.71137962","-0.87597776"
"GCCGTGCCACGCACTGACA::TGTCAGTGCGTGGCACGGC","0","0","0.51755179","-0.70743805","-0.87849646"
"CCGTGCCACGCACTGACAA::TTGTCAGTGCGTGGCACGG","0","0","0.53416267","-0.72623269","-0.86089797"
"CGTGCCACGCACTGACAAC::GTTGTCAGTGCGTGGCACG","0","0","0.61935555","-0.66500216","-0.73492932"
"GTGCCACGCACTGACAACA::TGTTGTCAGTGCGTGGCAC","0","0","0.71966487","-0.70972587","-0.81983555"
"TGCCACGCACTGACAACAT::ATGTTGTCAGTGCGTGGCA","0","0","0.78202824","-0.86091875","-0.90476863"
"GCCACGCACTGACAACATC::GATGTTGTCAGTGCGTGGC","0","0","0.62221414","-0.745654","-0.88928422"
"CCACGCACTGACAACATCG::CGATGTTGTCAGTGCGTGG","0","0","0.85204467","-0.9622071","-0.83329295"
"CACGCACTGACAACATCGC::GCGATGTTGTCAGTGCGTG","0","0","0.79900633","-0.82278353","-0.75986177"
"ACGCACTGACAACATCGCT::AGCGATGTTGTCAGTGCGT","0","0","0.85254704","-0.68004901","-0.71084664"
"CGCACTGACAACATCGCTC::GAGCGATGTTGTCAGTGCG","0","0","0.86696579","-0.7002332","-0.68610814"
"GCACTGACAACATCGCTCT::AGAGCGATGTTGTCAGTGC","0","0","0.88408559","-0.71199413","-0.7248511"
"CACTGACAACATCGCTCTA::TAGAGCGATGTTGTCAGTG","0","0","0.69511732","-0.5561586","-0.61428748"
"ACTGACAACATCGCTCTAC::GTAGAGCGATGTTGTCAGT","0","0","0.90519635","-0.4726634","-0.59726702"
"CTGACAACATCGCTCTACC::GGTAGAGCGATGTTGTCAG","0","0","0.92168933","-0.3498844","-0.65636765"
"TGACAACATCGCTCTACCA::TGGTAGAGCGATGTTGTCA","0","0","0.88192287","-0.48100722","-0.76376157"
"GACAACATCGCTCTACCAA::TTGGTAGAGCGATGTTGTC","0","0","0.69548583","-0.3419917","-0.69027303"
"ACAACATCGCTCTACCAAT::ATTGGTAGAGCGATGTTGT","0","0","0.77709639","-0.24687258","-0.71735104"
"CAACATCGCTCTACCAATC::GATTGGTAGAGCGATGTTG","0","0","0.83017717","-0.1874916","-0.93567573"
"AACATCGCTCTACCAATCT::AGATTGGTAGAGCGATGTT","0","0","0.93619096","-0.058945178","-0.83125399"
"ACATCGCTCTACCAATCTT::AAGATTGGTAGAGCGATGT","0","0","0.73054609","0.32617873","-0.79683589"
"CATCGCTCTACCAATCTTG::CAAGATTGGTAGAGCGATG","0","0","0.80417518","0.38307254","-0.79281989"
"ATCGCTCTACCAATCTTGG::CCAAGATTGGTAGAGCGAT","0","0","0.85904352","0.36841897","-0.64275686"
"TCGCTCTACCAATCTTGGC::GCCAAGATTGGTAGAGCGA","0","0","0.89316066","0.32154127","-0.39313605"
"CGCTCTACCAATCTTGGCT::AGCCAAGATTGGTAGAGCG","0","0","0.71016867","0.21526631","-0.2825094"
"GCTCTACCAATCTTGGCTG::CAGCCAAGATTGGTAGAGC","0","0","0.62678129","0.23537808","-0.18140815"
"CTCTACCAATCTTGGCTGC::GCAGCCAAGATTGGTAGAG","0","0","0.66259447","0.085455683","-0.21345684"
"TCTACCAATCTTGGCTGCT::AGCAGCCAAGATTGGTAGA","0","0","0.82691473","0.37445679","-0.044122908"
"CTACCAATCTTGGCTGCTC::GAGCAGCCAAGATTGGTAG","0","0","0.75570387","0.33224772","0.1202907"
"TACCAATCTTGGCTGCTCT::AGAGCAGCCAAGATTGGTA","0","0","0.89252916","0.31999451","0.16244172"
"ACCAATCTTGGCTGCTCTA::TAGAGCAGCCAAGATTGGT","0","0","0.63477468","0.32990295","0.10814531"
"CCAATCTTGGCTGCTCTAA::TTAGAGCAGCCAAGATTGG","0","0","0.55818676","0.22450202","0.0060875485"
"CAATCTTGGCTGCTCTAAC::GTTAGAGCAGCCAAGATTG","0","0","0.79748179","0.10284168","-0.038859458"
"AATCTTGGCTGCTCTAACA::TGTTAGAGCAGCCAAGATT","0","0","0.85415348","-0.0038477089","0.23247411"
"ATCTTGGCTGCTCTAACAC::GTGTTAGAGCAGCCAAGAT","0","0","0.9522244","-0.030077024","0.083624927"
"TCTTGGCTGCTCTAACACC::GGTGTTAGAGCAGCCAAGA","0","0","0.93135437","-0.26157046","0.019326845"
"CTTGGCTGCTCTAACACCA::TGGTGTTAGAGCAGCCAAG","0","0","0.8099432","-0.39707401","-0.032927377"
"TTGGCTGCTCTAACACCAC::GTGGTGTTAGAGCAGCCAA","0","0","0.99644836","-0.38610337","-0.19642643"
"TGGCTGCTCTAACACCACT::AGTGGTGTTAGAGCAGCCA","0","0","0.92504877","-0.47689321","-0.56881165"
"GGCTGCTCTAACACCACTA::TAGTGGTGTTAGAGCAGCC","0","0","0.72960338","-0.62816728","-0.87583504"
"GCTGCTCTAACACCACTAG::CTAGTGGTGTTAGAGCAGC","0","0","0.69376423","-0.78992497","-0.96529501"
"CTGCTCTAACACCACTAGC::GCTAGTGGTGTTAGAGCAG","0","0","0.92207876","-0.69249833","-0.81423443"
"TGCTCTAACACCACTAGCT::AGCTAGTGGTGTTAGAGCA","0","0","1.0454046","-0.94921327","-0.88102338"
"GCTCTAACACCACTAGCTC::GAGCTAGTGGTGTTAGAGC","0","0","0.75868419","-0.94360627","-0.97494018"
"CTCTAACACCACTAGCTCG::CGAGCTAGTGGTGTTAGAG","0","0","0.87327692","-1.0406323","-0.7989705"
"TCTAACACCACTAGCTCGA::TCGAGCTAGTGGTGTTAGA","0","0","0.89505577","-1.0441027","-0.71188221"
"CTAACACCACTAGCTCGAG::CTCGAGCTAGTGGTGTTAG","0","0","0.78062915","-1.0048397","-0.7058302"
"TAACACCACTAGCTCGAGG::CCTCGAGCTAGTGGTGTTA","0","0","1.0019176","-0.99737541","-0.76464418"
"AACACCACTAGCTCGAGGC::GCCTCGAGCTAGTGGTGTT","0","0","0.98565861","-0.90656239","-0.96521522"
"ACACCACTAGCTCGAGGCA::TGCCTCGAGCTAGTGGTGT","0","0","0.58327066","-1.0617598","-0.92152546"
"CACCACTAGCTCGAGGCAC::GTGCCTCGAGCTAGTGGTG","0","0","0.66548007","-1.0420982","-0.84278219"
"ACCACTAGCTCGAGGCACA::TGTGCCTCGAGCTAGTGGT","0","0","0.6474025","-0.9655751","-0.89123519"
"CCACTAGCTCGAGGCACAC::GTGTGCCTCGAGCTAGTGG","0","0","0.65257191","-0.95361521","-0.8691633"
"CACTAGCTCGAGGCACACT::AGTGTGCCTCGAGCTAGTG","0","0","0.73688352","-0.96695409","-0.86444962"
"ACTAGCTCGAGGCACACTG::CAGTGTGCCTCGAGCTAGT","0","0","0.86529147","-0.96070794","-0.93550172"
"CTAGCTCGAGGCACACTGC::GCAGTGTGCCTCGAGCTAG","0","0","0.77976703","-1.0136367","-1.0149631"
"TAGCTCGAGGCACACTGCT::AGCAGTGTGCCTCGAGCTA","0","0","0.91667441","-0.70782223","-0.99618208"
"AGCTCGAGGCACACTGCTC::GAGCAGTGTGCCTCGAGCT","0","0","0.74439065","-0.76156021","-0.98379571"
"GCTCGAGGCACACTGCTCG::CGAGCAGTGTGCCTCGAGC","0","0","0.68994627","-0.74566276","-0.69716076"
"CTCGAGGCACACTGCTCGT::ACGAGCAGTGTGCCTCGAG","0","0","0.62948689","-0.7552954","-0.91940928"
"TCGAGGCACACTGCTCGTG::CACGAGCAGTGTGCCTCGA","0","0","0.83816804","-0.76930136","-0.95955541"
"CGAGGCACACTGCTCGTGG::CCACGAGCAGTGTGCCTCG","0","0","0.67636753","-0.81617224","-0.99131748"
"GAGGCACACTGCTCGTGGC::GCCACGAGCAGTGTGCCTC","0","0","0.65961075","-0.8739239","-0.75122861"
"AGGCACACTGCTCGTGGCA::TGCCACGAGCAGTGTGCCT","0","0","0.66645427","-0.89612217","-0.78543145"
"GGCACACTGCTCGTGGCAT::ATGCCACGAGCAGTGTGCC","0","0","0.53855052","-0.84774828","-0.73677052"
"GCACACTGCTCGTGGCATG::CATGCCACGAGCAGTGTGC","0","0","0.67240784","-0.79770145","-0.74323409"
"CACACTGCTCGTGGCATGG::CCATGCCACGAGCAGTGTG","0","0","0.75494475","-0.83964219","-0.70892206"
"ACACTGCTCGTGGCATGGA::TCCATGCCACGAGCAGTGT","0","0","0.65044943","-0.74879271","-0.48292434"
"CACTGCTCGTGGCATGGAG::CTCCATGCCACGAGCAGTG","0","0","0.61874566","-0.72071079","-0.43088041"
"ACTGCTCGTGGCATGGAGA::TCTCCATGCCACGAGCAGT","0","0","0.63740677","-0.61195727","-0.20716865"
"CTGCTCGTGGCATGGAGAG::CTCTCCATGCCACGAGCAG","0","0","0.63689771","-0.43508583","-0.27807232"
"TGCTCGTGGCATGGAGAGC::GCTCTCCATGCCACGAGCA","0","0","0.71262604","-0.76496182","-0.34200117"
"GCTCGTGGCATGGAGAGCG::CGCTCTCCATGCCACGAGC","0","0","0.64644531","-0.74088705","-0.30117588"
"CTCGTGGCATGGAGAGCGG::CCGCTCTCCATGCCACGAG","0","0","0.56566898","-0.67839641","-0.37542801"
"TCGTGGCATGGAGAGCGGG::CCCGCTCTCCATGCCACGA","0","0","0.69583376","-0.71548578","-0.42074232"
"CGTGGCATGGAGAGCGGGC::GCCCGCTCTCCATGCCACG","0","0","0.54444108","-0.75962766","-0.38227883"
"GTGGCATGGAGAGCGGGCC::GGCCCGCTCTCCATGCCAC","0","0","0.62004559","-0.80969154","-0.42517347"
"TGGCATGGAGAGCGGGCCT::AGGCCCGCTCTCCATGCCA","0","0","0.59357794","-0.5877959","-0.53296554"
"GGCATGGAGAGCGGGCCTG::CAGGCCCGCTCTCCATGCC","0","0","0.41820665","-0.57821238","-0.51999635"
"GCATGGAGAGCGGGCCTGG::CCAGGCCCGCTCTCCATGC","0","0","0.44960084","-0.62622001","-0.68481895"
"CATGGAGAGCGGGCCTGGC::GCCAGGCCCGCTCTCCATG","0","0","0.54205256","-0.65043334","-0.70550906"
"ATGGAGAGCGGGCCTGGCT::AGCCAGGCCCGCTCTCCAT","0","0","0.65886246","-0.54608051","-0.4125197"
"TGGAGAGCGGGCCTGGCTA::TAGCCAGGCCCGCTCTCCA","0","0","0.6216703","-0.54320883","-0.50955631"
"GGAGAGCGGGCCTGGCTAC::GTAGCCAGGCCCGCTCTCC","0","0","0.4383433","-0.47061546","-0.39895505"
"GAGAGCGGGCCTGGCTACT::AGTAGCCAGGCCCGCTCTC","0","0","0.51637613","-0.58821492","-0.59303283"
"AGAGCGGGCCTGGCTACTT::AAGTAGCCAGGCCCGCTCT","0","0","0.55747061","-0.62190417","-0.60016884"
"GAGCGGGCCTGGCTACTTG::CAAGTAGCCAGGCCCGCTC","0","0","0.53814555","-0.72291665","-0.47560409"
"AGCGGGCCTGGCTACTTGT::ACAAGTAGCCAGGCCCGCT","0","0","0.55244893","-0.70365113","-0.45463543"
"GCGGGCCTGGCTACTTGTG::CACAAGTAGCCAGGCCCGC","0","0","0.46694368","-0.70432344","-0.38034347"
"CGGGCCTGGCTACTTGTGG::CCACAAGTAGCCAGGCCCG","0","0","0.60125381","-0.76100518","-0.34973868"
"GGGCCTGGCTACTTGTGGA::TCCACAAGTAGCCAGGCCC","0","0","0.47788988","-0.69923685","-0.41644385"
"GGCCTGGCTACTTGTGGAG::CTCCACAAGTAGCCAGGCC","0","0","0.47290907","-0.63056941","-0.342241"
"GCCTGGCTACTTGTGGAGG::CCTCCACAAGTAGCCAGGC","0","0","0.47961793","-0.7617019","-0.41530739"
"CCTGGCTACTTGTGGAGGG::CCCTCCACAAGTAGCCAGG","0","0","0.59676504","-0.82698968","-0.34338235"
"CTGGCTACTTGTGGAGGGA::TCCCTCCACAAGTAGCCAG","0","0","0.58193319","-0.83856625","-0.25456111"
"TGGCTACTTGTGGAGGGAT::ATCCCTCCACAAGTAGCCA","0","0","0.6307688","-0.84617324","-0.18870783"
"GGCTACTTGTGGAGGGATC::GATCCCTCCACAAGTAGCC","0","0","0.53074326","-0.93224931","-0.35670682"
"GCTACTTGTGGAGGGATCA::TGATCCCTCCACAAGTAGC","0","0","0.56393008","-0.95443538","-0.3663667"
"CTACTTGTGGAGGGATCAT::ATGATCCCTCCACAAGTAG","0","0","0.5910539","-0.98287876","-0.4316755"
"TACTTGTGGAGGGATCATG::CATGATCCCTCCACAAGTA","0","0","0.80851585","-0.95497376","-0.2725279"
"ACTTGTGGAGGGATCATGC::GCATGATCCCTCCACAAGT","0","0","0.79438397","-1.0054331","-0.076289889"
"CTTGTGGAGGGATCATGCT::AGCATGATCCCTCCACAAG","0","0","0.69610358","-0.84397293","-0.20698049"
"TTGTGGAGGGATCATGCTC::GAGCATGATCCCTCCACAA","0","0","0.85939423","-0.88533046","-0.27840172"
"TGTGGAGGGATCATGCTCC::GGAGCATGATCCCTCCACA","0","0","0.82238392","-0.83430018","-0.50000799"
"GTGGAGGGATCATGCTCCT::AGGAGCATGATCCCTCCAC","0","0","0.53718526","-0.73439932","-0.5260463"
"TGGAGGGATCATGCTCCTC::GAGGAGCATGATCCCTCCA","0","0","0.73776771","-0.79239565","-0.52915289"
"GGAGGGATCATGCTCCTCT::AGAGGAGCATGATCCCTCC","0","0","0.65262735","-0.77904343","-0.64301325"
"GAGGGATCATGCTCCTCTC::GAGAGGAGCATGATCCCTC","0","0","0.5991018","-0.93786705","-0.58768915"
"AGGGATCATGCTCCTCTCC::GGAGAGGAGCATGATCCCT","0","0","0.70862803","-0.79818107","-0.5363006"
"GGGATCATGCTCCTCTCCC::GGGAGAGGAGCATGATCCC","0","0","0.59193733","-0.68441965","-0.49636626"
"GGATCATGCTCCTCTCCCT::AGGGAGAGGAGCATGATCC","0","0","0.53359174","-0.80487646","-0.62491973"
"GATCATGCTCCTCTCCCTG::CAGGGAGAGGAGCATGATC","0","0","0.63124376","-0.67293051","-0.74873974"
"ATCATGCTCCTCTCCCTGA::TCAGGGAGAGGAGCATGAT","0","0","0.63439213","-0.67823527","-0.84146445"
"TCATGCTCCTCTCCCTGAA::TTCAGGGAGAGGAGCATGA","0","0","0.6575706","-0.57836887","-0.82871506"
"CATGCTCCTCTCCCTGAAA::TTTCAGGGAGAGGAGCATG","0","0","0.44038001","-0.45069012","-0.93210911"
"ATGCTCCTCTCCCTGAAAG::CTTTCAGGGAGAGGAGCAT","0","0","0.73120912","-0.31115307","-0.96214416"
"TGCTCCTCTCCCTGAAAGG::CCTTTCAGGGAGAGGAGCA","0","0","0.74608731","-0.19862043","-1.0958188"
"GCTCCTCTCCCTGAAAGGG::CCCTTTCAGGGAGAGGAGC","0","0","0.51590338","-0.22995335","-1.1237575"
"CTCCTCTCCCTGAAAGGGA::TCCCTTTCAGGGAGAGGAG","0","0","0.54265231","-0.37846294","-1.1385214"
"TCCTCTCCCTGAAAGGGAA::TTCCCTTTCAGGGAGAGGA","0","0","0.56060824","-0.44886416","-1.0555641"
"CCTCTCCCTGAAAGGGAAA::TTTCCCTTTCAGGGAGAGG","0","0","0.35102883","-0.47368389","-0.83892332"
"CTCTCCCTGAAAGGGAAAG::CTTTCCCTTTCAGGGAGAG","0","0","0.57418075","-0.27078724","-0.60081332"
"TCTCCCTGAAAGGGAAAGG::CCTTTCCCTTTCAGGGAGA","0","0","0.71280928","0.028829501","-0.68200653"
"CTCCCTGAAAGGGAAAGGT::ACCTTTCCCTTTCAGGGAG","0","0","0.58280711","0.031660217","-0.74965573"
"TCCCTGAAAGGGAAAGGTA::TACCTTTCCCTTTCAGGGA","0","0","0.60665248","-0.0045315153","-0.64358137"
"CCCTGAAAGGGAAAGGTAG::CTACCTTTCCCTTTCAGGG","0","0","0.55118338","0.017561846","-0.49503828"
"CCTGAAAGGGAAAGGTAGT::ACTACCTTTCCCTTTCAGG","0","0","0.542047","-0.11925646","-0.49146115"
"CTGAAAGGGAAAGGTAGTG::CACTACCTTTCCCTTTCAG","0","0","0.75822795","-0.2288966","-0.57484182"
"TGAAAGGGAAAGGTAGTGT::ACACTACCTTTCCCTTTCA","0","0","0.76440618","-0.40367299","-0.6628975"
"GAAAGGGAAAGGTAGTGTG::CACACTACCTTTCCCTTTC","0","0","0.66236113","-0.51743357","-0.65172893"
"AAAGGGAAAGGTAGTGTGA::TCACACTACCTTTCCCTTT","0","0","0.6545705","-0.73181128","-0.80613935"
"AAGGGAAAGGTAGTGTGAA::TTCACACTACCTTTCCCTT","0","0","0.66750891","-0.88559058","-0.80787228"
"AGGGAAAGGTAGTGTGAAG::CTTCACACTACCTTTCCCT","0","0","0.61702064","-0.69351918","-0.64675604"
"GGGAAAGGTAGTGTGAAGA::TCTTCACACTACCTTTCCC","0","0","0.56429699","-0.47302041","-0.43536757"
"GGAAAGGTAGTGTGAAGAA::TTCTTCACACTACCTTTCC","0","0","0.41539051","-0.3856556","-0.32913637"
"GAAAGGTAGTGTGAAGAAG::CTTCTTCACACTACCTTTC","0","0","0.58238199","-0.27888835","-0.28638265"
"AAAGGTAGTGTGAAGAAGA::TCTTCTTCACACTACCTTT","0","0","0.73801055","-0.2216611","-0.1643344"
"AAGGTAGTGTGAAGAAGAA::TTCTTCTTCACACTACCTT","0","0","0.57855879","-0.2816474","0.11876029"
"AGGTAGTGTGAAGAAGAAC::GTTCTTCTTCACACTACCT","0","0","0.71815231","-0.33290743","0.029852603"
"GGTAGTGTGAAGAAGAACC::GGTTCTTCTTCACACTACC","0","0","0.76362334","-0.20904077","-0.06806646"
"GTAGTGTGAAGAAGAACCT::AGGTTCTTCTTCACACTAC","0","0","0.74133007","-0.11102497","-0.086541622"
"TAGTGTGAAGAAGAACCTG::CAGGTTCTTCTTCACACTA","0","0","0.91268751","-0.082805654","-0.046405429"
"AGTGTGAAGAAGAACCTGC::GCAGGTTCTTCTTCACACT","0","0","0.78034691","0.2165967","-0.047537856"
"GTGTGAAGAAGAACCTGCC::GGCAGGTTCTTCTTCACAC","0","0","0.74027769","0.066838355","-0.1109293"
"TGTGAAGAAGAACCTGCCA::TGGCAGGTTCTTCTTCACA","0","0","0.67251296","-0.020459027","-0.11941448"
"GTGAAGAAGAACCTGCCAT::ATGGCAGGTTCTTCTTCAC","0","0","0.61603819","0.0019872995","0.049232018"
"TGAAGAAGAACCTGCCATT::AATGGCAGGTTCTTCTTCA","0","0","0.74201957","0.13521308","0.11578104"
"GAAGAAGAACCTGCCATTT::AAATGGCAGGTTCTTCTTC","0","0","0.55564601","0.098542253","0.060711165"
"AAGAAGAACCTGCCATTTG::CAAATGGCAGGTTCTTCTT","0","0","0.79791862","-0.054259256","-0.031275563"
"AGAAGAACCTGCCATTTGT::ACAAATGGCAGGTTCTTCT","0","0","0.72770288","0.056400792","-0.17379115"
"GAAGAACCTGCCATTTGTC::GACAAATGGCAGGTTCTTC","0","0","0.70643454","0.12541073","-0.3775933"
"AAGAACCTGCCATTTGTCA::TGACAAATGGCAGGTTCTT","1","0","0.7230246","0.032854544","-0.53473232"
"AGAACCTGCCATTTGTCAT::ATGACAAATGGCAGGTTCT","1","0","0.72447786","-0.017518218","-0.6446537"
"GAACCTGCCATTTGTCATG::CATGACAAATGGCAGGTTC","1","0","0.71390043","-0.080241117","-0.47720667"
"AACCTGCCATTTGTCATGG::CCATGACAAATGGCAGGTT","0","0","0.73660102","-0.19021105","-0.47470715"
"ACCTGCCATTTGTCATGGC::GCCATGACAAATGGCAGGT","0","0","0.62159197","-0.083107502","-0.5056822"
"CCTGCCATTTGTCATGGCC::GGCCATGACAAATGGCAGG","0","0","0.607505","-0.018734794","-0.34972238"
"CTGCCATTTGTCATGGCCC::GGGCCATGACAAATGGCAG","0","0","0.68620028","-0.35883447","-0.36052048"
"TGCCATTTGTCATGGCCCT::AGGGCCATGACAAATGGCA","0","0","0.66579671","-0.14892198","-0.38069079"
"GCCATTTGTCATGGCCCTG::CAGGGCCATGACAAATGGC","0","0","0.47754164","0.078922287","-0.41755063"
"CCATTTGTCATGGCCCTGG::CCAGGGCCATGACAAATGG","0","0","0.60744605","-0.014527914","-0.74556802"
"CATTTGTCATGGCCCTGGG::CCCAGGGCCATGACAAATG","0","0","0.56660765","-0.44544941","-0.79448516"
"ATTTGTCATGGCCCTGGGA::TCCCAGGGCCATGACAAAT","0","0","0.57044065","-0.62236725","-0.93167401"
"TTTGTCATGGCCCTGGGAT::ATCCCAGGGCCATGACAAA","0","0","0.6653194","-0.61603634","-0.96532373"
"TTGTCATGGCCCTGGGATT::AATCCCAGGGCCATGACAA","0","0","0.59906955","-0.76855946","-1.126039"
"TGTCATGGCCCTGGGATTG::CAATCCCAGGGCCATGACA","0","0","0.6420322","-0.97489032","-1.1062972"
"GTCATGGCCCTGGGATTGA::TCAATCCCAGGGCCATGAC","0","0","0.3978467","-0.91320479","-0.84039612"
"TCATGGCCCTGGGATTGAC::GTCAATCCCAGGGCCATGA","0","0","0.62800971","-0.94893561","-0.84559061"
"CATGGCCCTGGGATTGACA::TGTCAATCCCAGGGCCATG","0","0","0.55458167","-0.96252401","-0.8770049"
"ATGGCCCTGGGATTGACAG::CTGTCAATCCCAGGGCCAT","0","0","0.72403407","-0.8485703","-0.7884468"
"TGGCCCTGGGATTGACAGC::GCTGTCAATCCCAGGGCCA","0","0","0.74387838","-0.93049304","-0.81228576"
"GGCCCTGGGATTGACAGCT::AGCTGTCAATCCCAGGGCC","0","0","0.60040309","-0.95481502","-1.0077181"
"GCCCTGGGATTGACAGCTG::CAGCTGTCAATCCCAGGGC","0","0","0.52892719","-0.91533175","-0.85252946"
"CCCTGGGATTGACAGCTGT::ACAGCTGTCAATCCCAGGG","0","0","0.56338224","-0.95146061","-0.68356431"
"CCTGGGATTGACAGCTGTG::CACAGCTGTCAATCCCAGG","1","0","0.68437256","-1.2584442","-0.70291368"
"CTGGGATTGACAGCTGTGA::TCACAGCTGTCAATCCCAG","0","0","0.76928038","-1.2066325","-0.56518619"
"TGGGATTGACAGCTGTGAG::CTCACAGCTGTCAATCCCA","0","0","0.87106673","-1.0458647","-0.52424966"
"GGGATTGACAGCTGTGAGG::CCTCACAGCTGTCAATCCC","0","0","0.75736611","-1.0865721","-0.54941099"
"GGATTGACAGCTGTGAGGG::CCCTCACAGCTGTCAATCC","0","0","0.72079697","-1.1807198","-0.57888065"
"GATTGACAGCTGTGAGGGT::ACCCTCACAGCTGTCAATC","0","0","0.59796956","-1.1653477","-0.37951108"
"ATTGACAGCTGTGAGGGTA::TACCCTCACAGCTGTCAAT","0","0","0.82383576","-1.0715526","-0.35586656"
"TTGACAGCTGTGAGGGTAG::CTACCCTCACAGCTGTCAA","0","0","0.95990678","-1.2316833","-0.53166366"
"TGACAGCTGTGAGGGTAGT::ACTACCCTCACAGCTGTCA","0","0","0.75681006","-1.1503562","-0.60489475"
"GACAGCTGTGAGGGTAGTA::TACTACCCTCACAGCTGTC","1","0","0.64923613","-1.117226","-0.63182284"
"ACAGCTGTGAGGGTAGTAG::CTACTACCCTCACAGCTGT","0","0","0.82892396","-1.3318923","-0.71756364"
"CAGCTGTGAGGGTAGTAGA::TCTACTACCCTCACAGCTG","0","0","0.65769707","-1.5081451","-0.66058592"
"AGCTGTGAGGGTAGTAGAC::GTCTACTACCCTCACAGCT","0","0","0.71413244","-1.5618086","-0.58441604"
"GCTGTGAGGGTAGTAGACC::GGTCTACTACCCTCACAGC","0","0","0.73563662","-1.5429832","-0.57275588"
"CTGTGAGGGTAGTAGACCC::GGGTCTACTACCCTCACAG","0","0","0.80220943","-1.448977","-0.57530187"
"TGTGAGGGTAGTAGACCCT::AGGGTCTACTACCCTCACA","0","0","0.79436262","-1.1960086","-0.4743329"
"GTGAGGGTAGTAGACCCTA::TAGGGTCTACTACCCTCAC","0","0","0.67963486","-1.2261195","-0.51097239"
"TGAGGGTAGTAGACCCTAT::ATAGGGTCTACTACCCTCA","0","0","0.76702172","-1.1606327","-0.56841151"
"GAGGGTAGTAGACCCTATT::AATAGGGTCTACTACCCTC","0","0","0.68029193","-0.98335232","-0.44053123"
"AGGGTAGTAGACCCTATTA::TAATAGGGTCTACTACCCT","0","0","0.67600193","-0.81536342","-0.49949088"
"GGGTAGTAGACCCTATTAA::TTAATAGGGTCTACTACCC","0","0","0.51969046","-0.79838172","-0.52151551"
"GGTAGTAGACCCTATTAAT::ATTAATAGGGTCTACTACC","0","0","0.56030059","-0.68761407","-0.52747408"
"GTAGTAGACCCTATTAATG::CATTAATAGGGTCTACTAC","0","0","0.75680951","-0.59062968","-0.55942199"
"TAGTAGACCCTATTAATGT::ACATTAATAGGGTCTACTA","0","0","0.8885995","-0.58773643","-0.51681854"
"AGTAGACCCTATTAATGTG::CACATTAATAGGGTCTACT","0","0","0.74291279","-0.57182797","-0.55711496"
"GTAGACCCTATTAATGTGG::CCACATTAATAGGGTCTAC","0","0","0.75373171","-0.55688335","-0.51243052"
"TAGACCCTATTAATGTGGT::ACCACATTAATAGGGTCTA","0","0","0.78812415","-0.44784142","-0.57006267"
"AGACCCTATTAATGTGGTA::TACCACATTAATAGGGTCT","0","0","0.61172889","-0.48810201","-0.61616071"
"GACCCTATTAATGTGGTAG::CTACCACATTAATAGGGTC","0","0","0.70232129","-0.55009079","-0.65671578"
"ACCCTATTAATGTGGTAGG::CCTACCACATTAATAGGGT","0","0","0.67668911","-0.59950474","-0.75835602"
"CCCTATTAATGTGGTAGGA::TCCTACCACATTAATAGGG","0","0","0.43327128","-0.71202768","-0.80151873"
"CCTATTAATGTGGTAGGAC::GTCCTACCACATTAATAGG","0","0","0.68236135","-0.4902705","-0.50926263"
"CTATTAATGTGGTAGGACT::AGTCCTACCACATTAATAG","0","0","0.77420227","-0.41049998","-0.46229099"
"TATTAATGTGGTAGGACTA::TAGTCCTACCACATTAATA","0","0","0.81260384","-0.45127253","-0.52042218"
"ATTAATGTGGTAGGACTAC::GTAGTCCTACCACATTAAT","0","0","0.83569597","-0.58808326","-0.45376331"
"TTAATGTGGTAGGACTACT::AGTAGTCCTACCACATTAA","0","0","0.96523004","-0.68636724","-0.64514375"
"TAATGTGGTAGGACTACTG::CAGTAGTCCTACCACATTA","0","0","1.0053878","-0.87567091","-0.69822288"
"AATGTGGTAGGACTACTGT::ACAGTAGTCCTACCACATT","0","0","0.7885129","-0.93816362","-0.83839196"
"ATGTGGTAGGACTACTGTT::AACAGTAGTCCTACCACAT","0","0","0.7803143","-0.59482168","-0.89074499"
"TGTGGTAGGACTACTGTTA::TAACAGTAGTCCTACCACA","0","0","0.86968448","-0.43831926","-0.93521855"
"GTGGTAGGACTACTGTTAC::GTAACAGTAGTCCTACCAC","0","0","0.7166178","-0.31591626","-0.89113274"
"TGGTAGGACTACTGTTACT::AGTAACAGTAGTCCTACCA","0","0","0.79929859","-0.40898177","-0.96998271"
"GGTAGGACTACTGTTACTC::GAGTAACAGTAGTCCTACC","0","0","0.78799736","-0.41634506","-0.8945634"
"GTAGGACTACTGTTACTCA::TGAGTAACAGTAGTCCTAC","0","0","0.64273522","-0.33067153","-0.98542238"
"TAGGACTACTGTTACTCAC::GTGAGTAACAGTAGTCCTA","0","0","0.95467544","-0.30965285","-1.0048282"
"AGGACTACTGTTACTCACA::TGTGAGTAACAGTAGTCCT","0","0","0.79692206","-0.34301848","-1.0158904"
"GGACTACTGTTACTCACAA::TTGTGAGTAACAGTAGTCC","0","0","0.54060213","-0.36360399","-1.2121862"
"GACTACTGTTACTCACAAG::CTTGTGAGTAACAGTAGTC","0","0","0.70106448","-0.32305311","-1.2062648"
"ACTACTGTTACTCACAAGG::CCTTGTGAGTAACAGTAGT","0","0","0.87599863","-0.33192251","-1.1729872"
"CTACTGTTACTCACAAGGA::TCCTTGTGAGTAACAGTAG","0","0","0.71321503","-0.10290116","-0.97542983"
"TACTGTTACTCACAAGGAG::CTCCTTGTGAGTAACAGTA","0","0","0.83579492","-0.08628986","-0.8608853"
"ACTGTTACTCACAAGGAGT::ACTCCTTGTGAGTAACAGT","0","0","0.79849453","0.048330562","-0.86940791"
"CTGTTACTCACAAGGAGTG::CACTCCTTGTGAGTAACAG","0","0","0.75959836","0.052741271","-0.73094047"
"TGTTACTCACAAGGAGTGG::CCACTCCTTGTGAGTAACA","0","0","0.80003976","-0.366751","-0.69494467"
"GTTACTCACAAGGAGTGGG::CCCACTCCTTGTGAGTAAC","0","0","0.71024683","-0.58447174","-0.72510442"
"TTACTCACAAGGAGTGGGA::TCCCACTCCTTGTGAGTAA","0","0","0.7967849","-0.70428533","-0.79997802"
"TACTCACAAGGAGTGGGAA::TTCCCACTCCTTGTGAGTA","0","0","0.60252006","-0.67130293","-0.63557656"
"ACTCACAAGGAGTGGGAAG::CTTCCCACTCCTTGTGAGT","0","0","0.5790607","-0.67508167","-0.94788397"
"CTCACAAGGAGTGGGAAGC::GCTTCCCACTCCTTGTGAG","0","0","0.7256126","-0.75949657","-0.8458016"
"TCACAAGGAGTGGGAAGCG::CGCTTCCCACTCCTTGTGA","0","0","0.77373532","-0.76016027","-0.6937262"
"CACAAGGAGTGGGAAGCGG::CCGCTTCCCACTCCTTGTG","0","0","0.67210335","-0.70437862","-0.58337195"
"ACAAGGAGTGGGAAGCGGA::TCCGCTTCCCACTCCTTGT","0","0","0.67073063","-0.82375159","-0.5018803"
"CAAGGAGTGGGAAGCGGAG::CTCCGCTTCCCACTCCTTG","0","0","0.67130442","-0.83249737","-0.42789091"
"AAGGAGTGGGAAGCGGAGC::GCTCCGCTTCCCACTCCTT","0","0","0.80209723","-0.90026019","-0.39952476"
"AGGAGTGGGAAGCGGAGCT::AGCTCCGCTTCCCACTCCT","0","0","0.64648573","-1.1593695","-0.61353752"
"GGAGTGGGAAGCGGAGCTG::CAGCTCCGCTTCCCACTCC","0","0","0.56879286","-1.1465627","-0.53221736"
"GAGTGGGAAGCGGAGCTGG::CCAGCTCCGCTTCCCACTC","0","0","0.62828997","-1.1587649","-0.56213388"
"AGTGGGAAGCGGAGCTGGC::GCCAGCTCCGCTTCCCACT","0","0","0.64219498","-1.0928217","-0.62302339"
"GTGGGAAGCGGAGCTGGCC::GGCCAGCTCCGCTTCCCAC","0","0","0.66776356","-0.91181449","-0.44190251"
"TGGGAAGCGGAGCTGGCCC::GGGCCAGCTCCGCTTCCCA","0","0","0.72649646","-0.91832443","-0.39522243"
"GGGAAGCGGAGCTGGCCCC::GGGGCCAGCTCCGCTTCCC","0","0","0.49857658","-0.78821891","-0.37715279"
"GGAAGCGGAGCTGGCCCCC::GGGGGCCAGCTCCGCTTCC","0","0","0.4934582","-0.80944197","-0.49363805"
"GAAGCGGAGCTGGCCCCCT::AGGGGGCCAGCTCCGCTTC","0","0","0.50513602","-0.72375748","-0.39337932"
"AAGCGGAGCTGGCCCCCTA::TAGGGGGCCAGCTCCGCTT","0","0","0.54992231","-0.71371276","-0.56398018"
"AGCGGAGCTGGCCCCCTAG::CTAGGGGGCCAGCTCCGCT","0","0","0.52078417","-0.77202659","-0.72393792"
"GCGGAGCTGGCCCCCTAGT::ACTAGGGGGCCAGCTCCGC","0","0","0.40691045","-0.76104314","-0.86705975"
"CGGAGCTGGCCCCCTAGTG::CACTAGGGGGCCAGCTCCG","0","0","0.52645442","-0.85503395","-1.0067843"
"GGAGCTGGCCCCCTAGTGA::TCACTAGGGGGCCAGCTCC","0","0","0.47370868","-0.87043841","-1.0706338"
"GAGCTGGCCCCCTAGTGAA::TTCACTAGGGGGCCAGCTC","0","0","0.48121848","-0.75319256","-1.1527185"
"AGCTGGCCCCCTAGTGAAG::CTTCACTAGGGGGCCAGCT","0","0","0.55294494","-0.5488016","-0.98354307"
"GCTGGCCCCCTAGTGAAGT::ACTTCACTAGGGGGCCAGC","0","0","0.50165624","-0.36575795","-0.91904819"
"CTGGCCCCCTAGTGAAGTT::AACTTCACTAGGGGGCCAG","0","0","0.48420932","-0.12356236","-0.74830074"
"TGGCCCCCTAGTGAAGTTC::GAACTTCACTAGGGGGCCA","0","0","0.73604306","-0.046308","-0.61610138"
"GGCCCCCTAGTGAAGTTCT::AGAACTTCACTAGGGGGCC","0","0","0.49416886","-0.2695829","-0.75479852"
"GCCCCCTAGTGAAGTTCTC::GAGAACTTCACTAGGGGGC","0","0","0.53341632","-0.04979952","-0.65884173"
"CCCCCTAGTGAAGTTCTCA::TGAGAACTTCACTAGGGGG","0","0","0.53949511","-0.054061633","-0.58926086"
"CCCCTAGTGAAGTTCTCAC::GTGAGAACTTCACTAGGGG","0","0","0.62826489","0.078298074","-0.59290354"
"CCCTAGTGAAGTTCTCACA::TGTGAGAACTTCACTAGGG","0","0","0.62742201","-0.045982781","-0.4953725"
"CCTAGTGAAGTTCTCACAG::CTGTGAGAACTTCACTAGG","0","0","0.73345274","-0.055037746","-0.55999318"
"CTAGTGAAGTTCTCACAGC::GCTGTGAGAACTTCACTAG","0","0","0.85455397","0.014567414","-0.5114218"
"TAGTGAAGTTCTCACAGCC::GGCTGTGAGAACTTCACTA","0","0","0.98384538","0.10852781","-0.35003901"
"AGTGAAGTTCTCACAGCCG::CGGCTGTGAGAACTTCACT","0","0","0.85183314","0.16747302","-0.30549209"
"GTGAAGTTCTCACAGCCGT::ACGGCTGTGAGAACTTCAC","0","0","0.75427328","0.1034794","-0.27325402"
"TGAAGTTCTCACAGCCGTT::AACGGCTGTGAGAACTTCA","0","0","0.82373566","0.041540761","-0.30098573"
"GAAGTTCTCACAGCCGTTG::CAACGGCTGTGAGAACTTC","0","0","0.7845813","-0.046624905","-0.53047657"
"AAGTTCTCACAGCCGTTGG::CCAACGGCTGTGAGAACTT","0","0","0.84640472","-0.20054114","-0.63031062"
"AGTTCTCACAGCCGTTGGC::GCCAACGGCTGTGAGAACT","0","0","0.73895791","-0.36722197","-0.45531476"
"GTTCTCACAGCCGTTGGCC::GGCCAACGGCTGTGAGAAC","0","0","0.7087606","-0.34956545","-0.37317794"
"TTCTCACAGCCGTTGGCCT::AGGCCAACGGCTGTGAGAA","0","0","0.76493545","-0.073839074","-0.32264279"
"TCTCACAGCCGTTGGCCTG::CAGGCCAACGGCTGTGAGA","0","0","0.77734226","-0.22762045","-0.41512049"
"CTCACAGCCGTTGGCCTGA::TCAGGCCAACGGCTGTGAG","0","0","0.55715517","-0.21432837","-0.43199052"
"TCACAGCCGTTGGCCTGAT::ATCAGGCCAACGGCTGTGA","0","0","0.63995009","-0.23456464","-0.35154609"
"CACAGCCGTTGGCCTGATA::TATCAGGCCAACGGCTGTG","0","0","0.53953897","-0.19512786","-0.28513516"
"ACAGCCGTTGGCCTGATAT::ATATCAGGCCAACGGCTGT","0","0","0.71683749","-0.14464327","0.048050641"
"CAGCCGTTGGCCTGATATG::CATATCAGGCCAACGGCTG","0","0","0.60920454","-0.2484499","0.19516779"
"AGCCGTTGGCCTGATATGT::ACATATCAGGCCAACGGCT","0","0","0.66872259","-0.31654724","0.17965576"
"GCCGTTGGCCTGATATGTG::CACATATCAGGCCAACGGC","0","0","0.53106382","-0.30818026","0.1574511"
"CCGTTGGCCTGATATGTGC::GCACATATCAGGCCAACGG","0","0","0.62349228","-0.41591792","0.10911875"
"CGTTGGCCTGATATGTGCA::TGCACATATCAGGCCAACG","0","0","0.50117653","-0.49840613","0.15392713"
"GTTGGCCTGATATGTGCAC::GTGCACATATCAGGCCAAC","0","0","0.645292","-0.57565354","0.10781068"
"TTGGCCTGATATGTGCACT::AGTGCACATATCAGGCCAA","0","0","0.8828064","-0.72794405","-0.10942521"
"TGGCCTGATATGTGCACTG::CAGTGCACATATCAGGCCA","0","0","0.8270689","-0.85537815","-0.54936907"
"GGCCTGATATGTGCACTGG::CCAGTGCACATATCAGGCC","0","0","0.52668925","-0.99394668","-0.80880399"
"GCCTGATATGTGCACTGGC::GCCAGTGCACATATCAGGC","0","0","0.61921775","-1.1102313","-0.9282491"
"CCTGATATGTGCACTGGCC::GGCCAGTGCACATATCAGG","0","0","0.67917693","-0.98935811","-0.69562165"
"CTGATATGTGCACTGGCCG::CGGCCAGTGCACATATCAG","0","0","0.84843859","-1.0896749","-0.69149569"
"TGATATGTGCACTGGCCGG::CCGGCCAGTGCACATATCA","0","0","0.80281708","-0.99082568","-0.62096213"
"GATATGTGCACTGGCCGGA::TCCGGCCAGTGCACATATC","0","0","0.58833458","-0.75872388","-0.53933967"
"ATATGTGCACTGGCCGGAG::CTCCGGCCAGTGCACATAT","0","0","0.77429842","-0.64471874","-0.62356838"
"TATGTGCACTGGCCGGAGG::CCTCCGGCCAGTGCACATA","0","0","0.76330093","-0.5610592","-0.73085922"
"ATGTGCACTGGCCGGAGGG::CCCTCCGGCCAGTGCACAT","0","0","0.70322472","-0.67215332","-0.81573858"
"TGTGCACTGGCCGGAGGGT::ACCCTCCGGCCAGTGCACA","0","0","0.57670696","-0.64598359","-0.66840164"
"GTGCACTGGCCGGAGGGTT::AACCCTCCGGCCAGTGCAC","0","0","0.48061668","-0.68580796","-0.66770761"
"TGCACTGGCCGGAGGGTTT::AAACCCTCCGGCCAGTGCA","0","0","0.55832161","-0.5064312","-0.68628507"
"GCACTGGCCGGAGGGTTTG::CAAACCCTCCGGCCAGTGC","0","0","0.45494658","-0.3963544","-0.45588606"
"CACTGGCCGGAGGGTTTGC::GCAAACCCTCCGGCCAGTG","0","0","0.46879818","-0.26924654","-0.23306957"
"ACTGGCCGGAGGGTTTGCC::GGCAAACCCTCCGGCCAGT","0","0","0.57604775","-0.21823298","-0.04422048"
"CTGGCCGGAGGGTTTGCCA::TGGCAAACCCTCCGGCCAG","0","0","0.52866567","-0.28693302","0.045759208"
"TGGCCGGAGGGTTTGCCAA::TTGGCAAACCCTCCGGCCA","0","0","0.54147885","-0.030856796","0.14623132"
"GGCCGGAGGGTTTGCCAAG::CTTGGCAAACCCTCCGGCC","0","0","0.42718459","-0.0065598838","-0.052971791"
"GCCGGAGGGTTTGCCAAGG::CCTTGGCAAACCCTCCGGC","0","0","0.48967049","0.04107708","-0.040771924"
"CCGGAGGGTTTGCCAAGGC::GCCTTGGCAAACCCTCCGG","0","0","0.54392782","-0.0046889412","-0.029435472"
"CGGAGGGTTTGCCAAGGCA::TGCCTTGGCAAACCCTCCG","0","0","0.45399751","-0.29973376","-0.22001198"
"GGAGGGTTTGCCAAGGCAG::CTGCCTTGGCAAACCCTCC","0","0","0.54806071","-0.49604498","-0.53025711"
"GAGGGTTTGCCAAGGCAGA::TCTGCCTTGGCAAACCCTC","0","0","0.47569859","-0.48527095","-0.45870996"
"AGGGTTTGCCAAGGCAGAC::GTCTGCCTTGGCAAACCCT","0","0","0.60924353","-0.41997248","-0.47458683"
"GGGTTTGCCAAGGCAGACA::TGTCTGCCTTGGCAAACCC","0","0","0.52088263","-0.22512644","-0.57264219"
"GGTTTGCCAAGGCAGACAT::ATGTCTGCCTTGGCAAACC","0","0","0.45574855","0.10272787","-0.43648765"
"GTTTGCCAAGGCAGACATT::AATGTCTGCCTTGGCAAAC","0","0","0.46456783","0.02610126","-0.39210093"
"TTTGCCAAGGCAGACATTG::CAATGTCTGCCTTGGCAAA","0","0","0.87010973","0.038254587","-0.46683857"
"TTGCCAAGGCAGACATTGA::TCAATGTCTGCCTTGGCAA","0","0","0.75029939","0.1534455","-0.29579725"
"TGCCAAGGCAGACATTGAG::CTCAATGTCTGCCTTGGCA","0","0","0.76015857","0.10810295","-0.31917026"
"GCCAAGGCAGACATTGAGA::TCTCAATGTCTGCCTTGGC","0","0","0.51550007","0.2464763","-0.25722482"
"CCAAGGCAGACATTGAGAT::ATCTCAATGTCTGCCTTGG","0","0","0.55353997","0.087191394","-0.19288588"
"CAAGGCAGACATTGAGATG::CATCTCAATGTCTGCCTTG","0","1","0.64006535","0.0024265488","0.0066091452"
"AAGGCAGACATTGAGATGG::CCATCTCAATGTCTGCCTT","0","1","0.83585209","0.12592821","0.035662101"
"AGGCAGACATTGAGATGGC::GCCATCTCAATGTCTGCCT","0","0","0.65305553","0.19248202","-0.043048268"
"GGCAGACATTGAGATGGCT::AGCCATCTCAATGTCTGCC","0","0","0.50896509","0.38315736","0.27766023"
"GCAGACATTGAGATGGCTG::CAGCCATCTCAATGTCTGC","0","0","0.70169984","0.59613282","0.59581637"
"CAGACATTGAGATGGCTGG::CCAGCCATCTCAATGTCTG","0","0","0.75708368","0.56369264","0.47313491"
"AGACATTGAGATGGCTGGA::TCCAGCCATCTCAATGTCT","0","0","0.66269992","0.63597365","0.45138156"
"GACATTGAGATGGCTGGAC::GTCCAGCCATCTCAATGTC","0","0","0.72334871","0.43029408","0.43871714"
"ACATTGAGATGGCTGGACC::GGTCCAGCCATCTCAATGT","0","0","0.80240099","0.18619691","0.20845457"
"CATTGAGATGGCTGGACCC::GGGTCCAGCCATCTCAATG","0","0","0.68343921","0.24623128","0.22998019"
"ATTGAGATGGCTGGACCCA::TGGGTCCAGCCATCTCAAT","0","0","0.66408613","0.1936719","-0.017690681"
"TTGAGATGGCTGGACCCAT::ATGGGTCCAGCCATCTCAA","0","0","0.76631452","0.14714584","-0.33245635"
"TGAGATGGCTGGACCCATG::CATGGGTCCAGCCATCTCA","0","0","0.76330129","0.15463392","-0.36893802"
"GAGATGGCTGGACCCATGG::CCATGGGTCCAGCCATCTC","0","0","0.67856842","0.084211173","-0.47413039"
"AGATGGCTGGACCCATGGC::GCCATGGGTCCAGCCATCT","0","0","0.60245778","0.13989627","-0.54228269"
"GATGGCTGGACCCATGGCT::AGCCATGGGTCCAGCCATC","0","0","0.62861024","0.2384864","-0.39266754"
"ATGGCTGGACCCATGGCTG::CAGCCATGGGTCCAGCCAT","0","0","0.7333951","0.27278647","-0.3010759"
"TGGCTGGACCCATGGCTGC::GCAGCCATGGGTCCAGCCA","0","0","0.70280062","0.00095049646","-0.41556785"
"GGCTGGACCCATGGCTGCA::TGCAGCCATGGGTCCAGCC","0","0","0.44655542","-0.085364232","-0.77261401"
"GCTGGACCCATGGCTGCAG::CTGCAGCCATGGGTCCAGC","0","0","0.53064126","-0.30591261","-0.88885485"
"CTGGACCCATGGCTGCAGT::ACTGCAGCCATGGGTCCAG","0","0","0.59135385","-0.37705066","-0.95085701"
"TGGACCCATGGCTGCAGTA::TACTGCAGCCATGGGTCCA","0","0","0.62011898","-0.44022522","-1.0085886"
"GGACCCATGGCTGCAGTAG::CTACTGCAGCCATGGGTCC","0","0","0.56579653","-0.5812556","-1.0945957"
"GACCCATGGCTGCAGTAGG::CCTACTGCAGCCATGGGTC","0","0","0.61882414","-0.53060429","-1.0963854"
"ACCCATGGCTGCAGTAGGC::GCCTACTGCAGCCATGGGT","0","0","0.6224364","-0.64473768","-1.1354688"
"CCCATGGCTGCAGTAGGCT::AGCCTACTGCAGCCATGGG","0","0","0.56580157","-0.74103803","-0.98457311"
"CCATGGCTGCAGTAGGCTT::AAGCCTACTGCAGCCATGG","0","1","0.5215854","-0.87486043","-0.99679959"
"CATGGCTGCAGTAGGCTTG::CAAGCCTACTGCAGCCATG","0","1","0.70077223","-0.88693267","-0.83924115"
"ATGGCTGCAGTAGGCTTGC::GCAAGCCTACTGCAGCCAT","0","0","0.77741742","-0.8693255","-0.78064497"
"TGGCTGCAGTAGGCTTGCT::AGCAAGCCTACTGCAGCCA","0","0","0.67507013","-0.99380444","-0.79397804"
"GGCTGCAGTAGGCTTGCTA::TAGCAAGCCTACTGCAGCC","0","0","0.53444775","-1.1263127","-1.1221298"
"GCTGCAGTAGGCTTGCTAA::TTAGCAAGCCTACTGCAGC","0","0","0.49976359","-1.2311447","-1.1741045"
"CTGCAGTAGGCTTGCTAAT::ATTAGCAAGCCTACTGCAG","0","0","0.59758324","-1.1716951","-1.0450496"
"TGCAGTAGGCTTGCTAATT::AATTAGCAAGCCTACTGCA","0","0","0.75084568","-1.1652857","-0.89819747"
"GCAGTAGGCTTGCTAATTG::CAATTAGCAAGCCTACTGC","0","0","0.62249762","-0.97788791","-0.8820105"
"CAGTAGGCTTGCTAATTGT::ACAATTAGCAAGCCTACTG","0","0","0.6242624","-1.0057441","-0.77278781"
"AGTAGGCTTGCTAATTGTC::GACAATTAGCAAGCCTACT","0","0","0.79291241","-0.90531445","-0.6614088"
"GTAGGCTTGCTAATTGTCA::TGACAATTAGCAAGCCTAC","0","0","0.71715613","-0.76769906","-0.64356066"
"TAGGCTTGCTAATTGTCAG::CTGACAATTAGCAAGCCTA","0","0","0.92180937","-0.68642641","-0.45997163"
"AGGCTTGCTAATTGTCAGC::GCTGACAATTAGCAAGCCT","0","0","0.80251556","-0.51977066","-0.23547011"
"GGCTTGCTAATTGTCAGCT::AGCTGACAATTAGCAAGCC","0","0","0.62548402","-0.42260639","-0.23012099"
"GCTTGCTAATTGTCAGCTA::TAGCTGACAATTAGCAAGC","0","0","0.5296955","-0.31502996","-0.096680661"
"CTTGCTAATTGTCAGCTAT::ATAGCTGACAATTAGCAAG","0","0","0.72181128","-0.22335408","-0.21261159"
"TTGCTAATTGTCAGCTATG::CATAGCTGACAATTAGCAA","0","0","0.89069617","-0.30227283","-0.29610387"
"TGCTAATTGTCAGCTATGT::ACATAGCTGACAATTAGCA","0","0","0.79928658","-0.26708873","-0.19517991"
"GCTAATTGTCAGCTATGTG::CACATAGCTGACAATTAGC","0","0","0.70235695","-0.21630197","-0.13839573"
"CTAATTGTCAGCTATGTGG::CCACATAGCTGACAATTAG","0","0","0.90000819","-0.31022597","-0.20371073"
"TAATTGTCAGCTATGTGGT::ACCACATAGCTGACAATTA","0","0","0.85922482","-0.2948286","-0.29539499"
"AATTGTCAGCTATGTGGTC::GACCACATAGCTGACAATT","0","0","0.82623356","-0.25799425","-0.38430751"
"ATTGTCAGCTATGTGGTCT::AGACCACATAGCTGACAAT","1","0","0.95858827","-0.28364265","-0.47637075"
"TTGTCAGCTATGTGGTCTC::GAGACCACATAGCTGACAA","0","0","0.93224615","-0.12994205","-0.3714354"
"TGTCAGCTATGTGGTCTCG::CGAGACCACATAGCTGACA","0","0","0.84506459","-0.20757609","-0.36525676"
"GTCAGCTATGTGGTCTCGG::CCGAGACCACATAGCTGAC","0","0","0.80627333","-0.27510126","-0.17891507"
"TCAGCTATGTGGTCTCGGG::CCCGAGACCACATAGCTGA","0","0","0.89403844","-0.39974504","-0.30108725"
"CAGCTATGTGGTCTCGGGA::TCCCGAGACCACATAGCTG","0","0","0.68424409","-0.54329465","-0.58584426"
"AGCTATGTGGTCTCGGGAA::TTCCCGAGACCACATAGCT","0","0","0.64309464","-0.6951899","-0.50192161"
"GCTATGTGGTCTCGGGAAA::TTTCCCGAGACCACATAGC","0","0","0.44722602","-0.79492454","-0.37627178"
"CTATGTGGTCTCGGGAAAG::CTTTCCCGAGACCACATAG","0","0","0.70787284","-0.71103748","-0.36456612"
"TATGTGGTCTCGGGAAAGA::TCTTTCCCGAGACCACATA","0","0","0.7436961","-0.58475245","-0.024858915"
"ATGTGGTCTCGGGAAAGAG::CTCTTTCCCGAGACCACAT","0","0","0.78591088","-0.57798781","0.11191675"
"TGTGGTCTCGGGAAAGAGT::ACTCTTTCCCGAGACCACA","0","0","0.81183889","-0.60425433","0.21542276"
"GTGGTCTCGGGAAAGAGTG::CACTCTTTCCCGAGACCAC","0","0","0.76199019","-0.54266211","0.25494039"
"TGGTCTCGGGAAAGAGTGT::ACACTCTTTCCCGAGACCA","0","0","0.73989895","-0.57787833","0.24447635"
"GGTCTCGGGAAAGAGTGTG::CACACTCTTTCCCGAGACC","0","0","0.66439872","-0.69621842","0.22669491"
"GTCTCGGGAAAGAGTGTGG::CCACACTCTTTCCCGAGAC","0","0","0.67569277","-0.88938477","0.22522982"
"TCTCGGGAAAGAGTGTGGA::TCCACACTCTTTCCCGAGA","0","0","0.74040308","-0.9485982","0.083999248"
"CTCGGGAAAGAGTGTGGAC::GTCCACACTCTTTCCCGAG","0","0","0.6224805","-0.92939978","0.10443818"
"TCGGGAAAGAGTGTGGACA::TGTCCACACTCTTTCCCGA","0","0","0.79233437","-0.74463717","0.081382167"
"CGGGAAAGAGTGTGGACAT::ATGTCCACACTCTTTCCCG","0","0","0.50999975","-0.53167131","0.23341032"
"GGGAAAGAGTGTGGACATG::CATGTCCACACTCTTTCCC","0","0","0.50908557","-0.42835559","0.30142924"
"GGAAAGAGTGTGGACATGT::ACATGTCCACACTCTTTCC","0","0","0.65386409","-0.34043861","0.32933317"
"GAAAGAGTGTGGACATGTA::TACATGTCCACACTCTTTC","0","0","0.60526015","-0.26593069","0.29455236"
"AAAGAGTGTGGACATGTAC::GTACATGTCCACACTCTTT","0","0","0.8518625","-0.39699605","0.27733811"
"AAGAGTGTGGACATGTACA::TGTACATGTCCACACTCTT","0","0","0.8576311","-0.42578497","0.0069689472"
"AGAGTGTGGACATGTACAT::ATGTACATGTCCACACTCT","0","0","0.73134183","-0.3469424","-0.21537012"
"GAGTGTGGACATGTACATT::AATGTACATGTCCACACTC","0","0","0.62315154","-0.30701531","-0.26212515"
"AGTGTGGACATGTACATTG::CAATGTACATGTCCACACT","0","0","0.89498118","-0.14627456","-0.24000021"
"GTGTGGACATGTACATTGA::TCAATGTACATGTCCACAC","0","0","0.62009378","0.0082385359","0.026726822"
"TGTGGACATGTACATTGAA::TTCAATGTACATGTCCACA","0","0","0.6974696","0.19456562","0.17045054"
"GTGGACATGTACATTGAAA::TTTCAATGTACATGTCCAC","0","0","0.60083168","0.3810499","0.13848005"
"TGGACATGTACATTGAAAG::CTTTCAATGTACATGTCCA","0","0","0.88757248","0.4970511","0.22182082"
"GGACATGTACATTGAAAGA::TCTTTCAATGTACATGTCC","0","0","0.49529517","0.51643608","0.46084046"
"GACATGTACATTGAAAGAG::CTCTTTCAATGTACATGTC","0","0","0.73484905","0.40435452","0.55749313"
"ACATGTACATTGAAAGAGC::GCTCTTTCAATGTACATGT","0","0","0.8259808","0.16713646","0.4242979"
"CATGTACATTGAAAGAGCA::TGCTCTTTCAATGTACATG","0","0","0.608336","0.12716633","0.40449953"
"ATGTACATTGAAAGAGCAG::CTGCTCTTTCAATGTACAT","0","0","0.81384371","0.22313431","0.62712816"
"TGTACATTGAAAGAGCAGG::CCTGCTCTTTCAATGTACA","0","0","0.90493328","0.15992846","0.77559492"
"GTACATTGAAAGAGCAGGT::ACCTGCTCTTTCAATGTAC","0","0","0.71761324","0.18695209","0.80827361"
"TACATTGAAAGAGCAGGTG::CACCTGCTCTTTCAATGTA","0","0","0.90514939","0.12127539","0.75350744"
"ACATTGAAAGAGCAGGTGA::TCACCTGCTCTTTCAATGT","0","0","0.64983814","0.028897796","0.81049769"
"CATTGAAAGAGCAGGTGAC::GTCACCTGCTCTTTCAATG","0","0","0.67797422","0.12125637","0.81566426"
"ATTGAAAGAGCAGGTGACA::TGTCACCTGCTCTTTCAAT","0","0","0.74038287","-0.058401831","0.78556557"
"TTGAAAGAGCAGGTGACAT::ATGTCACCTGCTCTTTCAA","0","0","0.84429593","0.03972283","0.70857487"
"TGAAAGAGCAGGTGACATC::GATGTCACCTGCTCTTTCA","0","0","0.89181346","-0.10049761","0.58896804"
"GAAAGAGCAGGTGACATCA::TGATGTCACCTGCTCTTTC","0","0","0.67670048","-0.14195846","0.64408723"
"AAAGAGCAGGTGACATCAC::GTGATGTCACCTGCTCTTT","0","0","0.78817052","-0.27097044","0.70359555"
"AAGAGCAGGTGACATCACA::TGTGATGTCACCTGCTCTT","0","0","0.76255475","-0.37362519","0.41669066"
"AGAGCAGGTGACATCACAT::ATGTGATGTCACCTGCTCT","0","0","0.76730736","-0.45620499","0.20020292"
"GAGCAGGTGACATCACATG::CATGTGATGTCACCTGCTC","0","0","0.78033065","-0.34781872","0.16701596"
"AGCAGGTGACATCACATGG::CCATGTGATGTCACCTGCT","0","0","0.81616268","-0.40045348","0.12003618"
"GCAGGTGACATCACATGGG::CCCATGTGATGTCACCTGC","0","0","0.73614936","-0.5835906","-0.13577651"
"CAGGTGACATCACATGGGA::TCCCATGTGATGTCACCTG","0","0","0.63801449","-0.60972728","-0.44297491"
"AGGTGACATCACATGGGAA::TTCCCATGTGATGTCACCT","0","0","0.56634716","-0.6948279","-0.43956007"
"GGTGACATCACATGGGAAA::TTTCCCATGTGATGTCACC","0","0","0.4921276","-0.71891267","-0.19888272"
"GTGACATCACATGGGAAAA::TTTTCCCATGTGATGTCAC","0","0","0.47419034","-0.65609262","-0.048499574"
"TGACATCACATGGGAAAAG::CTTTTCCCATGTGATGTCA","0","0","0.71348835","-0.76555144","0.13179566"
"GACATCACATGGGAAAAGG::CCTTTTCCCATGTGATGTC","0","0","0.62527676","-0.59282857","0.0049412566"
"ACATCACATGGGAAAAGGA::TCCTTTTCCCATGTGATGT","0","0","0.53299299","-0.58766512","0.052196768"
"CATCACATGGGAAAAGGAC::GTCCTTTTCCCATGTGATG","0","0","0.61860574","-0.4600443","0.25988524"
"ATCACATGGGAAAAGGACG::CGTCCTTTTCCCATGTGAT","0","0","0.79473118","-0.43652892","0.24100643"
"TCACATGGGAAAAGGACGC::GCGTCCTTTTCCCATGTGA","0","0","0.84651338","-0.26147782","0.31460476"
"CACATGGGAAAAGGACGCG::CGCGTCCTTTTCCCATGTG","0","0","0.68386714","-0.16050691","0.47399207"
"ACATGGGAAAAGGACGCGG::CCGCGTCCTTTTCCCATGT","0","0","0.73448104","-0.13771331","0.49313654"
"CATGGGAAAAGGACGCGGA::TCCGCGTCCTTTTCCCATG","0","0","0.56146498","-0.18867955","0.55567193"
"ATGGGAAAAGGACGCGGAA::TTCCGCGTCCTTTTCCCAT","0","0","0.55879799","-0.16565737","0.59242423"
"TGGGAAAAGGACGCGGAAG::CTTCCGCGTCCTTTTCCCA","0","0","0.66722137","-0.099301957","0.30112376"
"GGGAAAAGGACGCGGAAGT::ACTTCCGCGTCCTTTTCCC","0","0","0.47866199","0.13210394","0.47853551"
"GGAAAAGGACGCGGAAGTC::GACTTCCGCGTCCTTTTCC","0","0","0.56110992","0.3016733","0.36811243"
"GAAAAGGACGCGGAAGTCA::TGACTTCCGCGTCCTTTTC","0","0","0.54127354","0.33927803","0.2202376"
"AAAAGGACGCGGAAGTCAC::GTGACTTCCGCGTCCTTTT","0","0","0.75039273","0.24980951","0.10935231"
"AAAGGACGCGGAAGTCACT::AGTGACTTCCGCGTCCTTT","0","0","0.66810453","0.30093638","0.00078517256"
"AAGGACGCGGAAGTCACTG::CAGTGACTTCCGCGTCCTT","0","0","0.81625248","0.11402351","-0.049169461"
"AGGACGCGGAAGTCACTGG::CCAGTGACTTCCGCGTCCT","0","0","0.66367403","-0.11004523","-0.35764426"
"GGACGCGGAAGTCACTGGA::TCCAGTGACTTCCGCGTCC","0","0","0.52355703","-0.22482833","-0.61487955"
"GACGCGGAAGTCACTGGAA::TTCCAGTGACTTCCGCGTC","0","0","0.47455652","-0.40559795","-0.47456267"
"ACGCGGAAGTCACTGGAAA::TTTCCAGTGACTTCCGCGT","0","0","0.45763965","-0.64277499","-0.48399392"
"CGCGGAAGTCACTGGAAAC::GTTTCCAGTGACTTCCGCG","0","0","0.5373019","-0.7262764","-0.7120881"
"GCGGAAGTCACTGGAAACA::TGTTTCCAGTGACTTCCGC","0","0","0.51335018","-0.7083298","-0.40231051"
"CGGAAGTCACTGGAAACAG::CTGTTTCCAGTGACTTCCG","0","0","0.62727348","-0.79242449","-0.10048136"
"GGAAGTCACTGGAAACAGT::ACTGTTTCCAGTGACTTCC","0","0","0.56182909","-0.91255491","-0.11960389"
"GAAGTCACTGGAAACAGTC::GACTGTTTCCAGTGACTTC","0","0","0.85556549","-0.85669402","0.18646622"
"AAGTCACTGGAAACAGTCC::GGACTGTTTCCAGTGACTT","0","0","0.85308927","-0.97456704","0.1142822"
"AGTCACTGGAAACAGTCCT::AGGACTGTTTCCAGTGACT","0","0","0.83434897","-0.85342144","0.3436606"
"GTCACTGGAAACAGTCCTC::GAGGACTGTTTCCAGTGAC","0","0","0.76331865","-0.85342144","0.26614676"
"TCACTGGAAACAGTCCTCG::CGAGGACTGTTTCCAGTGA","0","0","0.96537601","-0.89901693","0.14297972"
"CACTGGAAACAGTCCTCGG::CCGAGGACTGTTTCCAGTG","0","0","0.75701842","-0.97536415","0.20250647"
"ACTGGAAACAGTCCTCGGC::GCCGAGGACTGTTTCCAGT","0","0","0.79857126","-0.94123269","0.35656177"
"CTGGAAACAGTCCTCGGCT::AGCCGAGGACTGTTTCCAG","0","0","0.77549688","-0.93432027","0.45192038"
"TGGAAACAGTCCTCGGCTT::AAGCCGAGGACTGTTTCCA","0","0","0.72161038","-1.0614458","0.40771804"
"GGAAACAGTCCTCGGCTTG::CAAGCCGAGGACTGTTTCC","0","0","0.67363185","-1.0327954","0.39982448"
"GAAACAGTCCTCGGCTTGA::TCAAGCCGAGGACTGTTTC","0","0","0.66582592","-1.0211837","0.26428586"
"AAACAGTCCTCGGCTTGAC::GTCAAGCCGAGGACTGTTT","0","0","0.87546073","-1.0583639","0.40219167"
"AACAGTCCTCGGCTTGACG::CGTCAAGCCGAGGACTGTT","0","0","0.87717512","-0.98004452","0.054781277"
"ACAGTCCTCGGCTTGACGT::ACGTCAAGCCGAGGACTGT","0","0","0.78080548","-0.79697417","-0.31257427"
"CAGTCCTCGGCTTGACGTG::CACGTCAAGCCGAGGACTG","0","0","0.66879967","-0.68656454","-0.23597229"
"AGTCCTCGGCTTGACGTGG::CCACGTCAAGCCGAGGACT","0","0","0.72702215","-0.74308408","-0.34190503"
"GTCCTCGGCTTGACGTGGC::GCCACGTCAAGCCGAGGAC","0","0","0.62238216","-0.84219526","-0.20853359"
"TCCTCGGCTTGACGTGGCA::TGCCACGTCAAGCCGAGGA","0","0","0.64198415","-1.0586792","-0.45046143"
"CCTCGGCTTGACGTGGCAC::GTGCCACGTCAAGCCGAGG","0","0","0.59920318","-1.003462","-0.41598917"
"CTCGGCTTGACGTGGCACT::AGTGCCACGTCAAGCCGAG","0","0","0.71076795","-1.1154166","-0.56786121"
"TCGGCTTGACGTGGCACTG::CAGTGCCACGTCAAGCCGA","0","0","0.82069178","-1.1282723","-0.8582065"
"CGGCTTGACGTGGCACTGG::CCAGTGCCACGTCAAGCCG","0","0","0.62901719","-1.1307142","-0.96802625"
"GGCTTGACGTGGCACTGGA::TCCAGTGCCACGTCAAGCC","0","1","0.47331513","-1.0663941","-1.0148154"
"GCTTGACGTGGCACTGGAT::ATCCAGTGCCACGTCAAGC","0","0","0.51193527","-0.87030451","-0.82641358"
"CTTGACGTGGCACTGGATG::CATCCAGTGCCACGTCAAG","0","0","0.75200997","-0.70769409","-0.96191166"
"TTGACGTGGCACTGGATGA::TCATCCAGTGCCACGTCAA","0","0","0.7602299","-0.5598013","-0.85537477"
"TGACGTGGCACTGGATGAG::CTCATCCAGTGCCACGTCA","0","0","0.72670764","-0.40259873","-0.80790336"
"GACGTGGCACTGGATGAGA::TCTCATCCAGTGCCACGTC","0","0","0.49756249","-0.44249319","-0.75226836"
"ACGTGGCACTGGATGAGAG::CTCTCATCCAGTGCCACGT","0","0","0.5907166","-0.50056621","-0.86737382"
"CGTGGCACTGGATGAGAGT::ACTCTCATCCAGTGCCACG","0","0","0.54699437","-0.52355835","-0.83558377"
"GTGGCACTGGATGAGAGTG::CACTCTCATCCAGTGCCAC","0","0","0.61101602","-0.53590718","-0.78167316"
"TGGCACTGGATGAGAGTGG::CCACTCTCATCCAGTGCCA","0","0","0.77508305","-0.52739215","-0.99736477"
"GGCACTGGATGAGAGTGGT::ACCACTCTCATCCAGTGCC","0","0","0.5021039","-0.52831376","-0.94125222"
"GCACTGGATGAGAGTGGTG::CACCACTCTCATCCAGTGC","0","0","0.53729891","-0.58672371","-0.97557302"
"CACTGGATGAGAGTGGTGA::TCACCACTCTCATCCAGTG","0","0","0.63411456","-0.40880497","-0.7442033"
"ACTGGATGAGAGTGGTGAC::GTCACCACTCTCATCCAGT","0","0","0.70344005","-0.26294115","-0.58461165"
"CTGGATGAGAGTGGTGACT::AGTCACCACTCTCATCCAG","0","0","0.71302686","-0.21856794","-0.52095811"
"TGGATGAGAGTGGTGACTT::AAGTCACCACTCTCATCCA","0","0","0.7709372","-0.33420747","-0.38302414"
"GGATGAGAGTGGTGACTTC::GAAGTCACCACTCTCATCC","0","0","0.53187971","-0.30508715","-0.33482167"
"GATGAGAGTGGTGACTTCT::AGAAGTCACCACTCTCATC","5","3","0.73102287","-0.2020522","-0.30453823"
"ATGAGAGTGGTGACTTCTC::GAGAAGTCACCACTCTCAT","5","27","0.92619079","-0.14426407","-0.41700608"
"TGAGAGTGGTGACTTCTCC::GGAGAAGTCACCACTCTCA","0","0","0.94231355","-0.1501384","-0.44691058"
"GAGAGTGGTGACTTCTCCT::AGGAGAAGTCACCACTCTC","0","0","0.78048887","-0.19891561","-0.52389381"
"AGAGTGGTGACTTCTCCTT::AAGGAGAAGTCACCACTCT","0","0","0.78062903","-0.06200804","-0.199337"
"GAGTGGTGACTTCTCCTTG::CAAGGAGAAGTCACCACTC","0","0","0.74370484","0.0046875224","-0.26835658"
"AGTGGTGACTTCTCCTTGG::CCAAGGAGAAGTCACCACT","0","0","0.8670156","0.0054615398","-0.16438189"
"GTGGTGACTTCTCCTTGGT::ACCAAGGAGAAGTCACCAC","0","0","0.69603092","0.17612238","-0.046556314"
"TGGTGACTTCTCCTTGGTA::TACCAAGGAGAAGTCACCA","0","0","0.68177892","0.19247138","-0.021661391"
"GGTGACTTCTCCTTGGTAG::CTACCAAGGAGAAGTCACC","0","0","0.72547922","0.16355862","0.074878261"
"GTGACTTCTCCTTGGTAGA::TCTACCAAGGAGAAGTCAC","0","0","0.67721939","0.0011789365","0.042952001"
"TGACTTCTCCTTGGTAGAG::CTCTACCAAGGAGAAGTCA","0","0","0.82553136","-0.15589375","0.038748559"
"GACTTCTCCTTGGTAGAGG::CCTCTACCAAGGAGAAGTC","0","0","0.70374782","-0.29782883","0.067519999"
"ACTTCTCCTTGGTAGAGGA::TCCTCTACCAAGGAGAAGT","0","0","0.64883263","-0.2826789","-0.058483936"
"CTTCTCCTTGGTAGAGGAA::TTCCTCTACCAAGGAGAAG","0","0","0.52316982","-0.48390827","-0.32819222"
"TTCTCCTTGGTAGAGGAAG::CTTCCTCTACCAAGGAGAA","0","0","0.88045588","-0.70024462","-0.58767786"
"TCTCCTTGGTAGAGGAAGA::TCTTCCTCTACCAAGGAGA","0","0","0.72699746","-0.72607336","-0.49722686"
"CTCCTTGGTAGAGGAAGAT::ATCTTCCTCTACCAAGGAG","0","0","0.59506981","-0.83595665","-0.31867332"
"TCCTTGGTAGAGGAAGATG::CATCTTCCTCTACCAAGGA","0","1","0.73186607","-0.79635592","-0.11497293"
"CCTTGGTAGAGGAAGATGG::CCATCTTCCTCTACCAAGG","0","0","0.65765162","-0.89621269","-0.25524094"
"CTTGGTAGAGGAAGATGGT::ACCATCTTCCTCTACCAAG","0","0","0.64754232","-0.92432855","-0.29453657"
"TTGGTAGAGGAAGATGGTC::GACCATCTTCCTCTACCAA","0","0","0.88282028","-0.78036485","-0.42350898"
"TGGTAGAGGAAGATGGTCC::GGACCATCTTCCTCTACCA","0","0","0.84988271","-0.93342606","-0.55146178"
"GGTAGAGGAAGATGGTCCA::TGGACCATCTTCCTCTACC","0","0","0.5311331","-0.90007921","-0.51763645"
"GTAGAGGAAGATGGTCCAC::GTGGACCATCTTCCTCTAC","0","0","0.62488762","-0.86488792","-0.56078169"
"TAGAGGAAGATGGTCCACC::GGTGGACCATCTTCCTCTA","0","0","0.97566793","-0.64399728","-0.71036822"
"AGAGGAAGATGGTCCACCC::GGGTGGACCATCTTCCTCT","0","0","0.71490902","-0.59334512","-0.74502206"
"GAGGAAGATGGTCCACCCA::TGGGTGGACCATCTTCCTC","0","0","0.53635907","-0.38936807","-0.92902153"
"AGGAAGATGGTCCACCCAT::ATGGGTGGACCATCTTCCT","0","0","0.62702546","-0.29265346","-0.97539101"
"GGAAGATGGTCCACCCATG::CATGGGTGGACCATCTTCC","0","0","0.54713888","-0.29560052","-0.86635438"
"GAAGATGGTCCACCCATGA::TCATGGGTGGACCATCTTC","0","0","0.56590755","-0.22823061","-0.67455703"
"AAGATGGTCCACCCATGAG::CTCATGGGTGGACCATCTT","0","0","0.75746915","-0.2614284","-0.7094727"
"AGATGGTCCACCCATGAGA::TCTCATGGGTGGACCATCT","0","0","0.65073588","-0.17752097","-0.89676315"
"GATGGTCCACCCATGAGAG::CTCTCATGGGTGGACCATC","0","0","0.58776785","-0.15478598","-1.1864831"
"ATGGTCCACCCATGAGAGA::TCTCTCATGGGTGGACCAT","0","0","0.58350855","-0.092069348","-1.1650169"
"TGGTCCACCCATGAGAGAG::CTCTCTCATGGGTGGACCA","0","0","0.77171752","0.015803931","-1.1665324"
"GGTCCACCCATGAGAGAGA::TCTCTCTCATGGGTGGACC","0","0","0.45271005","0.14544291","-1.0161982"
"GTCCACCCATGAGAGAGAT::ATCTCTCTCATGGGTGGAC","0","0","0.46137661","0.31944519","-0.86543146"
"TCCACCCATGAGAGAGATC::GATCTCTCTCATGGGTGGA","0","0","0.6855232","0.33518819","-0.80728162"
"CCACCCATGAGAGAGATCA::TGATCTCTCTCATGGGTGG","0","0","0.53342576","0.43103104","-0.70373608"
"CACCCATGAGAGAGATCAT::ATGATCTCTCTCATGGGTG","0","0","0.47300456","0.37635132","-0.54694957"
"ACCCATGAGAGAGATCATA::TATGATCTCTCTCATGGGT","0","0","0.55808523","0.30049682","-0.52600803"
"CCCATGAGAGAGATCATAC::GTATGATCTCTCTCATGGG","0","0","0.61471474","0.23030251","-0.39087653"
"CCATGAGAGAGATCATACT::AGTATGATCTCTCTCATGG","0","0","0.58950794","0.14795666","-0.36265732"
"CATGAGAGAGATCATACTC::GAGTATGATCTCTCTCATG","0","0","0.74015324","0.18672078","-0.27567671"
"ATGAGAGAGATCATACTCA::TGAGTATGATCTCTCTCAT","0","0","0.76318957","0.14728821","-0.27903232"
"TGAGAGAGATCATACTCAA::TTGAGTATGATCTCTCTCA","0","0","0.66492054","0.075125736","-0.41318958"
"GAGAGAGATCATACTCAAG::CTTGAGTATGATCTCTCTC","0","0","0.60171962","0.050653443","-0.50073901"
"AGAGAGATCATACTCAAGG::CCTTGAGTATGATCTCTCT","0","0","0.81756516","-0.077010491","-0.39697767"
"GAGAGATCATACTCAAGGT::ACCTTGAGTATGATCTCTC","0","0","0.62209947","-0.22551352","-0.55672428"
"AGAGATCATACTCAAGGTG::CACCTTGAGTATGATCTCT","0","0","0.68965776","-0.34471024","-0.49176679"
"GAGATCATACTCAAGGTGG::CCACCTTGAGTATGATCTC","0","0","0.71250775","-0.63849568","-0.48909228"
"AGATCATACTCAAGGTGGT::ACCACCTTGAGTATGATCT","0","0","0.60271472","-0.78976591","-0.65055802"
"GATCATACTCAAGGTGGTC::GACCACCTTGAGTATGATC","0","0","0.66917215","-0.72953032","-0.74111649"
"ATCATACTCAAGGTGGTCC::GGACCACCTTGAGTATGAT","0","0","0.86994856","-0.84399117","-0.89527024"
"TCATACTCAAGGTGGTCCT::AGGACCACCTTGAGTATGA","0","0","0.83052964","-0.67172538","-0.78619975"
"CATACTCAAGGTGGTCCTG::CAGGACCACCTTGAGTATG","0","0","0.62348322","-0.60076362","-0.82379206"
"ATACTCAAGGTGGTCCTGA::TCAGGACCACCTTGAGTAT","0","0","0.78358014","-0.56023126","-0.75548023"
"TACTCAAGGTGGTCCTGAT::ATCAGGACCACCTTGAGTA","0","0","0.74235261","-0.50917208","-0.7003811"
"ACTCAAGGTGGTCCTGATG::CATCAGGACCACCTTGAGT","0","0","0.72750896","-0.48468626","-0.73017732"
"CTCAAGGTGGTCCTGATGG::CCATCAGGACCACCTTGAG","0","0","0.74912064","-0.37994458","-0.63156833"
"TCAAGGTGGTCCTGATGGC::GCCATCAGGACCACCTTGA","0","0","0.75018383","-0.25830142","-0.56278747"
"CAAGGTGGTCCTGATGGCC::GGCCATCAGGACCACCTTG","0","0","0.68505535","-0.16958604","-0.34224811"
"AAGGTGGTCCTGATGGCCA::TGGCCATCAGGACCACCTT","0","0","0.69569627","-0.0086664829","-0.26890496"
"AGGTGGTCCTGATGGCCAT::ATGGCCATCAGGACCACCT","0","0","0.52119532","-0.099550225","-0.11650828"
"GGTGGTCCTGATGGCCATC::GATGGCCATCAGGACCACC","0","0","0.49492362","0.0055029603","0.065592466"
"GTGGTCCTGATGGCCATCT::AGATGGCCATCAGGACCAC","0","0","0.65655479","0.28526071","0.018182582"
"TGGTCCTGATGGCCATCTG::CAGATGGCCATCAGGACCA","0","0","0.71984211","0.35554476","0.081874477"
"GGTCCTGATGGCCATCTGT::ACAGATGGCCATCAGGACC","0","0","0.55699623","0.36996737","0.044625429"
"GTCCTGATGGCCATCTGTG::CACAGATGGCCATCAGGAC","0","0","0.63772117","0.2719319","0.0055297792"
"TCCTGATGGCCATCTGTGG::CCACAGATGGCCATCAGGA","0","0","0.74797478","-0.022010698","-0.16865466"
"CCTGATGGCCATCTGTGGC::GCCACAGATGGCCATCAGG","0","0","0.63061396","-0.072144307","0.078612823"
"CTGATGGCCATCTGTGGCA::TGCCACAGATGGCCATCAG","0","0","0.63681055","-0.14152006","-0.037077839"
"TGATGGCCATCTGTGGCAT::ATGCCACAGATGGCCATCA","0","0","0.62882738","-0.1981903","-0.062713938"
"GATGGCCATCTGTGGCATG::CATGCCACAGATGGCCATC","0","0","0.53013343","-0.14056007","-0.12765576"
"ATGGCCATCTGTGGCATGA::TCATGCCACAGATGGCCAT","0","0","0.66605775","-0.19551023","-0.22305645"
"TGGCCATCTGTGGCATGAA::TTCATGCCACAGATGGCCA","0","0","0.62652839","-0.26564677","-0.11771875"
"GGCCATCTGTGGCATGAAC::GTTCATGCCACAGATGGCC","0","0","0.52802657","-0.12681278","-0.16951688"
"GCCATCTGTGGCATGAACC::GGTTCATGCCACAGATGGC","0","0","0.72698832","-0.18403555","-0.32729744"
"CCATCTGTGGCATGAACCC::GGGTTCATGCCACAGATGG","0","0","0.67989583","-0.15853305","-0.58417928"
"CATCTGTGGCATGAACCCA::TGGGTTCATGCCACAGATG","0","0","0.62545927","-0.12890867","-0.87958546"
"ATCTGTGGCATGAACCCAA::TTGGGTTCATGCCACAGAT","0","0","0.72400815","-0.27427686","-1.0339949"
"TCTGTGGCATGAACCCAAT::ATTGGGTTCATGCCACAGA","0","0","0.69603656","-0.22489813","-1.0139644"
"CTGTGGCATGAACCCAATA::TATTGGGTTCATGCCACAG","0","0","0.58251992","-0.3021448","-1.1383662"
"TGTGGCATGAACCCAATAG::CTATTGGGTTCATGCCACA","0","0","0.81892996","-0.086737685","-1.025457"
"GTGGCATGAACCCAATAGC::GCTATTGGGTTCATGCCAC","0","0","0.71628409","0.028816122","-0.98268398"
"TGGCATGAACCCAATAGCT::AGCTATTGGGTTCATGCCA","0","0","0.82091309","0.14556269","-1.1475792"
"GGCATGAACCCAATAGCTA::TAGCTATTGGGTTCATGCC","0","0","0.56371445","0.19046597","-1.0232369"
"GCATGAACCCAATAGCTAT::ATAGCTATTGGGTTCATGC","0","0","0.60245832","0.26006999","-0.97869733"
"CATGAACCCAATAGCTATA::TATAGCTATTGGGTTCATG","0","0","0.59789601","0.21319752","-0.96945503"
"ATGAACCCAATAGCTATAC::GTATAGCTATTGGGTTCAT","0","0","0.87516393","0.22074362","-0.98485132"
"TGAACCCAATAGCTATACC::GGTATAGCTATTGGGTTCA","0","0","0.84918494","0.1397849","-1.0646032"
"GAACCCAATAGCTATACCT::AGGTATAGCTATTGGGTTC","0","0","0.81493324","-0.062541753","-1.1978995"
"AACCCAATAGCTATACCTT::AAGGTATAGCTATTGGGTT","0","0","0.71804514","-0.18282449","-1.0616079"
"ACCCAATAGCTATACCTTT::AAAGGTATAGCTATTGGGT","0","0","0.63140952","-0.29967039","-0.79605225"
"CCCAATAGCTATACCTTTT::AAAAGGTATAGCTATTGGG","0","0","0.53172968","-0.19257856","-0.6235997"
"CCAATAGCTATACCTTTTG::CAAAAGGTATAGCTATTGG","0","0","0.67364304","-0.25477223","-0.50664001"
"CAATAGCTATACCTTTTGC::GCAAAAGGTATAGCTATTG","0","0","0.69637607","-0.37769939","-0.51754325"
"AATAGCTATACCTTTTGCT::AGCAAAAGGTATAGCTATT","0","0","0.86331216","-0.4011318","-0.38430758"
"ATAGCTATACCTTTTGCTG::CAGCAAAAGGTATAGCTAT","0","0","0.89630178","-0.64898136","-0.61728471"
"TAGCTATACCTTTTGCTGC::GCAGCAAAAGGTATAGCTA","0","0","0.93626594","-0.77644437","-0.71525249"
"AGCTATACCTTTTGCTGCA::TGCAGCAAAAGGTATAGCT","0","0","0.65673739","-0.75640395","-0.80147012"
"GCTATACCTTTTGCTGCAG::CTGCAGCAAAAGGTATAGC","0","0","0.53410803","-0.84241187","-0.77811602"
"CTATACCTTTTGCTGCAGG::CCTGCAGCAAAAGGTATAG","0","0","0.72438106","-0.93060139","-0.52613394"
"TATACCTTTTGCTGCAGGA::TCCTGCAGCAAAAGGTATA","0","0","0.77244897","-0.99961067","-0.53612914"
"ATACCTTTTGCTGCAGGAG::CTCCTGCAGCAAAAGGTAT","0","0","0.79574147","-1.1039162","-0.48073891"
"TACCTTTTGCTGCAGGAGC::GCTCCTGCAGCAAAAGGTA","0","0","0.87979391","-1.1701068","-0.4454309"
"ACCTTTTGCTGCAGGAGCG::CGCTCCTGCAGCAAAAGGT","0","0","0.70489882","-1.2201789","-0.33830276"
"CCTTTTGCTGCAGGAGCGT::ACGCTCCTGCAGCAAAAGG","0","0","0.51830125","-1.0698682","-0.25995902"
"CTTTTGCTGCAGGAGCGTG::CACGCTCCTGCAGCAAAAG","0","0","0.6151105","-0.87298828","-0.33881376"
"TTTTGCTGCAGGAGCGTGG::CCACGCTCCTGCAGCAAAA","0","0","0.84023165","-1.1007949","-0.3544032"
"TTTGCTGCAGGAGCGTGGT::ACCACGCTCCTGCAGCAAA","0","0","0.78013504","-1.0677257","-0.38392563"
"TTGCTGCAGGAGCGTGGTA::TACCACGCTCCTGCAGCAA","0","0","0.59679876","-1.0503507","-0.43680315"
"TGCTGCAGGAGCGTGGTAT::ATACCACGCTCCTGCAGCA","0","0","0.66567067","-1.0357523","-0.4294461"
"GCTGCAGGAGCGTGGTATG::CATACCACGCTCCTGCAGC","0","0","0.49066","-0.89034798","-0.23241343"
"CTGCAGGAGCGTGGTATGT::ACATACCACGCTCCTGCAG","0","0","0.57973943","-0.74386535","-0.085274696"
"TGCAGGAGCGTGGTATGTG::CACATACCACGCTCCTGCA","0","0","0.74111985","-0.80391074","-0.067054656"
"GCAGGAGCGTGGTATGTGT::ACACATACCACGCTCCTGC","0","0","0.538891","-0.63181235","-0.052565135"
"CAGGAGCGTGGTATGTGTA::TACACATACCACGCTCCTG","0","0","0.55248679","-0.39431326","-0.28806536"
"AGGAGCGTGGTATGTGTAT::ATACACATACCACGCTCCT","0","0","0.64707816","-0.41151993","-0.30170535"
"GGAGCGTGGTATGTGTATG::CATACACATACCACGCTCC","0","0","0.56109196","-0.3552855","-0.24149977"
"GAGCGTGGTATGTGTATGT::ACATACACATACCACGCTC","0","0","0.64021876","-0.19616719","-0.16294069"
"AGCGTGGTATGTGTATGTG::CACATACACATACCACGCT","0","0","0.62410795","-0.15675402","-0.22758093"
"GCGTGGTATGTGTATGTGA::TCACATACACATACCACGC","0","0","0.55775915","-0.29139769","-0.41286454"
"CGTGGTATGTGTATGTGAA::TTCACATACACATACCACG","0","0","0.56800095","-0.33752655","-0.48250502"
"GTGGTATGTGTATGTGAAG::CTTCACATACACATACCAC","0","0","0.66988583","-0.19009845","-0.31206869"
"TGGTATGTGTATGTGAAGA::TCTTCACATACACATACCA","0","0","0.71240844","-0.066559652","-0.18865888"
"GGTATGTGTATGTGAAGAC::GTCTTCACATACACATACC","0","0","0.63418111","-0.0072727733","-0.17129855"
"GTATGTGTATGTGAAGACT::AGTCTTCACATACACATAC","0","0","0.69219295","-0.14703706","-0.17110551"
"TATGTGTATGTGAAGACTG::CAGTCTTCACATACACATA","0","0","0.99101731","-0.093889457","-0.20107385"
"ATGTGTATGTGAAGACTGG::CCAGTCTTCACATACACAT","0","0","0.81314204","-0.19138636","-0.4280127"
"TGTGTATGTGAAGACTGGG::CCCAGTCTTCACATACACA","0","0","0.89484705","-0.48221638","-0.45768948"
"GTGTATGTGAAGACTGGGA::TCCCAGTCTTCACATACAC","0","1","0.66857634","-0.68764387","-0.5905968"
"TGTATGTGAAGACTGGGAA::TTCCCAGTCTTCACATACA","0","1","0.71329874","-0.93454029","-0.57098092"
"GTATGTGAAGACTGGGAAA::TTTCCCAGTCTTCACATAC","0","0","0.49281744","-0.93058378","-0.36980454"
"TATGTGAAGACTGGGAAAA::TTTTCCCAGTCTTCACATA","0","0","0.65183196","-0.79393953","-0.16107509"
"ATGTGAAGACTGGGAAAAG::CTTTTCCCAGTCTTCACAT","0","0","0.66155074","-0.84692684","-0.051520219"
"TGTGAAGACTGGGAAAAGG::CCTTTTCCCAGTCTTCACA","0","0","0.7386752","-0.71670615","-0.10694236"
"GTGAAGACTGGGAAAAGGA::TCCTTTTCCCAGTCTTCAC","0","0","0.59829656","-0.47936864","0.16000269"
"TGAAGACTGGGAAAAGGAG::CTCCTTTTCCCAGTCTTCA","0","0","0.7602296","-0.56289182","0.19040315"
"GAAGACTGGGAAAAGGAGT::ACTCCTTTTCCCAGTCTTC","0","0","0.66168554","-0.69201644","-0.00053989296"
"AAGACTGGGAAAAGGAGTG::CACTCCTTTTCCCAGTCTT","0","0","0.83617445","-0.84858253","-0.095148391"
"AGACTGGGAAAAGGAGTGG::CCACTCCTTTTCCCAGTCT","0","0","0.70582256","-0.98493201","-0.13522832"
"GACTGGGAAAAGGAGTGGC::GCCACTCCTTTTCCCAGTC","0","0","0.62612813","-0.92688846","0.07008405"
"ACTGGGAAAAGGAGTGGCG::CGCCACTCCTTTTCCCAGT","0","0","0.65052762","-0.94600711","-0.0014478094"
"CTGGGAAAAGGAGTGGCGC::GCGCCACTCCTTTTCCCAG","0","0","0.73629049","-0.92307713","0.13196593"
"TGGGAAAAGGAGTGGCGCC::GGCGCCACTCCTTTTCCCA","0","0","0.69868713","-0.65566522","0.13838849"
"GGGAAAAGGAGTGGCGCCC::GGGCGCCACTCCTTTTCCC","0","0","0.61149061","-0.46709236","0.13395332"
"GGAAAAGGAGTGGCGCCCT::AGGGCGCCACTCCTTTTCC","0","0","0.52349742","-0.37675147","-0.040596272"
"GAAAAGGAGTGGCGCCCTC::GAGGGCGCCACTCCTTTTC","0","0","0.58369945","-0.30858645","-0.28159269"
"AAAAGGAGTGGCGCCCTCT::AGAGGGCGCCACTCCTTTT","0","0","0.77857086","-0.41594306","-0.61203302"
"AAAGGAGTGGCGCCCTCTG::CAGAGGGCGCCACTCCTTT","0","0","0.71149257","-0.18909137","-0.87406404"
"AAGGAGTGGCGCCCTCTGG::CCAGAGGGCGCCACTCCTT","0","0","0.68926874","-0.13135038","-0.60717475"
"AGGAGTGGCGCCCTCTGGG::CCCAGAGGGCGCCACTCCT","0","0","0.64948068","-0.57163763","-0.82548269"
"GGAGTGGCGCCCTCTGGGA::TCCCAGAGGGCGCCACTCC","0","0","0.40645833","-0.61639704","-0.8685445"
"GAGTGGCGCCCTCTGGGAC::GTCCCAGAGGGCGCCACTC","0","0","0.53301573","-0.66827257","-1.0060073"
"AGTGGCGCCCTCTGGGACG::CGTCCCAGAGGGCGCCACT","0","0","0.60722568","-0.56024106","-1.0355789"
"GTGGCGCCCTCTGGGACGT::ACGTCCCAGAGGGCGCCAC","0","0","0.43515383","-0.36865553","-1.022252"
"TGGCGCCCTCTGGGACGTG::CACGTCCCAGAGGGCGCCA","0","0","0.5026887","-0.30321738","-1.1802806"
"GGCGCCCTCTGGGACGTGC::GCACGTCCCAGAGGGCGCC","0","1","0.43947952","-0.35828281","-1.1098888"
"GCGCCCTCTGGGACGTGCC::GGCACGTCCCAGAGGGCGC","0","0","0.56311353","-0.37457555","-1.128072"
"CGCCCTCTGGGACGTGCCT::AGGCACGTCCCAGAGGGCG","0","0","0.40286301","-0.48281986","-1.2229386"
"GCCCTCTGGGACGTGCCTG::CAGGCACGTCCCAGAGGGC","0","0","0.46506035","-0.5901006","-1.253969"
"CCCTCTGGGACGTGCCTGC::GCAGGCACGTCCCAGAGGG","0","0","0.51295618","-0.32471826","-1.194165"
"CCTCTGGGACGTGCCTGCT::AGCAGGCACGTCCCAGAGG","0","0","0.50417251","-0.014708505","-1.0229901"
"CTCTGGGACGTGCCTGCTC::GAGCAGGCACGTCCCAGAG","0","0","0.63091098","-0.022886478","-0.8685083"
"TCTGGGACGTGCCTGCTCC::GGAGCAGGCACGTCCCAGA","0","0","0.76659876","-0.17690531","-0.87597044"
"CTGGGACGTGCCTGCTCCC::GGGAGCAGGCACGTCCCAG","0","0","0.53564363","-0.33896532","-1.102929"
"TGGGACGTGCCTGCTCCCA::TGGGAGCAGGCACGTCCCA","0","0","0.58025583","-0.13967057","-1.1786404"
"GGGACGTGCCTGCTCCCAA::TTGGGAGCAGGCACGTCCC","0","0","0.44616737","-0.046644316","-1.2444486"
"GGACGTGCCTGCTCCCAAA::TTTGGGAGCAGGCACGTCC","0","0","0.42994629","0.17928347","-1.1128364"
"GACGTGCCTGCTCCCAAAG::CTTTGGGAGCAGGCACGTC","0","0","0.61386492","0.25385408","-1.0220394"
"ACGTGCCTGCTCCCAAAGA::TCTTTGGGAGCAGGCACGT","0","0","0.53913755","0.1814299","-0.75315686"
"CGTGCCTGCTCCCAAAGAA::TTCTTTGGGAGCAGGCACG","0","0","0.39424102","0.18905917","-0.62404452"
"GTGCCTGCTCCCAAAGAAG::CTTCTTTGGGAGCAGGCAC","0","0","0.62727145","0.21319294","-0.45553894"
"TGCCTGCTCCCAAAGAAGT::ACTTCTTTGGGAGCAGGCA","0","0","0.71108049","0.367067","-0.32462705"
"GCCTGCTCCCAAAGAAGTG::CACTTCTTTGGGAGCAGGC","0","0","0.56087478","0.46848507","-0.28240267"
"CCTGCTCCCAAAGAAGTGA::TCACTTCTTTGGGAGCAGG","0","0","0.51177153","0.56567573","-0.1686989"
"CTGCTCCCAAAGAAGTGAA::TTCACTTCTTTGGGAGCAG","0","0","0.52289934","0.3386905","-0.12502027"
"TGCTCCCAAAGAAGTGAAG::CTTCACTTCTTTGGGAGCA","0","0","0.64453802","0.18215368","-0.061247528"
"GCTCCCAAAGAAGTGAAGA::TCTTCACTTCTTTGGGAGC","0","0","0.42480176","0.32023083","0.020965801"
"CTCCCAAAGAAGTGAAGAA::TTCTTCACTTCTTTGGGAG","0","0","0.40825932","0.29959106","0.29549812"
"TCCCAAAGAAGTGAAGAAA::TTTCTTCACTTCTTTGGGA","1","0","0.47110879","0.3368983","0.46480484"
"CCCAAAGAAGTGAAGAAAG::CTTTCTTCACTTCTTTGGG","0","0","0.424109","0.51399256","0.60675261"
"CCAAAGAAGTGAAGAAAGG::CCTTTCTTCACTTCTTTGG","0","0","0.48145434","0.64031429","0.63355176"
"CAAAGAAGTGAAGAAAGGA::TCCTTTCTTCACTTCTTTG","0","0","0.54527663","0.64130333","0.84721163"
"AAAGAAGTGAAGAAAGGAG::CTCCTTTCTTCACTTCTTT","0","0","0.68940117","0.47132761","0.75847286"
"AAGAAGTGAAGAAAGGAGA::TCTCCTTTCTTCACTTCTT","0","0","0.6345058","0.48968793","0.57551534"
"AGAAGTGAAGAAAGGAGAG::CTCTCCTTTCTTCACTTCT","0","0","0.62583996","0.53418459","0.25522679"
"GAAGTGAAGAAAGGAGAGA::TCTCTCCTTTCTTCACTTC","0","0","0.48521445","0.6644866","0.12724014"
"AAGTGAAGAAAGGAGAGAC::GTCTCTCCTTTCTTCACTT","0","0","0.74447021","0.62017484","0.03959281"
"AGTGAAGAAAGGAGAGACC::GGTCTCTCCTTTCTTCACT","0","0","0.67308814","0.5552144","0.16832609"
"GTGAAGAAAGGAGAGACCA::TGGTCTCTCCTTTCTTCAC","0","0","0.62729871","0.48187625","0.23584597"
"TGAAGAAAGGAGAGACCAC::GTGGTCTCTCCTTTCTTCA","0","0","0.73259045","0.40416331","0.24092748"
"GAAGAAAGGAGAGACCACA::TGTGGTCTCTCCTTTCTTC","0","0","0.64184743","0.24201604","-0.021068109"
"AAGAAAGGAGAGACCACAG::CTGTGGTCTCTCCTTTCTT","0","0","0.82127881","0.034897415","-0.28918421"
"AGAAAGGAGAGACCACAGA::TCTGTGGTCTCTCCTTTCT","0","0","0.62869026","0.0094210481","-0.32978221"
"GAAAGGAGAGACCACAGAT::ATCTGTGGTCTCTCCTTTC","0","0","0.66210831","-0.007900227","-0.37642876"
"AAAGGAGAGACCACAGATG::CATCTGTGGTCTCTCCTTT","0","0","0.84109679","-0.08655091","-0.2532997"
"AAGGAGAGACCACAGATGG::CCATCTGTGGTCTCTCCTT","0","0","0.79871181","-0.10793696","-0.09831177"
"AGGAGAGACCACAGATGGA::TCCATCTGTGGTCTCTCCT","0","0","0.6405451","-0.22881828","-0.080782146"
"GGAGAGACCACAGATGGAG::CTCCATCTGTGGTCTCTCC","0","0","0.67866836","-0.1943442","-0.074875978"
"GAGAGACCACAGATGGAGT::ACTCCATCTGTGGTCTCTC","0","0","0.66298734","-0.234043","-0.17555299"
"AGAGACCACAGATGGAGTG::CACTCCATCTGTGGTCTCT","0","0","0.71720097","-0.34965233","-0.0079795359"
"GAGACCACAGATGGAGTGT::ACACTCCATCTGTGGTCTC","0","0","0.63813826","-0.59042837","-0.13216222"
"AGACCACAGATGGAGTGTA::TACACTCCATCTGTGGTCT","0","0","0.61441063","-0.52166857","-0.17654731"
"GACCACAGATGGAGTGTAC::GTACACTCCATCTGTGGTC","0","0","0.60102976","-0.52298381","-0.24965346"
"ACCACAGATGGAGTGTACA::TGTACACTCCATCTGTGGT","0","0","0.66111742","-0.50176084","-0.36590325"
"CCACAGATGGAGTGTACAG::CTGTACACTCCATCTGTGG","0","0","0.65631684","-0.5262593","-0.48368769"
"CACAGATGGAGTGTACAGA::TCTGTACACTCCATCTGTG","0","0","0.64290901","-0.47901936","-0.21768134"
"ACAGATGGAGTGTACAGAG::CTCTGTACACTCCATCTGT","0","0","0.79225536","-0.4770653","0.13857236"
"CAGATGGAGTGTACAGAGT::ACTCTGTACACTCCATCTG","0","0","0.64071218","-0.53687476","0.044111413"
"AGATGGAGTGTACAGAGTG::CACTCTGTACACTCCATCT","0","0","0.75512684","-0.54977515","0.069541456"
"GATGGAGTGTACAGAGTGA::TCACTCTGTACACTCCATC","0","0","0.59422559","-0.50253021","-0.050440816"
"ATGGAGTGTACAGAGTGAT::ATCACTCTGTACACTCCAT","0","0","0.78692934","-0.51842457","-0.12053198"
"TGGAGTGTACAGAGTGATG::CATCACTCTGTACACTCCA","0","0","0.82899336","-0.57938727","-0.29770948"
"GGAGTGTACAGAGTGATGA::TCATCACTCTGTACACTCC","0","0","0.64657005","-0.48330504","-0.17588351"
"GAGTGTACAGAGTGATGAC::GTCATCACTCTGTACACTC","0","0","0.67735581","-0.45263852","-0.19951722"
"AGTGTACAGAGTGATGACT::AGTCATCACTCTGTACACT","0","0","0.74099085","-0.46030173","-0.30650536"
"GTGTACAGAGTGATGACTC::GAGTCATCACTCTGTACAC","0","0","0.83572881","-0.35695735","-0.30204991"
"TGTACAGAGTGATGACTCG::CGAGTCATCACTCTGTACA","0","0","0.85177011","-0.5051149","-0.32264618"
"GTACAGAGTGATGACTCGC::GCGAGTCATCACTCTGTAC","0","0","0.85863121","-0.51137095","-0.37676252"
"TACAGAGTGATGACTCGCA::TGCGAGTCATCACTCTGTA","0","0","0.91446795","-0.54385389","-0.26617866"
"ACAGAGTGATGACTCGCAG::CTGCGAGTCATCACTCTGT","0","0","0.79453792","-0.46607181","-0.1817274"
"CAGAGTGATGACTCGCAGA::TCTGCGAGTCATCACTCTG","0","0","0.68363005","-0.39706356","-0.22136086"
"AGAGTGATGACTCGCAGAC::GTCTGCGAGTCATCACTCT","0","0","0.7837306","-0.32809833","-0.44754312"
"GAGTGATGACTCGCAGACT::AGTCTGCGAGTCATCACTC","0","0","0.69405203","-0.43691858","-0.53067364"
"AGTGATGACTCGCAGACTG::CAGTCTGCGAGTCATCACT","0","0","0.81179075","-0.34441278","-0.52658887"
"GTGATGACTCGCAGACTGC::GCAGTCTGCGAGTCATCAC","0","0","0.72522419","-0.53069363","-0.62047707"
"TGATGACTCGCAGACTGCT::AGCAGTCTGCGAGTCATCA","0","0","0.82903646","-0.33334914","-0.50388179"
"GATGACTCGCAGACTGCTA::TAGCAGTCTGCGAGTCATC","0","0","0.65256085","-0.38969649","-0.65000751"
"ATGACTCGCAGACTGCTAG::CTAGCAGTCTGCGAGTCAT","0","0","0.89499637","-0.40055968","-0.79340659"
"TGACTCGCAGACTGCTAGG::CCTAGCAGTCTGCGAGTCA","0","0","0.87944166","-0.51714773","-0.77985494"
"GACTCGCAGACTGCTAGGT::ACCTAGCAGTCTGCGAGTC","0","0","0.65267554","-0.53414023","-0.71416567"
"ACTCGCAGACTGCTAGGTT::AACCTAGCAGTCTGCGAGT","0","0","0.68003848","-0.56061283","-0.64927675"
"CTCGCAGACTGCTAGGTTC::GAACCTAGCAGTCTGCGAG","0","0","0.73153702","-0.63812883","-0.55305404"
"TCGCAGACTGCTAGGTTCA::TGAACCTAGCAGTCTGCGA","0","0","0.77617908","-0.50173089","-0.26039789"
"CGCAGACTGCTAGGTTCAA::TTGAACCTAGCAGTCTGCG","0","0","0.37176444","-0.37039585","-0.18706748"
"GCAGACTGCTAGGTTCAAC::GTTGAACCTAGCAGTCTGC","0","0","0.65249745","-0.39246177","-0.18642123"
"CAGACTGCTAGGTTCAACA::TGTTGAACCTAGCAGTCTG","0","0","0.81509522","-0.47194669","-0.33086886"
"AGACTGCTAGGTTCAACAC::GTGTTGAACCTAGCAGTCT","0","0","0.80550335","-0.40262552","-0.43760031"
"GACTGCTAGGTTCAACACA::TGTGTTGAACCTAGCAGTC","0","0","0.71586429","-0.185677","-0.3091896"
"ACTGCTAGGTTCAACACAG::CTGTGTTGAACCTAGCAGT","0","0","0.83448287","-0.32801681","-0.49471134"
"CTGCTAGGTTCAACACAGG::CCTGTGTTGAACCTAGCAG","0","0","0.7811172","-0.18210578","-0.4812314"
"TGCTAGGTTCAACACAGGT::ACCTGTGTTGAACCTAGCA","0","0","0.83356347","-0.46672221","-0.53604899"
"GCTAGGTTCAACACAGGTT::AACCTGTGTTGAACCTAGC","0","0","0.64825405","-0.32532596","-0.35796045"
"CTAGGTTCAACACAGGTTG::CAACCTGTGTTGAACCTAG","0","0","0.85444393","-0.44462358","-0.3390582"
"TAGGTTCAACACAGGTTGG::CCAACCTGTGTTGAACCTA","0","0","0.83337228","-0.37579598","-0.27500455"
"AGGTTCAACACAGGTTGGA::TCCAACCTGTGTTGAACCT","0","0","0.64574512","-0.46985119","-0.28944388"
"GGTTCAACACAGGTTGGAG::CTCCAACCTGTGTTGAACC","0","0","0.59560705","-0.58548374","-0.37742195"
"GTTCAACACAGGTTGGAGT::ACTCCAACCTGTGTTGAAC","0","0","0.71362951","-0.51879496","-0.49480976"
"TTCAACACAGGTTGGAGTG::CACTCCAACCTGTGTTGAA","0","0","0.91558698","-0.66417175","-0.71620812"
"TCAACACAGGTTGGAGTGG::CCACTCCAACCTGTGTTGA","0","0","0.80417964","-0.8357163","-0.90984025"
"CAACACAGGTTGGAGTGGG::CCCACTCCAACCTGTGTTG","0","0","0.77881702","-0.91384871","-0.9789253"
"AACACAGGTTGGAGTGGGA::TCCCACTCCAACCTGTGTT","0","0","0.72188591","-0.95847817","-0.95797568"
"ACACAGGTTGGAGTGGGAG::CTCCCACTCCAACCTGTGT","0","0","0.75966872","-1.0842964","-0.83652237"
"CACAGGTTGGAGTGGGAGT::ACTCCCACTCCAACCTGTG","0","0","0.63795048","-1.0641684","-0.87904335"
"ACAGGTTGGAGTGGGAGTC::GACTCCCACTCCAACCTGT","0","0","0.76563532","-1.0352882","-0.67755043"
"CAGGTTGGAGTGGGAGTCA::TGACTCCCACTCCAACCTG","0","0","0.58832732","-1.1053287","-0.62750396"
"AGGTTGGAGTGGGAGTCAT::ATGACTCCCACTCCAACCT","0","0","0.55175103","-1.151112","-0.63205057"
"GGTTGGAGTGGGAGTCATG::CATGACTCCCACTCCAACC","0","0","0.55380671","-1.2116496","-0.60899471"
"GTTGGAGTGGGAGTCATGC::GCATGACTCCCACTCCAAC","0","0","0.766053","-1.1860292","-0.55711288"
"TTGGAGTGGGAGTCATGCA::TGCATGACTCCCACTCCAA","0","0","0.81478945","-1.252961","-0.68953804"
"TGGAGTGGGAGTCATGCAA::TTGCATGACTCCCACTCCA","0","0","0.72873119","-1.2089534","-0.75782292"
"GGAGTGGGAGTCATGCAAG::CTTGCATGACTCCCACTCC","0","0","0.62276729","-1.1920277","-0.75797839"
"GAGTGGGAGTCATGCAAGA::TCTTGCATGACTCCCACTC","0","0","0.52834688","-1.3036742","-0.72174529"
"AGTGGGAGTCATGCAAGAG::CTCTTGCATGACTCCCACT","0","0","0.67264395","-1.2219383","-0.51735391"
"GTGGGAGTCATGCAAGAGG::CCTCTTGCATGACTCCCAC","0","0","0.72797948","-1.2759741","-0.49957837"
"TGGGAGTCATGCAAGAGGG::CCCTCTTGCATGACTCCCA","0","0","0.79878761","-1.2800383","-0.38373498"
"GGGAGTCATGCAAGAGGGA::TCCCTCTTGCATGACTCCC","0","0","0.45067335","-1.2940316","-0.44418633"
"GGAGTCATGCAAGAGGGAG::CTCCCTCTTGCATGACTCC","0","0","0.57558634","-1.2940316","-0.44418633"
"GAGTCATGCAAGAGGGAGT::ACTCCCTCTTGCATGACTC","0","0","0.61771661","-1.2940316","-0.44418633"
"AGTCATGCAAGAGGGAGTC::GACTCCCTCTTGCATGACT","0","0","0.72440462","-1.2940316","-0.44418633"
"GTCATGCAAGAGGGAGTCT::AGACTCCCTCTTGCATGAC","0","0","0.54882764","-1.2707935","-0.59637119"
"TCATGCAAGAGGGAGTCTT::AAGACTCCCTCTTGCATGA","0","0","0.74211316","-1.2093493","-0.56770373"
"CATGCAAGAGGGAGTCTTC::GAAGACTCCCTCTTGCATG","0","0","0.66369998","-1.059431","-0.50078648"
"ATGCAAGAGGGAGTCTTCC::GGAAGACTCCCTCTTGCAT","0","0","0.84258449","-1.2720663","-0.58361835"
"TGCAAGAGGGAGTCTTCCA::TGGAAGACTCCCTCTTGCA","0","0","0.74527695","-1.0562268","-0.58528407"
"GCAAGAGGGAGTCTTCCAC::GTGGAAGACTCCCTCTTGC","0","0","0.64202295","-1.0541157","-0.51533089"
"CAAGAGGGAGTCTTCCACA::TGTGGAAGACTCCCTCTTG","0","0","0.73552956","-1.0726866","-0.61743665"
"AAGAGGGAGTCTTCCACAC::GTGTGGAAGACTCCCTCTT","0","0","0.84083969","-1.088239","-0.7224079"
"AGAGGGAGTCTTCCACACC::GGTGTGGAAGACTCCCTCT","0","0","0.82977672","-1.1533966","-1.0385269"
"GAGGGAGTCTTCCACACCA::TGGTGTGGAAGACTCCCTC","0","0","0.68107011","-1.0736762","-1.0755601"
"AGGGAGTCTTCCACACCAT::ATGGTGTGGAAGACTCCCT","0","0","0.65751332","-1.0349886","-1.0603749"
"GGGAGTCTTCCACACCATG::CATGGTGTGGAAGACTCCC","0","0","0.61934794","-0.99410505","-0.97952937"
"GGAGTCTTCCACACCATGT::ACATGGTGTGGAAGACTCC","0","0","0.72616272","-0.93445184","-0.91936763"
"GAGTCTTCCACACCATGTG::CACATGGTGTGGAAGACTC","0","0","0.81064107","-0.94880048","-0.93847429"
"AGTCTTCCACACCATGTGG::CCACATGGTGTGGAAGACT","0","0","0.77173322","-1.0081421","-1.0138999"
"GTCTTCCACACCATGTGGC::GCCACATGGTGTGGAAGAC","0","0","0.74475501","-1.0686958","-0.68653054"
"TCTTCCACACCATGTGGCA::TGCCACATGGTGTGGAAGA","0","0","0.70628133","-1.1096929","-0.83947843"
"CTTCCACACCATGTGGCAC::GTGCCACATGGTGTGGAAG","0","0","0.65151745","-1.2077005","-0.97459767"
"TTCCACACCATGTGGCACG::CGTGCCACATGGTGTGGAA","0","0","0.90222579","-0.94801965","-0.94665173"
"TCCACACCATGTGGCACGT::ACGTGCCACATGGTGTGGA","0","0","0.63500724","-1.0571144","-0.84651357"
"CCACACCATGTGGCACGTT::AACGTGCCACATGGTGTGG","0","0","0.51607369","-0.90347728","-0.81861608"
"CACACCATGTGGCACGTTA::TAACGTGCCACATGGTGTG","0","0","0.62041344","-0.85897628","-0.73516555"
"ACACCATGTGGCACGTTAC::GTAACGTGCCACATGGTGT","0","0","0.72232311","-0.81741963","-0.70506326"
"CACCATGTGGCACGTTACA::TGTAACGTGCCACATGGTG","0","0","0.57834339","-0.81150194","-0.69460386"
"ACCATGTGGCACGTTACAA::TTGTAACGTGCCACATGGT","0","0","0.59864283","-0.82176093","-0.6168076"
"CCATGTGGCACGTTACAAA::TTTGTAACGTGCCACATGG","0","0","0.51974127","-0.71343732","-0.45529512"
"CATGTGGCACGTTACAAAA::TTTTGTAACGTGCCACATG","0","0","0.53106639","-0.65442097","-0.48772603"
"ATGTGGCACGTTACAAAAG::CTTTTGTAACGTGCCACAT","0","0","0.73013576","-0.67870507","-0.36963516"
"TGTGGCACGTTACAAAAGG::CCTTTTGTAACGTGCCACA","0","0","0.80944115","-0.55143343","-0.42994528"
"GTGGCACGTTACAAAAGGA::TCCTTTTGTAACGTGCCAC","0","0","0.50925314","-0.25929697","-0.21294796"
"TGGCACGTTACAAAAGGAG::CTCCTTTTGTAACGTGCCA","0","0","0.77060224","-0.22723738","-0.40324533"
"GGCACGTTACAAAAGGAGC::GCTCCTTTTGTAACGTGCC","0","0","0.62947173","-0.2894707","-0.26465242"
"GCACGTTACAAAAGGAGCC::GGCTCCTTTTGTAACGTGC","0","0","0.68323609","-0.25796023","-0.24253639"
"CACGTTACAAAAGGAGCCG::CGGCTCCTTTTGTAACGTG","0","0","0.75047629","-0.29576989","-0.2543819"
"ACGTTACAAAAGGAGCCGC::GCGGCTCCTTTTGTAACGT","0","0","0.76259272","-0.34380674","-0.2615558"
"CGTTACAAAAGGAGCCGCA::TGCGGCTCCTTTTGTAACG","0","0","0.55994456","-0.44737578","-0.37178123"
"GTTACAAAAGGAGCCGCAC::GTGCGGCTCCTTTTGTAAC","0","0","0.72535457","-0.42258948","-0.35291572"
"TTACAAAAGGAGCCGCACT::AGTGCGGCTCCTTTTGTAA","0","0","0.91899712","-0.60568776","-0.56023093"
"TACAAAAGGAGCCGCACTG::CAGTGCGGCTCCTTTTGTA","0","0","0.95687992","-0.6564317","-0.62384428"
"ACAAAAGGAGCCGCACTGA::TCAGTGCGGCTCCTTTTGT","0","0","0.68663608","-0.65801705","-0.67187698"
"CAAAAGGAGCCGCACTGAG::CTCAGTGCGGCTCCTTTTG","0","0","0.73737127","-0.77499009","-0.86143086"
"AAAAGGAGCCGCACTGAGG::CCTCAGTGCGGCTCCTTTT","0","0","0.91542654","-0.90354984","-0.87113179"
"AAAGGAGCCGCACTGAGGA::TCCTCAGTGCGGCTCCTTT","0","0","0.80199614","-0.92859907","-1.1035749"
"AAGGAGCCGCACTGAGGAG::CTCCTCAGTGCGGCTCCTT","0","0","0.68932142","-1.0178388","-0.925254"
"AGGAGCCGCACTGAGGAGC::GCTCCTCAGTGCGGCTCCT","0","0","0.76787534","-1.1931746","-0.9885129"
"GGAGCCGCACTGAGGAGCG::CGCTCCTCAGTGCGGCTCC","0","0","0.64193645","-1.2338545","-0.98838494"
"GAGCCGCACTGAGGAGCGG::CCGCTCCTCAGTGCGGCTC","0","0","0.60030761","-1.2476196","-1.0569707"
"AGCCGCACTGAGGAGCGGT::ACCGCTCCTCAGTGCGGCT","0","0","0.65178968","-1.3525906","-1.0149496"
"GCCGCACTGAGGAGCGGTG::CACCGCTCCTCAGTGCGGC","0","0","0.49337936","-1.3999365","-0.82262445"
"CCGCACTGAGGAGCGGTGA::TCACCGCTCCTCAGTGCGG","0","0","0.57505931","-1.3540256","-0.74475608"
"CGCACTGAGGAGCGGTGAG::CTCACCGCTCCTCAGTGCG","0","0","0.51442074","-1.4389242","-0.63549882"
"GCACTGAGGAGCGGTGAGG::CCTCACCGCTCCTCAGTGC","0","0","0.58227502","-1.5157409","-0.6429977"
"CACTGAGGAGCGGTGAGGG::CCCTCACCGCTCCTCAGTG","0","0","0.66777561","-1.4422032","-0.47914176"
"ACTGAGGAGCGGTGAGGGA::TCCCTCACCGCTCCTCAGT","0","0","0.54630346","-1.4864154","-0.44045817"
"CTGAGGAGCGGTGAGGGAA::TTCCCTCACCGCTCCTCAG","0","0","0.62910045","-1.502678","-0.38355015"
"TGAGGAGCGGTGAGGGAAG::CTTCCCTCACCGCTCCTCA","0","0","0.72833109","-1.4725751","-0.57871153"
"GAGGAGCGGTGAGGGAAGA::TCTTCCCTCACCGCTCCTC","0","0","0.48929281","-1.3186484","-0.46340721"
"AGGAGCGGTGAGGGAAGAC::GTCTTCCCTCACCGCTCCT","0","0","0.66117236","-1.2060188","-0.39775119"
"GGAGCGGTGAGGGAAGACT::AGTCTTCCCTCACCGCTCC","0","0","0.5962063","-1.3013891","-0.41429467"
"GAGCGGTGAGGGAAGACTT::AAGTCTTCCCTCACCGCTC","0","0","0.60099593","-1.2891074","-0.3859702"
"AGCGGTGAGGGAAGACTTG::CAAGTCTTCCCTCACCGCT","0","0","0.62870523","-1.4354334","-0.30688655"
"GCGGTGAGGGAAGACTTGA::TCAAGTCTTCCCTCACCGC","0","0","0.52589703","-1.4969775","-0.3526622"
"CGGTGAGGGAAGACTTGAT::ATCAAGTCTTCCCTCACCG","0","0","0.53890732","-1.3428741","-0.23812437"
"GGTGAGGGAAGACTTGATC::GATCAAGTCTTCCCTCACC","0","0","0.68530625","-1.161926","-0.35252191"
"GTGAGGGAAGACTTGATCC::GGATCAAGTCTTCCCTCAC","0","0","0.7845873","-1.1185119","-0.40895936"
"TGAGGGAAGACTTGATCCA::TGGATCAAGTCTTCCCTCA","0","0","0.74104576","-0.94978681","-0.33367522"
"GAGGGAAGACTTGATCCAT::ATGGATCAAGTCTTCCCTC","0","0","0.57495396","-0.58833968","-0.189158"
"AGGGAAGACTTGATCCATA::TATGGATCAAGTCTTCCCT","0","0","0.65563414","-0.47655918","-0.20338324"
"GGGAAGACTTGATCCATAC::GTATGGATCAAGTCTTCCC","0","0","0.65229238","-0.36080273","-0.13689136"
"GGAAGACTTGATCCATACT::AGTATGGATCAAGTCTTCC","0","0","0.61984613","-0.32615019","-0.23515861"
"GAAGACTTGATCCATACTG::CAGTATGGATCAAGTCTTC","0","0","0.82957826","-0.41622554","-0.019211857"
"AAGACTTGATCCATACTGG::CCAGTATGGATCAAGTCTT","0","0","0.85678357","-0.55736717","-0.23596984"
"AGACTTGATCCATACTGGG::CCCAGTATGGATCAAGTCT","0","0","0.80252241","-0.85988389","-0.26959347"
"GACTTGATCCATACTGGGG::CCCCAGTATGGATCAAGTC","0","0","0.70033056","-0.86304087","-0.33633023"
"ACTTGATCCATACTGGGGG::CCCCCAGTATGGATCAAGT","0","0","0.75462127","-0.87791509","-0.51421242"
"CTTGATCCATACTGGGGGG::CCCCCCAGTATGGATCAAG","0","0","0.57338834","-0.74711323","-0.71259371"
"TTGATCCATACTGGGGGGA::TCCCCCCAGTATGGATCAA","0","0","0.65036673","-0.68682593","-0.67792394"
"TGATCCATACTGGGGGGAT::ATCCCCCCAGTATGGATCA","0","0","0.56898114","-0.75546828","-0.81056963"
"GATCCATACTGGGGGGATG::CATCCCCCCAGTATGGATC","0","0","0.49794133","-0.78080376","-0.86641594"
"ATCCATACTGGGGGGATGT::ACATCCCCCCAGTATGGAT","0","0","0.6272434","-0.85188064","-0.85009601"
"TCCATACTGGGGGGATGTC::GACATCCCCCCAGTATGGA","0","0","0.57876929","-0.79226395","-0.77229611"
"CCATACTGGGGGGATGTCA::TGACATCCCCCCAGTATGG","0","0","0.51839466","-0.98404229","-0.88514109"
"CATACTGGGGGGATGTCAA::TTGACATCCCCCCAGTATG","0","0","0.58341038","-0.99120099","-0.93690699"
"ATACTGGGGGGATGTCAAG::CTTGACATCCCCCCAGTAT","0","0","0.70756022","-0.97580191","-0.95628687"
"TACTGGGGGGATGTCAAGC::GCTTGACATCCCCCCAGTA","0","0","0.84482204","-0.80798049","-0.97134454"
"ACTGGGGGGATGTCAAGCA::TGCTTGACATCCCCCCAGT","0","0","0.66178229","-0.57807641","-0.64601636"
"CTGGGGGGATGTCAAGCAG::CTGCTTGACATCCCCCCAG","0","0","0.65118412","-0.44754973","-0.25292565"
"TGGGGGGATGTCAAGCAGG::CCTGCTTGACATCCCCCCA","0","0","0.80863331","-0.2724293","0.026117861"
"GGGGGGATGTCAAGCAGGA::TCCTGCTTGACATCCCCCC","0","0","0.50648474","-0.19149135","0.086145634"
"GGGGGATGTCAAGCAGGAC::GTCCTGCTTGACATCCCCC","0","0","0.57642986","-0.00058319258","0.36032115"
"GGGGATGTCAAGCAGGACT::AGTCCTGCTTGACATCCCC","0","0","0.64886029","0.14326288","0.48518469"
"GGGATGTCAAGCAGGACTT::AAGTCCTGCTTGACATCCC","0","0","0.56426864","0.067542115","0.50298984"
"GGATGTCAAGCAGGACTTG::CAAGTCCTGCTTGACATCC","0","0","0.49797636","-0.091888454","0.64077906"
"GATGTCAAGCAGGACTTGG::CCAAGTCCTGCTTGACATC","0","0","0.70307943","-0.22189132","0.7799577"
"ATGTCAAGCAGGACTTGGT::ACCAAGTCCTGCTTGACAT","0","0","0.82700382","-0.12295405","0.83937474"
"TGTCAAGCAGGACTTGGTG::CACCAAGTCCTGCTTGACA","0","0","0.8337643","-0.32116682","0.59829853"
"GTCAAGCAGGACTTGGTGT::ACACCAAGTCCTGCTTGAC","0","0","0.64097494","-0.44349295","0.6282063"
"TCAAGCAGGACTTGGTGTC::GACACCAAGTCCTGCTTGA","0","0","0.86972092","-0.61256917","0.79063155"
"CAAGCAGGACTTGGTGTCA::TGACACCAAGTCCTGCTTG","0","0","0.59959327","-0.61137108","0.80928757"
"AAGCAGGACTTGGTGTCAT::ATGACACCAAGTCCTGCTT","0","0","0.71617338","-0.79786367","0.92019712"
"AGCAGGACTTGGTGTCATA::TATGACACCAAGTCCTGCT","0","0","0.60366648","-1.024157","0.5495379"
"GCAGGACTTGGTGTCATAC::GTATGACACCAAGTCCTGC","0","0","0.61460868","-1.1194627","0.20515499"
"CAGGACTTGGTGTCATACT::AGTATGACACCAAGTCCTG","0","0","0.77692517","-1.1013625","-0.11267119"
"AGGACTTGGTGTCATACTG::CAGTATGACACCAAGTCCT","0","0","0.84361373","-1.1585785","-0.10479665"
"GGACTTGGTGTCATACTGT::ACAGTATGACACCAAGTCC","0","0","0.69463787","-1.369071","-0.42142858"
"GACTTGGTGTCATACTGTG::CACAGTATGACACCAAGTC","0","0","0.70222962","-1.5844288","-0.51556408"
"ACTTGGTGTCATACTGTGG::CCACAGTATGACACCAAGT","0","0","0.87044693","-1.6163349","-0.61738077"
"CTTGGTGTCATACTGTGGG::CCCACAGTATGACACCAAG","0","0","0.88234682","-1.5498343","-0.90486415"
"TTGGTGTCATACTGTGGGC::GCCCACAGTATGACACCAA","0","0","0.83396505","-1.6201511","-1.0737773"
"TGGTGTCATACTGTGGGCC::GGCCCACAGTATGACACCA","0","0","0.79812942","-1.7910548","-1.2395464"
"GGTGTCATACTGTGGGCCT::AGGCCCACAGTATGACACC","0","0","0.56485754","-1.6034103","-1.10786"
"GTGTCATACTGTGGGCCTT::AAGGCCCACAGTATGACAC","0","0","0.53283093","-1.4234985","-1.0180188"
"TGTCATACTGTGGGCCTTG::CAAGGCCCACAGTATGACA","0","0","0.80072854","-1.2501196","-1.1221469"
"GTCATACTGTGGGCCTTGG::CCAAGGCCCACAGTATGAC","0","0","0.57488116","-1.3126174","-0.94587834"
"TCATACTGTGGGCCTTGGA::TCCAAGGCCCACAGTATGA","0","0","0.71764089","-1.3611767","-0.97094673"
"CATACTGTGGGCCTTGGAA::TTCCAAGGCCCACAGTATG","0","0","0.56327091","-1.3727931","-0.81426596"
"ATACTGTGGGCCTTGGAAG::CTTCCAAGGCCCACAGTAT","0","0","0.78115339","-1.4043587","-0.99961241"
"TACTGTGGGCCTTGGAAGT::ACTTCCAAGGCCCACAGTA","0","0","0.7144768","-1.2232873","-0.80777799"
"ACTGTGGGCCTTGGAAGTT::AACTTCCAAGGCCCACAGT","0","0","0.54672797","-0.8711525","-0.67778653"
"CTGTGGGCCTTGGAAGTTG::CAACTTCCAAGGCCCACAG","0","0","0.62061524","-0.74567103","-0.46817684"
"TGTGGGCCTTGGAAGTTGG::CCAACTTCCAAGGCCCACA","0","0","0.69299771","-0.58924264","-0.34745589"
"GTGGGCCTTGGAAGTTGGA::TCCAACTTCCAAGGCCCAC","0","0","0.47671566","-0.52155229","-0.25884416"
"TGGGCCTTGGAAGTTGGAT::ATCCAACTTCCAAGGCCCA","0","0","0.67099982","-0.34935147","-0.053674277"
"GGGCCTTGGAAGTTGGATG::CATCCAACTTCCAAGGCCC","0","0","0.56607549","-0.15482795","-0.0096564144"
"GGCCTTGGAAGTTGGATGC::GCATCCAACTTCCAAGGCC","0","0","0.52410033","-0.058749873","0.017863129"
"GCCTTGGAAGTTGGATGCA::TGCATCCAACTTCCAAGGC","0","0","0.34577173","-0.28489739","-0.16137644"
"CCTTGGAAGTTGGATGCAG::CTGCATCCAACTTCCAAGG","0","0","0.54951378","-0.41809439","-0.17150593"
"CTTGGAAGTTGGATGCAGC::GCTGCATCCAACTTCCAAG","0","0","0.76350707","-0.52158439","-0.27532865"
"TTGGAAGTTGGATGCAGCT::AGCTGCATCCAACTTCCAA","0","0","0.87123104","-0.40598781","-0.44042398"
"TGGAAGTTGGATGCAGCTT::AAGCTGCATCCAACTTCCA","0","0","0.74301698","-0.14256878","-0.37411236"
"GGAAGTTGGATGCAGCTTG::CAAGCTGCATCCAACTTCC","0","0","0.67852943","-0.11021979","-0.37053304"
"GAAGTTGGATGCAGCTTGG::CCAAGCTGCATCCAACTTC","0","0","0.6724581","-0.13030976","-0.0057615979"
"AAGTTGGATGCAGCTTGGG::CCCAAGCTGCATCCAACTT","0","0","0.77729478","-0.38954358","-0.13333145"
"AGTTGGATGCAGCTTGGGA::TCCCAAGCTGCATCCAACT","0","0","0.61488089","-0.71167927","-0.30185775"
"GTTGGATGCAGCTTGGGAT::ATCCCAAGCTGCATCCAAC","0","0","0.62665214","-0.76164855","-0.37489634"
"TTGGATGCAGCTTGGGATG::CATCCCAAGCTGCATCCAA","0","0","0.77869598","-0.589879","-0.35850389"
"TGGATGCAGCTTGGGATGG::CCATCCCAAGCTGCATCCA","0","0","0.65249721","-0.39132893","-0.30943556"
"GGATGCAGCTTGGGATGGA::TCCATCCCAAGCTGCATCC","0","0","0.41700711","-0.42774113","-0.17759378"
"GATGCAGCTTGGGATGGAC::GTCCATCCCAAGCTGCATC","0","0","0.63231685","-0.55688751","-0.20609468"
"ATGCAGCTTGGGATGGACT::AGTCCATCCCAAGCTGCAT","0","0","0.79592394","-0.52003651","-0.14070113"
"TGCAGCTTGGGATGGACTC::GAGTCCATCCCAAGCTGCA","0","0","0.80862518","-0.38894886","-0.077767388"
"GCAGCTTGGGATGGACTCA::TGAGTCCATCCCAAGCTGC","0","0","0.52444963","-0.32405118","-0.18188465"
"CAGCTTGGGATGGACTCAG::CTGAGTCCATCCCAAGCTG","0","0","0.71886209","-0.28124739","-0.12550452"
"AGCTTGGGATGGACTCAGC::GCTGAGTCCATCCCAAGCT","0","0","0.71357598","-0.24227938","0.12894264"
"GCTTGGGATGGACTCAGCG::CGCTGAGTCCATCCCAAGC","0","0","0.67226322","-0.3057375","0.17904085"
"CTTGGGATGGACTCAGCGA::TCGCTGAGTCCATCCCAAG","0","0","0.62681715","-0.09192948","0.2364567"
"TTGGGATGGACTCAGCGAG::CTCGCTGAGTCCATCCCAA","0","0","0.80432564","-0.084786969","0.076264485"
"TGGGATGGACTCAGCGAGG::CCTCGCTGAGTCCATCCCA","0","0","0.751987","0.010091668","0.035762143"
"GGGATGGACTCAGCGAGGT::ACCTCGCTGAGTCCATCCC","0","0","0.52575489","0.071774096","0.11044373"
"GGATGGACTCAGCGAGGTA::TACCTCGCTGAGTCCATCC","0","0","0.396981","0.02604725","0.13863324"
"GATGGACTCAGCGAGGTAC::GTACCTCGCTGAGTCCATC","0","0","0.61368707","-0.12949935","0.119059"
"ATGGACTCAGCGAGGTACA::TGTACCTCGCTGAGTCCAT","0","0","0.69878118","-0.22481218","0.046245602"
"TGGACTCAGCGAGGTACAG::CTGTACCTCGCTGAGTCCA","0","0","0.67570943","-0.35431036","-0.31952859"
"GGACTCAGCGAGGTACAGC::GCTGTACCTCGCTGAGTCC","0","0","0.6744727","-0.34267341","-0.37647313"
"GACTCAGCGAGGTACAGCT::AGCTGTACCTCGCTGAGTC","0","0","0.68123122","-0.33000392","-0.43837205"
"ACTCAGCGAGGTACAGCTT::AAGCTGTACCTCGCTGAGT","0","0","0.58542272","-0.15669778","-0.25992125"
"CTCAGCGAGGTACAGCTTT::AAAGCTGTACCTCGCTGAG","0","0","0.59883078","0.090200579","-0.12515813"
"TCAGCGAGGTACAGCTTTT::AAAAGCTGTACCTCGCTGA","0","0","0.65017188","0.31591119","-0.095961583"
"CAGCGAGGTACAGCTTTTG::CAAAAGCTGTACCTCGCTG","0","0","0.65414948","0.14188618","-0.33747416"
"AGCGAGGTACAGCTTTTGG::CCAAAAGCTGTACCTCGCT","0","0","0.68106602","-0.042923587","-0.3313932"
"GCGAGGTACAGCTTTTGGC::GCCAAAAGCTGTACCTCGC","0","0","0.64990685","-0.11963309","-0.21550376"
"CGAGGTACAGCTTTTGGCC::GGCCAAAAGCTGTACCTCG","0","0","0.65689396","0.027980606","-0.031776834"
"GAGGTACAGCTTTTGGCCG::CGGCCAAAAGCTGTACCTC","0","0","0.6538255","-0.0051254055","0.029395"
"AGGTACAGCTTTTGGCCGT::ACGGCCAAAAGCTGTACCT","0","0","0.63748896","0.039209494","0.068331099"
"GGTACAGCTTTTGGCCGTA::TACGGCCAAAAGCTGTACC","0","0","0.43903376","0.035807411","0.039606877"
"GTACAGCTTTTGGCCGTAC::GTACGGCCAAAAGCTGTAC","0","0","0.6436526","0.10069812","0.10365692"
"TACAGCTTTTGGCCGTACC::GGTACGGCCAAAAGCTGTA","0","0","0.90511473","0.074094857","0.059474552"
"ACAGCTTTTGGCCGTACCT::AGGTACGGCCAAAAGCTGT","0","0","0.77938445","0.18712661","0.17604503"
"CAGCTTTTGGCCGTACCTC::GAGGTACGGCCAAAAGCTG","0","0","0.67763176","0.17899777","0.18160659"
"AGCTTTTGGCCGTACCTCC::GGAGGTACGGCCAAAAGCT","0","0","0.74530242","0.10806198","0.24325397"
"GCTTTTGGCCGTACCTCCC::GGGAGGTACGGCCAAAAGC","0","0","0.600038","-0.10152626","0.033136951"
"CTTTTGGCCGTACCTCCCG::CGGGAGGTACGGCCAAAAG","0","0","0.69537538","-0.43650652","-0.095768707"
"TTTTGGCCGTACCTCCCGG::CCGGGAGGTACGGCCAAAA","0","0","0.71169189","-0.57948099","-0.11111592"
"TTTGGCCGTACCTCCCGGA::TCCGGGAGGTACGGCCAAA","0","0","0.63914015","-0.32444146","0.010055655"
"TTGGCCGTACCTCCCGGAG::CTCCGGGAGGTACGGCCAA","0","0","0.70646021","-0.21481072","-0.089042213"
"TGGCCGTACCTCCCGGAGA::TCTCCGGGAGGTACGGCCA","0","0","0.63605265","-0.2347276","-0.30411023"
"GGCCGTACCTCCCGGAGAG::CTCTCCGGGAGGTACGGCC","1","0","0.43651655","-0.27680532","-0.5946637"
"GCCGTACCTCCCGGAGAGA::TCTCTCCGGGAGGTACGGC","1","0","0.32879728","-0.051073883","-0.5396607"
"CCGTACCTCCCGGAGAGAG::CTCTCTCCGGGAGGTACGG","0","0","0.53073822","0.047462848","-0.67535465"
"CGTACCTCCCGGAGAGAGG::CCTCTCTCCGGGAGGTACG","0","0","0.55267118","-0.0409947","-0.71633414"
"GTACCTCCCGGAGAGAGGG::CCCTCTCTCCGGGAGGTAC","0","0","0.62982855","-0.11330735","-0.75904007"
"TACCTCCCGGAGAGAGGGC::GCCCTCTCTCCGGGAGGTA","0","0","0.65252978","-0.21249091","-0.70268689"
"ACCTCCCGGAGAGAGGGCC::GGCCCTCTCTCCGGGAGGT","0","0","0.54044007","-0.3333124","-0.75587561"
"CCTCCCGGAGAGAGGGCCA::TGGCCCTCTCTCCGGGAGG","0","0","0.35761297","-0.21615297","-0.63120399"
"CTCCCGGAGAGAGGGCCAG::CTGGCCCTCTCTCCGGGAG","0","0","0.47151023","-0.25856748","-0.62344187"
"TCCCGGAGAGAGGGCCAGA::TCTGGCCCTCTCTCCGGGA","0","0","0.50820772","-0.10977318","-0.38116623"
"CCCGGAGAGAGGGCCAGAA::TTCTGGCCCTCTCTCCGGG","0","0","0.36585868","0.074811003","-0.34815582"
"CCGGAGAGAGGGCCAGAAA::TTTCTGGCCCTCTCTCCGG","0","0","0.41768128","0.075281301","-0.22952585"
"CGGAGAGAGGGCCAGAAAC::GTTTCTGGCCCTCTCTCCG","0","0","0.59307837","-0.15719355","-0.44103492"
"GGAGAGAGGGCCAGAAACA::TGTTTCTGGCCCTCTCTCC","0","0","0.56469466","-0.23352536","-0.21693112"
"GAGAGAGGGCCAGAAACAT::ATGTTTCTGGCCCTCTCTC","0","0","0.62680463","-0.43479404","-0.34665083"
"AGAGAGGGCCAGAAACATT::AATGTTTCTGGCCCTCTCT","0","0","0.64313271","-0.57492527","-0.25183929"
"GAGAGGGCCAGAAACATTC::GAATGTTTCTGGCCCTCTC","0","0","0.80783719","-0.63650821","-0.21792505"
"AGAGGGCCAGAAACATTCA::TGAATGTTTCTGGCCCTCT","0","0","0.57148415","-0.60668432","-0.14388469"
"GAGGGCCAGAAACATTCAG::CTGAATGTTTCTGGCCCTC","1","0","0.58727894","-0.43228187","-0.025474295"
"AGGGCCAGAAACATTCAGA::TCTGAATGTTTCTGGCCCT","0","0","0.58918888","-0.46347446","-0.11685619"
"GGGCCAGAAACATTCAGAC::GTCTGAATGTTTCTGGCCC","0","0","0.55173481","-0.34235388","-0.1102722"
"GGCCAGAAACATTCAGACC::GGTCTGAATGTTTCTGGCC","0","0","0.5635686","-0.28454656","0.057002216"
"GCCAGAAACATTCAGACCC::GGGTCTGAATGTTTCTGGC","0","0","0.64685896","-0.38117678","-0.03394803"
"CCAGAAACATTCAGACCCT::AGGGTCTGAATGTTTCTGG","0","0","0.54159779","-0.24711176","-0.049103885"
"CAGAAACATTCAGACCCTG::CAGGGTCTGAATGTTTCTG","0","0","0.62397149","-0.26911957","-0.2772006"
"AGAAACATTCAGACCCTGC::GCAGGGTCTGAATGTTTCT","0","0","0.81600306","-0.1115361","-0.34256925"
"GAAACATTCAGACCCTGCC::GGCAGGGTCTGAATGTTTC","0","0","0.78441668","-0.38042483","-0.54113982"
"AAACATTCAGACCCTGCCT::AGGCAGGGTCTGAATGTTT","0","0","0.84689954","-0.42101971","-0.52796834"
"AACATTCAGACCCTGCCTG::CAGGCAGGGTCTGAATGTT","0","0","0.82036933","-0.43016992","-0.92033822"
"ACATTCAGACCCTGCCTGG::CCAGGCAGGGTCTGAATGT","0","0","0.69113728","-0.35705977","-1.0449176"
"CATTCAGACCCTGCCTGGA::TCCAGGCAGGGTCTGAATG","0","0","0.48696641","-0.30626232","-1.1085688"
"ATTCAGACCCTGCCTGGAA::TTCCAGGCAGGGTCTGAAT","0","0","0.60488314","-0.53431662","-1.0847053"
"TTCAGACCCTGCCTGGAAT::ATTCCAGGCAGGGTCTGAA","0","0","0.65449115","-0.71923608","-1.031949"
"TCAGACCCTGCCTGGAATA::TATTCCAGGCAGGGTCTGA","0","0","0.65178228","-0.7596167","-1.0150231"
"CAGACCCTGCCTGGAATAT::ATATTCCAGGCAGGGTCTG","0","0","0.50145671","-0.61336909","-0.74567109"
"AGACCCTGCCTGGAATATT::AATATTCCAGGCAGGGTCT","0","0","0.65831345","-0.4333674","-0.68531548"
"GACCCTGCCTGGAATATTC::GAATATTCCAGGCAGGGTC","0","0","0.67051932","-0.27443121","-0.76980217"
"ACCCTGCCTGGAATATTCA::TGAATATTCCAGGCAGGGT","0","0","0.5716294","-0.23120786","-0.878314"
"CCCTGCCTGGAATATTCAA::TTGAATATTCCAGGCAGGG","0","0","0.38146273","-0.2322831","-0.73245661"
"CCTGCCTGGAATATTCAAG::CTTGAATATTCCAGGCAGG","0","0","0.62350397","-0.35699659","-0.73760715"
"CTGCCTGGAATATTCAAGA::TCTTGAATATTCCAGGCAG","0","0","0.67605824","-0.62399482","-0.57997593"
"TGCCTGGAATATTCAAGAC::GTCTTGAATATTCCAGGCA","0","0","0.73831182","-0.34159988","-0.45817642"
"GCCTGGAATATTCAAGACA::TGTCTTGAATATTCCAGGC","0","0","0.53131587","-0.046816982","-0.34815697"
"CCTGGAATATTCAAGACAA::TTGTCTTGAATATTCCAGG","0","0","0.49444904","-0.038986965","-0.17419824"
"CTGGAATATTCAAGACAAA::TTTGTCTTGAATATTCCAG","0","0","0.47017988","0.11696736","0.19325688"
"TGGAATATTCAAGACAAAG::CTTTGTCTTGAATATTCCA","0","0","0.81691407","0.20097485","0.33869239"
"GGAATATTCAAGACAAAGG::CCTTTGTCTTGAATATTCC","0","0","0.68143044","0.43016085","0.097996418"
"GAATATTCAAGACAAAGGA::TCCTTTGTCTTGAATATTC","0","0","0.60198826","0.70073085","0.31755198"
"AATATTCAAGACAAAGGAC::GTCCTTTGTCTTGAATATT","0","0","0.72760107","0.85738076","0.38367835"
"ATATTCAAGACAAAGGACG::CGTCCTTTGTCTTGAATAT","0","0","0.85857995","0.88467877","0.20686826"
"TATTCAAGACAAAGGACGG::CCGTCCTTTGTCTTGAATA","0","0","0.80441497","0.77463907","0.18688225"
"ATTCAAGACAAAGGACGGG::CCCGTCCTTTGTCTTGAAT","0","0","0.71933022","0.56411612","0.14604869"
"TTCAAGACAAAGGACGGGG::CCCCGTCCTTTGTCTTGAA","0","0","0.83969859","0.43340462","0.27136717"
"TCAAGACAAAGGACGGGGA::TCCCCGTCCTTTGTCTTGA","0","0","0.63567179","0.33783767","0.16971931"
"CAAGACAAAGGACGGGGAC::GTCCCCGTCCTTTGTCTTG","0","0","0.60774656","0.27811461","0.068052878"
"AAGACAAAGGACGGGGACA::TGTCCCCGTCCTTTGTCTT","0","0","0.6838439","0.42777069","0.094580861"
"AGACAAAGGACGGGGACAT::ATGTCCCCGTCCTTTGTCT","0","0","0.61844801","0.55815901","0.24003582"
"GACAAAGGACGGGGACATC::GATGTCCCCGTCCTTTGTC","0","0","0.61977709","0.36577378","0.20587792"
"ACAAAGGACGGGGACATCG::CGATGTCCCCGTCCTTTGT","0","0","0.82906213","0.34397765","0.10167865"
"CAAAGGACGGGGACATCGG::CCGATGTCCCCGTCCTTTG","0","0","0.76234468","0.27954973","-0.044434729"
"AAAGGACGGGGACATCGGA::TCCGATGTCCCCGTCCTTT","0","0","0.66762876","0.16577313","-0.18283396"
"AAGGACGGGGACATCGGAG::CTCCGATGTCCCCGTCCTT","0","0","0.83460177","0.12583044","0.0094591431"
"AGGACGGGGACATCGGAGC::GCTCCGATGTCCCCGTCCT","0","0","0.82733353","-0.157387","-0.15418099"
"GGACGGGGACATCGGAGCA::TGCTCCGATGTCCCCGTCC","0","0","0.50643773","-0.28754425","-0.3760751"
"GACGGGGACATCGGAGCAG::CTGCTCCGATGTCCCCGTC","0","0","0.65043271","-0.26520596","-0.071076029"
"ACGGGGACATCGGAGCAGT::ACTGCTCCGATGTCCCCGT","0","0","0.65451548","-0.3888105","-0.20845783"
"CGGGGACATCGGAGCAGTT::AACTGCTCCGATGTCCCCG","0","0","0.48248266","-0.37951433","-0.22800867"
"GGGGACATCGGAGCAGTTG::CAACTGCTCCGATGTCCCC","0","0","0.7112095","-0.27858085","-0.19789871"
"GGGACATCGGAGCAGTTGC::GCAACTGCTCCGATGTCCC","0","0","0.74286129","-0.32644861","-0.21693428"
"GGACATCGGAGCAGTTGCT::AGCAACTGCTCCGATGTCC","0","0","0.65540212","-0.28141888","-0.08030952"
"GACATCGGAGCAGTTGCTC::GAGCAACTGCTCCGATGTC","0","0","0.78576268","-0.44372108","-0.16129745"
"ACATCGGAGCAGTTGCTCT::AGAGCAACTGCTCCGATGT","0","0","0.85001273","-0.59774031","-0.35198879"
"CATCGGAGCAGTTGCTCTG::CAGAGCAACTGCTCCGATG","0","0","0.76683044","-0.41900213","-0.42341008"
"ATCGGAGCAGTTGCTCTGG::CCAGAGCAACTGCTCCGAT","0","0","0.82028089","-0.20684592","-0.24529509"
"TCGGAGCAGTTGCTCTGGA::TCCAGAGCAACTGCTCCGA","0","0","0.69637306","-0.15144184","-0.3142777"
"CGGAGCAGTTGCTCTGGAC::GTCCAGAGCAACTGCTCCG","0","0","0.63619347","-0.15437962","-0.24471231"
"GGAGCAGTTGCTCTGGACT::AGTCCAGAGCAACTGCTCC","0","0","0.6997008","-0.18287514","-0.32475525"
"GAGCAGTTGCTCTGGACTA::TAGTCCAGAGCAACTGCTC","0","0","0.63117057","-0.098864872","-0.3777104"
"AGCAGTTGCTCTGGACTAC::GTAGTCCAGAGCAACTGCT","0","0","0.70874922","-0.17030023","-0.3536041"
"GCAGTTGCTCTGGACTACC::GGTAGTCCAGAGCAACTGC","0","0","0.74609425","-0.22118554","-0.72694671"
"CAGTTGCTCTGGACTACCC::GGGTAGTCCAGAGCAACTG","0","0","0.76818053","-0.11802274","-0.64798593"
"AGTTGCTCTGGACTACCCT::AGGGTAGTCCAGAGCAACT","0","0","0.80602299","0.045363804","-0.57445663"
"GTTGCTCTGGACTACCCTG::CAGGGTAGTCCAGAGCAAC","0","0","0.71883905","0.11598293","-0.72061001"
"TTGCTCTGGACTACCCTGC::GCAGGGTAGTCCAGAGCAA","0","0","0.96864601","0.42703112","-0.82217236"
"TGCTCTGGACTACCCTGCA::TGCAGGGTAGTCCAGAGCA","0","0","0.71624473","0.49068134","-0.86310071"
"GCTCTGGACTACCCTGCAG::CTGCAGGGTAGTCCAGAGC","0","0","0.57443829","0.44383612","-0.83450625"
"CTCTGGACTACCCTGCAGG::CCTGCAGGGTAGTCCAGAG","0","0","0.76570778","0.34322303","-0.53597346"
"TCTGGACTACCCTGCAGGG::CCCTGCAGGGTAGTCCAGA","0","0","0.68174996","0.090164984","-0.30779232"
"CTGGACTACCCTGCAGGGA::TCCCTGCAGGGTAGTCCAG","0","0","0.58343473","-0.19921143","-0.58310808"
"TGGACTACCCTGCAGGGAC::GTCCCTGCAGGGTAGTCCA","0","0","0.80824754","-0.28401369","-0.68127109"
"GGACTACCCTGCAGGGACC::GGTCCCTGCAGGGTAGTCC","0","0","0.56970765","-0.35341139","-0.76354631"
"GACTACCCTGCAGGGACCT::AGGTCCCTGCAGGGTAGTC","0","0","0.60122077","-0.48921474","-0.70253968"
"ACTACCCTGCAGGGACCTC::GAGGTCCCTGCAGGGTAGT","0","0","0.58334965","-0.4563322","-0.73176885"
"CTACCCTGCAGGGACCTCA::TGAGGTCCCTGCAGGGTAG","0","0","0.60946653","-0.48342376","-0.86828268"
"TACCCTGCAGGGACCTCAG::CTGAGGTCCCTGCAGGGTA","0","0","0.70363204","-0.564025","-0.84637483"
"ACCCTGCAGGGACCTCAGG::CCTGAGGTCCCTGCAGGGT","0","0","0.52251801","-0.58103047","-0.76332411"
"CCCTGCAGGGACCTCAGGA::TCCTGAGGTCCCTGCAGGG","0","0","0.43805412","-0.7466167","-0.81065699"
"CCTGCAGGGACCTCAGGAT::ATCCTGAGGTCCCTGCAGG","0","0","0.43778616","-0.9063626","-0.71208556"
"CTGCAGGGACCTCAGGATC::GATCCTGAGGTCCCTGCAG","0","0","0.64950654","-1.1613227","-0.57312932"
"TGCAGGGACCTCAGGATCT::AGATCCTGAGGTCCCTGCA","0","0","0.7367017","-1.1281932","-0.47884092"
"GCAGGGACCTCAGGATCTC::GAGATCCTGAGGTCCCTGC","0","0","0.53382201","-0.94314938","-0.42109452"
"CAGGGACCTCAGGATCTCC::GGAGATCCTGAGGTCCCTG","0","0","0.60984443","-0.80240062","-0.64109791"
"AGGGACCTCAGGATCTCCG::CGGAGATCCTGAGGTCCCT","0","0","0.76456833","-0.66075663","-0.68480342"
"GGGACCTCAGGATCTCCGA::TCGGAGATCCTGAGGTCCC","0","0","0.50460885","-0.60381884","-0.5514694"
"GGACCTCAGGATCTCCGAT::ATCGGAGATCCTGAGGTCC","0","0","0.48080395","-0.54853199","-0.40200316"
"GACCTCAGGATCTCCGATC::GATCGGAGATCCTGAGGTC","0","0","0.68370971","-0.45268592","-0.31702291"
"ACCTCAGGATCTCCGATCC::GGATCGGAGATCCTGAGGT","0","0","0.66279042","-0.30837949","-0.38811614"
"CCTCAGGATCTCCGATCCT::AGGATCGGAGATCCTGAGG","0","0","0.51575976","-0.27757156","-0.3681807"
"CTCAGGATCTCCGATCCTA::TAGGATCGGAGATCCTGAG","0","0","0.54873076","-0.23034144","-0.25445776"
"TCAGGATCTCCGATCCTAG::CTAGGATCGGAGATCCTGA","0","0","0.80341543","-0.22238205","-0.27620529"
"CAGGATCTCCGATCCTAGA::TCTAGGATCGGAGATCCTG","0","0","0.57043704","-0.27173549","-0.40061217"
"AGGATCTCCGATCCTAGAC::GTCTAGGATCGGAGATCCT","0","0","0.81096605","-0.18276499","-0.34293312"
"GGATCTCCGATCCTAGACA::TGTCTAGGATCGGAGATCC","0","0","0.60612357","0.04069169","-0.38318139"
"GATCTCCGATCCTAGACAA::TTGTCTAGGATCGGAGATC","0","0","0.54012221","0.032338561","-0.36163179"
"ATCTCCGATCCTAGACAAA::TTTGTCTAGGATCGGAGAT","0","0","0.62006004","0.0086467329","-0.22595194"
"TCTCCGATCCTAGACAAAT::ATTTGTCTAGGATCGGAGA","0","0","0.77768783","-0.06773739","-0.34214975"
"CTCCGATCCTAGACAAATG::CATTTGTCTAGGATCGGAG","0","0","0.7298599","-0.055560048","-0.30136211"
"TCCGATCCTAGACAAATGT::ACATTTGTCTAGGATCGGA","0","0","0.79313855","-0.14275061","-0.3975066"
"CCGATCCTAGACAAATGTG::CACATTTGTCTAGGATCGG","0","0","0.63431395","-0.094315145","-0.46793999"
"CGATCCTAGACAAATGTGG::CCACATTTGTCTAGGATCG","0","0","0.7146849","-0.21419923","-0.47790056"
"GATCCTAGACAAATGTGGA::TCCACATTTGTCTAGGATC","0","0","0.63211535","-0.27376241","-0.54523173"
"ATCCTAGACAAATGTGGAA::TTCCACATTTGTCTAGGAT","0","0","0.6907083","-0.4585715","-0.41302238"
"TCCTAGACAAATGTGGAAG::CTTCCACATTTGTCTAGGA","0","0","0.80752485","-0.53832047","-0.63687384"
"CCTAGACAAATGTGGAAGA::TCTTCCACATTTGTCTAGG","0","0","0.48866527","-0.39212293","-0.50765872"
"CTAGACAAATGTGGAAGAG::CTCTTCCACATTTGTCTAG","0","0","0.65935084","-0.31349229","-0.19853429"
"TAGACAAATGTGGAAGAGT::ACTCTTCCACATTTGTCTA","0","0","0.86401948","-0.31388246","-0.058729642"
"AGACAAATGTGGAAGAGTG::CACTCTTCCACATTTGTCT","0","1","0.7672693","-0.37829667","-0.074874943"
"GACAAATGTGGAAGAGTGA::TCACTCTTCCACATTTGTC","0","0","0.61088429","-0.52507491","-0.07112876"
"ACAAATGTGGAAGAGTGAT::ATCACTCTTCCACATTTGT","0","0","0.71769902","-0.43213623","-0.18450642"
"CAAATGTGGAAGAGTGATA::TATCACTCTTCCACATTTG","0","0","0.64028335","-0.50287257","-0.31785602"
"AAATGTGGAAGAGTGATAG::CTATCACTCTTCCACATTT","0","0","0.87171165","-0.51971461","-0.20883106"
"AATGTGGAAGAGTGATAGG::CCTATCACTCTTCCACATT","0","0","0.7436027","-0.62884864","-0.30564897"
"ATGTGGAAGAGTGATAGGA::TCCTATCACTCTTCCACAT","0","0","0.74893374","-0.64924307","-0.32755658"
"TGTGGAAGAGTGATAGGAC::GTCCTATCACTCTTCCACA","0","0","0.84982553","-0.49168933","-0.087982408"
"GTGGAAGAGTGATAGGACT::AGTCCTATCACTCTTCCAC","0","0","0.68902756","-0.3252791","-0.047678384"
"TGGAAGAGTGATAGGACTC::GAGTCCTATCACTCTTCCA","0","0","0.90805689","-0.27705976","-0.041783504"
"GGAAGAGTGATAGGACTCT::AGAGTCCTATCACTCTTCC","0","0","0.66232895","-0.11152028","-0.20935797"
"GAAGAGTGATAGGACTCTA::TAGAGTCCTATCACTCTTC","0","0","0.6770829","-0.083692789","-0.041570912"
"AAGAGTGATAGGACTCTAT::ATAGAGTCCTATCACTCTT","0","0","0.8440458","-0.092048153","-0.097266392"
"AGAGTGATAGGACTCTATG::CATAGAGTCCTATCACTCT","0","0","0.84419574","-0.21645262","-0.40007132"
"GAGTGATAGGACTCTATGG::CCATAGAGTCCTATCACTC","0","0","0.785515","-0.21123555","-0.42656991"
"AGTGATAGGACTCTATGGC::GCCATAGAGTCCTATCACT","0","0","0.85340518","-0.051858125","-0.45036725"
"GTGATAGGACTCTATGGCA::TGCCATAGAGTCCTATCAC","0","0","0.66804725","-0.14626814","-0.57460568"
"TGATAGGACTCTATGGCAA::TTGCCATAGAGTCCTATCA","0","0","0.7482647","-0.19249622","-0.5780619"
"GATAGGACTCTATGGCAAT::ATTGCCATAGAGTCCTATC","0","0","0.59911955","-0.30625933","-0.64680183"
"ATAGGACTCTATGGCAATG::CATTGCCATAGAGTCCTAT","0","0","0.81399729","-0.28761179","-0.64204041"
"TAGGACTCTATGGCAATGG::CCATTGCCATAGAGTCCTA","0","0","0.96075749","-0.22789255","-0.43723054"
"AGGACTCTATGGCAATGGG::CCCATTGCCATAGAGTCCT","0","0","0.65749322","-0.30174493","-0.36881648"
"GGACTCTATGGCAATGGGG::CCCCATTGCCATAGAGTCC","0","0","0.65644093","-0.59619615","-0.64994985"
"GACTCTATGGCAATGGGGT::ACCCCATTGCCATAGAGTC","0","0","0.63517285","-0.72663753","-0.7317935"
"ACTCTATGGCAATGGGGTT::AACCCCATTGCCATAGAGT","0","0","0.53800967","-0.91563764","-0.67314559"
"CTCTATGGCAATGGGGTTG::CAACCCCATTGCCATAGAG","0","0","0.62136194","-1.0274821","-0.63722619"
"TCTATGGCAATGGGGTTGT::ACAACCCCATTGCCATAGA","0","0","0.65819433","-0.94836736","-0.61531212"
"CTATGGCAATGGGGTTGTG::CACAACCCCATTGCCATAG","0","0","0.46455444","-1.0423546","-0.5244589"
"TATGGCAATGGGGTTGTGA::TCACAACCCCATTGCCATA","0","0","0.74222193","-0.99154759","-0.49671406"
"ATGGCAATGGGGTTGTGAT::ATCACAACCCCATTGCCAT","0","0","0.66516128","-0.88401912","-0.5504909"
"TGGCAATGGGGTTGTGATC::GATCACAACCCCATTGCCA","0","0","0.72168821","-0.89617352","-0.48764383"
"GGCAATGGGGTTGTGATCA::TGATCACAACCCCATTGCC","0","0","0.52983849","-0.82034537","-0.28088265"
"GCAATGGGGTTGTGATCAA::TTGATCACAACCCCATTGC","0","0","0.38969229","-0.69258829","-0.17282209"
"CAATGGGGTTGTGATCAAG::CTTGATCACAACCCCATTG","0","0","0.6339714","-0.55230394","-0.20411248"
"AATGGGGTTGTGATCAAGA::TCTTGATCACAACCCCATT","0","0","0.76429537","-0.60773474","-0.24259363"
"ATGGGGTTGTGATCAAGAA::TTCTTGATCACAACCCCAT","0","0","0.67390218","-0.62681639","-0.27746714"
"TGGGGTTGTGATCAAGAAT::ATTCTTGATCACAACCCCA","0","0","0.72343483","-0.38549258","-0.16868887"
"GGGGTTGTGATCAAGAATG::CATTCTTGATCACAACCCC","0","0","0.67699118","-0.12979958","0.038590152"
"GGGTTGTGATCAAGAATGG::CCATTCTTGATCACAACCC","0","0","0.54368066","-0.021094094","0.2846568"
"GGTTGTGATCAAGAATGGA::TCCATTCTTGATCACAACC","0","0","0.48781271","0.18482384","0.49811317"
"GTTGTGATCAAGAATGGAA::TTCCATTCTTGATCACAAC","0","0","0.58563977","0.13240499","0.63944008"
"TTGTGATCAAGAATGGAAG::CTTCCATTCTTGATCACAA","0","0","0.86902383","0.021096404","0.44933991"
"TGTGATCAAGAATGGAAGC::GCTTCCATTCTTGATCACA","0","0","0.73160167","-0.058523111","0.36938634"
"GTGATCAAGAATGGAAGCT::AGCTTCCATTCTTGATCAC","0","0","0.64356715","0.10990278","0.64028347"
"TGATCAAGAATGGAAGCTA::TAGCTTCCATTCTTGATCA","0","0","0.73594114","0.046729234","0.68944628"
"GATCAAGAATGGAAGCTAT::ATAGCTTCCATTCTTGATC","0","0","0.52559356","-0.044361054","0.65266539"
"ATCAAGAATGGAAGCTATG::CATAGCTTCCATTCTTGAT","0","0","0.81672017","-0.17675619","0.45241309"
"TCAAGAATGGAAGCTATGT::ACATAGCTTCCATTCTTGA","0","0","0.82703576","-0.29683857","0.45782523"
"CAAGAATGGAAGCTATGTT::AACATAGCTTCCATTCTTG","0","0","0.63967464","-0.39338246","0.35085188"
"AAGAATGGAAGCTATGTTA::TAACATAGCTTCCATTCTT","0","0","0.76882842","-0.24558334","0.16935551"
"AGAATGGAAGCTATGTTAG::CTAACATAGCTTCCATTCT","0","0","0.74736984","-0.23739749","-0.0062017198"
"GAATGGAAGCTATGTTAGT::ACTAACATAGCTTCCATTC","0","0","0.58449369","-0.33833864","-0.096311989"
"AATGGAAGCTATGTTAGTG::CACTAACATAGCTTCCATT","0","0","0.85625085","-0.52575523","-0.28403906"
"ATGGAAGCTATGTTAGTGC::GCACTAACATAGCTTCCAT","0","0","0.91414676","-0.73503092","-0.62506631"
"TGGAAGCTATGTTAGTGCT::AGCACTAACATAGCTTCCA","0","0","0.78995414","-0.87055763","-1.0534449"
"GGAAGCTATGTTAGTGCTA::TAGCACTAACATAGCTTCC","0","0","0.57965426","-0.81960233","-1.2862934"
"GAAGCTATGTTAGTGCTAT::ATAGCACTAACATAGCTTC","0","0","0.67548422","-0.69618464","-0.94932347"
"AAGCTATGTTAGTGCTATA::TATAGCACTAACATAGCTT","0","0","0.69523577","-0.6130973","-1.0206114"
"AGCTATGTTAGTGCTATAA::TTATAGCACTAACATAGCT","0","0","0.67529661","-0.81836744","-1.1273656"
"GCTATGTTAGTGCTATAAC::GTTATAGCACTAACATAGC","0","0","0.6598594","-0.88638491","-1.1153496"
"CTATGTTAGTGCTATAACC::GGTTATAGCACTAACATAG","0","0","0.89935542","-0.91903983","-1.2659207"
"TATGTTAGTGCTATAACCC::GGGTTATAGCACTAACATA","0","0","1.0191254","-0.821307","-1.3174974"
"ATGTTAGTGCTATAACCCA::TGGGTTATAGCACTAACAT","0","0","0.78612901","-0.77637296","-1.589206"
"TGTTAGTGCTATAACCCAG::CTGGGTTATAGCACTAACA","0","0","0.88069147","-0.71379002","-1.6664027"
"GTTAGTGCTATAACCCAGG::CCTGGGTTATAGCACTAAC","0","0","0.83972309","-1.0521407","-1.673356"
"TTAGTGCTATAACCCAGGG::CCCTGGGTTATAGCACTAA","0","0","0.91299492","-1.1300692","-1.5090562"
"TAGTGCTATAACCCAGGGA::TCCCTGGGTTATAGCACTA","0","0","0.84409268","-1.3040433","-1.6925688"
"AGTGCTATAACCCAGGGAA::TTCCCTGGGTTATAGCACT","0","0","0.63509871","-1.3217791","-1.5853569"
"GTGCTATAACCCAGGGAAA::TTTCCCTGGGTTATAGCAC","0","0","0.48673198","-1.2228642","-1.2687095"
"TGCTATAACCCAGGGAAAG::CTTTCCCTGGGTTATAGCA","0","0","0.73704754","-1.044746","-1.0368649"
"GCTATAACCCAGGGAAAGA::TCTTTCCCTGGGTTATAGC","0","0","0.49178279","-0.94445669","-0.68098186"
"CTATAACCCAGGGAAAGAG::CTCTTTCCCTGGGTTATAG","0","0","0.72387441","-0.92025795","-0.47464648"
"TATAACCCAGGGAAAGAGG::CCTCTTTCCCTGGGTTATA","0","0","0.84182014","-1.0546592","-0.47154489"
"ATAACCCAGGGAAAGAGGG::CCCTCTTTCCCTGGGTTAT","0","0","0.8096881","-1.0580366","-0.59400681"
"TAACCCAGGGAAAGAGGGA::TCCCTCTTTCCCTGGGTTA","0","0","0.73976742","-1.0388356","-0.68597652"
"AACCCAGGGAAAGAGGGAG::CTCCCTCTTTCCCTGGGTT","0","0","0.72856986","-1.172424","-0.63143348"
"ACCCAGGGAAAGAGGGAGG::CCTCCCTCTTTCCCTGGGT","0","0","0.5959809","-1.1781965","-0.49462384"
"CCCAGGGAAAGAGGGAGGA::TCCTCCCTCTTTCCCTGGG","0","0","0.47538151","-1.313932","-0.35272579"
"CCAGGGAAAGAGGGAGGAG::CTCCTCCCTCTTTCCCTGG","0","0","0.51799907","-1.341723","-0.12565997"
"CAGGGAAAGAGGGAGGAGG::CCTCCTCCCTCTTTCCCTG","0","1","0.70533404","-1.0515309","0.011164975"
"AGGGAAAGAGGGAGGAGGA::TCCTCCTCCCTCTTTCCCT","1","1","0.61623354","-0.97184225","-0.117755"
"GGGAAAGAGGGAGGAGGAG::CTCCTCCTCCCTCTTTCCC","0","1","0.6020494","-0.90661307","-0.034177023"
"GGAAAGAGGGAGGAGGAGA::TCTCCTCCTCCCTCTTTCC","0","1","0.56733219","-0.78467805","-0.014184966"
"GAAAGAGGGAGGAGGAGAC::GTCTCCTCCTCCCTCTTTC","0","0","0.72635238","-0.62255395","-0.10110011"
"AAAGAGGGAGGAGGAGACT::AGTCTCCTCCTCCCTCTTT","0","0","0.75269555","-0.84177214","-0.15161895"
"AAGAGGGAGGAGGAGACTC::GAGTCTCCTCCTCCCTCTT","0","0","0.81213699","-0.83182213","-0.40846656"
"AGAGGGAGGAGGAGACTCC::GGAGTCTCCTCCTCCCTCT","0","0","0.67872484","-0.89435665","-0.59443817"
"GAGGGAGGAGGAGACTCCG::CGGAGTCTCCTCCTCCCTC","0","1","0.71976267","-0.6999264","-0.49734559"
"AGGGAGGAGGAGACTCCGG::CCGGAGTCTCCTCCTCCCT","0","0","0.70704648","-0.5364713","-0.32490459"
"GGGAGGAGGAGACTCCGGT::ACCGGAGTCTCCTCCTCCC","0","0","0.60674656","-0.37600173","-0.21754757"
"GGAGGAGGAGACTCCGGTT::AACCGGAGTCTCCTCCTCC","0","0","0.51367382","-0.35472611","-0.25063952"
"GAGGAGGAGACTCCGGTTG::CAACCGGAGTCTCCTCCTC","0","0","0.65431018","-0.47679629","-0.30352445"
"AGGAGGAGACTCCGGTTGA::TCAACCGGAGTCTCCTCCT","0","0","0.58763978","-0.5413357","-0.29362495"
"GGAGGAGACTCCGGTTGAA::TTCAACCGGAGTCTCCTCC","0","0","0.42087958","-0.39695503","-0.23908806"
"GAGGAGACTCCGGTTGAAT::ATTCAACCGGAGTCTCCTC","0","0","0.59359794","-0.4797142","-0.1444757"
"AGGAGACTCCGGTTGAATG::CATTCAACCGGAGTCTCCT","0","0","0.71847931","-0.32316357","0.022446242"
"GGAGACTCCGGTTGAATGT::ACATTCAACCGGAGTCTCC","0","0","0.58734929","-0.26927547","0.020213805"
"GAGACTCCGGTTGAATGTT::AACATTCAACCGGAGTCTC","0","0","0.54707219","-0.39342813","-0.24349676"
"AGACTCCGGTTGAATGTTT::AAACATTCAACCGGAGTCT","0","0","0.639747","-0.17191676","-0.30255071"
"GACTCCGGTTGAATGTTTC::GAAACATTCAACCGGAGTC","0","0","0.65979906","-0.13961014","-0.31871225"
"ACTCCGGTTGAATGTTTCG::CGAAACATTCAACCGGAGT","0","0","0.78588741","-0.11698972","-0.28803955"
"CTCCGGTTGAATGTTTCGA::TCGAAACATTCAACCGGAG","0","0","0.632413","-0.080506298","-0.27416569"
"TCCGGTTGAATGTTTCGAA::TTCGAAACATTCAACCGGA","0","0","0.70690313","-0.14957577","-0.34281789"
"CCGGTTGAATGTTTCGAAC::GTTCGAAACATTCAACCGG","0","0","0.64279721","-0.18812828","-0.51341305"
"CGGTTGAATGTTTCGAACC::GGTTCGAAACATTCAACCG","0","0","0.72966324","-0.17152455","-0.58933721"
"GGTTGAATGTTTCGAACCC::GGGTTCGAAACATTCAACC","0","0","0.62321632","-0.10822795","-0.68684224"
"GTTGAATGTTTCGAACCCT::AGGGTTCGAAACATTCAAC","0","0","0.68905511","0.037867648","-0.67000502"
"TTGAATGTTTCGAACCCTC::GAGGGTTCGAAACATTCAA","0","0","0.95899235","0.089675526","-0.73653993"
"TGAATGTTTCGAACCCTCG::CGAGGGTTCGAAACATTCA","0","0","0.96479782","-0.10900112","-0.85415389"
"GAATGTTTCGAACCCTCGA::TCGAGGGTTCGAAACATTC","0","0","0.6481182","-0.046175813","-0.93026245"
"AATGTTTCGAACCCTCGAT::ATCGAGGGTTCGAAACATT","0","0","0.73939964","-0.18478052","-1.0402847"
"ATGTTTCGAACCCTCGATG::CATCGAGGGTTCGAAACAT","0","0","0.77680037","-0.2033483","-1.0630771"
"TGTTTCGAACCCTCGATGC::GCATCGAGGGTTCGAAACA","0","0","0.78576268","-0.1066651","-0.9356379"
"GTTTCGAACCCTCGATGCT::AGCATCGAGGGTTCGAAAC","0","0","0.59502985","-0.40567672","-0.908306"
"TTTCGAACCCTCGATGCTG::CAGCATCGAGGGTTCGAAA","0","0","0.81820678","-0.48597395","-1.0618783"
"TTCGAACCCTCGATGCTGA::TCAGCATCGAGGGTTCGAA","0","0","0.66945586","-0.33415525","-0.92984914"
"TCGAACCCTCGATGCTGAA::TTCAGCATCGAGGGTTCGA","0","0","0.54806931","-0.22446621","-0.90496239"
"CGAACCCTCGATGCTGAAG::CTTCAGCATCGAGGGTTCG","0","0","0.52786868","-0.10095127","-0.7555908"
"GAACCCTCGATGCTGAAGA::TCTTCAGCATCGAGGGTTC","0","0","0.63853937","-0.055507004","-0.67829954"
"AACCCTCGATGCTGAAGAA::TTCTTCAGCATCGAGGGTT","0","0","0.49848755","-0.15034795","-0.47124992"
"ACCCTCGATGCTGAAGAAG::CTTCTTCAGCATCGAGGGT","0","0","0.60143735","-0.14961488","-0.14193398"
"CCCTCGATGCTGAAGAAGA::TCTTCTTCAGCATCGAGGG","0","0","0.46524586","-0.088224022","-0.020362274"
"CCTCGATGCTGAAGAAGAA::TTCTTCTTCAGCATCGAGG","0","0","0.37171676","-0.031569683","0.23702484"
"CTCGATGCTGAAGAAGAAG::CTTCTTCTTCAGCATCGAG","0","0","0.62286543","0.067602983","0.46198348"
"TCGATGCTGAAGAAGAAGC::GCTTCTTCTTCAGCATCGA","0","0","0.81411476","-0.00033151961","0.5066503"
"CGATGCTGAAGAAGAAGCA::TGCTTCTTCTTCAGCATCG","0","0","0.43422554","0.12887483","0.78554073"
"GATGCTGAAGAAGAAGCAG::CTGCTTCTTCTTCAGCATC","0","0","0.55592081","0.23518045","1.0917386"
"ATGCTGAAGAAGAAGCAGC::GCTGCTTCTTCTTCAGCAT","0","0","0.77691678","0.15626459","1.0353272"
"TGCTGAAGAAGAAGCAGCT::AGCTGCTTCTTCTTCAGCA","0","0","0.71451911","0.20343222","0.96683129"
"GCTGAAGAAGAAGCAGCTA::TAGCTGCTTCTTCTTCAGC","0","0","0.42862876","0.38790479","1.1615503"
"CTGAAGAAGAAGCAGCTAA::TTAGCTGCTTCTTCTTCAG","0","0","0.53242839","0.17894108","1.0910298"
"TGAAGAAGAAGCAGCTAAC::GTTAGCTGCTTCTTCTTCA","0","0","0.79397421","0.050757923","1.0707611"
"GAAGAAGAAGCAGCTAACT::AGTTAGCTGCTTCTTCTTC","0","0","0.63118243","-0.063215439","0.98111858"
"AAGAAGAAGCAGCTAACTG::CAGTTAGCTGCTTCTTCTT","0","0","0.82380212","-0.28189486","0.81979215"
"AGAAGAAGCAGCTAACTGT::ACAGTTAGCTGCTTCTTCT","0","0","0.77253326","-0.38391735","0.54282369"
"GAAGAAGCAGCTAACTGTC::GACAGTTAGCTGCTTCTTC","0","0","0.78378799","-0.44974608","0.40312159"
"AAGAAGCAGCTAACTGTCT::AGACAGTTAGCTGCTTCTT","0","0","0.85287848","-0.56296371","0.51691592"
"AGAAGCAGCTAACTGTCTT::AAGACAGTTAGCTGCTTCT","0","0","0.80796386","-0.5490452","0.4319884"
"GAAGCAGCTAACTGTCTTG::CAAGACAGTTAGCTGCTTC","0","0","0.80493846","-0.48845885","0.22271182"
"AAGCAGCTAACTGTCTTGG::CCAAGACAGTTAGCTGCTT","0","0","0.90922533","-0.45563527","0.28604253"
"AGCAGCTAACTGTCTTGGA::TCCAAGACAGTTAGCTGCT","0","0","0.73021054","-0.68234765","-0.040850295"
"GCAGCTAACTGTCTTGGAT::ATCCAAGACAGTTAGCTGC","0","0","0.63786337","-0.67125629","-0.23597853"
"CAGCTAACTGTCTTGGATC::GATCCAAGACAGTTAGCTG","0","0","0.84895764","-0.59675816","-0.05323834"
"AGCTAACTGTCTTGGATCT::AGATCCAAGACAGTTAGCT","0","0","0.74733539","-0.58650703","0.022978388"
"GCTAACTGTCTTGGATCTG::CAGATCCAAGACAGTTAGC","0","0","0.66930321","-0.56263307","0.018416586"
"CTAACTGTCTTGGATCTGC::GCAGATCCAAGACAGTTAG","0","0","0.87999913","-0.46515983","0.0090082136"
"TAACTGTCTTGGATCTGCA::TGCAGATCCAAGACAGTTA","0","0","0.93491146","-0.37169088","-0.07281684"
"AACTGTCTTGGATCTGCAT::ATGCAGATCCAAGACAGTT","0","0","0.79875818","-0.47748464","-0.19757426"
"ACTGTCTTGGATCTGCATC::GATGCAGATCCAAGACAGT","0","0","0.91721105","-0.46853622","-0.10815775"
"CTGTCTTGGATCTGCATCC::GGATGCAGATCCAAGACAG","0","0","0.88091057","-0.41818688","0.093522086"
"TGTCTTGGATCTGCATCCA::TGGATGCAGATCCAAGACA","0","0","0.79365933","-0.34717179","0.10290463"
"GTCTTGGATCTGCATCCAG::CTGGATGCAGATCCAAGAC","0","0","0.71772713","-0.41172686","-0.069863954"
"TCTTGGATCTGCATCCAGG::CCTGGATGCAGATCCAAGA","0","0","0.9139619","-0.62258474","-0.22610438"
"CTTGGATCTGCATCCAGGA::TCCTGGATGCAGATCCAAG","0","0","0.69675777","-0.76879677","-0.24377348"
"TTGGATCTGCATCCAGGAG::CTCCTGGATGCAGATCCAA","0","0","0.82814183","-0.77158974","-0.37199759"
"TGGATCTGCATCCAGGAGC::GCTCCTGGATGCAGATCCA","0","0","0.93617633","-0.76392571","-0.33201743"
"GGATCTGCATCCAGGAGCC::GGCTCCTGGATGCAGATCC","0","0","0.63299659","-0.83428018","-0.40926414"
"GATCTGCATCCAGGAGCCG::CGGCTCCTGGATGCAGATC","0","0","0.636614","-0.85327036","-0.49273866"
"ATCTGCATCCAGGAGCCGG::CCGGCTCCTGGATGCAGAT","0","0","0.79785025","-0.83871653","-0.45734551"
"TCTGCATCCAGGAGCCGGA::TCCGGCTCCTGGATGCAGA","0","0","0.69732454","-0.68806687","-0.38435712"
"CTGCATCCAGGAGCCGGAA::TTCCGGCTCCTGGATGCAG","0","0","0.49304068","-0.77463647","-0.4423301"
"TGCATCCAGGAGCCGGAAA::TTTCCGGCTCCTGGATGCA","0","0","0.54692122","-0.90562043","-0.22397242"
"GCATCCAGGAGCCGGAAAA::TTTTCCGGCTCCTGGATGC","0","0","0.42821966","-0.71212473","0.05952225"
"CATCCAGGAGCCGGAAAAA::TTTTTCCGGCTCCTGGATG","0","0","0.43480935","-0.25366093","0.31283834"
"ATCCAGGAGCCGGAAAAAC::GTTTTTCCGGCTCCTGGAT","0","0","0.72168155","-0.36568828","0.26284985"
"TCCAGGAGCCGGAAAAACC::GGTTTTTCCGGCTCCTGGA","0","0","0.83942105","-0.48271251","0.22900934"
"CCAGGAGCCGGAAAAACCA::TGGTTTTTCCGGCTCCTGG","0","0","0.60154859","-0.44537141","0.20053659"
"CAGGAGCCGGAAAAACCAG::CTGGTTTTTCCGGCTCCTG","0","0","0.67222112","-0.34354399","0.40947132"
"AGGAGCCGGAAAAACCAGG::CCTGGTTTTTCCGGCTCCT","0","0","0.78512642","-0.47290414","0.33713678"
"GGAGCCGGAAAAACCAGGA::TCCTGGTTTTTCCGGCTCC","0","0","0.64020239","-0.48715532","0.31557366"
"GAGCCGGAAAAACCAGGAG::CTCCTGGTTTTTCCGGCTC","0","0","0.69634593","-0.45392552","0.25857893"
"AGCCGGAAAAACCAGGAGA::TCTCCTGGTTTTTCCGGCT","0","0","0.62729841","-0.44374526","0.32500162"
"GCCGGAAAAACCAGGAGAG::CTCTCCTGGTTTTTCCGGC","0","0","0.56207256","-0.36740713","0.20591993"
"CCGGAAAAACCAGGAGAGT::ACTCTCCTGGTTTTTCCGG","0","0","0.52877216","-0.51131304","0.19740022"
"CGGAAAAACCAGGAGAGTT::AACTCTCCTGGTTTTTCCG","0","0","0.57316621","-0.70859315","0.16725017"
"GGAAAAACCAGGAGAGTTC::GAACTCTCCTGGTTTTTCC","0","0","0.69621989","-0.61835748","0.2741129"
"GAAAAACCAGGAGAGTTCT::AGAACTCTCCTGGTTTTTC","0","0","0.67304477","-0.66021915","0.12419334"
"AAAAACCAGGAGAGTTCTT::AAGAACTCTCCTGGTTTTT","0","0","0.69237845","-0.60008058","-0.078387177"
"AAAACCAGGAGAGTTCTTC::GAAGAACTCTCCTGGTTTT","0","0","0.90808697","-0.90606126","-0.23152522"
"AAACCAGGAGAGTTCTTCC::GGAAGAACTCTCCTGGTTT","0","0","0.8699647","-1.0226518","-0.2763006"
"AACCAGGAGAGTTCTTCCT::AGGAAGAACTCTCCTGGTT","0","0","0.80055189","-1.1281558","-0.41043467"
"ACCAGGAGAGTTCTTCCTG::CAGGAAGAACTCTCCTGGT","0","0","0.73348587","-1.1294187","-0.47951592"
"CCAGGAGAGTTCTTCCTGA::TCAGGAAGAACTCTCCTGG","0","0","0.51691808","-0.993047","-0.57937217"
"CAGGAGAGTTCTTCCTGAA::TTCAGGAAGAACTCTCCTG","0","0","0.53427784","-0.66988475","-0.43408583"
"AGGAGAGTTCTTCCTGAAA::TTTCAGGAAGAACTCTCCT","1","0","0.58813943","-0.51598445","-0.46541825"
"GGAGAGTTCTTCCTGAAAT::ATTTCAGGAAGAACTCTCC","1","0","0.58015579","-0.49627989","-0.35179872"
"GAGAGTTCTTCCTGAAATA::TATTTCAGGAAGAACTCTC","0","0","0.58332981","-0.49930916","-0.25574349"
"AGAGTTCTTCCTGAAATAG::CTATTTCAGGAAGAACTCT","0","0","0.76048574","-0.50210205","-0.092824866"
"GAGTTCTTCCTGAAATAGT::ACTATTTCAGGAAGAACTC","0","0","0.67423333","-0.5064234","-0.17150811"
"AGTTCTTCCTGAAATAGTC::GACTATTTCAGGAAGAACT","0","0","0.87861658","-0.51290392","-0.25313338"
"GTTCTTCCTGAAATAGTCC::GGACTATTTCAGGAAGAAC","0","0","0.79052794","-0.59238996","-0.27524326"
"TTCTTCCTGAAATAGTCCG::CGGACTATTTCAGGAAGAA","0","0","0.99214309","-0.47756875","-0.20512814"
"TCTTCCTGAAATAGTCCGT::ACGGACTATTTCAGGAAGA","0","0","0.85338356","-0.72018323","-0.18261504"
"CTTCCTGAAATAGTCCGTG::CACGGACTATTTCAGGAAG","0","0","0.82122606","-0.93082411","-0.33458272"
"TTCCTGAAATAGTCCGTGA::TCACGGACTATTTCAGGAA","0","0","0.83991474","-0.63949037","-0.30180433"
"TCCTGAAATAGTCCGTGAA::TTCACGGACTATTTCAGGA","0","0","0.73541626","-0.46377751","-0.27577538"
"CCTGAAATAGTCCGTGAAG::CTTCACGGACTATTTCAGG","0","0","0.6315401","-0.2954794","-0.050240257"
"CTGAAATAGTCCGTGAAGC::GCTTCACGGACTATTTCAG","0","0","0.84959307","-0.42916078","-0.019028356"
"TGAAATAGTCCGTGAAGCC::GGCTTCACGGACTATTTCA","0","0","0.95369764","-0.65049396","-0.15370135"
"GAAATAGTCCGTGAAGCCA::TGGCTTCACGGACTATTTC","0","0","0.72722681","-0.50752324","-0.023629373"
"AAATAGTCCGTGAAGCCAT::ATGGCTTCACGGACTATTT","0","0","0.84372177","-0.48829927","-0.0017831472"
"AATAGTCCGTGAAGCCATA::TATGGCTTCACGGACTATT","0","0","0.7188549","-0.49852755","-0.19202705"
"ATAGTCCGTGAAGCCATAA::TTATGGCTTCACGGACTAT","0","0","0.76099794","-0.57639373","-0.16888402"
"TAGTCCGTGAAGCCATAAA::TTTATGGCTTCACGGACTA","0","0","0.76431407","-0.57590103","-0.10999427"
"AGTCCGTGAAGCCATAAAA::TTTTATGGCTTCACGGACT","0","0","0.62384031","-0.48854428","-0.067876508"
"GTCCGTGAAGCCATAAAAA::TTTTTATGGCTTCACGGAC","0","0","0.50377002","-0.083736839","0.13606942"
"TCCGTGAAGCCATAAAAAA::TTTTTTATGGCTTCACGGA","0","0","0.58388037","0.40836416","0.3549282"
"CCGTGAAGCCATAAAAAAG::CTTTTTTATGGCTTCACGG","0","0","0.55744518","0.48913612","0.50268789"
"CGTGAAGCCATAAAAAAGA::TCTTTTTTATGGCTTCACG","0","0","0.48189321","0.63422259","0.79859983"
"GTGAAGCCATAAAAAAGAG::CTCTTTTTTATGGCTTCAC","0","1","0.5905308","0.62149566","1.004729"
"TGAAGCCATAAAAAAGAGA::TCTCTTTTTTATGGCTTCA","0","1","0.64350132","0.74980021","1.1306417"
"GAAGCCATAAAAAAGAGAC::GTCTCTTTTTTATGGCTTC","0","0","0.66326843","0.71629141","1.0354304"
"AAGCCATAAAAAAGAGACT::AGTCTCTTTTTTATGGCTT","0","0","0.6724685","0.65924154","0.96465449"
"AGCCATAAAAAAGAGACTC::GAGTCTCTTTTTTATGGCT","0","0","0.771064","0.810205","1.0132977"
"GCCATAAAAAAGAGACTCC::GGAGTCTCTTTTTTATGGC","0","0","0.58390807","0.57075242","0.94356862"
"CCATAAAAAAGAGACTCCG::CGGAGTCTCTTTTTTATGG","0","0","0.72046501","0.66682015","0.90659175"
"CATAAAAAAGAGACTCCGG::CCGGAGTCTCTTTTTTATG","0","0","0.70555433","0.73969783","1.1203448"
"ATAAAAAAGAGACTCCGGA::TCCGGAGTCTCTTTTTTAT","0","0","0.8113859","0.96214685","1.1760959"
"TAAAAAAGAGACTCCGGAC::GTCCGGAGTCTCTTTTTTA","0","0","0.95518566","1.0878742","1.1248407"
"AAAAAAGAGACTCCGGACA::TGTCCGGAGTCTCTTTTTT","0","0","0.77519792","1.1272628","1.1903142"
"AAAAAGAGACTCCGGACAG::CTGTCCGGAGTCTCTTTTT","0","0","0.84587926","0.78761942","0.93079959"
"AAAAGAGACTCCGGACAGT::ACTGTCCGGAGTCTCTTTT","0","0","0.75587468","0.24887152","0.59998305"
"AAAGAGACTCCGGACAGTG::CACTGTCCGGAGTCTCTTT","0","0","0.90350303","0.11860908","0.34715591"
"AAGAGACTCCGGACAGTGA::TCACTGTCCGGAGTCTCTT","0","0","0.73080977","0.1431126","0.12000227"
"AGAGACTCCGGACAGTGAT::ATCACTGTCCGGAGTCTCT","0","0","0.71296323","0.17412303","-0.11921036"
"GAGACTCCGGACAGTGATC::GATCACTGTCCGGAGTCTC","0","0","0.7288283","0.10741786","-0.14983128"
"AGACTCCGGACAGTGATCT::AGATCACTGTCCGGAGTCT","0","0","0.80868837","0.10465598","-0.16938407"
"GACTCCGGACAGTGATCTT::AAGATCACTGTCCGGAGTC","0","0","0.58522618","0.46719249","-0.18385106"
"ACTCCGGACAGTGATCTTG::CAAGATCACTGTCCGGAGT","0","0","0.83943438","0.50024116","-0.14559473"
"CTCCGGACAGTGATCTTGG::CCAAGATCACTGTCCGGAG","0","0","0.8112563","0.46968835","-0.027354985"
"TCCGGACAGTGATCTTGGC::GCCAAGATCACTGTCCGGA","0","0","0.78863891","0.43707855","0.17305443"
"CCGGACAGTGATCTTGGCA::TGCCAAGATCACTGTCCGG","0","0","0.66717952","0.29969251","-0.12022181"
"CGGACAGTGATCTTGGCAC::GTGCCAAGATCACTGTCCG","0","0","0.74730034","0.098899767","-0.24427055"
"GGACAGTGATCTTGGCACC::GGTGCCAAGATCACTGTCC","0","0","0.6911983","-0.055450398","-0.15812625"
"GACAGTGATCTTGGCACCA::TGGTGCCAAGATCACTGTC","0","0","0.68394926","-0.25372976","-0.32036431"
"ACAGTGATCTTGGCACCAA::TTGGTGCCAAGATCACTGT","0","0","0.67012241","-0.25779661","-0.24566278"
"CAGTGATCTTGGCACCAAC::GTTGGTGCCAAGATCACTG","0","0","0.74914286","-0.10247089","-0.2016028"
"AGTGATCTTGGCACCAACT::AGTTGGTGCCAAGATCACT","0","0","0.86032921","0.13872045","-0.072310305"
"GTGATCTTGGCACCAACTA::TAGTTGGTGCCAAGATCAC","0","0","0.7191737","0.080469249","0.027916327"
"TGATCTTGGCACCAACTAG::CTAGTTGGTGCCAAGATCA","0","0","0.91005706","-0.080043269","0.050477208"
"GATCTTGGCACCAACTAGG::CCTAGTTGGTGCCAAGATC","0","0","0.82906695","-0.27871047","-0.037489653"
"ATCTTGGCACCAACTAGGG::CCCTAGTTGGTGCCAAGAT","0","0","0.84129867","-0.46146028","-0.14244889"
"TCTTGGCACCAACTAGGGT::ACCCTAGTTGGTGCCAAGA","0","0","0.75815699","-0.65907364","-0.012867271"
"CTTGGCACCAACTAGGGTT::AACCCTAGTTGGTGCCAAG","0","0","0.72843762","-0.88254956","0.0074334065"
"TTGGCACCAACTAGGGTTG::CAACCCTAGTTGGTGCCAA","0","0","0.80478498","-0.89217389","-0.12186744"
"TGGCACCAACTAGGGTTGT::ACAACCCTAGTTGGTGCCA","0","0","0.6422854","-0.87207131","-0.45274897"
"GGCACCAACTAGGGTTGTC::GACAACCCTAGTTGGTGCC","0","0","0.58853767","-0.76065244","-0.36866793"
"GCACCAACTAGGGTTGTCG::CGACAACCCTAGTTGGTGC","0","0","0.77880392","-0.82752602","-0.29855995"
"CACCAACTAGGGTTGTCGC::GCGACAACCCTAGTTGGTG","0","0","0.7586668","-0.61017258","-0.21931956"
"ACCAACTAGGGTTGTCGCT::AGCGACAACCCTAGTTGGT","0","0","0.79533166","-0.36964954","-0.032953677"
"CCAACTAGGGTTGTCGCTG::CAGCGACAACCCTAGTTGG","0","0","0.82866397","-0.28059069","0.033246813"
"CAACTAGGGTTGTCGCTGC::GCAGCGACAACCCTAGTTG","0","0","0.81235818","-0.43559677","-0.028087306"
"AACTAGGGTTGTCGCTGCT::AGCAGCGACAACCCTAGTT","0","0","0.78900814","-0.24085735","0.0030353735"
"ACTAGGGTTGTCGCTGCTG::CAGCAGCGACAACCCTAGT","0","0","0.81450184","-0.45542351","-0.3199366"
"CTAGGGTTGTCGCTGCTGA::TCAGCAGCGACAACCCTAG","0","0","0.719739","-0.16179187","-0.20568845"
"TAGGGTTGTCGCTGCTGAG::CTCAGCAGCGACAACCCTA","0","0","0.86562327","-0.12921705","-0.20230822"
"AGGGTTGTCGCTGCTGAGA::TCTCAGCAGCGACAACCCT","0","0","0.74205813","0.0026531511","-0.09952851"
"GGGTTGTCGCTGCTGAGAT::ATCTCAGCAGCGACAACCC","0","0","0.56817449","0.11499202","-0.071709107"
"GGTTGTCGCTGCTGAGATG::CATCTCAGCAGCGACAACC","0","0","0.55691631","0.29569264","0.062252281"
"GTTGTCGCTGCTGAGATGG::CCATCTCAGCAGCGACAAC","0","0","0.77894276","0.45264297","0.10851863"
"TTGTCGCTGCTGAGATGGA::TCCATCTCAGCAGCGACAA","0","0","0.70585328","0.44348109","0.37796694"
"TGTCGCTGCTGAGATGGAG::CTCCATCTCAGCAGCGACA","0","0","0.81650237","0.34517666","0.37869576"
"GTCGCTGCTGAGATGGAGG::CCTCCATCTCAGCAGCGAC","0","0","0.76786403","0.42282669","0.33705315"
"TCGCTGCTGAGATGGAGGA::TCCTCCATCTCAGCAGCGA","0","0","0.70135206","0.21380352","0.12397116"
"CGCTGCTGAGATGGAGGAG::CTCCTCCATCTCAGCAGCG","0","0","0.49936476","-0.025092666","-0.014627084"
"GCTGCTGAGATGGAGGAGG::CCTCCTCCATCTCAGCAGC","0","0","0.63316014","-0.1468076","-0.12675842"
"CTGCTGAGATGGAGGAGGC::GCCTCCTCCATCTCAGCAG","0","0","0.63089798","-0.038469498","-0.11122773"
"TGCTGAGATGGAGGAGGCC::GGCCTCCTCCATCTCAGCA","0","0","0.6560134","-0.23378593","-0.067429328"
"GCTGAGATGGAGGAGGCCT::AGGCCTCCTCCATCTCAGC","0","1","0.54352161","0.085128646","0.19415994"
"CTGAGATGGAGGAGGCCTT::AAGGCCTCCTCCATCTCAG","0","0","0.56814142","-0.044766251","0.15325929"
"TGAGATGGAGGAGGCCTTG::CAAGGCCTCCTCCATCTCA","0","0","0.71185967","0.037512634","0.17166936"
"GAGATGGAGGAGGCCTTGA::TCAAGGCCTCCTCCATCTC","0","1","0.53462795","-0.07040609","0.15528442"
"AGATGGAGGAGGCCTTGAG::CTCAAGGCCTCCTCCATCT","0","0","0.61024585","-0.25877081","0.039504542"
"GATGGAGGAGGCCTTGAGA::TCTCAAGGCCTCCTCCATC","0","0","0.539679","-0.2545068","-0.075706865"
"ATGGAGGAGGCCTTGAGAG::CTCTCAAGGCCTCCTCCAT","0","0","0.73484374","-0.30036317","-0.26670506"
"TGGAGGAGGCCTTGAGAGG::CCTCTCAAGGCCTCCTCCA","0","0","0.66117386","-0.4865699","-0.49924989"
"GGAGGAGGCCTTGAGAGGA::TCCTCTCAAGGCCTCCTCC","0","0","0.51376349","-0.45438258","-0.48412441"
"GAGGAGGCCTTGAGAGGAC::GTCCTCTCAAGGCCTCCTC","0","0","0.60164661","-0.39230788","-0.36580299"
"AGGAGGCCTTGAGAGGACT::AGTCCTCTCAAGGCCTCCT","0","0","0.62311149","-0.33492947","-0.34518405"
"GGAGGCCTTGAGAGGACTT::AAGTCCTCTCAAGGCCTCC","0","0","0.48138239","-0.35539196","-0.25251255"
"GAGGCCTTGAGAGGACTTC::GAAGTCCTCTCAAGGCCTC","0","0","0.6422327","-0.24035725","-0.11703812"
"AGGCCTTGAGAGGACTTCC::GGAAGTCCTCTCAAGGCCT","0","0","0.73568002","-0.47468502","-0.086923526"
"GGCCTTGAGAGGACTTCCG::CGGAAGTCCTCTCAAGGCC","0","0","0.63104591","-0.57986629","-0.23234416"
"GCCTTGAGAGGACTTCCGG::CCGGAAGTCCTCTCAAGGC","0","0","0.61189039","-0.62240743","-0.11905516"
"CCTTGAGAGGACTTCCGGT::ACCGGAAGTCCTCTCAAGG","0","0","0.60237876","-0.61848766","-0.16603831"
"CTTGAGAGGACTTCCGGTG::CACCGGAAGTCCTCTCAAG","0","0","0.79924216","-0.70548926","0.018993654"
"TTGAGAGGACTTCCGGTGC::GCACCGGAAGTCCTCTCAA","0","0","0.90232953","-0.55807394","-0.058293158"
"TGAGAGGACTTCCGGTGCG::CGCACCGGAAGTCCTCTCA","0","0","0.76203164","-0.48725405","-0.023660163"
"GAGAGGACTTCCGGTGCGT::ACGCACCGGAAGTCCTCTC","0","0","0.57417866","-0.54545635","0.046389678"
"AGAGGACTTCCGGTGCGTT::AACGCACCGGAAGTCCTCT","0","0","0.54967089","-0.5141081","0.23509836"
"GAGGACTTCCGGTGCGTTA::TAACGCACCGGAAGTCCTC","0","0","0.55323348","-0.36621238","0.22498759"
"AGGACTTCCGGTGCGTTAC::GTAACGCACCGGAAGTCCT","0","0","0.75272345","-0.29001152","0.29486372"
"GGACTTCCGGTGCGTTACA::TGTAACGCACCGGAAGTCC","0","0","0.51419486","-0.45358033","0.0090164804"
"GACTTCCGGTGCGTTACAT::ATGTAACGCACCGGAAGTC","0","0","0.53245724","-0.39266757","-0.019610886"
"ACTTCCGGTGCGTTACATG::CATGTAACGCACCGGAAGT","0","0","0.74302914","-0.25747185","-0.10370616"
"CTTCCGGTGCGTTACATGA::TCATGTAACGCACCGGAAG","0","0","0.6697439","-0.3434873","-0.27834421"
"TTCCGGTGCGTTACATGAC::GTCATGTAACGCACCGGAA","0","0","0.88614236","-0.078200283","-0.29250301"
"TCCGGTGCGTTACATGACA::TGTCATGTAACGCACCGGA","0","0","0.79834098","-0.10297163","-0.27263577"
"CCGGTGCGTTACATGACAA::TTGTCATGTAACGCACCGG","0","0","0.54892746","-0.21724887","-0.38477661"
"CGGTGCGTTACATGACAAC::GTTGTCATGTAACGCACCG","0","0","0.66964797","-0.33479453","-0.32100981"
"GGTGCGTTACATGACAACA::TGTTGTCATGTAACGCACC","0","0","0.69204697","-0.32317569","-0.55893017"
"GTGCGTTACATGACAACAG::CTGTTGTCATGTAACGCAC","0","0","0.88770824","-0.46479852","-0.1437476"
"TGCGTTACATGACAACAGC::GCTGTTGTCATGTAACGCA","0","0","0.96676564","-0.4297053","-0.2148848"
"GCGTTACATGACAACAGCA::TGCTGTTGTCATGTAACGC","0","0","0.66250626","-0.603669","-0.50494452"
"CGTTACATGACAACAGCAG::CTGCTGTTGTCATGTAACG","0","0","0.73060911","-0.60817477","-0.27160113"
"GTTACATGACAACAGCAGT::ACTGCTGTTGTCATGTAAC","0","0","0.77012225","-0.6929984","-0.36770457"
"TTACATGACAACAGCAGTC::GACTGCTGTTGTCATGTAA","0","0","1.1068855","-0.69565035","-0.32834346"
"TACATGACAACAGCAGTCA::TGACTGCTGTTGTCATGTA","0","0","0.92183655","-0.72977624","-0.20597414"
"ACATGACAACAGCAGTCAA::TTGACTGCTGTTGTCATGT","0","0","0.60556593","-0.81789556","-0.28103836"
"CATGACAACAGCAGTCAAC::GTTGACTGCTGTTGTCATG","0","0","0.77917729","-0.88226672","-0.33503591"
"ATGACAACAGCAGTCAACG::CGTTGACTGCTGTTGTCAT","0","0","0.99249347","-0.99059236","-0.2190151"
"TGACAACAGCAGTCAACGT::ACGTTGACTGCTGTTGTCA","0","0","0.85422916","-0.99771159","-0.053598978"
"GACAACAGCAGTCAACGTC::GACGTTGACTGCTGTTGTC","0","0","0.83884509","-0.96547798","0.062952839"
"ACAACAGCAGTCAACGTCA::TGACGTTGACTGCTGTTGT","0","0","0.73837567","-0.98030652","0.064003097"
"CAACAGCAGTCAACGTCAC::GTGACGTTGACTGCTGTTG","0","0","0.65975864","-0.93429459","0.046243561"
"AACAGCAGTCAACGTCACC::GGTGACGTTGACTGCTGTT","0","0","0.84018647","-0.82740535","0.121885"
"ACAGCAGTCAACGTCACCC::GGGTGACGTTGACTGCTGT","0","0","0.81010533","-0.76971966","-0.27904489"
"CAGCAGTCAACGTCACCCA::TGGGTGACGTTGACTGCTG","0","0","0.63847197","-0.72379339","-0.44759793"
"AGCAGTCAACGTCACCCAT::ATGGGTGACGTTGACTGCT","0","0","0.55355463","-0.48455994","-0.34526085"
"GCAGTCAACGTCACCCATT::AATGGGTGACGTTGACTGC","0","0","0.57445541","-0.40183911","-0.60736921"
"CAGTCAACGTCACCCATTC::GAATGGGTGACGTTGACTG","0","0","0.66917072","-0.22015563","-0.38410869"
"AGTCAACGTCACCCATTCT::AGAATGGGTGACGTTGACT","0","0","0.65504204","-0.081242621","-0.28742234"
"GTCAACGTCACCCATTCTG::CAGAATGGGTGACGTTGAC","0","0","0.71092152","-0.029675057","-0.18301895"
"TCAACGTCACCCATTCTGG::CCAGAATGGGTGACGTTGA","0","0","0.83444663","0.12923894","0.068133683"
"CAACGTCACCCATTCTGGG::CCCAGAATGGGTGACGTTG","0","0","0.65464755","-0.1168528","0.10888645"
"AACGTCACCCATTCTGGGA::TCCCAGAATGGGTGACGTT","0","0","0.66904931","-0.14830658","-0.0050291502"
"ACGTCACCCATTCTGGGAC::GTCCCAGAATGGGTGACGT","0","0","0.65829618","-0.21903292","-0.2677465"
"CGTCACCCATTCTGGGACA::TGTCCCAGAATGGGTGACG","0","0","0.42084201","-0.061846446","-0.28122223"
"GTCACCCATTCTGGGACAG::CTGTCCCAGAATGGGTGAC","0","0","0.54454198","0.048708892","-0.33716721"
"TCACCCATTCTGGGACAGA::TCTGTCCCAGAATGGGTGA","0","0","0.64411627","0.0073467344","-0.3066291"
"CACCCATTCTGGGACAGAA::TTCTGTCCCAGAATGGGTG","0","0","0.47257358","0.059278017","-0.32255713"
"ACCCATTCTGGGACAGAAA::TTTCTGTCCCAGAATGGGT","0","0","0.52395956","0.12382019","-0.19696257"
"CCCATTCTGGGACAGAAAT::ATTTCTGTCCCAGAATGGG","0","0","0.47494672","0.012660305","0.10445346"
"CCATTCTGGGACAGAAATC::GATTTCTGTCCCAGAATGG","0","0","0.6768798","0.026020146","0.21860277"
"CATTCTGGGACAGAAATCG::CGATTTCTGTCCCAGAATG","0","0","0.83277636","-0.14877593","0.19511409"
"ATTCTGGGACAGAAATCGT::ACGATTTCTGTCCCAGAAT","0","0","0.84637168","-0.24350098","0.1039266"
"TTCTGGGACAGAAATCGTT::AACGATTTCTGTCCCAGAA","0","0","0.87675904","-0.40073327","0.012979662"
"TCTGGGACAGAAATCGTTG::CAACGATTTCTGTCCCAGA","0","0","0.94912375","-0.34422474","-0.16549104"
"CTGGGACAGAAATCGTTGA::TCAACGATTTCTGTCCCAG","0","0","0.68503144","-0.57455023","-0.33085566"
"TGGGACAGAAATCGTTGAT::ATCAACGATTTCTGTCCCA","0","0","0.7276955","-0.24953629","-0.1545018"
"GGGACAGAAATCGTTGATT::AATCAACGATTTCTGTCCC","0","0","0.61934814","-0.12161918","-0.018085567"
"GGACAGAAATCGTTGATTT::AAATCAACGATTTCTGTCC","0","0","0.58905328","-0.046152115","0.2161875"
"GACAGAAATCGTTGATTTG::CAAATCAACGATTTCTGTC","0","0","0.69594427","-0.17312741","0.16476214"
"ACAGAAATCGTTGATTTGA::TCAAATCAACGATTTCTGT","0","0","0.78349157","-0.30631038","0.24490286"
"CAGAAATCGTTGATTTGAT::ATCAAATCAACGATTTCTG","0","0","0.65057356","-0.13875287","0.3281597"
"AGAAATCGTTGATTTGATG::CATCAAATCAACGATTTCT","0","0","0.82259164","-0.23218125","0.37084639"
"GAAATCGTTGATTTGATGT::ACATCAAATCAACGATTTC","0","0","0.73231868","-0.27662158","0.31703775"
"AAATCGTTGATTTGATGTG::CACATCAAATCAACGATTT","0","0","0.83401734","-0.2459447","0.17628697"
"AATCGTTGATTTGATGTGC::GCACATCAAATCAACGATT","0","0","0.91931859","-0.40775056","0.16403696"
"ATCGTTGATTTGATGTGCC::GGCACATCAAATCAACGAT","0","0","0.8975625","-0.43651532","0.15624581"
"TCGTTGATTTGATGTGCCA::TGGCACATCAAATCAACGA","0","0","0.76306657","-0.55224267","0.11184371"
"CGTTGATTTGATGTGCCAT::ATGGCACATCAAATCAACG","0","0","0.55305799","-0.56623196","0.17928789"
"GTTGATTTGATGTGCCATG::CATGGCACATCAAATCAAC","0","0","0.68396593","-0.68624337","0.2172857"
"TTGATTTGATGTGCCATGC::GCATGGCACATCAAATCAA","0","0","0.89984664","-0.64872997","0.2682969"
"TGATTTGATGTGCCATGCC::GGCATGGCACATCAAATCA","0","0","0.80651387","-0.83860054","0.004872445"
"GATTTGATGTGCCATGCCA::TGGCATGGCACATCAAATC","0","0","0.55679941","-0.88565919","-0.060212942"
"ATTTGATGTGCCATGCCAC::GTGGCATGGCACATCAAAT","0","0","0.80733675","-0.73450117","-0.20883195"
"TTTGATGTGCCATGCCACT::AGTGGCATGGCACATCAAA","0","0","0.83402841","-0.76640695","-0.33496205"
"TTGATGTGCCATGCCACTT::AAGTGGCATGGCACATCAA","0","0","0.85177818","-0.78357129","-0.40087686"
"TGATGTGCCATGCCACTTT::AAAGTGGCATGGCACATCA","0","0","0.759619","-0.86418388","-0.55600293"
"GATGTGCCATGCCACTTTC::GAAAGTGGCATGGCACATC","0","0","0.57888836","-0.83776019","-0.48749238"
"ATGTGCCATGCCACTTTCA::TGAAAGTGGCATGGCACAT","0","0","0.65569033","-0.86411235","-0.41533981"
"TGTGCCATGCCACTTTCAC::GTGAAAGTGGCATGGCACA","0","0","0.77529662","-0.88307425","-0.32380672"
"GTGCCATGCCACTTTCACT::AGTGAAAGTGGCATGGCAC","0","0","0.68886956","-0.74419494","-0.25724774"
"TGCCATGCCACTTTCACTT::AAGTGAAAGTGGCATGGCA","0","0","0.7853145","-0.67981726","-0.15051537"
"GCCATGCCACTTTCACTTC::GAAGTGAAAGTGGCATGGC","0","0","0.55512516","-0.51890619","-0.025673289"
"CCATGCCACTTTCACTTCA::TGAAGTGAAAGTGGCATGG","0","0","0.49379993","-0.35774554","-0.012819829"
"CATGCCACTTTCACTTCAC::GTGAAGTGAAAGTGGCATG","0","0","0.62025142","-0.26263233","0.10197345"
"ATGCCACTTTCACTTCACG::CGTGAAGTGAAAGTGGCAT","0","0","0.73059297","-0.2366166","0.10158738"
"TGCCACTTTCACTTCACGC::GCGTGAAGTGAAAGTGGCA","0","0","0.83087437","-0.17152023","0.23462322"
"GCCACTTTCACTTCACGCT::AGCGTGAAGTGAAAGTGGC","0","0","0.63737281","0.056703366","0.36775706"
"CCACTTTCACTTCACGCTT::AAGCGTGAAGTGAAAGTGG","0","0","0.62058152","-0.05508932","0.46854283"
"CACTTTCACTTCACGCTTA::TAAGCGTGAAGTGAAAGTG","0","0","0.57042132","0.018651594","0.60272248"
"ACTTTCACTTCACGCTTAC::GTAAGCGTGAAGTGAAAGT","0","0","0.65431026","0.16853147","0.4438312"
"CTTTCACTTCACGCTTACT::AGTAAGCGTGAAGTGAAAG","0","0","0.65846835","0.033983323","0.30571038"
"TTTCACTTCACGCTTACTA::TAGTAAGCGTGAAGTGAAA","0","0","0.8449719","-0.022929463","0.15458684"
"TTCACTTCACGCTTACTAC::GTAGTAAGCGTGAAGTGAA","0","0","0.83010158","-0.033615087","0.054756799"
"TCACTTCACGCTTACTACA::TGTAGTAAGCGTGAAGTGA","0","0","0.7701196","0.011261666","0.10206611"
"CACTTCACGCTTACTACAA::TTGTAGTAAGCGTGAAGTG","0","0","0.58801127","-0.093082918","0.0465557"
"ACTTCACGCTTACTACAAC::GTTGTAGTAAGCGTGAAGT","0","0","0.64973159","-0.089544864","0.1257379"
"CTTCACGCTTACTACAACC::GGTTGTAGTAAGCGTGAAG","0","0","0.80256908","-0.22828092","-0.061938589"
"TTCACGCTTACTACAACCC::GGGTTGTAGTAAGCGTGAA","0","0","0.95976498","-0.36570914","-0.33425228"
"TCACGCTTACTACAACCCA::TGGGTTGTAGTAAGCGTGA","0","0","0.72880367","-0.24801238","-0.56240127"
"CACGCTTACTACAACCCAT::ATGGGTTGTAGTAAGCGTG","0","0","0.60289374","-0.21416859","-0.71485441"
"ACGCTTACTACAACCCATC::GATGGGTTGTAGTAAGCGT","0","0","0.83010569","-0.20543528","-0.6983688"
"CGCTTACTACAACCCATCA::TGATGGGTTGTAGTAAGCG","0","0","0.50969982","-0.31947774","-0.8265722"
"GCTTACTACAACCCATCAG::CTGATGGGTTGTAGTAAGC","0","0","0.59342219","-0.38580845","-0.85040942"
"CTTACTACAACCCATCAGA::TCTGATGGGTTGTAGTAAG","0","0","0.63262162","-0.54392","-1.0242041"
"TTACTACAACCCATCAGAG::CTCTGATGGGTTGTAGTAA","0","0","0.83348252","-0.8041705","-0.74547265"
"TACTACAACCCATCAGAGT::ACTCTGATGGGTTGTAGTA","0","0","0.8018377","-0.71741738","-0.57450371"
"ACTACAACCCATCAGAGTC::GACTCTGATGGGTTGTAGT","0","0","0.80020777","-0.75434451","-0.50668764"
"CTACAACCCATCAGAGTCC::GGACTCTGATGGGTTGTAG","0","0","0.76177524","-0.69354165","-0.46638631"
"TACAACCCATCAGAGTCCC::GGGACTCTGATGGGTTGTA","0","0","0.81417706","-0.91121182","-0.6418109"
"ACAACCCATCAGAGTCCCT::AGGGACTCTGATGGGTTGT","0","0","0.668552","-0.95084467","-0.77643202"
"CAACCCATCAGAGTCCCTA::TAGGGACTCTGATGGGTTG","0","0","0.63925261","-0.97305204","-0.95712577"
"AACCCATCAGAGTCCCTAA::TTAGGGACTCTGATGGGTT","0","0","0.60681642","-0.94413717","-0.95049335"
"ACCCATCAGAGTCCCTAAT::ATTAGGGACTCTGATGGGT","0","0","0.55319812","-1.0092635","-0.75614603"
"CCCATCAGAGTCCCTAATT::AATTAGGGACTCTGATGGG","0","0","0.54066325","-1.0279517","-0.47944505"
"CCATCAGAGTCCCTAATTA::TAATTAGGGACTCTGATGG","0","0","0.49471767","-0.9889026","-0.32780293"
"CATCAGAGTCCCTAATTAC::GTAATTAGGGACTCTGATG","0","0","0.65423171","-1.0992311","-0.47640911"
"ATCAGAGTCCCTAATTACA::TGTAATTAGGGACTCTGAT","0","1","0.75009485","-1.1554335","-0.56775994"
"TCAGAGTCCCTAATTACAA::TTGTAATTAGGGACTCTGA","0","0","0.77035715","-1.2193553","-0.55448094"
"CAGAGTCCCTAATTACAAT::ATTGTAATTAGGGACTCTG","0","0","0.59563232","-1.1220542","-0.55291266"
"AGAGTCCCTAATTACAATC::GATTGTAATTAGGGACTCT","0","0","0.89797377","-1.0316797","-0.88896224"
"GAGTCCCTAATTACAATCT::AGATTGTAATTAGGGACTC","0","0","0.71822532","-0.92052397","-0.92192662"
"AGTCCCTAATTACAATCTC::GAGATTGTAATTAGGGACT","0","0","0.7602975","-0.75074344","-0.84909335"
"GTCCCTAATTACAATCTCA::TGAGATTGTAATTAGGGAC","0","0","0.61349042","-0.73083988","-0.86280082"
"TCCCTAATTACAATCTCAA::TTGAGATTGTAATTAGGGA","0","0","0.67443976","-0.56274481","-0.89239815"
"CCCTAATTACAATCTCAAC::GTTGAGATTGTAATTAGGG","0","0","0.55283053","-0.45270387","-0.84355359"
"CCTAATTACAATCTCAACA::TGTTGAGATTGTAATTAGG","0","0","0.67666756","-0.43202286","-0.81917768"
"CTAATTACAATCTCAACAT::ATGTTGAGATTGTAATTAG","0","0","0.77767658","-0.63485624","-0.84709538"
"TAATTACAATCTCAACATC::GATGTTGAGATTGTAATTA","0","0","0.87714396","-0.56285017","-0.90382868"
"AATTACAATCTCAACATCA::TGATGTTGAGATTGTAATT","0","0","0.79209757","-0.57540311","-0.98911543"
"ATTACAATCTCAACATCAT::ATGATGTTGAGATTGTAAT","0","0","0.72389723","-0.63648684","-1.010799"
"TTACAATCTCAACATCATG::CATGATGTTGAGATTGTAA","0","0","0.95325202","-0.61503636","-0.91417455"
"TACAATCTCAACATCATGG::CCATGATGTTGAGATTGTA","0","0","0.99511543","-0.6288489","-0.88671967"
"ACAATCTCAACATCATGGA::TCCATGATGTTGAGATTGT","0","0","0.74656467","-0.49007908","-0.6853682"
"CAATCTCAACATCATGGAT::ATCCATGATGTTGAGATTG","0","0","0.5959358","-0.36815659","-0.49583391"
"AATCTCAACATCATGGATG::CATCCATGATGTTGAGATT","0","0","0.91129317","-0.29656356","-0.36481114"
"ATCTCAACATCATGGATGA::TCATCCATGATGTTGAGAT","0","0","0.693458","-0.29764031","-0.26093787"
"TCTCAACATCATGGATGAA::TTCATCCATGATGTTGAGA","0","0","0.55380782","-0.36791356","-0.29381684"
"CTCAACATCATGGATGAAG::CTTCATCCATGATGTTGAG","0","0","0.75154635","-0.26032627","-0.17737841"
"TCAACATCATGGATGAAGC::GCTTCATCCATGATGTTGA","0","0","0.90830604","-0.35011088","-0.04562585"
"CAACATCATGGATGAAGCC::GGCTTCATCCATGATGTTG","0","0","0.7507052","-0.45261995","-0.072118105"
"AACATCATGGATGAAGCCC::GGGCTTCATCCATGATGTT","0","0","0.8616328","-0.40778169","-0.085726676"
"ACATCATGGATGAAGCCCA::TGGGCTTCATCCATGATGT","0","0","0.67640011","-0.28310182","-0.12558688"
"CATCATGGATGAAGCCCAC::GTGGGCTTCATCCATGATG","0","0","0.55697332","-0.43425357","-0.19634488"
"ATCATGGATGAAGCCCACT::AGTGGGCTTCATCCATGAT","0","0","0.76748742","-0.50823109","-0.26955419"
"TCATGGATGAAGCCCACTT::AAGTGGGCTTCATCCATGA","0","0","0.77487735","-0.58654424","-0.28847705"
"CATGGATGAAGCCCACTTC::GAAGTGGGCTTCATCCATG","0","0","0.63807688","-0.4044656","-0.19832101"
"ATGGATGAAGCCCACTTCA::TGAAGTGGGCTTCATCCAT","0","0","0.67323146","-0.21012668","0.01009196"
"TGGATGAAGCCCACTTCAC::GTGAAGTGGGCTTCATCCA","0","0","0.76054754","-0.3106791","-0.18025916"
"GGATGAAGCCCACTTCACA::TGTGAAGTGGGCTTCATCC","0","0","0.52339408","-0.47481365","-0.30929434"
"GATGAAGCCCACTTCACAG::CTGTGAAGTGGGCTTCATC","0","1","0.67027896","-0.64332137","-0.4688497"
"ATGAAGCCCACTTCACAGA::TCTGTGAAGTGGGCTTCAT","0","1","0.68619853","-0.77112761","-0.48531202"
"TGAAGCCCACTTCACAGAC::GTCTGTGAAGTGGGCTTCA","0","0","0.78367958","-0.84422115","-0.6012487"
"GAAGCCCACTTCACAGACC::GGTCTGTGAAGTGGGCTTC","0","0","0.65352816","-1.0026182","-0.67711279"
"AAGCCCACTTCACAGACCC::GGGTCTGTGAAGTGGGCTT","0","0","0.78465813","-0.86195762","-0.70077378"
"AGCCCACTTCACAGACCCC::GGGGTCTGTGAAGTGGGCT","0","0","0.56500315","-0.81962724","-0.6807574"
"GCCCACTTCACAGACCCCT::AGGGGTCTGTGAAGTGGGC","0","0","0.54408988","-0.75307283","-0.72838349"
"CCCACTTCACAGACCCCTC::GAGGGGTCTGTGAAGTGGG","0","0","0.60914097","-0.71596981","-0.68928938"
"CCACTTCACAGACCCCTCA::TGAGGGGTCTGTGAAGTGG","0","0","0.50699941","-0.67106409","-0.7491213"
"CACTTCACAGACCCCTCAA::TTGAGGGGTCTGTGAAGTG","0","0","0.49697557","-0.63571096","-0.75469761"
"ACTTCACAGACCCCTCAAG::CTTGAGGGGTCTGTGAAGT","0","0","0.54509601","-0.56802264","-0.84977048"
"CTTCACAGACCCCTCAAGT::ACTTGAGGGGTCTGTGAAG","0","0","0.63361468","-0.54565786","-1.133885"
"TTCACAGACCCCTCAAGTA::TACTTGAGGGGTCTGTGAA","0","0","0.71891498","-0.84466664","-1.2372336"
"TCACAGACCCCTCAAGTAT::ATACTTGAGGGGTCTGTGA","0","0","0.71333244","-0.86806497","-1.3196834"
"CACAGACCCCTCAAGTATA::TATACTTGAGGGGTCTGTG","0","0","0.57185281","-0.86667707","-1.2287097"
"ACAGACCCCTCAAGTATAG::CTATACTTGAGGGGTCTGT","0","0","0.64198608","-0.80162051","-1.0579744"
"CAGACCCCTCAAGTATAGC::GCTATACTTGAGGGGTCTG","0","0","0.69498365","-0.75672908","-1.1561965"
"AGACCCCTCAAGTATAGCT::AGCTATACTTGAGGGGTCT","0","0","0.78699061","-0.71067357","-1.1124726"
"GACCCCTCAAGTATAGCTG::CAGCTATACTTGAGGGGTC","0","0","0.74370842","-0.73006817","-1.1256627"
"ACCCCTCAAGTATAGCTGC::GCAGCTATACTTGAGGGGT","0","0","0.71525744","-0.90750252","-1.2365332"
"CCCCTCAAGTATAGCTGCA::TGCAGCTATACTTGAGGGG","0","0","0.48928106","-0.78883549","-1.2297224"
"CCCTCAAGTATAGCTGCAA::TTGCAGCTATACTTGAGGG","0","0","0.49962818","-0.90369503","-1.1657589"
"CCTCAAGTATAGCTGCAAG::CTTGCAGCTATACTTGAGG","0","0","0.61263338","-0.89437782","-1.0958385"
"CTCAAGTATAGCTGCAAGA::TCTTGCAGCTATACTTGAG","0","0","0.70993973","-0.82756756","-0.87625941"
"TCAAGTATAGCTGCAAGAG::CTCTTGCAGCTATACTTGA","0","0","0.87454565","-0.79579694","-0.58011452"
"CAAGTATAGCTGCAAGAGG::CCTCTTGCAGCTATACTTG","0","0","0.77647804","-0.93795232","-0.52430039"
"AAGTATAGCTGCAAGAGGA::TCCTCTTGCAGCTATACTT","0","0","0.80273625","-1.1486684","-0.4217207"
"AGTATAGCTGCAAGAGGAT::ATCCTCTTGCAGCTATACT","0","0","0.65427276","-1.0195495","-0.40814613"
"GTATAGCTGCAAGAGGATA::TATCCTCTTGCAGCTATAC","0","0","0.64036008","-0.83590417","-0.17248607"
"TATAGCTGCAAGAGGATAC::GTATCCTCTTGCAGCTATA","0","0","0.97873885","-0.68439942","-0.19694853"
"ATAGCTGCAAGAGGATACA::TGTATCCTCTTGCAGCTAT","0","0","0.79540595","-0.70734613","-0.28552292"
"TAGCTGCAAGAGGATACAT::ATGTATCCTCTTGCAGCTA","0","0","0.80658046","-0.60139501","-0.31065901"
"AGCTGCAAGAGGATACATA::TATGTATCCTCTTGCAGCT","0","0","0.64823931","-0.54769838","-0.29390131"
"GCTGCAAGAGGATACATAT::ATATGTATCCTCTTGCAGC","0","0","0.56414741","-0.38848452","-0.42783095"
"CTGCAAGAGGATACATATC::GATATGTATCCTCTTGCAG","0","0","0.76405543","-0.094410487","-0.37869242"
"TGCAAGAGGATACATATCA::TGATATGTATCCTCTTGCA","0","0","0.81231102","-0.12339223","-0.33908406"
"GCAAGAGGATACATATCAA::TTGATATGTATCCTCTTGC","0","0","0.46257984","0.091429368","-0.20016798"
"CAAGAGGATACATATCAAC::GTTGATATGTATCCTCTTG","0","0","0.75538664","0.098738805","-0.24873525"
"AAGAGGATACATATCAACA::TGTTGATATGTATCCTCTT","0","0","0.84725851","0.057729576","-0.41370561"
"AGAGGATACATATCAACAA::TTGTTGATATGTATCCTCT","0","0","0.74167149","0.059474027","-0.43688149"
"GAGGATACATATCAACAAG::CTTGTTGATATGTATCCTC","0","0","0.67703529","0.28228911","-0.39354379"
"AGGATACATATCAACAAGG::CCTTGTTGATATGTATCCT","0","0","0.83536746","0.31877096","-0.31500456"
"GGATACATATCAACAAGGG::CCCTTGTTGATATGTATCC","0","0","0.64168383","0.27106785","-0.36613905"
"GATACATATCAACAAGGGT::ACCCTTGTTGATATGTATC","0","0","0.64914823","0.16462463","-0.46520828"
"ATACATATCAACAAGGGTT::AACCCTTGTTGATATGTAT","0","0","0.8352831","-0.069898519","-0.48015175"
"TACATATCAACAAGGGTTG::CAACCCTTGTTGATATGTA","0","0","0.88768305","-0.084646039","-0.399076"
"ACATATCAACAAGGGTTGA::TCAACCCTTGTTGATATGT","0","0","0.58626931","-0.2625755","-0.39494067"
"CATATCAACAAGGGTTGAA::TTCAACCCTTGTTGATATG","0","0","0.57386154","-0.17773539","-0.32199317"
"ATATCAACAAGGGTTGAAA::TTTCAACCCTTGTTGATAT","0","0","0.70083497","-0.20193739","-0.30261014"
"TATCAACAAGGGTTGAAAT::ATTTCAACCCTTGTTGATA","0","0","0.72234215","-0.40723397","-0.15514001"
"ATCAACAAGGGTTGAAATG::CATTTCAACCCTTGTTGAT","0","0","0.80070946","-0.35274399","-0.049560191"
"TCAACAAGGGTTGAAATGG::CCATTTCAACCCTTGTTGA","0","0","0.88542986","-0.4846713","0.050321127"
"CAACAAGGGTTGAAATGGG::CCCATTTCAACCCTTGTTG","0","0","0.75256604","-0.58396507","0.14472897"
"AACAAGGGTTGAAATGGGC::GCCCATTTCAACCCTTGTT","0","0","0.86165985","-0.64888455","0.17270097"
"ACAAGGGTTGAAATGGGCG::CGCCCATTTCAACCCTTGT","0","0","0.82303113","-0.74456263","0.059249724"
"CAAGGGTTGAAATGGGCGA::TCGCCCATTTCAACCCTTG","0","0","0.58850819","-0.85570402","0.041392961"
"AAGGGTTGAAATGGGCGAG::CTCGCCCATTTCAACCCTT","0","0","0.6836724","-0.88641719","-0.0261488"
"AGGGTTGAAATGGGCGAGG::CCTCGCCCATTTCAACCCT","0","0","0.67483298","-0.85466527","-0.052960784"
"GGGTTGAAATGGGCGAGGC::GCCTCGCCCATTTCAACCC","0","0","0.50134829","-0.87213365","-0.20659685"
"GGTTGAAATGGGCGAGGCG::CGCCTCGCCCATTTCAACC","0","0","0.49334677","-0.73801769","-0.24103431"
"GTTGAAATGGGCGAGGCGG::CCGCCTCGCCCATTTCAAC","0","0","0.64891877","-0.69702159","-0.26428293"
"TTGAAATGGGCGAGGCGGC::GCCGCCTCGCCCATTTCAA","0","0","0.74350806","-0.66310141","-0.28375681"
"TGAAATGGGCGAGGCGGCT::AGCCGCCTCGCCCATTTCA","0","0","0.66174258","-0.84515616","-0.40138971"
"GAAATGGGCGAGGCGGCTG::CAGCCGCCTCGCCCATTTC","0","0","0.57366961","-0.82901079","-0.25351129"
"AAATGGGCGAGGCGGCTGC::GCAGCCGCCTCGCCCATTT","0","0","0.6409435","-0.91466576","-0.43090511"
"AATGGGCGAGGCGGCTGCC::GGCAGCCGCCTCGCCCATT","0","0","0.53213309","-1.2174255","-0.62365221"
"ATGGGCGAGGCGGCTGCCA::TGGCAGCCGCCTCGCCCAT","0","0","0.52780475","-1.3441448","-0.82908194"
"TGGGCGAGGCGGCTGCCAT::ATGGCAGCCGCCTCGCCCA","0","0","0.54188557","-1.2639337","-0.74826813"
"GGGCGAGGCGGCTGCCATT::AATGGCAGCCGCCTCGCCC","0","0","0.35505315","-0.96649059","-0.66986478"
"GGCGAGGCGGCTGCCATTT::AAATGGCAGCCGCCTCGCC","0","0","0.33575562","-0.82838379","-0.67228457"
"GCGAGGCGGCTGCCATTTT::AAAATGGCAGCCGCCTCGC","0","0","0.26574417","-0.68215874","-0.56782033"
"CGAGGCGGCTGCCATTTTT::AAAAATGGCAGCCGCCTCG","0","0","0.33697063","-0.37075326","-0.10380205"
"GAGGCGGCTGCCATTTTTA::TAAAAATGGCAGCCGCCTC","0","0","0.41199371","-0.30668548","0.039371554"
"AGGCGGCTGCCATTTTTAT::ATAAAAATGGCAGCCGCCT","0","0","0.45324851","-0.26513054","0.064639399"
"GGCGGCTGCCATTTTTATG::CATAAAAATGGCAGCCGCC","0","0","0.46041988","-0.20727603","0.056421171"
"GCGGCTGCCATTTTTATGA::TCATAAAAATGGCAGCCGC","0","0","0.46425165","-0.21661329","-0.022238191"
"CGGCTGCCATTTTTATGAC::GTCATAAAAATGGCAGCCG","0","0","0.44613671","-0.16470812","-0.045687531"
"GGCTGCCATTTTTATGACT::AGTCATAAAAATGGCAGCC","0","0","0.50836392","-0.12806751","-0.06912842"
"GCTGCCATTTTTATGACTG::CAGTCATAAAAATGGCAGC","0","0","0.62745581","-0.16047825","-0.14264368"
"CTGCCATTTTTATGACTGC::GCAGTCATAAAAATGGCAG","0","0","0.66636706","-0.16853389","-0.13332154"
"TGCCATTTTTATGACTGCC::GGCAGTCATAAAAATGGCA","0","0","0.81947576","-0.16853389","-0.13332154"
"GCCATTTTTATGACTGCCA::TGGCAGTCATAAAAATGGC","0","0","0.57954265","-0.16853389","-0.13332154"
"CCATTTTTATGACTGCCAC::GTGGCAGTCATAAAAATGG","0","0","0.67197735","0.024449235","-0.34441319"
"CATTTTTATGACTGCCACA::TGTGGCAGTCATAAAAATG","0","0","0.68427497","-0.17857211","-0.48225724"
"ATTTTTATGACTGCCACAC::GTGTGGCAGTCATAAAAAT","0","0","0.95738951","-0.29819174","-0.5946505"
"TTTTTATGACTGCCACACC::GGTGTGGCAGTCATAAAAA","0","0","0.99744013","-0.44542853","-0.81255885"
"TTTTATGACTGCCACACCA::TGGTGTGGCAGTCATAAAA","0","0","0.91188838","-0.76285802","-1.2903294"
"TTTATGACTGCCACACCAC::GTGGTGTGGCAGTCATAAA","0","0","0.99281298","-0.84079882","-1.4111752"
"TTATGACTGCCACACCACC::GGTGGTGTGGCAGTCATAA","0","0","0.9770758","-0.79936511","-1.5050795"
"TATGACTGCCACACCACCA::TGGTGGTGTGGCAGTCATA","0","0","0.8828563","-0.83163012","-1.4323883"
"ATGACTGCCACACCACCAG::CTGGTGGTGTGGCAGTCAT","0","0","0.82485297","-0.9035801","-1.2353209"
"TGACTGCCACACCACCAGG::CCTGGTGGTGTGGCAGTCA","0","0","0.8180641","-1.1294611","-1.2839843"
"GACTGCCACACCACCAGGA::TCCTGGTGGTGTGGCAGTC","0","0","0.59739015","-1.2017063","-1.2661856"
"ACTGCCACACCACCAGGAA::TTCCTGGTGGTGTGGCAGT","0","0","0.47016314","-1.3218951","-1.4202787"
"CTGCCACACCACCAGGAAC::GTTCCTGGTGGTGTGGCAG","0","0","0.62657255","-1.2780092","-1.3781033"
"TGCCACACCACCAGGAACC::GGTTCCTGGTGGTGTGGCA","0","0","0.81375778","-0.96289931","-1.3283648"
"GCCACACCACCAGGAACCC::GGGTTCCTGGTGGTGTGGC","0","0","0.44320723","-0.85413681","-1.4342759"
"CCACACCACCAGGAACCCG::CGGGTTCCTGGTGGTGTGG","0","0","0.50563509","-1.0935995","-1.3969562"
"CACACCACCAGGAACCCGT::ACGGGTTCCTGGTGGTGTG","0","0","0.66437515","-1.1086185","-1.374462"
"ACACCACCAGGAACCCGTG::CACGGGTTCCTGGTGGTGT","0","0","0.62221042","-1.190462","-1.4032784"
"CACCACCAGGAACCCGTGA::TCACGGGTTCCTGGTGGTG","0","0","0.47527976","-1.1181628","-1.2960321"
"ACCACCAGGAACCCGTGAT::ATCACGGGTTCCTGGTGGT","0","0","0.5976943","-1.0623561","-1.3613562"
"CCACCAGGAACCCGTGATG::CATCACGGGTTCCTGGTGG","0","0","0.55822703","-1.0199456","-1.2866074"
"CACCAGGAACCCGTGATGC::GCATCACGGGTTCCTGGTG","0","0","0.66616214","-1.0903222","-1.2036878"
"ACCAGGAACCCGTGATGCG::CGCATCACGGGTTCCTGGT","0","0","0.65166679","-1.0051634","-1.0983933"
"CCAGGAACCCGTGATGCGT::ACGCATCACGGGTTCCTGG","0","0","0.5737087","-0.93029043","-1.1147676"
"CAGGAACCCGTGATGCGTT::AACGCATCACGGGTTCCTG","0","0","0.5797741","-0.63917662","-0.96988051"
"AGGAACCCGTGATGCGTTT::AAACGCATCACGGGTTCCT","0","0","0.54798799","-0.47016201","-0.76950565"
"GGAACCCGTGATGCGTTTC::GAAACGCATCACGGGTTCC","0","0","0.58566935","-0.51406683","-0.67808948"
"GAACCCGTGATGCGTTTCC::GGAAACGCATCACGGGTTC","0","0","0.67651752","-0.28871353","-0.72819365"
"AACCCGTGATGCGTTTCCT::AGGAAACGCATCACGGGTT","0","0","0.69437727","-0.51670971","-0.73382308"
"ACCCGTGATGCGTTTCCTG::CAGGAAACGCATCACGGGT","0","0","0.66943427","-0.55887316","-0.65902616"
"CCCGTGATGCGTTTCCTGA::TCAGGAAACGCATCACGGG","0","0","0.4564206","-0.46299841","-0.59506498"
"CCGTGATGCGTTTCCTGAC::GTCAGGAAACGCATCACGG","0","0","0.6036124","-0.3018102","-0.41318857"
"CGTGATGCGTTTCCTGACT::AGTCAGGAAACGCATCACG","0","0","0.6105991","-0.18391457","-0.41888169"
"GTGATGCGTTTCCTGACTC::GAGTCAGGAAACGCATCAC","0","0","0.66198455","-0.19231029","-0.47045668"
"TGATGCGTTTCCTGACTCT::AGAGTCAGGAAACGCATCA","0","0","0.72300626","-0.22014849","-0.48527838"
"GATGCGTTTCCTGACTCTA::TAGAGTCAGGAAACGCATC","0","0","0.56158322","-0.21860208","-0.59698378"
"ATGCGTTTCCTGACTCTAA::TTAGAGTCAGGAAACGCAT","0","0","0.7018221","-0.2585856","-0.55965832"
"TGCGTTTCCTGACTCTAAC::GTTAGAGTCAGGAAACGCA","0","0","0.857873","-0.3183929","-0.60106791"
"GCGTTTCCTGACTCTAACT::AGTTAGAGTCAGGAAACGC","0","0","0.66839728","-0.29639824","-0.65099862"
"CGTTTCCTGACTCTAACTC::GAGTTAGAGTCAGGAAACG","0","0","0.73035594","-0.31983437","-0.70551815"
"GTTTCCTGACTCTAACTCA::TGAGTTAGAGTCAGGAAAC","0","0","0.66922477","-0.41988819","-0.92426289"
"TTTCCTGACTCTAACTCAC::GTGAGTTAGAGTCAGGAAA","0","0","0.9454657","-0.27729075","-0.96708874"
"TTCCTGACTCTAACTCACC::GGTGAGTTAGAGTCAGGAA","0","0","1.0170921","-0.37530569","-0.86753233"
"TCCTGACTCTAACTCACCA::TGGTGAGTTAGAGTCAGGA","0","0","0.78816424","-0.2923556","-0.85699019"
"CCTGACTCTAACTCACCAA::TTGGTGAGTTAGAGTCAGG","0","0","0.58780326","-0.17620486","-0.70669774"
"CTGACTCTAACTCACCAAT::ATTGGTGAGTTAGAGTCAG","0","0","0.70902166","-0.13413083","-0.67471479"
"TGACTCTAACTCACCAATC::GATTGGTGAGTTAGAGTCA","0","0","0.96486402","-0.24161337","-0.89214454"
"GACTCTAACTCACCAATCA::TGATTGGTGAGTTAGAGTC","0","0","0.61618532","-0.17835869","-0.8179188"
"ACTCTAACTCACCAATCAT::ATGATTGGTGAGTTAGAGT","0","0","0.63797313","-0.20662423","-0.73878899"
"CTCTAACTCACCAATCATG::CATGATTGGTGAGTTAGAG","0","0","0.69320415","-0.30514975","-0.66087362"
"TCTAACTCACCAATCATGG::CCATGATTGGTGAGTTAGA","0","0","0.85631286","-0.32478461","-0.65489658"
"CTAACTCACCAATCATGGA::TCCATGATTGGTGAGTTAG","0","0","0.60872596","-0.23547353","-0.42330876"
"TAACTCACCAATCATGGAC::GTCCATGATTGGTGAGTTA","0","0","0.92856531","-0.1808095","-0.42564125"
"AACTCACCAATCATGGACA::TGTCCATGATTGGTGAGTT","0","0","0.68848474","-0.050813819","-0.37022079"
"ACTCACCAATCATGGACAC::GTGTCCATGATTGGTGAGT","0","0","0.53972459","-0.039608907","-0.5048392"
"CTCACCAATCATGGACACA::TGTGTCCATGATTGGTGAG","0","0","0.58032023","0.039321159","-0.35021779"
"TCACCAATCATGGACACAG::CTGTGTCCATGATTGGTGA","0","0","0.83361326","-0.069510399","-0.42415609"
"CACCAATCATGGACACAGA::TCTGTGTCCATGATTGGTG","0","0","0.53873553","-0.16041659","-0.33055055"
"ACCAATCATGGACACAGAA::TTCTGTGTCCATGATTGGT","0","0","0.51306234","0.0045082886","-0.28004276"
"CCAATCATGGACACAGAAG::CTTCTGTGTCCATGATTGG","0","0","0.63768468","-0.053646977","-0.18136618"
"CAATCATGGACACAGAAGT::ACTTCTGTGTCCATGATTG","0","0","0.700389","-0.006015246","-0.10567606"
"AATCATGGACACAGAAGTG::CACTTCTGTGTCCATGATT","0","0","0.78982125","0.011139197","-0.023894987"
"ATCATGGACACAGAAGTGG::CCACTTCTGTGTCCATGAT","0","0","0.8540095","-0.13867927","-0.082177869"
"TCATGGACACAGAAGTGGA::TCCACTTCTGTGTCCATGA","0","0","0.718841","-0.15860763","-0.16742623"
"CATGGACACAGAAGTGGAA::TTCCACTTCTGTGTCCATG","0","0","0.50922282","-0.22297585","-0.080013899"
"ATGGACACAGAAGTGGAAG::CTTCCACTTCTGTGTCCAT","0","0","0.7832348","-0.23372317","-0.25468113"
"TGGACACAGAAGTGGAAGT::ACTTCCACTTCTGTGTCCA","0","0","0.7074114","-0.11469044","-0.28551954"
"GGACACAGAAGTGGAAGTC::GACTTCCACTTCTGTGTCC","0","0","0.63948656","-0.05999794","-0.36981587"
"GACACAGAAGTGGAAGTCC::GGACTTCCACTTCTGTGTC","0","0","0.71710451","-0.17553281","-0.41771066"
"ACACAGAAGTGGAAGTCCC::GGGACTTCCACTTCTGTGT","0","0","0.75590058","-0.42355314","-0.32254306"
"CACAGAAGTGGAAGTCCCA::TGGGACTTCCACTTCTGTG","0","0","0.59375976","-0.54314075","-0.51327262"
"ACAGAAGTGGAAGTCCCAG::CTGGGACTTCCACTTCTGT","0","0","0.70181596","-0.48471245","-0.59597698"
"CAGAAGTGGAAGTCCCAGA::TCTGGGACTTCCACTTCTG","0","0","0.62123039","-0.29513682","-0.53556974"
"AGAAGTGGAAGTCCCAGAG::CTCTGGGACTTCCACTTCT","0","1","0.72083068","-0.48141356","-0.34704159"
"GAAGTGGAAGTCCCAGAGA::TCTCTGGGACTTCCACTTC","0","0","0.56172762","-0.35134786","-0.45871129"
"AAGTGGAAGTCCCAGAGAG::CTCTCTGGGACTTCCACTT","0","0","0.7111675","-0.48030672","-0.79435854"
"AGTGGAAGTCCCAGAGAGA::TCTCTCTGGGACTTCCACT","0","0","0.57112774","-0.27091663","-0.59786174"
"GTGGAAGTCCCAGAGAGAG::CTCTCTCTGGGACTTCCAC","0","0","0.64642696","-0.08255818","-0.64277025"
"TGGAAGTCCCAGAGAGAGC::GCTCTCTCTGGGACTTCCA","0","0","0.80943757","-0.12032222","-0.57319397"
"GGAAGTCCCAGAGAGAGCC::GGCTCTCTCTGGGACTTCC","0","1","0.66806598","0.010597577","-0.70307516"
"GAAGTCCCAGAGAGAGCCT::AGGCTCTCTCTGGGACTTC","0","1","0.57752688","-0.003921838","-0.50012435"
"AAGTCCCAGAGAGAGCCTG::CAGGCTCTCTCTGGGACTT","0","0","0.71397933","-0.14082072","-0.69294201"
"AGTCCCAGAGAGAGCCTGG::CCAGGCTCTCTCTGGGACT","0","0","0.60746491","-0.29926091","-0.80778953"
"GTCCCAGAGAGAGCCTGGA::TCCAGGCTCTCTCTGGGAC","0","0","0.4604893","-0.27094549","-0.92008936"
"TCCCAGAGAGAGCCTGGAG::CTCCAGGCTCTCTCTGGGA","0","0","0.62084608","-0.14465724","-0.89356507"
"CCCAGAGAGAGCCTGGAGC::GCTCCAGGCTCTCTCTGGG","0","0","0.56528008","-0.17683063","-0.7591128"
"CCAGAGAGAGCCTGGAGCT::AGCTCCAGGCTCTCTCTGG","0","0","0.57482768","-0.22379374","-0.54188941"
"CAGAGAGAGCCTGGAGCTC::GAGCTCCAGGCTCTCTCTG","0","0","0.58742416","-0.38252988","-0.76549347"
"AGAGAGAGCCTGGAGCTCA::TGAGCTCCAGGCTCTCTCT","0","0","0.62504675","-0.25791888","-1.0456429"
"GAGAGAGCCTGGAGCTCAG::CTGAGCTCCAGGCTCTCTC","0","0","0.57561072","-0.52490188","-1.2558473"
"AGAGAGCCTGGAGCTCAGG::CCTGAGCTCCAGGCTCTCT","0","0","0.65144017","-0.64427859","-1.163959"
"GAGAGCCTGGAGCTCAGGC::GCCTGAGCTCCAGGCTCTC","0","0","0.63516025","-0.89528172","-1.2546851"
"AGAGCCTGGAGCTCAGGCT::AGCCTGAGCTCCAGGCTCT","0","0","0.66446973","-0.97557251","-1.1627786"
"GAGCCTGGAGCTCAGGCTT::AAGCCTGAGCTCCAGGCTC","0","0","0.53026747","-1.0223357","-1.2988828"
"AGCCTGGAGCTCAGGCTTT::AAAGCCTGAGCTCCAGGCT","0","0","0.47525061","-0.81365065","-1.2142096"
"GCCTGGAGCTCAGGCTTTG::CAAAGCCTGAGCTCCAGGC","0","0","0.42419184","-0.68835444","-1.0579941"
"CCTGGAGCTCAGGCTTTGA::TCAAAGCCTGAGCTCCAGG","0","0","0.47381046","-0.70890116","-0.88872813"
"CTGGAGCTCAGGCTTTGAT::ATCAAAGCCTGAGCTCCAG","0","0","0.60776372","-0.53088647","-0.52594805"
"TGGAGCTCAGGCTTTGATT::AATCAAAGCCTGAGCTCCA","0","0","0.74747828","-0.5463826","-0.38270338"
"GGAGCTCAGGCTTTGATTG::CAATCAAAGCCTGAGCTCC","0","0","0.63175624","-0.6546236","-0.35803128"
"GAGCTCAGGCTTTGATTGG::CCAATCAAAGCCTGAGCTC","0","0","0.61611268","-0.5168544","-0.31334278"
"AGCTCAGGCTTTGATTGGG::CCCAATCAAAGCCTGAGCT","0","0","0.66587575","-0.56756273","-0.30306737"
"GCTCAGGCTTTGATTGGGT::ACCCAATCAAAGCCTGAGC","0","0","0.53136275","-0.75511119","-0.15211919"
"CTCAGGCTTTGATTGGGTG::CACCCAATCAAAGCCTGAG","0","0","0.63070117","-0.84842672","-0.065308204"
"TCAGGCTTTGATTGGGTGA::TCACCCAATCAAAGCCTGA","0","0","0.72684994","-0.78686358","0.061884286"
"CAGGCTTTGATTGGGTGAC::GTCACCCAATCAAAGCCTG","0","0","0.67256584","-0.72052013","0.025560267"
"AGGCTTTGATTGGGTGACA::TGTCACCCAATCAAAGCCT","0","0","0.64283701","-0.69412643","0.063030677"
"GGCTTTGATTGGGTGACAG::CTGTCACCCAATCAAAGCC","0","0","0.61416959","-0.59226639","0.1257871"
"GCTTTGATTGGGTGACAGA::TCTGTCACCCAATCAAAGC","0","0","0.53595904","-0.54226652","0.34637305"
"CTTTGATTGGGTGACAGAC::GTCTGTCACCCAATCAAAG","0","0","0.81209667","-0.80465157","0.22690336"
"TTTGATTGGGTGACAGACC::GGTCTGTCACCCAATCAAA","0","0","1.0598084","-0.90423604","0.17328706"
"TTGATTGGGTGACAGACCA::TGGTCTGTCACCCAATCAA","0","0","0.92751573","-0.86501944","0.18080843"
"TGATTGGGTGACAGACCAT::ATGGTCTGTCACCCAATCA","0","0","0.75536778","-0.98957356","0.026319053"
"GATTGGGTGACAGACCATT::AATGGTCTGTCACCCAATC","0","0","0.66095481","-0.83190183","-0.01781253"
"ATTGGGTGACAGACCATTC::GAATGGTCTGTCACCCAAT","0","0","0.92584763","-0.58634318","0.08005246"
"TTGGGTGACAGACCATTCT::AGAATGGTCTGTCACCCAA","0","0","0.99488777","-0.48123891","0.15436751"
"TGGGTGACAGACCATTCTG::CAGAATGGTCTGTCACCCA","0","0","0.88789916","-0.35183562","0.26396765"
"GGGTGACAGACCATTCTGG::CCAGAATGGTCTGTCACCC","0","0","0.66587425","0.028652807","0.36010633"
"GGTGACAGACCATTCTGGG::CCCAGAATGGTCTGTCACC","0","0","0.7072141","-0.18813733","0.35960701"
"GTGACAGACCATTCTGGGA::TCCCAGAATGGTCTGTCAC","0","0","0.67165865","-0.30506534","0.25430645"
"TGACAGACCATTCTGGGAA::TTCCCAGAATGGTCTGTCA","0","0","0.78360167","-0.47740964","0.28744894"
"GACAGACCATTCTGGGAAA::TTTCCCAGAATGGTCTGTC","0","0","0.43832276","-0.50035442","0.42723267"
"ACAGACCATTCTGGGAAAA::TTTTCCCAGAATGGTCTGT","0","0","0.44617752","-0.50142312","0.61440644"
"CAGACCATTCTGGGAAAAC::GTTTTCCCAGAATGGTCTG","0","0","0.63959286","-0.58352074","0.52757174"
"AGACCATTCTGGGAAAACA::TGTTTTCCCAGAATGGTCT","0","0","0.65700112","-0.56378975","0.86885079"
"GACCATTCTGGGAAAACAG::CTGTTTTCCCAGAATGGTC","0","0","0.70976399","-0.60870582","1.1296426"
"ACCATTCTGGGAAAACAGT::ACTGTTTTCCCAGAATGGT","0","0","0.66501498","-0.72601138","0.97771467"
"CCATTCTGGGAAAACAGTT::AACTGTTTTCCCAGAATGG","0","0","0.63233241","-0.75199106","0.91557819"
"CATTCTGGGAAAACAGTTT::AAACTGTTTTCCCAGAATG","0","0","0.65849837","-0.93510925","0.88498349"
"ATTCTGGGAAAACAGTTTG::CAAACTGTTTTCCCAGAAT","0","0","0.86843399","-0.9736619","0.88154514"
"TTCTGGGAAAACAGTTTGG::CCAAACTGTTTTCCCAGAA","0","0","0.85432347","-1.1483827","0.91124437"
"TCTGGGAAAACAGTTTGGT::ACCAAACTGTTTTCCCAGA","0","0","0.82074727","-1.0576075","0.88730872"
"CTGGGAAAACAGTTTGGTT::AACCAAACTGTTTTCCCAG","0","0","0.617275","-1.2154612","0.70287324"
"TGGGAAAACAGTTTGGTTC::GAACCAAACTGTTTTCCCA","0","0","0.85983844","-1.0299411","0.81385117"
"GGGAAAACAGTTTGGTTCG::CGAACCAAACTGTTTTCCC","0","0","0.65905059","-0.90878756","0.92965585"
"GGAAAACAGTTTGGTTCGT::ACGAACCAAACTGTTTTCC","0","0","0.53343086","-0.7481363","0.88097707"
"GAAAACAGTTTGGTTCGTT::AACGAACCAAACTGTTTTC","0","0","0.68070098","-0.66792258","0.78062986"
"AAAACAGTTTGGTTCGTTC::GAACGAACCAAACTGTTTT","0","0","0.91169301","-0.75902331","0.57055048"
"AAACAGTTTGGTTCGTTCC::GGAACGAACCAAACTGTTT","0","0","0.97209509","-0.6709854","0.47108025"
"AACAGTTTGGTTCGTTCCA::TGGAACGAACCAAACTGTT","0","0","0.80900779","-0.54056794","0.040879452"
"ACAGTTTGGTTCGTTCCAA::TTGGAACGAACCAAACTGT","0","0","0.69106947","-0.46691127","-0.40009459"
"CAGTTTGGTTCGTTCCAAG::CTTGGAACGAACCAAACTG","0","0","0.70817532","-0.21795904","-0.3959159"
"AGTTTGGTTCGTTCCAAGC::GCTTGGAACGAACCAAACT","0","0","0.87378147","-0.017846297","-0.41172227"
"GTTTGGTTCGTTCCAAGCG::CGCTTGGAACGAACCAAAC","0","0","0.8260681","0.0082662924","-0.35558313"
"TTTGGTTCGTTCCAAGCGT::ACGCTTGGAACGAACCAAA","0","0","0.92546644","0.034344034","-0.31462201"
"TTGGTTCGTTCCAAGCGTG::CACGCTTGGAACGAACCAA","0","0","0.87496409","0.13933627","-0.46504589"
"TGGTTCGTTCCAAGCGTGA::TCACGCTTGGAACGAACCA","0","0","0.73606208","0.10077946","-0.54789874"
"GGTTCGTTCCAAGCGTGAG::CTCACGCTTGGAACGAACC","0","0","0.65254676","-0.0034903944","-0.49152099"
"GTTCGTTCCAAGCGTGAGA::TCTCACGCTTGGAACGAAC","0","0","0.69073349","0.090018095","-0.55331177"
"TTCGTTCCAAGCGTGAGAA::TTCTCACGCTTGGAACGAA","0","0","0.77151317","0.086836285","-0.4811992"
"TCGTTCCAAGCGTGAGAAA::TTTCTCACGCTTGGAACGA","0","0","0.57738863","0.060573428","-0.39243132"
"CGTTCCAAGCGTGAGAAAC::GTTTCTCACGCTTGGAACG","0","0","0.60647637","0.018866969","-0.56975365"
"GTTCCAAGCGTGAGAAACG::CGTTTCTCACGCTTGGAAC","0","0","0.73168234","0.18939822","-0.454818"
"TTCCAAGCGTGAGAAACGG::CCGTTTCTCACGCTTGGAA","0","0","0.84842072","0.15256079","-0.41101802"
"TCCAAGCGTGAGAAACGGA::TCCGTTTCTCACGCTTGGA","0","0","0.66587124","0.049658903","-0.40087579"
"CCAAGCGTGAGAAACGGAA::TTCCGTTTCTCACGCTTGG","0","0","0.55768845","0.041029759","-0.33447844"
"CAAGCGTGAGAAACGGAAA::TTTCCGTTTCTCACGCTTG","0","0","0.53125548","-0.16370808","-0.13693091"
"AAGCGTGAGAAACGGAAAT::ATTTCCGTTTCTCACGCTT","0","0","0.64399274","-0.32229123","0.048548539"
"AGCGTGAGAAACGGAAATG::CATTTCCGTTTCTCACGCT","0","0","0.66668921","-0.26686484","0.072970236"
"GCGTGAGAAACGGAAATGA::TCATTTCCGTTTCTCACGC","0","0","0.45585275","-0.22892898","0.087337245"
"CGTGAGAAACGGAAATGAA::TTCATTTCCGTTTCTCACG","0","0","0.37506324","-0.27127251","0.15236331"
"GTGAGAAACGGAAATGAAA::TTTCATTTCCGTTTCTCAC","0","0","0.53417867","-0.24107512","0.083516861"
"TGAGAAACGGAAATGAAAT::ATTTCATTTCCGTTTCTCA","0","0","0.69188685","-0.13896819","0.20049248"
"GAGAAACGGAAATGAAATC::GATTTCATTTCCGTTTCTC","0","0","0.61949401","-0.11921562","0.1983897"
"AGAAACGGAAATGAAATCG::CGATTTCATTTCCGTTTCT","0","0","0.79808314","-0.12787521","0.071325757"
"GAAACGGAAATGAAATCGC::GCGATTTCATTTCCGTTTC","0","0","0.76564108","-0.060241948","0.032578904"
"AAACGGAAATGAAATCGCA::TGCGATTTCATTTCCGTTT","0","0","0.73033696","-0.041388331","0.2274826"
"AACGGAAATGAAATCGCAG::CTGCGATTTCATTTCCGTT","0","0","0.84243598","-0.19016489","0.072909725"
"ACGGAAATGAAATCGCAGC::GCTGCGATTTCATTTCCGT","0","0","0.7919895","-0.20016948","-0.011898319"
"CGGAAATGAAATCGCAGCC::GGCTGCGATTTCATTTCCG","0","0","0.692135","-0.13841282","0.1689897"
"GGAAATGAAATCGCAGCCT::AGGCTGCGATTTCATTTCC","0","0","0.69133068","-0.17862158","0.17624451"
"GAAATGAAATCGCAGCCTG::CAGGCTGCGATTTCATTTC","0","0","0.73073007","-0.12373279","-0.062212016"
"AAATGAAATCGCAGCCTGT::ACAGGCTGCGATTTCATTT","0","0","0.79956683","-0.17969266","-0.19477153"
"AATGAAATCGCAGCCTGTC::GACAGGCTGCGATTTCATT","0","0","0.88023915","-0.24055544","-0.19198847"
"ATGAAATCGCAGCCTGTCT::AGACAGGCTGCGATTTCAT","0","0","0.88863754","-0.38780572","-0.13670819"
"TGAAATCGCAGCCTGTCTG::CAGACAGGCTGCGATTTCA","0","0","0.92767936","-0.46629153","-0.24066075"
"GAAATCGCAGCCTGTCTGA::TCAGACAGGCTGCGATTTC","0","0","0.62448317","-0.64751614","-0.29305808"
"AAATCGCAGCCTGTCTGAC::GTCAGACAGGCTGCGATTT","0","0","0.81493958","-0.50102063","-0.31172755"
"AATCGCAGCCTGTCTGACA::TGTCAGACAGGCTGCGATT","0","0","0.85150494","-0.61901106","-0.31815302"
"ATCGCAGCCTGTCTGACAA::TTGTCAGACAGGCTGCGAT","0","0","0.77013857","-0.63560107","-0.24525417"
"TCGCAGCCTGTCTGACAAA::TTTGTCAGACAGGCTGCGA","0","0","0.6936873","-0.68184598","-0.12794902"
"CGCAGCCTGTCTGACAAAG::CTTTGTCAGACAGGCTGCG","0","0","0.58564165","-0.52760762","-0.12727479"
"GCAGCCTGTCTGACAAAGG::CCTTTGTCAGACAGGCTGC","0","0","0.71920162","-0.4249691","-0.17253068"
"CAGCCTGTCTGACAAAGGC::GCCTTTGTCAGACAGGCTG","0","0","0.76223191","-0.2846397","0.014307351"
"AGCCTGTCTGACAAAGGCT::AGCCTTTGTCAGACAGGCT","0","0","0.79599023","-0.3913819","-0.12269869"
"GCCTGTCTGACAAAGGCTG::CAGCCTTTGTCAGACAGGC","0","0","0.64238384","-0.25285491","-0.0077862282"
"CCTGTCTGACAAAGGCTGG::CCAGCCTTTGTCAGACAGG","0","0","0.68915641","-0.24727968","0.025408783"
"CTGTCTGACAAAGGCTGGA::TCCAGCCTTTGTCAGACAG","0","0","0.72255064","-0.16154368","-0.068261362"
"TGTCTGACAAAGGCTGGAA::TTCCAGCCTTTGTCAGACA","0","0","0.72154655","-0.28181911","-0.031048789"
"GTCTGACAAAGGCTGGAAA::TTTCCAGCCTTTGTCAGAC","0","0","0.48206126","-0.3598609","-0.091432204"
"TCTGACAAAGGCTGGAAAG::CTTTCCAGCCTTTGTCAGA","0","0","0.75823837","-0.23169014","-0.055709265"
"CTGACAAAGGCTGGAAAGC::GCTTTCCAGCCTTTGTCAG","0","0","0.73558679","-0.040042943","0.30831417"
"TGACAAAGGCTGGAAAGCG::CGCTTTCCAGCCTTTGTCA","0","0","0.85536799","-0.13998659","0.27721921"
"GACAAAGGCTGGAAAGCGG::CCGCTTTCCAGCCTTTGTC","0","0","0.68951327","-0.095022183","0.33049534"
"ACAAAGGCTGGAAAGCGGG::CCCGCTTTCCAGCCTTTGT","0","0","0.79595265","-0.12920031","0.188792"
"CAAAGGCTGGAAAGCGGGT::ACCCGCTTTCCAGCCTTTG","0","0","0.59620591","-0.22392119","-0.028266418"
"AAAGGCTGGAAAGCGGGTC::GACCCGCTTTCCAGCCTTT","0","0","0.81360208","-0.32944321","-0.052550617"
"AAGGCTGGAAAGCGGGTCA::TGACCCGCTTTCCAGCCTT","0","0","0.6243302","-0.25970248","0.10661617"
"AGGCTGGAAAGCGGGTCAT::ATGACCCGCTTTCCAGCCT","0","0","0.53853493","-0.3672463","0.066520603"
"GGCTGGAAAGCGGGTCATA::TATGACCCGCTTTCCAGCC","0","0","0.36265451","-0.44401308","0.086647955"
"GCTGGAAAGCGGGTCATAC::GTATGACCCGCTTTCCAGC","0","0","0.57550246","-0.54350297","-0.049248486"
"CTGGAAAGCGGGTCATACA::TGTATGACCCGCTTTCCAG","0","0","0.66347863","-0.57911088","-0.081573658"
"TGGAAAGCGGGTCATACAG::CTGTATGACCCGCTTTCCA","0","0","0.81008751","-0.68210837","-0.16653262"
"GGAAAGCGGGTCATACAGC::GCTGTATGACCCGCTTTCC","0","0","0.68858","-0.54123717","-0.34133048"
"GAAAGCGGGTCATACAGCT::AGCTGTATGACCCGCTTTC","0","0","0.7440235","-0.38722309","-0.53770275"
"AAAGCGGGTCATACAGCTC::GAGCTGTATGACCCGCTTT","0","0","0.86882063","-0.50409255","-0.63259136"
"AAGCGGGTCATACAGCTCA::TGAGCTGTATGACCCGCTT","0","0","0.78644723","-0.53316084","-0.98703044"
"AGCGGGTCATACAGCTCAG::CTGAGCTGTATGACCCGCT","0","0","0.62275788","-0.5917935","-1.1182197"
"GCGGGTCATACAGCTCAGC::GCTGAGCTGTATGACCCGC","0","0","0.62338531","-0.4667869","-0.95893957"
"CGGGTCATACAGCTCAGCA::TGCTGAGCTGTATGACCCG","0","0","0.59816587","-0.62153016","-1.1131045"
"GGGTCATACAGCTCAGCAG::CTGCTGAGCTGTATGACCC","0","0","0.63243269","-0.48433367","-0.7876321"
"GGTCATACAGCTCAGCAGG::CCTGCTGAGCTGTATGACC","0","0","0.64545872","-0.59898111","-0.59136216"
"GTCATACAGCTCAGCAGGA::TCCTGCTGAGCTGTATGAC","0","0","0.53189841","-0.86992517","-0.66632819"
"TCATACAGCTCAGCAGGAA::TTCCTGCTGAGCTGTATGA","0","0","0.60819623","-0.89004589","-0.83461035"
"CATACAGCTCAGCAGGAAG::CTTCCTGCTGAGCTGTATG","0","0","0.65035262","-0.81391418","-1.0460998"
"ATACAGCTCAGCAGGAAGA::TCTTCCTGCTGAGCTGTAT","0","0","0.71717391","-0.69786955","-0.89101188"
"TACAGCTCAGCAGGAAGAC::GTCTTCCTGCTGAGCTGTA","0","0","0.77987109","-0.59642134","-0.79220019"
"ACAGCTCAGCAGGAAGACT::AGTCTTCCTGCTGAGCTGT","0","0","0.61284807","-0.67878544","-0.66322576"
"CAGCTCAGCAGGAAGACTT::AAGTCTTCCTGCTGAGCTG","0","0","0.6556698","-0.79023983","-0.54221266"
"AGCTCAGCAGGAAGACTTT::AAAGTCTTCCTGCTGAGCT","0","0","0.52671595","-0.86025938","-0.48796641"
"GCTCAGCAGGAAGACTTTT::AAAAGTCTTCCTGCTGAGC","0","0","0.43535881","-0.66242749","-0.43048792"
"CTCAGCAGGAAGACTTTTG::CAAAAGTCTTCCTGCTGAG","0","0","0.70095875","-0.78506114","-0.32321405"
"TCAGCAGGAAGACTTTTGA::TCAAAAGTCTTCCTGCTGA","0","0","0.71754414","-0.79075388","-0.16219722"
"CAGCAGGAAGACTTTTGAG::CTCAAAAGTCTTCCTGCTG","0","0","0.64305502","-0.97807694","-0.36202443"
"AGCAGGAAGACTTTTGAGA::TCTCAAAAGTCTTCCTGCT","0","0","0.61225453","-0.73789761","-0.13572713"
"GCAGGAAGACTTTTGAGAC::GTCTCAAAAGTCTTCCTGC","0","1","0.58980458","-0.73705037","-0.37675534"
"CAGGAAGACTTTTGAGACA::TGTCTCAAAAGTCTTCCTG","0","0","0.59414957","-0.44403604","-0.63504812"
"AGGAAGACTTTTGAGACAG::CTGTCTCAAAAGTCTTCCT","0","0","0.77916553","-0.27937951","-0.59035772"
"GGAAGACTTTTGAGACAGA::TCTGTCTCAAAAGTCTTCC","0","0","0.49374009","-0.24389836","-0.33598465"
"GAAGACTTTTGAGACAGAA::TTCTGTCTCAAAAGTCTTC","0","0","0.60270812","-0.096231306","-0.09459442"
"AAGACTTTTGAGACAGAAT::ATTCTGTCTCAAAAGTCTT","0","0","0.76965622","-0.072739943","-0.044252131"
"AGACTTTTGAGACAGAATT::AATTCTGTCTCAAAAGTCT","0","0","0.81436035","-0.20690609","-0.1256529"
"GACTTTTGAGACAGAATTT::AAATTCTGTCTCAAAAGTC","0","0","0.65028141","-0.11403023","0.021922806"
"ACTTTTGAGACAGAATTTC::GAAATTCTGTCTCAAAAGT","0","0","0.8317162","0.059412873","-0.10346836"
"CTTTTGAGACAGAATTTCA::TGAAATTCTGTCTCAAAAG","0","0","0.67922876","0.0058671917","-0.036389456"
"TTTTGAGACAGAATTTCAG::CTGAAATTCTGTCTCAAAA","0","0","0.92120913","-0.12868525","0.095134773"
"TTTGAGACAGAATTTCAGA::TCTGAAATTCTGTCTCAAA","0","0","0.82564889","-0.1781929","-0.014943133"
"TTGAGACAGAATTTCAGAA::TTCTGAAATTCTGTCTCAA","0","0","0.74676474","0.024916164","-0.059927113"
"TGAGACAGAATTTCAGAAA::TTTCTGAAATTCTGTCTCA","0","0","0.65077093","0.13369293","0.0080178891"
"GAGACAGAATTTCAGAAAA::TTTTCTGAAATTCTGTCTC","0","0","0.40020935","0.19881222","0.17346066"
"AGACAGAATTTCAGAAAAC::GTTTTCTGAAATTCTGTCT","0","0","0.63207054","-0.016160889","0.14801638"
"GACAGAATTTCAGAAAACA::TGTTTTCTGAAATTCTGTC","0","1","0.54631427","-0.23420826","0.45302646"
"ACAGAATTTCAGAAAACAA::TTGTTTTCTGAAATTCTGT","0","0","0.5323531","-0.28408703","0.63126129"
"CAGAATTTCAGAAAACAAA::TTTGTTTTCTGAAATTCTG","0","0","0.46985951","-0.19161721","0.68106476"
"AGAATTTCAGAAAACAAAA::TTTTGTTTTCTGAAATTCT","0","0","0.52700733","-0.36607977","0.62158436"
"GAATTTCAGAAAACAAAAA::TTTTTGTTTTCTGAAATTC","0","0","0.36790611","-0.092238027","0.76074938"
"AATTTCAGAAAACAAAAAA::TTTTTTGTTTTCTGAAATT","0","2","0.44634846","0.45797951","1.13971"
"ATTTCAGAAAACAAAAAAT::ATTTTTTGTTTTCTGAAAT","0","1","0.50640612","0.63705955","1.1379376"
"TTTCAGAAAACAAAAAATC::GATTTTTTGTTTTCTGAAA","0","0","0.72582314","0.594017","1.1770641"
"TTCAGAAAACAAAAAATCA::TGATTTTTTGTTTTCTGAA","0","0","0.6071987","0.72525745","1.1226222"
"TCAGAAAACAAAAAATCAA::TTGATTTTTTGTTTTCTGA","0","0","0.49709866","0.84494509","1.0944127"
"CAGAAAACAAAAAATCAAG::CTTGATTTTTTGTTTTCTG","0","1","0.5371696","0.9621622","1.1307784"
"AGAAAACAAAAAATCAAGA::TCTTGATTTTTTGTTTTCT","0","0","0.4731514","0.85917899","1.2367956"
"GAAAACAAAAAATCAAGAG::CTCTTGATTTTTTGTTTTC","0","0","0.59357398","0.84969412","1.3722812"
"AAAACAAAAAATCAAGAGT::ACTCTTGATTTTTTGTTTT","1","0","0.6307557","0.73755078","1.2064706"
"AAACAAAAAATCAAGAGTG::CACTCTTGATTTTTTGTTT","1","0","0.83520048","0.81470122","1.165948"
"AACAAAAAATCAAGAGTGG::CCACTCTTGATTTTTTGTT","0","0","0.70411942","0.74047821","0.81201192"
"ACAAAAAATCAAGAGTGGG::CCCACTCTTGATTTTTTGT","0","0","0.74446441","0.6162698","0.49374657"
"CAAAAAATCAAGAGTGGGA::TCCCACTCTTGATTTTTTG","0","0","0.61077139","0.46269469","0.28037904"
"AAAAAATCAAGAGTGGGAC::GTCCCACTCTTGATTTTTT","0","0","0.81153874","0.39302827","0.19325522"
"AAAAATCAAGAGTGGGACT::AGTCCCACTCTTGATTTTT","0","0","0.68443951","-0.029058122","-0.12059955"
"AAAATCAAGAGTGGGACTT::AAGTCCCACTCTTGATTTT","0","0","0.74429557","-0.51480738","-0.31509156"
"AAATCAAGAGTGGGACTTT::AAAGTCCCACTCTTGATTT","0","0","0.64070418","-0.62159388","-0.42382127"
"AATCAAGAGTGGGACTTTG::CAAAGTCCCACTCTTGATT","0","0","0.7718907","-0.60669999","-0.32259036"
"ATCAAGAGTGGGACTTTGT::ACAAAGTCCCACTCTTGAT","0","0","0.8103829","-0.52502716","-0.30081872"
"TCAAGAGTGGGACTTTGTC::GACAAAGTCCCACTCTTGA","0","0","0.90041082","-0.59407612","-0.38650893"
"CAAGAGTGGGACTTTGTCA::TGACAAAGTCCCACTCTTG","0","0","0.72763965","-0.59311124","-0.37300322"
"AAGAGTGGGACTTTGTCAT::ATGACAAAGTCCCACTCTT","0","0","0.78076563","-0.63188443","-0.43417267"
"AGAGTGGGACTTTGTCATA::TATGACAAAGTCCCACTCT","0","0","0.60638616","-0.76870854","-0.67899629"
"GAGTGGGACTTTGTCATAA::TTATGACAAAGTCCCACTC","0","0","0.55803922","-0.75853349","-0.68267927"
"AGTGGGACTTTGTCATAAC::GTTATGACAAAGTCCCACT","0","0","0.77233764","-0.76718032","-0.65457389"
"GTGGGACTTTGTCATAACA::TGTTATGACAAAGTCCCAC","0","0","0.64125063","-0.78749138","-0.47863016"
"TGGGACTTTGTCATAACAA::TTGTTATGACAAAGTCCCA","0","0","0.77698875","-0.66368015","-0.15640016"
"GGGACTTTGTCATAACAAC::GTTGTTATGACAAAGTCCC","0","0","0.65628272","-0.61628886","-0.012481008"
"GGACTTTGTCATAACAACT::AGTTGTTATGACAAAGTCC","0","0","0.80544603","-0.48081894","0.22343679"
"GACTTTGTCATAACAACTG::CAGTTGTTATGACAAAGTC","0","0","0.880291","-0.59971517","0.13493369"
"ACTTTGTCATAACAACTGA::TCAGTTGTTATGACAAAGT","0","0","0.7133059","-0.60997037","0.035179836"
"CTTTGTCATAACAACTGAC::GTCAGTTGTTATGACAAAG","0","0","0.83664879","-0.4959964","0.12768067"
"TTTGTCATAACAACTGACA::TGTCAGTTGTTATGACAAA","0","0","0.99589542","-0.63853248","0.016348831"
"TTGTCATAACAACTGACAT::ATGTCAGTTGTTATGACAA","0","0","0.91951935","-0.61592753","0.10967347"
"TGTCATAACAACTGACATC::GATGTCAGTTGTTATGACA","0","0","0.97542014","-0.67555766","0.10723235"
"GTCATAACAACTGACATCT::AGATGTCAGTTGTTATGAC","0","0","0.88239949","-0.54106326","0.19274635"
"TCATAACAACTGACATCTC::GAGATGTCAGTTGTTATGA","0","0","0.91791244","-0.36915506","0.28178169"
"CATAACAACTGACATCTCA::TGAGATGTCAGTTGTTATG","0","0","0.71062543","-0.24024629","0.35095375"
"ATAACAACTGACATCTCAG::CTGAGATGTCAGTTGTTAT","0","0","0.99702326","-0.2482616","0.24310805"
"TAACAACTGACATCTCAGA::TCTGAGATGTCAGTTGTTA","0","0","0.88811483","-0.30361047","0.08646562"
"AACAACTGACATCTCAGAG::CTCTGAGATGTCAGTTGTT","0","0","0.91141968","-0.29426765","0.13545056"
"ACAACTGACATCTCAGAGA::TCTCTGAGATGTCAGTTGT","0","0","0.79197236","-0.17235185","0.027884503"
"CAACTGACATCTCAGAGAT::ATCTCTGAGATGTCAGTTG","0","0","0.69640817","-2.3389744e-05","0.065268591"
"AACTGACATCTCAGAGATG::CATCTCTGAGATGTCAGTT","0","0","0.73062026","-0.051200534","0.15160229"
"ACTGACATCTCAGAGATGG::CCATCTCTGAGATGTCAGT","0","0","0.78930235","0.1150017","0.27231763"
"CTGACATCTCAGAGATGGG::CCCATCTCTGAGATGTCAG","0","0","0.73879614","0.095750858","0.34668346"
"TGACATCTCAGAGATGGGC::GCCCATCTCTGAGATGTCA","0","0","0.86552234","-0.13925519","0.20654259"
"GACATCTCAGAGATGGGCG::CGCCCATCTCTGAGATGTC","0","0","0.72699438","-0.14047643","0.27613188"
"ACATCTCAGAGATGGGCGC::GCGCCCATCTCTGAGATGT","0","0","0.71156502","-0.33436839","0.15091345"
"CATCTCAGAGATGGGCGCC::GGCGCCCATCTCTGAGATG","0","0","0.62247938","-0.33540098","0.14915372"
"ATCTCAGAGATGGGCGCCA::TGGCGCCCATCTCTGAGAT","0","0","0.60531482","-0.53650813","0.15744922"
"TCTCAGAGATGGGCGCCAA::TTGGCGCCCATCTCTGAGA","0","0","0.54802254","-0.37592502","0.092284991"
"CTCAGAGATGGGCGCCAAC::GTTGGCGCCCATCTCTGAG","0","0","0.58361443","-0.37174339","0.050750922"
"TCAGAGATGGGCGCCAACT::AGTTGGCGCCCATCTCTGA","0","0","0.80952587","-0.2566074","0.18563331"
"CAGAGATGGGCGCCAACTT::AAGTTGGCGCCCATCTCTG","0","0","0.59403633","-0.027759121","0.51977761"
"AGAGATGGGCGCCAACTTC::GAAGTTGGCGCCCATCTCT","0","0","0.70296997","0.18894774","0.45981792"
"GAGATGGGCGCCAACTTCA::TGAAGTTGGCGCCCATCTC","0","0","0.62562634","0.19648686","0.52761855"
"AGATGGGCGCCAACTTCAA::TTGAAGTTGGCGCCCATCT","0","0","0.54027357","0.18261764","0.56182008"
"GATGGGCGCCAACTTCAAG::CTTGAAGTTGGCGCCCATC","0","0","0.5716763","0.162866","0.34143462"
"ATGGGCGCCAACTTCAAGG::CCTTGAAGTTGGCGCCCAT","0","0","0.84694785","0.04082545","0.32047836"
"TGGGCGCCAACTTCAAGGC::GCCTTGAAGTTGGCGCCCA","0","0","0.72586793","0.19780511","0.35908473"
"GGGCGCCAACTTCAAGGCT::AGCCTTGAAGTTGGCGCCC","0","0","0.46071667","0.29810848","0.36111888"
"GGCGCCAACTTCAAGGCTG::CAGCCTTGAAGTTGGCGCC","0","0","0.56477101","0.4420198","0.35318105"
"GCGCCAACTTCAAGGCTGA::TCAGCCTTGAAGTTGGCGC","0","0","0.43758428","0.66563725","0.44266541"
"CGCCAACTTCAAGGCTGAC::GTCAGCCTTGAAGTTGGCG","0","0","0.47038654","0.77185008","0.53859542"
"GCCAACTTCAAGGCTGACC::GGTCAGCCTTGAAGTTGGC","0","0","0.67542917","0.87648361","0.6780827"
"CCAACTTCAAGGCTGACCG::CGGTCAGCCTTGAAGTTGG","0","0","0.80424302","0.64074468","0.62798433"
"CAACTTCAAGGCTGACCGG::CCGGTCAGCCTTGAAGTTG","0","0","0.67375847","0.61845048","0.7101429"
"AACTTCAAGGCTGACCGGG::CCCGGTCAGCCTTGAAGTT","0","0","0.8026989","0.48433535","0.68291626"
"ACTTCAAGGCTGACCGGGT::ACCCGGTCAGCCTTGAAGT","0","0","0.68216278","0.32256714","0.39467331"
"CTTCAAGGCTGACCGGGTC::GACCCGGTCAGCCTTGAAG","0","0","0.71278917","0.22472578","0.31840651"
"TTCAAGGCTGACCGGGTCA::TGACCCGGTCAGCCTTGAA","0","0","0.77395179","0.25585582","0.23607011"
"TCAAGGCTGACCGGGTCAT::ATGACCCGGTCAGCCTTGA","0","0","0.67455941","0.11389564","0.10868841"
"CAAGGCTGACCGGGTCATA::TATGACCCGGTCAGCCTTG","0","0","0.55322067","0.0025956022","0.15163551"
"AAGGCTGACCGGGTCATAG::CTATGACCCGGTCAGCCTT","0","0","0.84626709","-0.073715784","0.03418457"
"AGGCTGACCGGGTCATAGA::TCTATGACCCGGTCAGCCT","0","0","0.68106996","-0.097653256","0.055302636"
"GGCTGACCGGGTCATAGAC::GTCTATGACCCGGTCAGCC","0","0","0.58766659","-0.052788947","0.13507543"
"GCTGACCGGGTCATAGACT::AGTCTATGACCCGGTCAGC","0","0","0.64623651","-0.29688137","0.024906775"
"CTGACCGGGTCATAGACTC::GAGTCTATGACCCGGTCAG","0","0","0.80930031","-0.47442699","-0.13892114"
"TGACCGGGTCATAGACTCT::AGAGTCTATGACCCGGTCA","0","0","0.84548941","-0.53862381","-0.26871048"
"GACCGGGTCATAGACTCTA::TAGAGTCTATGACCCGGTC","0","0","0.66358672","-0.59233819","-0.52564763"
"ACCGGGTCATAGACTCTAG::CTAGAGTCTATGACCCGGT","0","0","0.70586008","-0.72108406","-0.57766782"
"CCGGGTCATAGACTCTAGG::CCTAGAGTCTATGACCCGG","0","0","0.70367359","-0.82472945","-0.68114789"
"CGGGTCATAGACTCTAGGA::TCCTAGAGTCTATGACCCG","0","0","0.59752922","-0.80293208","-0.74984721"
"GGGTCATAGACTCTAGGAG::CTCCTAGAGTCTATGACCC","0","0","0.61644495","-0.81271107","-0.70524014"
"GGTCATAGACTCTAGGAGA::TCTCCTAGAGTCTATGACC","0","0","0.58095704","-0.80900674","-0.69843355"
"GTCATAGACTCTAGGAGAT::ATCTCCTAGAGTCTATGAC","0","0","0.58892923","-0.87971347","-0.62000178"
"TCATAGACTCTAGGAGATG::CATCTCCTAGAGTCTATGA","0","0","0.80445241","-0.79767739","-0.49747399"
"CATAGACTCTAGGAGATGC::GCATCTCCTAGAGTCTATG","0","0","0.77790372","-0.68233615","-0.52298019"
"ATAGACTCTAGGAGATGCC::GGCATCTCCTAGAGTCTAT","0","0","0.91531378","-0.62725814","-0.49017122"
"TAGACTCTAGGAGATGCCT::AGGCATCTCCTAGAGTCTA","0","0","0.869566","-0.75135849","-0.67914428"
"AGACTCTAGGAGATGCCTA::TAGGCATCTCCTAGAGTCT","0","0","0.70219504","-0.77669742","-0.76460768"
"GACTCTAGGAGATGCCTAA::TTAGGCATCTCCTAGAGTC","0","0","0.55337732","-0.60718381","-0.78636257"
"ACTCTAGGAGATGCCTAAA::TTTAGGCATCTCCTAGAGT","0","0","0.58335334","-0.47206839","-0.76211237"
"CTCTAGGAGATGCCTAAAA::TTTTAGGCATCTCCTAGAG","0","0","0.58727653","-0.43205141","-0.68848268"
"TCTAGGAGATGCCTAAAAC::GTTTTAGGCATCTCCTAGA","0","0","0.83996454","-0.54669975","-0.5948458"
"CTAGGAGATGCCTAAAACC::GGTTTTAGGCATCTCCTAG","0","0","0.86077816","-0.4988117","-0.48816949"
"TAGGAGATGCCTAAAACCA::TGGTTTTAGGCATCTCCTA","0","0","0.89381898","-0.44390768","-0.43908433"
"AGGAGATGCCTAAAACCAG::CTGGTTTTAGGCATCTCCT","0","0","0.79474725","-0.51522625","-0.30042649"
"GGAGATGCCTAAAACCAGT::ACTGGTTTTAGGCATCTCC","0","0","0.63520231","-0.57389037","-0.3238108"
"GAGATGCCTAAAACCAGTC::GACTGGTTTTAGGCATCTC","0","0","0.83412784","-0.59193801","-0.33182636"
"AGATGCCTAAAACCAGTCA::TGACTGGTTTTAGGCATCT","0","0","0.64014888","-0.7582876","-0.45281235"
"GATGCCTAAAACCAGTCAT::ATGACTGGTTTTAGGCATC","0","0","0.58963381","-0.83665464","-0.57698808"
"ATGCCTAAAACCAGTCATA::TATGACTGGTTTTAGGCAT","0","0","0.66116312","-0.95082103","-0.55047671"
"TGCCTAAAACCAGTCATAC::GTATGACTGGTTTTAGGCA","0","0","0.73999041","-0.92060743","-0.54805399"
"GCCTAAAACCAGTCATACT::AGTATGACTGGTTTTAGGC","0","0","0.53478457","-0.8918459","-0.51505752"
"CCTAAAACCAGTCATACTT::AAGTATGACTGGTTTTAGG","0","0","0.59918943","-0.85867693","-0.61253565"
"CTAAAACCAGTCATACTTG::CAAGTATGACTGGTTTTAG","0","0","0.71837943","-1.0415684","-0.4152729"
"TAAAACCAGTCATACTTGA::TCAAGTATGACTGGTTTTA","0","0","0.7660773","-1.2927324","-0.3742854"
"AAAACCAGTCATACTTGAT::ATCAAGTATGACTGGTTTT","0","0","0.74627244","-1.3007754","-0.24917572"
"AAACCAGTCATACTTGATG::CATCAAGTATGACTGGTTT","0","0","0.88867437","-1.17706","-0.22421222"
"AACCAGTCATACTTGATGG::CCATCAAGTATGACTGGTT","0","0","0.84776734","-1.0401001","-0.24469256"
"ACCAGTCATACTTGATGGT::ACCATCAAGTATGACTGGT","0","0","0.63817636","-0.99788142","-0.29982057"
"CCAGTCATACTTGATGGTG::CACCATCAAGTATGACTGG","0","0","0.66728456","-0.95317999","-0.47100472"
"CAGTCATACTTGATGGTGA::TCACCATCAAGTATGACTG","0","0","0.65376994","-0.82316908","-0.39500448"
"AGTCATACTTGATGGTGAG::CTCACCATCAAGTATGACT","0","0","0.7379024","-0.93114188","-0.42932814"
"GTCATACTTGATGGTGAGA::TCTCACCATCAAGTATGAC","0","0","0.53855956","-0.85592589","-0.41409665"
"TCATACTTGATGGTGAGAG::CTCTCACCATCAAGTATGA","0","0","0.89730035","-0.74866855","-0.58217486"
"CATACTTGATGGTGAGAGA::TCTCTCACCATCAAGTATG","0","0","0.59055362","-0.48232079","-0.48601139"
"ATACTTGATGGTGAGAGAG::CTCTCTCACCATCAAGTAT","0","0","0.86586154","-0.35247546","-0.51981468"
"TACTTGATGGTGAGAGAGT::ACTCTCTCACCATCAAGTA","0","0","0.77557816","-0.33934232","-0.40658457"
"ACTTGATGGTGAGAGAGTC::GACTCTCTCACCATCAAGT","0","0","0.79935442","-0.416016","-0.22271265"
"CTTGATGGTGAGAGAGTCA::TGACTCTCTCACCATCAAG","0","0","0.70581983","-0.32011481","-0.36106482"
"TTGATGGTGAGAGAGTCAT::ATGACTCTCTCACCATCAA","0","0","0.87241047","-0.2995931","-0.34559107"
"TGATGGTGAGAGAGTCATC::GATGACTCTCTCACCATCA","0","0","0.8235292","-0.26094185","-0.42155015"
"GATGGTGAGAGAGTCATCT::AGATGACTCTCTCACCATC","0","0","0.76852635","-0.11418112","-0.42708071"
"ATGGTGAGAGAGTCATCTT::AAGATGACTCTCTCACCAT","0","1","0.7880314","-0.0067106303","-0.50610942"
"TGGTGAGAGAGTCATCTTG::CAAGATGACTCTCTCACCA","0","0","0.84135139","0.068159293","-0.46715187"
"GGTGAGAGAGTCATCTTGG::CCAAGATGACTCTCTCACC","0","0","0.74000827","0.069677102","-0.29208721"
"GTGAGAGAGTCATCTTGGC::GCCAAGATGACTCTCTCAC","0","0","0.7098909","0.103325","-0.063288036"
"TGAGAGAGTCATCTTGGCT::AGCCAAGATGACTCTCTCA","0","0","0.8597909","0.25945688","0.14591613"
"GAGAGAGTCATCTTGGCTG::CAGCCAAGATGACTCTCTC","0","0","0.77269269","0.32100485","0.22106881"
"AGAGAGTCATCTTGGCTGG::CCAGCCAAGATGACTCTCT","0","0","0.71726841","0.22102402","0.27784425"
"GAGAGTCATCTTGGCTGGG::CCCAGCCAAGATGACTCTC","0","0","0.6243447","-0.19721244","0.1844168"
"AGAGTCATCTTGGCTGGGC::GCCCAGCCAAGATGACTCT","0","0","0.77335436","-0.37690215","0.26606756"
"GAGTCATCTTGGCTGGGCC::GGCCCAGCCAAGATGACTC","0","0","0.69442312","-0.42901311","0.1268322"
"AGTCATCTTGGCTGGGCCC::GGGCCCAGCCAAGATGACT","0","0","0.68144226","-0.46240229","-0.003909697"
"GTCATCTTGGCTGGGCCCA::TGGGCCCAGCCAAGATGAC","0","0","0.52824998","-0.46661739","-0.13356548"
"TCATCTTGGCTGGGCCCAT::ATGGGCCCAGCCAAGATGA","0","0","0.64164357","-0.37470355","-0.26062842"
"CATCTTGGCTGGGCCCATG::CATGGGCCCAGCCAAGATG","0","0","0.5962237","-0.57235284","-0.36877084"
"ATCTTGGCTGGGCCCATGC::GCATGGGCCCAGCCAAGAT","0","0","0.74963876","-0.74836099","-0.34853338"
"TCTTGGCTGGGCCCATGCC::GGCATGGGCCCAGCCAAGA","0","0","0.66198756","-0.99110494","-0.36277283"
"CTTGGCTGGGCCCATGCCT::AGGCATGGGCCCAGCCAAG","0","0","0.58180819","-1.1545759","-0.46170532"
"TTGGCTGGGCCCATGCCTG::CAGGCATGGGCCCAGCCAA","0","0","0.67350584","-1.1221344","-0.67498007"
"TGGCTGGGCCCATGCCTGT::ACAGGCATGGGCCCAGCCA","0","0","0.52196962","-1.2282849","-0.94860596"
"GGCTGGGCCCATGCCTGTC::GACAGGCATGGGCCCAGCC","0","0","0.42147799","-1.2866718","-1.0818105"
"GCTGGGCCCATGCCTGTCA::TGACAGGCATGGGCCCAGC","0","0","0.41820412","-1.3610245","-1.2273618"
"CTGGGCCCATGCCTGTCAC::GTGACAGGCATGGGCCCAG","1","0","0.50861752","-1.3425428","-1.0911891"
"TGGGCCCATGCCTGTCACG::CGTGACAGGCATGGGCCCA","0","0","0.6227615","-1.0856105","-1.0094862"
"GGGCCCATGCCTGTCACGC::GCGTGACAGGCATGGGCCC","0","0","0.54567002","-0.92746103","-0.86289888"
"GGCCCATGCCTGTCACGCA::TGCGTGACAGGCATGGGCC","0","0","0.40851982","-0.74988152","-0.80853722"
"GCCCATGCCTGTCACGCAT::ATGCGTGACAGGCATGGGC","0","0","0.44132322","-0.61149126","-0.69730849"
"CCCATGCCTGTCACGCATG::CATGCGTGACAGGCATGGG","0","0","0.56568827","-0.5105806","-0.59978336"
"CCATGCCTGTCACGCATGC::GCATGCGTGACAGGCATGG","0","0","0.57098822","-0.51164931","-0.38755319"
"CATGCCTGTCACGCATGCT::AGCATGCGTGACAGGCATG","0","0","0.65801481","-0.43346214","-0.3343142"
"ATGCCTGTCACGCATGCTA::TAGCATGCGTGACAGGCAT","0","0","0.74870289","-0.52707136","-0.55221847"
"TGCCTGTCACGCATGCTAG::CTAGCATGCGTGACAGGCA","0","0","0.78720877","-0.4210249","-0.52044336"
"GCCTGTCACGCATGCTAGT::ACTAGCATGCGTGACAGGC","0","0","0.50924467","-0.33443562","-0.4918545"
"CCTGTCACGCATGCTAGTG::CACTAGCATGCGTGACAGG","0","0","0.69908878","-0.39468972","-0.48325836"
"CTGTCACGCATGCTAGTGC::GCACTAGCATGCGTGACAG","0","1","0.80914254","-0.53211524","-0.66622701"
"TGTCACGCATGCTAGTGCT::AGCACTAGCATGCGTGACA","0","0","0.83114157","-0.61857604","-0.96636515"
"GTCACGCATGCTAGTGCTG::CAGCACTAGCATGCGTGAC","0","0","0.6705291","-0.83180388","-1.1097044"
"TCACGCATGCTAGTGCTGC::GCAGCACTAGCATGCGTGA","0","0","0.91592923","-0.95124026","-1.284325"
"CACGCATGCTAGTGCTGCT::AGCAGCACTAGCATGCGTG","0","0","0.683835","-0.67928572","-1.2574205"
"ACGCATGCTAGTGCTGCTC::GAGCAGCACTAGCATGCGT","0","0","0.80717051","-0.74103475","-1.3206191"
"CGCATGCTAGTGCTGCTCA::TGAGCAGCACTAGCATGCG","0","0","0.58007553","-0.78368853","-1.4089462"
"GCATGCTAGTGCTGCTCAG::CTGAGCAGCACTAGCATGC","0","0","0.5686789","-0.87379541","-1.5010886"
"CATGCTAGTGCTGCTCAGA::TCTGAGCAGCACTAGCATG","0","0","0.62814108","-1.0387871","-1.5882689"
"ATGCTAGTGCTGCTCAGAG::CTCTGAGCAGCACTAGCAT","0","0","0.78285028","-1.0966628","-1.4443376"
"TGCTAGTGCTGCTCAGAGG::CCTCTGAGCAGCACTAGCA","0","0","0.75931872","-1.2462515","-1.4851106"
"GCTAGTGCTGCTCAGAGGA::TCCTCTGAGCAGCACTAGC","0","0","0.56698454","-1.2421481","-1.4234881"
"CTAGTGCTGCTCAGAGGAG::CTCCTCTGAGCAGCACTAG","0","0","0.59835627","-1.3687462","-1.4100978"
"TAGTGCTGCTCAGAGGAGA::TCTCCTCTGAGCAGCACTA","0","0","0.74824139","-1.3340104","-1.2776692"
"AGTGCTGCTCAGAGGAGAG::CTCTCCTCTGAGCAGCACT","0","0","0.62016696","-1.2015294","-1.3532617"
"GTGCTGCTCAGAGGAGAGG::CCTCTCCTCTGAGCAGCAC","0","0","0.57847256","-1.0705806","-1.1171578"
"TGCTGCTCAGAGGAGAGGA::TCCTCTCCTCTGAGCAGCA","0","1","0.6182093","-0.97151198","-0.8923919"
"GCTGCTCAGAGGAGAGGAC::GTCCTCTCCTCTGAGCAGC","0","0","0.46751369","-0.65306287","-0.53623112"
"CTGCTCAGAGGAGAGGACG::CGTCCTCTCCTCTGAGCAG","0","0","0.69561402","-0.48539107","-0.47974225"
"TGCTCAGAGGAGAGGACGT::ACGTCCTCTCCTCTGAGCA","0","0","0.63082159","-0.64239827","-0.58691109"
"GCTCAGAGGAGAGGACGTA::TACGTCCTCTCCTCTGAGC","0","0","0.4220452","-0.54203473","-0.62065241"
"CTCAGAGGAGAGGACGTAT::ATACGTCCTCTCCTCTGAG","0","0","0.58439444","-0.56605448","-0.47021739"
"TCAGAGGAGAGGACGTATA::TATACGTCCTCTCCTCTGA","0","0","0.74609209","-0.58920454","-0.36466166"
"CAGAGGAGAGGACGTATAG::CTATACGTCCTCTCCTCTG","0","0","0.69598176","-0.50082954","-0.26570609"
"AGAGGAGAGGACGTATAGG::CCTATACGTCCTCTCCTCT","0","0","0.7625411","-0.45064888","-0.46843209"
"GAGGAGAGGACGTATAGGC::GCCTATACGTCCTCTCCTC","0","0","0.76830132","-0.43221723","-0.51304802"
"AGGAGAGGACGTATAGGCA::TGCCTATACGTCCTCTCCT","0","0","0.65102737","-0.53218878","-0.5965901"
"GGAGAGGACGTATAGGCAG::CTGCCTATACGTCCTCTCC","0","0","0.64280677","-0.59220756","-0.80063324"
"GAGAGGACGTATAGGCAGG::CCTGCCTATACGTCCTCTC","0","0","0.64277941","-0.69914533","-0.61516521"
"AGAGGACGTATAGGCAGGA::TCCTGCCTATACGTCCTCT","0","0","0.62019959","-0.82215608","-0.49806722"
"GAGGACGTATAGGCAGGAA::TTCCTGCCTATACGTCCTC","0","0","0.50239065","-0.75958235","-0.61362643"
"AGGACGTATAGGCAGGAAC::GTTCCTGCCTATACGTCCT","0","0","0.74578309","-0.77834545","-0.59293888"
"GGACGTATAGGCAGGAACC::GGTTCCTGCCTATACGTCC","0","0","0.67090769","-0.83889753","-0.84344291"
"GACGTATAGGCAGGAACCC::GGGTTCCTGCCTATACGTC","0","0","0.63409146","-0.89149893","-0.97167872"
"ACGTATAGGCAGGAACCCT::AGGGTTCCTGCCTATACGT","0","0","0.6604752","-0.91634915","-0.93683603"
"CGTATAGGCAGGAACCCTA::TAGGGTTCCTGCCTATACG","0","0","0.57543864","-1.0752167","-1.0181616"
"GTATAGGCAGGAACCCTAA::TTAGGGTTCCTGCCTATAC","0","0","0.58027519","-1.0705883","-1.1202719"
"TATAGGCAGGAACCCTAAC::GTTAGGGTTCCTGCCTATA","0","0","0.84659826","-1.0444667","-1.1521324"
"ATAGGCAGGAACCCTAACA::TGTTAGGGTTCCTGCCTAT","0","0","0.83622781","-1.1242433","-1.016277"
"TAGGCAGGAACCCTAACAA::TTGTTAGGGTTCCTGCCTA","0","0","0.77086895","-1.0475623","-0.8037257"
"AGGCAGGAACCCTAACAAA::TTTGTTAGGGTTCCTGCCT","0","0","0.51902529","-0.93949778","-0.63345555"
"GGCAGGAACCCTAACAAAC::GTTTGTTAGGGTTCCTGCC","0","0","0.64365287","-0.72702773","-0.45439871"
"GCAGGAACCCTAACAAACC::GGTTTGTTAGGGTTCCTGC","0","0","0.71657293","-0.64852971","-0.15074061"
"CAGGAACCCTAACAAACCT::AGGTTTGTTAGGGTTCCTG","0","0","0.69673675","-0.56100464","-0.3907837"
"AGGAACCCTAACAAACCTG::CAGGTTTGTTAGGGTTCCT","0","0","0.85243024","-0.4607068","-0.36414696"
"GGAACCCTAACAAACCTGG::CCAGGTTTGTTAGGGTTCC","0","0","0.7253746","-0.49180819","-0.42780399"
"GAACCCTAACAAACCTGGA::TCCAGGTTTGTTAGGGTTC","0","0","0.68306387","-0.3743418","-0.46647196"
"AACCCTAACAAACCTGGAG::CTCCAGGTTTGTTAGGGTT","0","0","0.88371298","-0.48498993","-0.41543848"
"ACCCTAACAAACCTGGAGA::TCTCCAGGTTTGTTAGGGT","0","0","0.73700074","-0.45537294","-0.19764988"
"CCCTAACAAACCTGGAGAT::ATCTCCAGGTTTGTTAGGG","0","0","0.52128278","-0.42578196","-0.084969084"
"CCTAACAAACCTGGAGATG::CATCTCCAGGTTTGTTAGG","0","0","0.6354578","-0.31989413","0.16192339"
"CTAACAAACCTGGAGATGA::TCATCTCCAGGTTTGTTAG","0","0","0.79639385","-0.27735063","0.33195117"
"TAACAAACCTGGAGATGAG::CTCATCTCCAGGTTTGTTA","0","0","0.9410797","-0.16349965","0.39653813"
"AACAAACCTGGAGATGAGT::ACTCATCTCCAGGTTTGTT","0","0","0.83501059","-0.11965679","0.24536726"
"ACAAACCTGGAGATGAGTA::TACTCATCTCCAGGTTTGT","0","0","0.76303113","-0.090222053","0.019749225"
"CAAACCTGGAGATGAGTAC::GTACTCATCTCCAGGTTTG","0","0","0.77427425","0.041362501","-0.080975823"
"AAACCTGGAGATGAGTACA::TGTACTCATCTCCAGGTTT","0","0","0.82511505","-0.048576486","-0.19591526"
"AACCTGGAGATGAGTACAT::ATGTACTCATCTCCAGGTT","0","0","0.77379411","0.11155414","-0.26899185"
"ACCTGGAGATGAGTACATG::CATGTACTCATCTCCAGGT","0","0","0.66096077","0.16011778","-0.29430378"
"CCTGGAGATGAGTACATGT::ACATGTACTCATCTCCAGG","0","0","0.62605252","0.12193236","-0.22268437"
"CTGGAGATGAGTACATGTA::TACATGTACTCATCTCCAG","0","0","0.67145131","0.21287884","0.095611927"
"TGGAGATGAGTACATGTAT::ATACATGTACTCATCTCCA","0","0","0.77482648","0.068916624","0.11165351"
"GGAGATGAGTACATGTATG::CATACATGTACTCATCTCC","0","0","0.62399716","0.025934603","0.11752778"
"GAGATGAGTACATGTATGG::CCATACATGTACTCATCTC","0","1","0.70859593","-0.045597243","0.077749427"
"AGATGAGTACATGTATGGA::TCCATACATGTACTCATCT","0","1","0.60193265","-0.099734342","0.1754547"
"GATGAGTACATGTATGGAG::CTCCATACATGTACTCATC","1","0","0.74059068","-0.14681945","0.014326695"
"ATGAGTACATGTATGGAGG::CCTCCATACATGTACTCAT","0","0","0.89094327","-0.21126158","-0.10948027"
"TGAGTACATGTATGGAGGT::ACCTCCATACATGTACTCA","0","0","0.7286193","-0.32484989","-0.15499463"
"GAGTACATGTATGGAGGTG::CACCTCCATACATGTACTC","0","0","0.59184673","-0.33496655","-0.23038283"
"AGTACATGTATGGAGGTGG::CCACCTCCATACATGTACT","0","0","0.81257217","-0.54698262","-0.12790748"
"GTACATGTATGGAGGTGGG::CCCACCTCCATACATGTAC","0","0","0.6184436","-0.80508216","-0.3199715"
"TACATGTATGGAGGTGGGT::ACCCACCTCCATACATGTA","0","0","0.73846511","-1.0185801","-0.22992652"
"ACATGTATGGAGGTGGGTG::CACCCACCTCCATACATGT","0","0","0.73325541","-1.1774547","-0.25586367"
"CATGTATGGAGGTGGGTGT::ACACCCACCTCCATACATG","0","0","0.61725937","-1.3517863","-0.27987618"
"ATGTATGGAGGTGGGTGTG::CACACCCACCTCCATACAT","0","0","0.64468925","-1.3582681","-0.37832762"
"TGTATGGAGGTGGGTGTGC::GCACACCCACCTCCATACA","0","0","0.71468363","-1.447837","-0.48230807"
"GTATGGAGGTGGGTGTGCA::TGCACACCCACCTCCATAC","0","0","0.50823721","-1.4736801","-0.47012021"
"TATGGAGGTGGGTGTGCAG::CTGCACACCCACCTCCATA","0","0","0.74820858","-1.4904923","-0.41789657"
"ATGGAGGTGGGTGTGCAGA::TCTGCACACCCACCTCCAT","0","0","0.64537194","-1.4290421","-0.37043096"
"TGGAGGTGGGTGTGCAGAG::CTCTGCACACCCACCTCCA","0","0","0.68759358","-1.5747999","-0.39571706"
"GGAGGTGGGTGTGCAGAGA::TCTCTGCACACCCACCTCC","0","0","0.45690391","-1.38505","-0.31060981"
"GAGGTGGGTGTGCAGAGAC::GTCTCTGCACACCCACCTC","0","0","0.61764523","-1.3025518","-0.26288162"
"AGGTGGGTGTGCAGAGACT::AGTCTCTGCACACCCACCT","0","0","0.58981585","-1.4063925","-0.30919951"
"GGTGGGTGTGCAGAGACTG::CAGTCTCTGCACACCCACC","0","0","0.61220766","-1.292689","-0.20915104"
"GTGGGTGTGCAGAGACTGA::TCAGTCTCTGCACACCCAC","0","0","0.55285712","-1.2404154","-0.3050339"
"TGGGTGTGCAGAGACTGAT::ATCAGTCTCTGCACACCCA","0","0","0.74147992","-1.163111","-0.17006494"
"GGGTGTGCAGAGACTGATG::CATCAGTCTCTGCACACCC","0","0","0.58638992","-0.96968628","-0.19883453"
"GGTGTGCAGAGACTGATGA::TCATCAGTCTCTGCACACC","0","0","0.46317515","-0.84979852","-0.044059286"
"GTGTGCAGAGACTGATGAA::TTCATCAGTCTCTGCACAC","0","0","0.44734787","-0.68981579","0.081862995"
"TGTGCAGAGACTGATGAAG::CTTCATCAGTCTCTGCACA","0","1","0.71629594","-0.55472679","0.26238661"
"GTGCAGAGACTGATGAAGG::CCTTCATCAGTCTCTGCAC","0","0","0.67676906","-0.38963166","0.21513998"
"TGCAGAGACTGATGAAGGC::GCCTTCATCAGTCTCTGCA","0","0","0.69160092","-0.22111406","0.30320474"
"GCAGAGACTGATGAAGGCC::GGCCTTCATCAGTCTCTGC","0","0","0.58613923","-0.072625761","0.39941045"
"CAGAGACTGATGAAGGCCA::TGGCCTTCATCAGTCTCTG","0","0","0.61633016","0.049586907","0.4494875"
"AGAGACTGATGAAGGCCAT::ATGGCCTTCATCAGTCTCT","0","0","0.56615135","0.12031296","0.36784503"
"GAGACTGATGAAGGCCATG::CATGGCCTTCATCAGTCTC","0","0","0.61697894","-0.11205718","0.26325819"
"AGACTGATGAAGGCCATGC::GCATGGCCTTCATCAGTCT","0","0","0.76940118","-0.22186327","0.26381306"
"GACTGATGAAGGCCATGCA::TGCATGGCCTTCATCAGTC","0","0","0.50436755","-0.1592464","0.18134204"
"ACTGATGAAGGCCATGCAC::GTGCATGGCCTTCATCAGT","0","0","0.66778634","-0.2338239","0.046768437"
"CTGATGAAGGCCATGCACA::TGTGCATGGCCTTCATCAG","0","0","0.69291076","-0.13827767","-0.020383419"
"TGATGAAGGCCATGCACAC::GTGTGCATGGCCTTCATCA","0","0","0.79334647","-0.17337128","-0.024135237"
"GATGAAGGCCATGCACACT::AGTGTGCATGGCCTTCATC","0","0","0.63677753","-0.21678616","-0.13515488"
"ATGAAGGCCATGCACACTG::CAGTGTGCATGGCCTTCAT","0","0","0.92796076","-0.36489323","-0.41610189"
"TGAAGGCCATGCACACTGG::CCAGTGTGCATGGCCTTCA","0","0","0.75753369","-0.44934256","-0.62115056"
"GAAGGCCATGCACACTGGC::GCCAGTGTGCATGGCCTTC","0","0","0.65772859","-0.56613805","-0.82187119"
"AAGGCCATGCACACTGGCT::AGCCAGTGTGCATGGCCTT","0","0","0.80595401","-0.56468416","-0.58774728"
"AGGCCATGCACACTGGCTT::AAGCCAGTGTGCATGGCCT","0","0","0.69037796","-0.72041295","-0.7786885"
"GGCCATGCACACTGGCTTG::CAAGCCAGTGTGCATGGCC","0","0","0.57276567","-0.87919488","-0.79906599"
"GCCATGCACACTGGCTTGA::TCAAGCCAGTGTGCATGGC","0","0","0.50254312","-1.1002263","-0.88493447"
"CCATGCACACTGGCTTGAA::TTCAAGCCAGTGTGCATGG","0","0","0.53884159","-0.93136546","-0.90993169"
"CATGCACACTGGCTTGAAG::CTTCAAGCCAGTGTGCATG","0","0","0.67126121","-0.72615062","-0.71835135"
"ATGCACACTGGCTTGAAGC::GCTTCAAGCCAGTGTGCAT","0","0","0.98771874","-0.77913254","-0.707512"
"TGCACACTGGCTTGAAGCA::TGCTTCAAGCCAGTGTGCA","0","0","0.72865475","-0.57227653","-0.27279209"
"GCACACTGGCTTGAAGCAA::TTGCTTCAAGCCAGTGTGC","0","0","0.52231674","-0.58137302","-0.15653077"
"CACACTGGCTTGAAGCAAG::CTTGCTTCAAGCCAGTGTG","0","0","0.74304939","-0.60010856","-0.056023466"
"ACACTGGCTTGAAGCAAGA::TCTTGCTTCAAGCCAGTGT","0","0","0.67878405","-0.58517883","0.039775542"
"CACTGGCTTGAAGCAAGAA::TTCTTGCTTCAAGCCAGTG","0","0","0.48417763","-0.53382164","0.24643229"
"ACTGGCTTGAAGCAAGAAT::ATTCTTGCTTCAAGCCAGT","0","0","0.61775796","-0.31709832","0.55055879"
"CTGGCTTGAAGCAAGAATG::CATTCTTGCTTCAAGCCAG","0","0","0.77917289","-0.16694068","0.77863374"
"TGGCTTGAAGCAAGAATGC::GCATTCTTGCTTCAAGCCA","0","0","0.78571238","-0.18632367","0.85186927"
"GGCTTGAAGCAAGAATGCT::AGCATTCTTGCTTCAAGCC","0","0","0.55446866","-0.25190854","0.6650429"
"GCTTGAAGCAAGAATGCTT::AAGCATTCTTGCTTCAAGC","0","0","0.58601374","0.16029967","0.89355593"
"CTTGAAGCAAGAATGCTTC::GAAGCATTCTTGCTTCAAG","0","0","0.79166642","0.29795056","0.67436799"
"TTGAAGCAAGAATGCTTCT::AGAAGCATTCTTGCTTCAA","0","0","0.84200149","0.56074205","0.66868605"
"TGAAGCAAGAATGCTTCTT::AAGAAGCATTCTTGCTTCA","0","0","0.78892702","0.54564257","0.55386343"
"GAAGCAAGAATGCTTCTTG::CAAGAAGCATTCTTGCTTC","0","0","0.72538933","0.49827013","0.39123947"
"AAGCAAGAATGCTTCTTGA::TCAAGAAGCATTCTTGCTT","0","0","0.704691","0.51263412","0.35369044"
"AGCAAGAATGCTTCTTGAC::GTCAAGAAGCATTCTTGCT","0","0","0.7678404","0.31565917","0.045831916"
"GCAAGAATGCTTCTTGACA::TGTCAAGAAGCATTCTTGC","0","0","0.61406759","0.28419311","0.066292284"
"CAAGAATGCTTCTTGACAA::TTGTCAAGAAGCATTCTTG","0","0","0.66993518","0.28134622","0.15710469"
"AAGAATGCTTCTTGACAAC::GTTGTCAAGAAGCATTCTT","0","0","0.83028469","0.24268611","0.15080888"
"AGAATGCTTCTTGACAACA::TGTTGTCAAGAAGCATTCT","0","0","0.83387832","0.18847869","-0.066159237"
"GAATGCTTCTTGACAACAT::ATGTTGTCAAGAAGCATTC","0","0","0.75532341","-0.13628636","-0.29873069"
"AATGCTTCTTGACAACATC::GATGTTGTCAAGAAGCATT","0","0","0.96575737","-0.21907429","-0.42186297"
"ATGCTTCTTGACAACATCT::AGATGTTGTCAAGAAGCAT","0","0","1.0132793","-0.072925285","-0.41086569"
"TGCTTCTTGACAACATCTA::TAGATGTTGTCAAGAAGCA","0","0","0.87945789","-0.075498441","-0.53240893"
"GCTTCTTGACAACATCTAC::GTAGATGTTGTCAAGAAGC","0","0","0.71972891","-0.37726797","-0.78935814"
"CTTCTTGACAACATCTACC::GGTAGATGTTGTCAAGAAG","0","0","0.96670182","-0.39060439","-0.80083118"
"TTCTTGACAACATCTACCT::AGGTAGATGTTGTCAAGAA","0","0","1.0818377","-0.5263461","-0.85828581"
"TCTTGACAACATCTACCTC::GAGGTAGATGTTGTCAAGA","0","0","0.92871844","-0.64682057","-0.89612141"
"CTTGACAACATCTACCTCC::GGAGGTAGATGTTGTCAAG","0","0","0.95438122","-0.72498891","-0.86820183"
"TTGACAACATCTACCTCCA::TGGAGGTAGATGTTGTCAA","0","0","0.91612927","-0.6651644","-0.90829912"
"TGACAACATCTACCTCCAG::CTGGAGGTAGATGTTGTCA","0","0","0.83168259","-0.64317193","-0.89034235"
"GACAACATCTACCTCCAGG::CCTGGAGGTAGATGTTGTC","0","0","0.80183043","-0.79175364","-1.0062257"
"ACAACATCTACCTCCAGGA::TCCTGGAGGTAGATGTTGT","0","0","0.78413956","-0.85080212","-1.115176"
"CAACATCTACCTCCAGGAT::ATCCTGGAGGTAGATGTTG","0","0","0.58245965","-0.81919948","-1.1530453"
"AACATCTACCTCCAGGATG::CATCCTGGAGGTAGATGTT","0","0","0.86113282","-0.68795735","-1.0848113"
"ACATCTACCTCCAGGATGG::CCATCCTGGAGGTAGATGT","0","0","0.74546254","-0.41793649","-0.95825536"
"CATCTACCTCCAGGATGGC::GCCATCCTGGAGGTAGATG","0","0","0.51738399","-0.32225792","-0.9561051"
"ATCTACCTCCAGGATGGCC::GGCCATCCTGGAGGTAGAT","0","0","0.69598999","-0.37637343","-0.83795428"
"TCTACCTCCAGGATGGCCT::AGGCCATCCTGGAGGTAGA","0","0","0.81294377","-0.24480518","-0.66921134"
"CTACCTCCAGGATGGCCTC::GAGGCCATCCTGGAGGTAG","0","0","0.55520107","-0.32579563","-0.53265994"
"TACCTCCAGGATGGCCTCA::TGAGGCCATCCTGGAGGTA","0","0","0.55378007","-0.44988017","-0.58969245"
"ACCTCCAGGATGGCCTCAT::ATGAGGCCATCCTGGAGGT","0","0","0.4978825","-0.42238661","-0.48033841"
"CCTCCAGGATGGCCTCATA::TATGAGGCCATCCTGGAGG","0","0","0.31021604","-0.54261248","-0.46728393"
"CTCCAGGATGGCCTCATAG::CTATGAGGCCATCCTGGAG","0","0","0.64005413","-0.63085669","-0.56320343"
"TCCAGGATGGCCTCATAGC::GCTATGAGGCCATCCTGGA","0","0","0.76776092","-0.60671652","-0.52587806"
"CCAGGATGGCCTCATAGCC::GGCTATGAGGCCATCCTGG","0","0","0.60002534","-0.42024832","-0.50220091"
"CAGGATGGCCTCATAGCCT::AGGCTATGAGGCCATCCTG","0","0","0.64827823","-0.26872298","-0.42155301"
"AGGATGGCCTCATAGCCTC::GAGGCTATGAGGCCATCCT","0","0","0.69017761","-0.20907037","-0.34521033"
"GGATGGCCTCATAGCCTCG::CGAGGCTATGAGGCCATCC","0","0","0.56400456","-0.23816744","-0.41252783"
"GATGGCCTCATAGCCTCGC::GCGAGGCTATGAGGCCATC","0","0","0.65984046","-0.35088832","-0.44807116"
"ATGGCCTCATAGCCTCGCT::AGCGAGGCTATGAGGCCAT","0","0","0.75363021","-0.27312256","-0.36959485"
"TGGCCTCATAGCCTCGCTC::GAGCGAGGCTATGAGGCCA","0","0","0.79469093","-0.31799505","-0.35770561"
"GGCCTCATAGCCTCGCTCT::AGAGCGAGGCTATGAGGCC","0","0","0.57110978","-0.39693656","-0.54194622"
"GCCTCATAGCCTCGCTCTA::TAGAGCGAGGCTATGAGGC","0","0","0.42488836","-0.53547216","-0.67999951"
"CCTCATAGCCTCGCTCTAT::ATAGAGCGAGGCTATGAGG","0","0","0.54540763","-0.44474382","-0.70468491"
"CTCATAGCCTCGCTCTATC::GATAGAGCGAGGCTATGAG","0","0","0.73613025","-0.25601359","-0.53630937"
"TCATAGCCTCGCTCTATCG::CGATAGAGCGAGGCTATGA","0","0","0.95371778","-0.17490111","-0.58470766"
"CATAGCCTCGCTCTATCGG::CCGATAGAGCGAGGCTATG","0","0","0.77257181","-0.090542131","-0.54699605"
"ATAGCCTCGCTCTATCGGC::GCCGATAGAGCGAGGCTAT","0","0","0.89272546","-0.035844048","-0.46434497"
"TAGCCTCGCTCTATCGGCC::GGCCGATAGAGCGAGGCTA","0","0","0.86437939","-0.030595103","-0.54055308"
"AGCCTCGCTCTATCGGCCT::AGGCCGATAGAGCGAGGCT","0","0","0.66079621","-0.0064198251","-0.52957718"
"GCCTCGCTCTATCGGCCTG::CAGGCCGATAGAGCGAGGC","0","0","0.49375926","0.02179375","-0.59183647"
"CCTCGCTCTATCGGCCTGA::TCAGGCCGATAGAGCGAGG","0","0","0.50405747","0.11840143","-0.57412169"
"CTCGCTCTATCGGCCTGAG::CTCAGGCCGATAGAGCGAG","0","0","0.5538532","0.098792568","-0.58485258"
"TCGCTCTATCGGCCTGAGG::CCTCAGGCCGATAGAGCGA","0","0","0.82815442","-0.0041737665","-0.62108074"
"CGCTCTATCGGCCTGAGGC::GCCTCAGGCCGATAGAGCG","0","0","0.66569115","-0.1926731","-0.81272813"
"GCTCTATCGGCCTGAGGCC::GGCCTCAGGCCGATAGAGC","0","0","0.52738958","-0.19388747","-0.67117513"
"CTCTATCGGCCTGAGGCCG::CGGCCTCAGGCCGATAGAG","0","0","0.60981662","-0.28203068","-0.6100159"
"TCTATCGGCCTGAGGCCGA::TCGGCCTCAGGCCGATAGA","0","0","0.63876783","-0.28802509","-0.57172874"
"CTATCGGCCTGAGGCCGAT::ATCGGCCTCAGGCCGATAG","0","0","0.50904071","-0.37107105","-0.62589888"
"TATCGGCCTGAGGCCGATA::TATCGGCCTCAGGCCGATA","0","0","0.69534812","-0.45005674","-0.50745569"
"ATCGGCCTGAGGCCGATAA::TTATCGGCCTCAGGCCGAT","0","0","0.5763911","-0.58089077","-0.35505179"
"TCGGCCTGAGGCCGATAAG::CTTATCGGCCTCAGGCCGA","0","0","0.66661128","-0.61390177","-0.27871583"
"CGGCCTGAGGCCGATAAGG::CCTTATCGGCCTCAGGCCG","0","0","0.57648055","-0.56453897","-0.057346322"
"GGCCTGAGGCCGATAAGGT::ACCTTATCGGCCTCAGGCC","0","0","0.46728323","-0.50568149","-0.021073207"
"GCCTGAGGCCGATAAGGTA::TACCTTATCGGCCTCAGGC","0","0","0.43431867","-0.67778103","-0.052145574"
"CCTGAGGCCGATAAGGTAG::CTACCTTATCGGCCTCAGG","0","0","0.65644984","-0.74971278","0.073985839"
"CTGAGGCCGATAAGGTAGC::GCTACCTTATCGGCCTCAG","0","0","0.75610283","-0.69864909","0.10872951"
"TGAGGCCGATAAGGTAGCC::GGCTACCTTATCGGCCTCA","0","0","0.74636228","-0.51815959","0.21080738"
"GAGGCCGATAAGGTAGCCG::CGGCTACCTTATCGGCCTC","0","0","0.76430221","-0.39304927","0.26474698"
"AGGCCGATAAGGTAGCCGC::GCGGCTACCTTATCGGCCT","0","0","0.80940123","-0.41261274","0.30118811"
"GGCCGATAAGGTAGCCGCC::GGCGGCTACCTTATCGGCC","0","0","0.5949024","-0.50716617","0.15009423"
"GCCGATAAGGTAGCCGCCA::TGGCGGCTACCTTATCGGC","0","0","0.55976673","-0.4931391","0.18080385"
"CCGATAAGGTAGCCGCCAT::ATGGCGGCTACCTTATCGG","0","0","0.54161009","-0.5029029","0.33714295"
"CGATAAGGTAGCCGCCATT::AATGGCGGCTACCTTATCG","0","0","0.54096248","-0.33723985","0.38096352"
"GATAAGGTAGCCGCCATTG::CAATGGCGGCTACCTTATC","0","0","0.77047642","-0.24611117","0.27009014"
"ATAAGGTAGCCGCCATTGA::TCAATGGCGGCTACCTTAT","0","0","0.79547923","-0.18060444","0.30321737"
"TAAGGTAGCCGCCATTGAG::CTCAATGGCGGCTACCTTA","0","0","0.93708583","-0.21044145","0.22326441"
"AAGGTAGCCGCCATTGAGG::CCTCAATGGCGGCTACCTT","0","0","0.89129101","-0.37034183","-0.070562757"
"AGGTAGCCGCCATTGAGGG::CCCTCAATGGCGGCTACCT","0","0","0.72752487","-0.5233755","-0.056087449"
"GGTAGCCGCCATTGAGGGA::TCCCTCAATGGCGGCTACC","0","0","0.48589526","-0.59833721","-0.21191983"
"GTAGCCGCCATTGAGGGAG::CTCCCTCAATGGCGGCTAC","0","0","0.74764127","-0.57857284","-0.24734324"
"TAGCCGCCATTGAGGGAGA::TCTCCCTCAATGGCGGCTA","0","0","0.69744844","-0.63255483","-0.22480573"
"AGCCGCCATTGAGGGAGAG::CTCTCCCTCAATGGCGGCT","0","0","0.56992493","-0.69392649","-0.43087907"
"GCCGCCATTGAGGGAGAGT::ACTCTCCCTCAATGGCGGC","0","0","0.51500814","-0.71313369","-0.35149184"
"CCGCCATTGAGGGAGAGTT::AACTCTCCCTCAATGGCGG","0","0","0.598711","-0.68851492","-0.26033362"
"CGCCATTGAGGGAGAGTTT::AAACTCTCCCTCAATGGCG","0","0","0.479611","-0.66754195","-0.23910266"
"GCCATTGAGGGAGAGTTTA::TAAACTCTCCCTCAATGGC","0","0","0.49084685","-0.64517583","-0.23169257"
"CCATTGAGGGAGAGTTTAA::TTAAACTCTCCCTCAATGG","0","0","0.47156814","-0.50240031","-0.17038857"
"CATTGAGGGAGAGTTTAAG::CTTAAACTCTCCCTCAATG","0","0","0.70568917","-0.55139181","-0.021457573"
"ATTGAGGGAGAGTTTAAGC::GCTTAAACTCTCCCTCAAT","0","0","0.89888668","-0.59902101","-0.019027527"
"TTGAGGGAGAGTTTAAGCT::AGCTTAAACTCTCCCTCAA","0","0","0.91013727","-0.547984","-0.015071763"
"TGAGGGAGAGTTTAAGCTG::CAGCTTAAACTCTCCCTCA","0","0","0.84349922","-0.51066511","0.054374402"
"GAGGGAGAGTTTAAGCTGA::TCAGCTTAAACTCTCCCTC","0","0","0.60671478","-0.15481329","0.24896653"
"AGGGAGAGTTTAAGCTGAG::CTCAGCTTAAACTCTCCCT","0","0","0.70847471","-0.13948557","0.22086867"
"GGGAGAGTTTAAGCTGAGG::CCTCAGCTTAAACTCTCCC","0","0","0.6790671","-0.17154041","0.25112313"
"GGAGAGTTTAAGCTGAGGA::TCCTCAGCTTAAACTCTCC","0","0","0.63098595","-0.15656368","0.19044172"
"GAGAGTTTAAGCTGAGGAC::GTCCTCAGCTTAAACTCTC","0","0","0.75046672","-0.045007431","0.31718341"
"AGAGTTTAAGCTGAGGACA::TGTCCTCAGCTTAAACTCT","0","0","0.75701473","0.038678273","0.57381845"
"GAGTTTAAGCTGAGGACAG::CTGTCCTCAGCTTAAACTC","0","0","0.73433649","0.16862077","0.55770638"
"AGTTTAAGCTGAGGACAGA::TCTGTCCTCAGCTTAAACT","0","0","0.65056313","0.13487299","0.59548283"
"GTTTAAGCTGAGGACAGAG::CTCTGTCCTCAGCTTAAAC","0","0","0.75984137","0.053448047","0.78523211"
"TTTAAGCTGAGGACAGAGC::GCTCTGTCCTCAGCTTAAA","0","0","0.99804098","0.031711202","0.76628765"
"TTAAGCTGAGGACAGAGCA::TGCTCTGTCCTCAGCTTAA","0","0","0.94973013","-0.0763617","0.56488817"
"TAAGCTGAGGACAGAGCAA::TTGCTCTGTCCTCAGCTTA","0","0","0.80885955","-0.23882607","0.37484492"
"AAGCTGAGGACAGAGCAAA::TTTGCTCTGTCCTCAGCTT","0","0","0.74972934","-0.26936732","0.2815502"
"AGCTGAGGACAGAGCAAAG::CTTTGCTCTGTCCTCAGCT","0","0","0.68995296","-0.27509876","0.12879899"
"GCTGAGGACAGAGCAAAGG::CCTTTGCTCTGTCCTCAGC","0","0","0.69984285","-0.11219199","-0.047548531"
"CTGAGGACAGAGCAAAGGA::TCCTTTGCTCTGTCCTCAG","0","0","0.69847681","-0.11850927","0.058962665"
"TGAGGACAGAGCAAAGGAA::TTCCTTTGCTCTGTCCTCA","0","0","0.66534085","-0.12487746","-0.045682159"
"GAGGACAGAGCAAAGGAAG::CTTCCTTTGCTCTGTCCTC","0","0","0.64384249","-0.020043361","-0.21667016"
"AGGACAGAGCAAAGGAAGA::TCTTCCTTTGCTCTGTCCT","1","0","0.56677872","0.15629479","-0.064636978"
"GGACAGAGCAAAGGAAGAC::GTCTTCCTTTGCTCTGTCC","0","0","0.59545697","0.051733269","-0.26230653"
"GACAGAGCAAAGGAAGACC::GGTCTTCCTTTGCTCTGTC","0","0","0.71245363","-0.11177063","-0.28952126"
"ACAGAGCAAAGGAAGACCT::AGGTCTTCCTTTGCTCTGT","0","0","0.67602399","-0.29282361","-0.23569154"
"CAGAGCAAAGGAAGACCTT::AAGGTCTTCCTTTGCTCTG","0","0","0.55470798","-0.28518259","-0.2752373"
"AGAGCAAAGGAAGACCTTC::GAAGGTCTTCCTTTGCTCT","0","0","0.73015822","-0.23353612","-0.4134188"
"GAGCAAAGGAAGACCTTCG::CGAAGGTCTTCCTTTGCTC","0","0","0.75974101","-0.086440132","-0.42397298"
"AGCAAAGGAAGACCTTCGT::ACGAAGGTCTTCCTTTGCT","0","0","0.70200067","-0.040768215","-0.40159049"
"GCAAAGGAAGACCTTCGTG::CACGAAGGTCTTCCTTTGC","0","0","0.63424314","-0.031646039","-0.42432972"
"CAAAGGAAGACCTTCGTGG::CCACGAAGGTCTTCCTTTG","0","0","0.82467907","-0.10295525","-0.42160419"
"AAAGGAAGACCTTCGTGGA::TCCACGAAGGTCTTCCTTT","0","0","0.70669048","-0.23127283","-0.55495501"
"AAGGAAGACCTTCGTGGAA::TTCCACGAAGGTCTTCCTT","0","0","0.59411574","-0.46782927","-0.31627143"
"AGGAAGACCTTCGTGGAAC::GTTCCACGAAGGTCTTCCT","0","0","0.78430282","-0.72654815","-0.53564639"
"GGAAGACCTTCGTGGAACT::AGTTCCACGAAGGTCTTCC","0","0","0.57967033","-0.58192411","-0.30762376"
"GAAGACCTTCGTGGAACTC::GAGTTCCACGAAGGTCTTC","0","0","0.6998016","-0.48185961","-0.070926462"
"AAGACCTTCGTGGAACTCA::TGAGTTCCACGAAGGTCTT","0","0","0.78812578","-0.5909575","-0.22550085"
"AGACCTTCGTGGAACTCAT::ATGAGTTCCACGAAGGTCT","0","0","0.71961706","-0.58152093","-0.17014045"
"GACCTTCGTGGAACTCATG::CATGAGTTCCACGAAGGTC","0","0","0.68324822","-0.59860312","-0.21102959"
"ACCTTCGTGGAACTCATGA::TCATGAGTTCCACGAAGGT","0","0","0.70196981","-0.4787357","-0.32689344"
"CCTTCGTGGAACTCATGAA::TTCATGAGTTCCACGAAGG","0","0","0.52953313","-0.39465281","-0.30936238"
"CTTCGTGGAACTCATGAAG::CTTCATGAGTTCCACGAAG","0","0","0.76073872","-0.22659647","-0.22283923"
"TTCGTGGAACTCATGAAGA::TCTTCATGAGTTCCACGAA","0","0","0.82037778","-0.22374834","-0.13514616"
"TCGTGGAACTCATGAAGAG::CTCTTCATGAGTTCCACGA","0","0","0.75669944","-0.24963484","0.08453582"
"CGTGGAACTCATGAAGAGA::TCTCTTCATGAGTTCCACG","0","0","0.48224998","-0.05867524","0.19574214"
"GTGGAACTCATGAAGAGAG::CTCTCTTCATGAGTTCCAC","0","0","0.68234817","0.04275903","0.093914898"
"TGGAACTCATGAAGAGAGG::CCTCTCTTCATGAGTTCCA","0","0","0.76164058","-0.083171189","0.12854193"
"GGAACTCATGAAGAGAGGA::TCCTCTCTTCATGAGTTCC","0","0","0.51367363","-0.032072836","-0.056801007"
"GAACTCATGAAGAGAGGAG::CTCCTCTCTTCATGAGTTC","0","0","0.63902709","-0.011711116","-0.043613483"
"AACTCATGAAGAGAGGAGA::TCTCCTCTCTTCATGAGTT","0","0","0.67461564","-0.056243702","-0.07063696"
"ACTCATGAAGAGAGGAGAC::GTCTCCTCTCTTCATGAGT","0","0","0.62112408","-0.016127638","-0.012851902"
"CTCATGAAGAGAGGAGACC::GGTCTCCTCTCTTCATGAG","0","0","0.67982935","-0.040345001","0.11892101"
"TCATGAAGAGAGGAGACCT::AGGTCTCCTCTCTTCATGA","0","0","0.79663274","-0.19544","0.11497158"
"CATGAAGAGAGGAGACCTT::AAGGTCTCCTCTCTTCATG","0","0","0.57332567","-0.17951356","0.14743941"
"ATGAAGAGAGGAGACCTTC::GAAGGTCTCCTCTCTTCAT","0","0","0.85785861","-0.25198368","0.25563258"
"TGAAGAGAGGAGACCTTCC::GGAAGGTCTCCTCTCTTCA","0","0","0.85987374","-0.5424873","0.12301143"
"GAAGAGAGGAGACCTTCCC::GGGAAGGTCTCCTCTCTTC","0","0","0.73409655","-0.64582179","-0.11940003"
"AAGAGAGGAGACCTTCCCG::CGGGAAGGTCTCCTCTCTT","0","0","0.84038029","-0.83967175","-0.25316152"
"AGAGAGGAGACCTTCCCGT::ACGGGAAGGTCTCCTCTCT","0","0","0.72970681","-0.93236687","-0.55635719"
"GAGAGGAGACCTTCCCGTC::GACGGGAAGGTCTCCTCTC","0","0","0.69379521","-1.0894576","-0.56903065"
"AGAGGAGACCTTCCCGTCT::AGACGGGAAGGTCTCCTCT","0","0","0.73410758","-1.0276571","-0.34200607"
"GAGGAGACCTTCCCGTCTG::CAGACGGGAAGGTCTCCTC","0","0","0.70024125","-0.90317703","-0.3313797"
"AGGAGACCTTCCCGTCTGG::CCAGACGGGAAGGTCTCCT","0","0","0.62178328","-0.65712283","-0.10198545"
"GGAGACCTTCCCGTCTGGC::GCCAGACGGGAAGGTCTCC","0","0","0.58971333","-0.56811531","-0.12895084"
"GAGACCTTCCCGTCTGGCT::AGCCAGACGGGAAGGTCTC","0","0","0.69528881","-0.54023441","0.016811387"
"AGACCTTCCCGTCTGGCTA::TAGCCAGACGGGAAGGTCT","0","0","0.72246357","-0.56286097","0.079322857"
"GACCTTCCCGTCTGGCTAG::CTAGCCAGACGGGAAGGTC","0","0","0.60482189","-0.46225851","-0.02774612"
"ACCTTCCCGTCTGGCTAGC::GCTAGCCAGACGGGAAGGT","0","0","0.64012863","-0.4017617","-0.027579609"
"CCTTCCCGTCTGGCTAGCC::GGCTAGCCAGACGGGAAGG","0","0","0.60398472","-0.25371407","-0.038382795"
"CTTCCCGTCTGGCTAGCCT::AGGCTAGCCAGACGGGAAG","0","0","0.66859302","-0.2806342","-0.12498092"
"TTCCCGTCTGGCTAGCCTA::TAGGCTAGCCAGACGGGAA","0","0","0.76239964","-0.047848365","-0.15667229"
"TCCCGTCTGGCTAGCCTAT::ATAGGCTAGCCAGACGGGA","0","0","0.63081574","-0.1072518","-0.10032763"
"CCCGTCTGGCTAGCCTATC::GATAGGCTAGCCAGACGGG","0","0","0.60494606","0.072278545","-0.036974119"
"CCGTCTGGCTAGCCTATCA::TGATAGGCTAGCCAGACGG","0","0","0.61352465","0.14573427","0.032178823"
"CGTCTGGCTAGCCTATCAG::CTGATAGGCTAGCCAGACG","0","0","0.62995046","0.11773523","-0.021254167"
"GTCTGGCTAGCCTATCAGG::CCTGATAGGCTAGCCAGAC","0","0","0.6395878","-0.0034802511","-0.064058099"
"TCTGGCTAGCCTATCAGGT::ACCTGATAGGCTAGCCAGA","0","0","0.81989492","0.0026468888","-0.02198377"
"CTGGCTAGCCTATCAGGTT::AACCTGATAGGCTAGCCAG","0","0","0.63629031","-0.16291947","-0.16991608"
"TGGCTAGCCTATCAGGTTG::CAACCTGATAGGCTAGCCA","0","0","0.76358433","-0.23626175","-0.1273334"
"GGCTAGCCTATCAGGTTGC::GCAACCTGATAGGCTAGCC","0","0","0.55537521","-0.36173169","-0.32289068"
"GCTAGCCTATCAGGTTGCA::TGCAACCTGATAGGCTAGC","0","0","0.42501886","-0.49756583","-0.49616995"
"CTAGCCTATCAGGTTGCAT::ATGCAACCTGATAGGCTAG","0","0","0.67334692","-0.68090837","-0.56168311"
"TAGCCTATCAGGTTGCATC::GATGCAACCTGATAGGCTA","0","0","0.99600807","-0.71264199","-0.61621776"
"AGCCTATCAGGTTGCATCT::AGATGCAACCTGATAGGCT","0","0","0.73157587","-0.68082097","-0.64548914"
"GCCTATCAGGTTGCATCTG::CAGATGCAACCTGATAGGC","0","0","0.55371648","-0.59503109","-0.59792346"
"CCTATCAGGTTGCATCTGC::GCAGATGCAACCTGATAGG","0","0","0.70480615","-0.50000816","-0.51234046"
"CTATCAGGTTGCATCTGCC::GGCAGATGCAACCTGATAG","0","0","0.7670191","-0.70504586","-0.59337835"
"TATCAGGTTGCATCTGCCG::CGGCAGATGCAACCTGATA","0","0","0.96988023","-0.83131548","-0.56911536"
"ATCAGGTTGCATCTGCCGG::CCGGCAGATGCAACCTGAT","0","0","0.85290795","-0.75080404","-0.48529339"
"TCAGGTTGCATCTGCCGGA::TCCGGCAGATGCAACCTGA","0","0","0.75183885","-0.54452433","-0.3851847"
"CAGGTTGCATCTGCCGGAA::TTCCGGCAGATGCAACCTG","0","0","0.503946","-0.56454591","-0.45328583"
"AGGTTGCATCTGCCGGAAT::ATTCCGGCAGATGCAACCT","0","0","0.5624483","-0.64452871","-0.50258299"
"GGTTGCATCTGCCGGAATA::TATTCCGGCAGATGCAACC","0","0","0.46993487","-0.6647942","-0.39548027"
"GTTGCATCTGCCGGAATAA::TTATTCCGGCAGATGCAAC","0","0","0.48943329","-0.56662587","-0.2595049"
"TTGCATCTGCCGGAATAAC::GTTATTCCGGCAGATGCAA","0","0","0.81768614","-0.56536414","-0.24452499"
"TGCATCTGCCGGAATAACT::AGTTATTCCGGCAGATGCA","0","0","0.85941539","-0.49114438","-0.14405439"
"GCATCTGCCGGAATAACTT::AAGTTATTCCGGCAGATGC","0","0","0.60700052","-0.27553021","0.16871339"
"CATCTGCCGGAATAACTTA::TAAGTTATTCCGGCAGATG","0","0","0.57802887","-0.18985964","0.062393864"
"ATCTGCCGGAATAACTTAC::GTAAGTTATTCCGGCAGAT","0","0","0.80375701","-0.1609172","-0.052676596"
"TCTGCCGGAATAACTTACA::TGTAAGTTATTCCGGCAGA","0","0","0.78799657","-0.21761188","-0.17485145"
"CTGCCGGAATAACTTACAC::GTGTAAGTTATTCCGGCAG","0","0","0.73965323","-0.27915882","-0.035868605"
"TGCCGGAATAACTTACACA::TGTGTAAGTTATTCCGGCA","0","0","0.83582235","0.016111158","0.17936222"
"GCCGGAATAACTTACACAG::CTGTGTAAGTTATTCCGGC","0","0","0.66752411","-0.051937623","-0.041417918"
"CCGGAATAACTTACACAGA::TCTGTGTAAGTTATTCCGG","0","0","0.54737712","-0.20129136","0.013870576"
"CGGAATAACTTACACAGAC::GTCTGTGTAAGTTATTCCG","0","0","0.70807586","-0.40678052","-0.10425022"
"GGAATAACTTACACAGACA::TGTCTGTGTAAGTTATTCC","0","0","0.6797469","-0.18916831","-0.074963211"
"GAATAACTTACACAGACAG::CTGTCTGTGTAAGTTATTC","0","0","0.7601479","-0.015264225","-0.048904943"
"AATAACTTACACAGACAGA::TCTGTCTGTGTAAGTTATT","0","0","0.7353292","-0.012129942","-0.0074205616"
"ATAACTTACACAGACAGAA::TTCTGTCTGTGTAAGTTAT","0","0","0.80224459","0.047641721","-0.1353584"
"TAACTTACACAGACAGAAG::CTTCTGTCTGTGTAAGTTA","0","0","0.92057914","0.13506496","-0.00010209195"
"AACTTACACAGACAGAAGA::TCTTCTGTCTGTGTAAGTT","0","0","0.69502204","0.26017336","0.055627039"
"ACTTACACAGACAGAAGAT::ATCTTCTGTCTGTGTAAGT","0","0","0.5854198","0.1243423","0.044797517"
"CTTACACAGACAGAAGATG::CATCTTCTGTCTGTGTAAG","0","0","0.67138257","0.11648184","0.27473371"
"TTACACAGACAGAAGATGG::CCATCTTCTGTCTGTGTAA","0","0","0.92378665","0.040057131","0.40190813"
"TACACAGACAGAAGATGGT::ACCATCTTCTGTCTGTGTA","0","0","0.79323704","0.058492724","0.43650308"
"ACACAGACAGAAGATGGTG::CACCATCTTCTGTCTGTGT","0","0","0.73502852","-0.0091700802","0.22451348"
"CACAGACAGAAGATGGTGC::GCACCATCTTCTGTCTGTG","0","0","0.68665088","0.003931147","0.057304308"
"ACAGACAGAAGATGGTGCT::AGCACCATCTTCTGTCTGT","0","0","0.71487128","0.031293485","0.010898628"
"CAGACAGAAGATGGTGCTT::AAGCACCATCTTCTGTCTG","0","0","0.5550654","0.35347107","-0.033919876"
"AGACAGAAGATGGTGCTTT::AAAGCACCATCTTCTGTCT","0","0","0.64345763","0.62029659","0.075241639"
"GACAGAAGATGGTGCTTTG::CAAAGCACCATCTTCTGTC","0","0","0.57656354","0.46584169","0.21456543"
"ACAGAAGATGGTGCTTTGA::TCAAAGCACCATCTTCTGT","0","0","0.63384009","0.3337888","0.28847618"
"CAGAAGATGGTGCTTTGAT::ATCAAAGCACCATCTTCTG","1","0","0.56626345","0.44333193","0.33706714"
"AGAAGATGGTGCTTTGATG::CATCAAAGCACCATCTTCT","1","0","0.70407402","0.33406007","0.38062776"
"GAAGATGGTGCTTTGATGG::CCATCAAAGCACCATCTTC","0","0","0.68519014","0.44844923","0.26867765"
"AAGATGGTGCTTTGATGGC::GCCATCAAAGCACCATCTT","0","0","0.67049239","0.45923291","0.15480311"
"AGATGGTGCTTTGATGGCA::TGCCATCAAAGCACCATCT","0","0","0.59992872","0.47073952","-0.13915259"
"GATGGTGCTTTGATGGCAC::GTGCCATCAAAGCACCATC","0","0","0.66490059","0.44537155","-0.30166052"
"ATGGTGCTTTGATGGCACA::TGTGCCATCAAAGCACCAT","0","0","0.65930615","0.32315195","-0.50497698"
"TGGTGCTTTGATGGCACAA::TTGTGCCATCAAAGCACCA","0","0","0.67795104","0.4503117","-0.45565823"
"GGTGCTTTGATGGCACAAC::GTTGTGCCATCAAAGCACC","0","0","0.70602678","0.44285926","-0.30279861"
"GTGCTTTGATGGCACAACC::GGTTGTGCCATCAAAGCAC","0","0","0.83135495","0.35848237","-0.29181859"
"TGCTTTGATGGCACAACCA::TGGTTGTGCCATCAAAGCA","0","0","0.83526423","0.39786904","-0.070596374"
"GCTTTGATGGCACAACCAA::TTGGTTGTGCCATCAAAGC","0","0","0.50597644","0.15425945","-0.11113092"
"CTTTGATGGCACAACCAAC::GTTGGTTGTGCCATCAAAG","0","0","0.75242989","-0.053922612","-0.21938354"
"TTTGATGGCACAACCAACA::TGTTGGTTGTGCCATCAAA","0","0","0.95710039","-0.18659453","-0.40922633"
"TTGATGGCACAACCAACAA::TTGTTGGTTGTGCCATCAA","0","0","0.82899244","-0.10675947","-0.29684621"
"TGATGGCACAACCAACAAC::GTTGTTGGTTGTGCCATCA","0","0","0.86502162","-0.1883176","-0.28967462"
"GATGGCACAACCAACAACA::TGTTGTTGGTTGTGCCATC","0","0","0.77317044","-0.18937634","-0.32588204"
"ATGGCACAACCAACAACAC::GTGTTGTTGGTTGTGCCAT","0","0","0.76638372","-0.23365149","-0.49225586"
"TGGCACAACCAACAACACC::GGTGTTGTTGGTTGTGCCA","0","0","0.87529473","-0.36781807","-0.57931845"
"GGCACAACCAACAACACCA::TGGTGTTGTTGGTTGTGCC","0","0","0.67368053","-0.39521794","-0.55187568"
"GCACAACCAACAACACCAT::ATGGTGTTGTTGGTTGTGC","0","0","0.52287856","-0.44431707","-0.53407444"
"CACAACCAACAACACCATA::TATGGTGTTGTTGGTTGTG","0","0","0.56161827","-0.4358997","-0.47200039"
"ACAACCAACAACACCATAA::TTATGGTGTTGTTGGTTGT","0","0","0.6447516","-0.57703746","-0.43777562"
"CAACCAACAACACCATAAT::ATTATGGTGTTGTTGGTTG","0","0","0.60481248","-0.52456752","-0.424041"
"AACCAACAACACCATAATG::CATTATGGTGTTGTTGGTT","0","0","0.76670269","-0.51877331","-0.35766834"
"ACCAACAACACCATAATGG::CCATTATGGTGTTGTTGGT","0","0","0.7998062","-0.46765726","-0.20880816"
"CCAACAACACCATAATGGA::TCCATTATGGTGTTGTTGG","0","0","0.57934549","-0.49251547","-0.091329981"
"CAACAACACCATAATGGAA::TTCCATTATGGTGTTGTTG","0","0","0.5405694","-0.62578956","0.064443527"
"AACAACACCATAATGGAAG::CTTCCATTATGGTGTTGTT","0","0","0.88067818","-0.6675294","-0.13648139"
"ACAACACCATAATGGAAGA::TCTTCCATTATGGTGTTGT","0","0","0.56999614","-0.59281905","-0.22438499"
"CAACACCATAATGGAAGAC::GTCTTCCATTATGGTGTTG","0","0","0.63625791","-0.48655802","-0.29537053"
"AACACCATAATGGAAGACA::TGTCTTCCATTATGGTGTT","0","0","0.74696375","-0.214814","-0.2139143"
"ACACCATAATGGAAGACAG::CTGTCTTCCATTATGGTGT","0","0","0.67080298","-0.17631151","-0.071790667"
"CACCATAATGGAAGACAGT::ACTGTCTTCCATTATGGTG","0","0","0.58665214","-0.27781645","-0.02924483"
"ACCATAATGGAAGACAGTG::CACTGTCTTCCATTATGGT","0","0","0.78977011","-0.37476628","-0.048725716"
"CCATAATGGAAGACAGTGT::ACACTGTCTTCCATTATGG","0","1","0.63194117","-0.38807146","-0.11263365"
"CATAATGGAAGACAGTGTA::TACACTGTCTTCCATTATG","0","0","0.65006776","-0.25198775","-0.06449868"
"ATAATGGAAGACAGTGTAC::GTACACTGTCTTCCATTAT","0","0","0.81423407","-0.24888792","-0.10027277"
"TAATGGAAGACAGTGTACC::GGTACACTGTCTTCCATTA","0","0","0.96677681","-0.35222591","-0.35616729"
"AATGGAAGACAGTGTACCA::TGGTACACTGTCTTCCATT","0","0","0.72556437","-0.37191544","-0.39374348"
"ATGGAAGACAGTGTACCAG::CTGGTACACTGTCTTCCAT","0","0","0.81081663","-0.50545339","-0.48130106"
"TGGAAGACAGTGTACCAGC::GCTGGTACACTGTCTTCCA","0","0","0.93068562","-0.62925531","-0.71801136"
"GGAAGACAGTGTACCAGCA::TGCTGGTACACTGTCTTCC","0","0","0.53363387","-0.71578907","-1.055675"
"GAAGACAGTGTACCAGCAG::CTGCTGGTACACTGTCTTC","0","0","0.69501617","-0.59891734","-0.54798355"
"AAGACAGTGTACCAGCAGA::TCTGCTGGTACACTGTCTT","0","0","0.69314291","-0.68521505","-0.57676558"
"AGACAGTGTACCAGCAGAG::CTCTGCTGGTACACTGTCT","0","0","0.73231273","-0.83463181","-0.39059265"
"GACAGTGTACCAGCAGAGG::CCTCTGCTGGTACACTGTC","0","0","0.68844884","-1.1834922","-0.38275442"
"ACAGTGTACCAGCAGAGGT::ACCTCTGCTGGTACACTGT","0","0","0.71571973","-1.3050651","-0.36073424"
"CAGTGTACCAGCAGAGGTT::AACCTCTGCTGGTACACTG","0","0","0.60547934","-1.1626697","-0.2751889"
"AGTGTACCAGCAGAGGTTT::AAACCTCTGCTGGTACACT","0","0","0.56377999","-0.93766","-0.24374413"
"GTGTACCAGCAGAGGTTTG::CAAACCTCTGCTGGTACAC","0","0","0.5571183","-0.7925549","-0.072040889"
"TGTACCAGCAGAGGTTTGG::CCAAACCTCTGCTGGTACA","0","0","0.80532507","-0.97990411","0.094733381"
"GTACCAGCAGAGGTTTGGA::TCCAAACCTCTGCTGGTAC","0","0","0.53802308","-1.0478369","0.087519043"
"TACCAGCAGAGGTTTGGAC::GTCCAAACCTCTGCTGGTA","0","0","0.7725902","-0.99614043","0.18512444"
"ACCAGCAGAGGTTTGGACA::TGTCCAAACCTCTGCTGGT","0","0","0.65891427","-0.8474511","0.31784349"
"CCAGCAGAGGTTTGGACAA::TTGTCCAAACCTCTGCTGG","0","0","0.47458715","-0.75885007","0.27577251"
"CAGCAGAGGTTTGGACAAA::TTTGTCCAAACCTCTGCTG","1","0","0.48202991","-0.6460557","0.45408919"
"AGCAGAGGTTTGGACAAAG::CTTTGTCCAAACCTCTGCT","0","0","0.70166507","-0.31400803","0.73979981"
"GCAGAGGTTTGGACAAAGT::ACTTTGTCCAAACCTCTGC","0","0","0.57238142","-0.41584954","0.45700861"
"CAGAGGTTTGGACAAAGTA::TACTTTGTCCAAACCTCTG","0","0","0.66995104","-0.59193413","0.40501455"
"AGAGGTTTGGACAAAGTAT::ATACTTTGTCCAAACCTCT","0","0","0.73152998","-0.57238263","0.14994473"
"GAGGTTTGGACAAAGTATG::CATACTTTGTCCAAACCTC","0","0","0.77502029","-0.49331966","0.15887076"
"AGGTTTGGACAAAGTATGG::CCATACTTTGTCCAAACCT","0","0","0.71843259","-0.48687819","0.16333064"
"GGTTTGGACAAAGTATGGA::TCCATACTTTGTCCAAACC","0","0","0.5276179","-0.44794846","0.35906654"
"GTTTGGACAAAGTATGGAG::CTCCATACTTTGTCCAAAC","0","0","0.68779501","-0.54853448","0.38094567"
"TTTGGACAAAGTATGGAGA::TCTCCATACTTTGTCCAAA","0","0","0.79278811","-0.59349759","0.33564605"
"TTGGACAAAGTATGGAGAG::CTCTCCATACTTTGTCCAA","0","0","0.8915277","-0.50290507","0.016702347"
"TGGACAAAGTATGGAGAGA::TCTCTCCATACTTTGTCCA","0","0","0.67658346","-0.23392059","0.096317288"
"GGACAAAGTATGGAGAGAA::TTCTCTCCATACTTTGTCC","0","0","0.58248205","-0.24359944","0.22640471"
"GACAAAGTATGGAGAGAAG::CTTCTCTCCATACTTTGTC","0","0","0.59332746","-0.35530272","0.31937274"
"ACAAAGTATGGAGAGAAGA::TCTTCTCTCCATACTTTGT","0","0","0.68013994","-0.22277183","0.32975218"
"CAAAGTATGGAGAGAAGAG::CTCTTCTCTCCATACTTTG","0","0","0.69634909","-0.21718653","0.39417152"
"AAAGTATGGAGAGAAGAGA::TCTCTTCTCTCCATACTTT","0","0","0.74929877","-0.09894799","0.42498645"
"AAGTATGGAGAGAAGAGAG::CTCTCTTCTCTCCATACTT","0","0","0.76354558","0.020044942","0.30173869"
"AGTATGGAGAGAAGAGAGT::ACTCTCTTCTCTCCATACT","0","0","0.64541425","0.12007148","0.33119462"
"GTATGGAGAGAAGAGAGTG::CACTCTCTTCTCTCCATAC","0","0","0.66882993","0.13765548","0.39049607"
"TATGGAGAGAAGAGAGTGC::GCACTCTCTTCTCTCCATA","0","0","0.82316919","0.019770806","0.23792586"
"ATGGAGAGAAGAGAGTGCT::AGCACTCTCTTCTCTCCAT","0","0","0.75486621","-0.020191491","-0.0025652304"
"TGGAGAGAAGAGAGTGCTC::GAGCACTCTCTTCTCTCCA","0","0","0.74201969","-0.10240129","-0.19817687"
"GGAGAGAAGAGAGTGCTCA::TGAGCACTCTCTTCTCTCC","0","0","0.50619849","-0.027494872","-0.27996114"
"GAGAGAAGAGAGTGCTCAA::TTGAGCACTCTCTTCTCTC","0","0","0.51396565","-0.048535635","-0.40038583"
"AGAGAAGAGAGTGCTCAAA::TTTGAGCACTCTCTTCTCT","0","0","0.53570304","-0.08963012","-0.34817757"
"GAGAAGAGAGTGCTCAAAC::GTTTGAGCACTCTCTTCTC","0","0","0.72931077","-0.21984103","-0.39647051"
"AGAAGAGAGTGCTCAAACC::GGTTTGAGCACTCTCTTCT","0","0","0.79415201","-0.26829912","-0.46466659"
"GAAGAGAGTGCTCAAACCG::CGGTTTGAGCACTCTCTTC","0","0","0.82919251","-0.34584184","-0.70491268"
"AAGAGAGTGCTCAAACCGA::TCGGTTTGAGCACTCTCTT","0","0","0.79819186","-0.27018313","-0.85360028"
"AGAGAGTGCTCAAACCGAG::CTCGGTTTGAGCACTCTCT","0","0","0.78189924","-0.18103222","-1.1250353"
"GAGAGTGCTCAAACCGAGA::TCTCGGTTTGAGCACTCTC","0","0","0.72093688","-0.35162135","-1.197136"
"AGAGTGCTCAAACCGAGAT::ATCTCGGTTTGAGCACTCT","0","0","0.7057139","-0.2944573","-0.93437323"
"GAGTGCTCAAACCGAGATG::CATCTCGGTTTGAGCACTC","0","0","0.68485049","-0.22324765","-0.83803012"
"AGTGCTCAAACCGAGATGG::CCATCTCGGTTTGAGCACT","0","0","0.74186409","-0.078612768","-0.8111499"
"GTGCTCAAACCGAGATGGA::TCCATCTCGGTTTGAGCAC","0","0","0.51063416","0.16938842","-0.42643147"
"TGCTCAAACCGAGATGGAT::ATCCATCTCGGTTTGAGCA","0","0","0.65655855","0.34489516","-0.12417969"
"GCTCAAACCGAGATGGATG::CATCCATCTCGGTTTGAGC","0","0","0.6343431","0.45152896","-0.15024517"
"CTCAAACCGAGATGGATGG::CCATCCATCTCGGTTTGAG","0","0","0.66526677","0.52396825","0.053079669"
"TCAAACCGAGATGGATGGA::TCCATCCATCTCGGTTTGA","0","0","0.61141828","0.60312603","0.38012369"
"CAAACCGAGATGGATGGAT::ATCCATCCATCTCGGTTTG","0","0","0.64766039","0.63638042","0.52516312"
"AAACCGAGATGGATGGATG::CATCCATCCATCTCGGTTT","0","0","0.76830838","0.63345575","0.47114342"
"AACCGAGATGGATGGATGC::GCATCCATCCATCTCGGTT","0","0","0.74273935","0.67756079","0.36561841"
"ACCGAGATGGATGGATGCT::AGCATCCATCCATCTCGGT","0","0","0.56866089","0.72744366","0.43389343"
"CCGAGATGGATGGATGCTA::TAGCATCCATCCATCTCGG","0","0","0.52603812","0.5072768","0.38328399"
"CGAGATGGATGGATGCTAG::CTAGCATCCATCCATCTCG","0","0","0.5765191","0.46097585","0.40705098"
"GAGATGGATGGATGCTAGG::CCTAGCATCCATCCATCTC","0","0","0.6294734","0.39545356","0.37556723"
"AGATGGATGGATGCTAGGG::CCCTAGCATCCATCCATCT","0","0","0.70344362","0.21441285","0.21060646"
"GATGGATGGATGCTAGGGT::ACCCTAGCATCCATCCATC","0","0","0.60171842","0.20272484","0.1647688"
"ATGGATGGATGCTAGGGTC::GACCCTAGCATCCATCCAT","0","0","0.78215554","0.090435414","0.12618083"
"TGGATGGATGCTAGGGTCT::AGACCCTAGCATCCATCCA","0","0","0.75027979","0.060695845","-0.15588871"
"GGATGGATGCTAGGGTCTG::CAGACCCTAGCATCCATCC","0","0","0.52923126","-0.1059387","-0.31074448"
"GATGGATGCTAGGGTCTGT::ACAGACCCTAGCATCCATC","0","0","0.57571263","-0.13106712","-0.40364443"
"ATGGATGCTAGGGTCTGTT::AACAGACCCTAGCATCCAT","0","0","0.75483377","0.10870801","-0.52505244"
"TGGATGCTAGGGTCTGTTC::GAACAGACCCTAGCATCCA","0","0","0.77338619","-0.017597034","-0.69332757"
"GGATGCTAGGGTCTGTTCA::TGAACAGACCCTAGCATCC","0","0","0.57198366","-0.026574581","-0.53321622"
"GATGCTAGGGTCTGTTCAG::CTGAACAGACCCTAGCATC","0","0","0.65179511","-0.063976543","-0.40420297"
"ATGCTAGGGTCTGTTCAGA::TCTGAACAGACCCTAGCAT","0","0","0.66342687","-0.19421842","-0.45711827"
"TGCTAGGGTCTGTTCAGAC::GTCTGAACAGACCCTAGCA","0","0","0.81730149","-0.22065825","-0.50688748"
"GCTAGGGTCTGTTCAGACC::GGTCTGAACAGACCCTAGC","0","0","0.71240334","-0.18518696","-0.32302522"
"CTAGGGTCTGTTCAGACCA::TGGTCTGAACAGACCCTAG","0","0","0.77398587","-0.25743079","-0.20744657"
"TAGGGTCTGTTCAGACCAT::ATGGTCTGAACAGACCCTA","0","0","0.71670206","-0.22352255","-0.1712925"
"AGGGTCTGTTCAGACCATG::CATGGTCTGAACAGACCCT","0","0","0.72695753","-0.19525191","-0.12571048"
"GGGTCTGTTCAGACCATGC::GCATGGTCTGAACAGACCC","0","0","0.7024518","-0.23643192","-0.17069444"
"GGTCTGTTCAGACCATGCG::CGCATGGTCTGAACAGACC","0","0","0.71631345","-0.23720605","-0.17836584"
"GTCTGTTCAGACCATGCGG::CCGCATGGTCTGAACAGAC","0","0","0.70313207","-0.40138656","-0.15996129"
"TCTGTTCAGACCATGCGGC::GCCGCATGGTCTGAACAGA","0","0","0.8041295","-0.40596037","-0.17077511"
"CTGTTCAGACCATGCGGCC::GGCCGCATGGTCTGAACAG","0","0","0.61827568","-0.5135968","-0.19226082"
"TGTTCAGACCATGCGGCCC::GGGCCGCATGGTCTGAACA","0","0","0.69813129","-0.93688857","-0.21000136"
"GTTCAGACCATGCGGCCCT::AGGGCCGCATGGTCTGAAC","0","0","0.57249519","-0.88430207","-0.39437441"
"TTCAGACCATGCGGCCCTG::CAGGGCCGCATGGTCTGAA","0","0","0.57931708","-0.84583345","-0.69582869"
"TCAGACCATGCGGCCCTGA::TCAGGGCCGCATGGTCTGA","0","0","0.55378677","-0.83910563","-0.78638513"
"CAGACCATGCGGCCCTGAA::TTCAGGGCCGCATGGTCTG","0","0","0.4392624","-0.60633217","-0.63415813"
"AGACCATGCGGCCCTGAAG::CTTCAGGGCCGCATGGTCT","0","0","0.61403254","-0.44511749","-0.44738241"
"GACCATGCGGCCCTGAAGT::ACTTCAGGGCCGCATGGTC","0","0","0.57095392","-0.26685928","-0.38923779"
"ACCATGCGGCCCTGAAGTC::GACTTCAGGGCCGCATGGT","0","0","0.56328566","-0.18539908","-0.55278155"
"CCATGCGGCCCTGAAGTCG::CGACTTCAGGGCCGCATGG","0","0","0.58464218","-0.011656518","-0.45376981"
"CATGCGGCCCTGAAGTCGT::ACGACTTCAGGGCCGCATG","0","0","0.59755589","0.050758571","-0.41319785"
"ATGCGGCCCTGAAGTCGTT::AACGACTTCAGGGCCGCAT","0","0","0.53952394","0.072717186","-0.40373277"
"TGCGGCCCTGAAGTCGTTC::GAACGACTTCAGGGCCGCA","0","0","0.70174083","0.041660133","-0.47081275"
"GCGGCCCTGAAGTCGTTCA::TGAACGACTTCAGGGCCGC","0","0","0.4378138","0.24573319","-0.20439247"
"CGGCCCTGAAGTCGTTCAA::TTGAACGACTTCAGGGCCG","0","0","0.39784719","0.36595122","-0.0224505"
"GGCCCTGAAGTCGTTCAAA::TTTGAACGACTTCAGGGCC","0","0","0.38978756","0.43590185","-0.00034295504"
"GCCCTGAAGTCGTTCAAAG::CTTTGAACGACTTCAGGGC","0","0","0.55063795","0.6450662","0.16474418"
"CCCTGAAGTCGTTCAAAGA::TCTTTGAACGACTTCAGGG","0","0","0.51972146","0.68678272","0.54373337"
"CCTGAAGTCGTTCAAAGAA::TTCTTTGAACGACTTCAGG","0","0","0.48595142","0.51860269","0.7298767"
"CTGAAGTCGTTCAAAGAAT::ATTCTTTGAACGACTTCAG","0","0","0.66025745","0.60483677","0.84482226"
"TGAAGTCGTTCAAAGAATT::AATTCTTTGAACGACTTCA","0","0","0.80153663","0.41324241","0.72030071"
"GAAGTCGTTCAAAGAATTC::GAATTCTTTGAACGACTTC","0","0","0.73230195","0.19597912","0.49344568"
"AAGTCGTTCAAAGAATTCG::CGAATTCTTTGAACGACTT","0","0","0.97029886","0.12386417","0.3750304"
"AGTCGTTCAAAGAATTCGC::GCGAATTCTTTGAACGACT","0","0","0.9151264","0.13248656","0.56294017"
"GTCGTTCAAAGAATTCGCC::GGCGAATTCTTTGAACGAC","0","0","0.77328747","0.020176584","0.43886926"
"TCGTTCAAAGAATTCGCCG::CGGCGAATTCTTTGAACGA","0","0","0.9422254","0.041428051","0.42501279"
"CGTTCAAAGAATTCGCCGC::GCGGCGAATTCTTTGAACG","0","0","0.68567813","0.017821881","0.34030797"
"GTTCAAAGAATTCGCCGCT::AGCGGCGAATTCTTTGAAC","0","0","0.67475698","0.084859579","0.34386846"
"TTCAAAGAATTCGCCGCTG::CAGCGGCGAATTCTTTGAA","0","0","0.86342913","0.15794005","0.24851656"
"TCAAAGAATTCGCCGCTGG::CCAGCGGCGAATTCTTTGA","0","0","0.88767351","0.05660755","0.041891792"
"CAAAGAATTCGCCGCTGGA::TCCAGCGGCGAATTCTTTG","0","0","0.67660058","0.01332878","0.017648225"
"AAAGAATTCGCCGCTGGAA::TTCCAGCGGCGAATTCTTT","0","0","0.73471594","-0.21927882","0.068450157"
"AAGAATTCGCCGCTGGAAA::TTTCCAGCGGCGAATTCTT","0","0","0.70025799","-0.33435265","-0.029107095"
"AGAATTCGCCGCTGGAAAA::TTTTCCAGCGGCGAATTCT","0","0","0.61159085","-0.2521577","0.026527938"
"GAATTCGCCGCTGGAAAAA::TTTTTCCAGCGGCGAATTC","0","0","0.52125268","0.0059785627","0.15631927"
"AATTCGCCGCTGGAAAAAG::CTTTTTCCAGCGGCGAATT","0","0","0.73608475","0.057340455","0.41537144"
"ATTCGCCGCTGGAAAAAGA::TCTTTTTCCAGCGGCGAAT","0","0","0.66386544","0.16724233","0.73673477"
"TTCGCCGCTGGAAAAAGAG::CTCTTTTTCCAGCGGCGAA","0","0","0.88411978","0.14324362","0.94801978"
"TCGCCGCTGGAAAAAGAGG::CCTCTTTTTCCAGCGGCGA","0","0","0.83090528","-0.066198326","0.82676196"
"CGCCGCTGGAAAAAGAGGA::TCCTCTTTTTCCAGCGGCG","0","0","0.58261631","-0.13433804","0.8056146"
"GCCGCTGGAAAAAGAGGAG::CTCCTCTTTTTCCAGCGGC","0","0","0.5592975","-0.20151623","0.79062973"
"CCGCTGGAAAAAGAGGAGC::GCTCCTCTTTTTCCAGCGG","0","0","0.72986719","-0.26243816","0.85922322"
"CGCTGGAAAAAGAGGAGCG::CGCTCCTCTTTTTCCAGCG","0","0","0.60076284","-0.32603747","0.94353718"
"GCTGGAAAAAGAGGAGCGG::CCGCTCCTCTTTTTCCAGC","0","0","0.5751027","-0.51001707","0.85248496"
"CTGGAAAAAGAGGAGCGGC::GCCGCTCCTCTTTTTCCAG","0","0","0.67630673","-0.52374354","0.88148194"
"TGGAAAAAGAGGAGCGGCT::AGCCGCTCCTCTTTTTCCA","0","0","0.75215667","-0.59001205","0.93036268"
"GGAAAAAGAGGAGCGGCTT::AAGCCGCTCCTCTTTTTCC","0","0","0.5427173","-0.56956431","0.68012276"
"GAAAAAGAGGAGCGGCTTT::AAAGCCGCTCCTCTTTTTC","0","0","0.4820812","-0.24669428","0.59890798"
"AAAAAGAGGAGCGGCTTTG::CAAAGCCGCTCCTCTTTTT","0","0","0.80850584","-0.2556132","0.52714709"
"AAAAGAGGAGCGGCTTTGG::CCAAAGCCGCTCCTCTTTT","0","0","0.7611582","-0.6991299","0.46195268"
"AAAGAGGAGCGGCTTTGGG::CCCAAAGCCGCTCCTCTTT","0","0","0.72004949","-0.79204563","0.28230586"
"AAGAGGAGCGGCTTTGGGA::TCCCAAAGCCGCTCCTCTT","0","0","0.70271417","-0.926395","-0.021210943"
"AGAGGAGCGGCTTTGGGAG::CTCCCAAAGCCGCTCCTCT","0","0","0.61224458","-1.0389936","-0.24147273"
"GAGGAGCGGCTTTGGGAGT::ACTCCCAAAGCCGCTCCTC","0","0","0.46139873","-0.90539409","-0.2570543"
"AGGAGCGGCTTTGGGAGTA::TACTCCCAAAGCCGCTCCT","0","0","0.51557828","-0.78080599","-0.22307408"
"GGAGCGGCTTTGGGAGTAA::TTACTCCCAAAGCCGCTCC","0","0","0.36809162","-0.8449083","-0.33192642"
"GAGCGGCTTTGGGAGTAAT::ATTACTCCCAAAGCCGCTC","0","0","0.44895446","-0.80993927","-0.44496187"
"AGCGGCTTTGGGAGTAATG::CATTACTCCCAAAGCCGCT","0","0","0.64220871","-0.81168589","-0.52682273"
"GCGGCTTTGGGAGTAATGG::CCATTACTCCCAAAGCCGC","0","0","0.6046322","-0.77880218","-0.40830642"
"CGGCTTTGGGAGTAATGGA::TCCATTACTCCCAAAGCCG","0","0","0.48956689","-0.69626691","-0.16231753"
"GGCTTTGGGAGTAATGGAG::CTCCATTACTCCCAAAGCC","0","0","0.5535212","-0.69686444","-0.15636099"
"GCTTTGGGAGTAATGGAGG::CCTCCATTACTCCCAAAGC","0","0","0.60433546","-0.59273767","-0.047144782"
"CTTTGGGAGTAATGGAGGC::GCCTCCATTACTCCCAAAG","0","0","0.61948551","-0.84141503","-0.20883802"
"TTTGGGAGTAATGGAGGCC::GGCCTCCATTACTCCCAAA","0","0","0.79035496","-0.84672053","-0.21039789"
"TTGGGAGTAATGGAGGCCC::GGGCCTCCATTACTCCCAA","0","0","0.81813307","-0.89404495","-0.47278481"
"TGGGAGTAATGGAGGCCCT::AGGGCCTCCATTACTCCCA","0","0","0.59896398","-0.78473961","-0.59966383"
"GGGAGTAATGGAGGCCCTG::CAGGGCCTCCATTACTCCC","0","0","0.52131683","-0.54701928","-0.60537369"
"GGAGTAATGGAGGCCCTGG::CCAGGGCCTCCATTACTCC","0","0","0.54219437","-0.58056864","-0.81168882"
"GAGTAATGGAGGCCCTGGG::CCCAGGGCCTCCATTACTC","0","0","0.60792153","-0.83811491","-0.80700291"
"AGTAATGGAGGCCCTGGGA::TCCCAGGGCCTCCATTACT","0","0","0.55927249","-1.004468","-0.83657128"
"GTAATGGAGGCCCTGGGAA::TTCCCAGGGCCTCCATTAC","0","0","0.46762235","-0.96861087","-0.67397992"
"TAATGGAGGCCCTGGGAAC::GTTCCCAGGGCCTCCATTA","0","0","0.72380817","-0.99378106","-0.63077138"
"AATGGAGGCCCTGGGAACA::TGTTCCCAGGGCCTCCATT","0","0","0.60434903","-0.93703931","-0.69701938"
"ATGGAGGCCCTGGGAACAC::GTGTTCCCAGGGCCTCCAT","0","0","0.69473211","-0.90791925","-1.0074087"
"TGGAGGCCCTGGGAACACT::AGTGTTCCCAGGGCCTCCA","0","0","0.66807602","-1.020221","-1.2924877"
"GGAGGCCCTGGGAACACTG::CAGTGTTCCCAGGGCCTCC","0","0","0.59359734","-1.0608127","-1.435232"
"GAGGCCCTGGGAACACTGC::GCAGTGTTCCCAGGGCCTC","0","0","0.61868217","-1.1950096","-1.509926"
"AGGCCCTGGGAACACTGCC::GGCAGTGTTCCCAGGGCCT","0","0","0.69103091","-1.4155056","-1.5670568"
"GGCCCTGGGAACACTGCCA::TGGCAGTGTTCCCAGGGCC","0","0","0.49386993","-1.5863596","-1.7338202"
"GCCCTGGGAACACTGCCAG::CTGGCAGTGTTCCCAGGGC","0","0","0.53697636","-1.5501131","-1.6316475"
"CCCTGGGAACACTGCCAGG::CCTGGCAGTGTTCCCAGGG","0","0","0.53186286","-1.7428465","-1.5985542"
"CCTGGGAACACTGCCAGGA::TCCTGGCAGTGTTCCCAGG","0","0","0.59706561","-1.9421053","-1.567397"
"CTGGGAACACTGCCAGGAC::GTCCTGGCAGTGTTCCCAG","0","0","0.71656442","-1.6930778","-1.1800867"
"TGGGAACACTGCCAGGACA::TGTCCTGGCAGTGTTCCCA","0","0","0.72236155","-1.3054177","-1.0425166"
"GGGAACACTGCCAGGACAC::GTGTCCTGGCAGTGTTCCC","0","0","0.71942469","-1.1252916","-1.1378396"
"GGAACACTGCCAGGACACA::TGTGTCCTGGCAGTGTTCC","0","0","0.54710882","-0.95808191","-1.0813376"
"GAACACTGCCAGGACACAT::ATGTGTCCTGGCAGTGTTC","0","0","0.740882","-0.92589806","-1.0528108"
"AACACTGCCAGGACACATG::CATGTGTCCTGGCAGTGTT","0","0","0.93210122","-0.91287613","-0.99011435"
"ACACTGCCAGGACACATGA::TCATGTGTCCTGGCAGTGT","0","0","0.69249508","-0.9296184","-0.91304005"
"CACTGCCAGGACACATGAC::GTCATGTGTCCTGGCAGTG","0","0","0.64807236","-0.84536906","-0.89266151"
"ACTGCCAGGACACATGACA::TGTCATGTGTCCTGGCAGT","0","0","0.71756498","-0.83031424","-0.71843248"
"CTGCCAGGACACATGACAG::CTGTCATGTGTCCTGGCAG","0","0","0.78403354","-0.61888399","-0.61663706"
"TGCCAGGACACATGACAGA::TCTGTCATGTGTCCTGGCA","0","0","0.71263005","-0.43482884","-0.38786298"
"GCCAGGACACATGACAGAG::CTCTGTCATGTGTCCTGGC","0","0","0.63941915","-0.41849372","-0.15794002"
"CCAGGACACATGACAGAGA::TCTCTGTCATGTGTCCTGG","0","0","0.60801078","-0.18826378","-0.096178195"
"CAGGACACATGACAGAGAG::CTCTCTGTCATGTGTCCTG","0","0","0.72709008","0.086583313","-0.14271511"
"AGGACACATGACAGAGAGG::CCTCTCTGTCATGTGTCCT","0","0","0.7465976","0.016723486","-0.13073367"
"GGACACATGACAGAGAGGT::ACCTCTCTGTCATGTGTCC","0","0","0.71452992","-0.17429965","-0.3036658"
"GACACATGACAGAGAGGTT::AACCTCTCTGTCATGTGTC","0","0","0.61891842","-0.29791682","-0.39417913"
"ACACATGACAGAGAGGTTT::AAACCTCTCTGTCATGTGT","0","0","0.74518299","-0.33235909","-0.28514521"
"CACATGACAGAGAGGTTTC::GAAACCTCTCTGTCATGTG","0","0","0.70962162","-0.52370532","-0.43250527"
"ACATGACAGAGAGGTTTCA::TGAAACCTCTCTGTCATGT","0","0","0.571662","-0.54023676","-0.33730347"
"CATGACAGAGAGGTTTCAG::CTGAAACCTCTCTGTCATG","0","0","0.6669635","-0.56315766","-0.22013848"
"ATGACAGAGAGGTTTCAGG::CCTGAAACCTCTCTGTCAT","0","0","0.83455102","-0.58519727","-0.13024756"
"TGACAGAGAGGTTTCAGGA::TCCTGAAACCTCTCTGTCA","0","0","0.74866558","-0.683405","-0.10729389"
"GACAGAGAGGTTTCAGGAA::TTCCTGAAACCTCTCTGTC","0","0","0.4829965","-0.69574882","-0.26132369"
"ACAGAGAGGTTTCAGGAAG::CTTCCTGAAACCTCTCTGT","0","0","0.61567247","-0.81906803","-0.52251534"
"CAGAGAGGTTTCAGGAAGC::GCTTCCTGAAACCTCTCTG","0","0","0.65206243","-0.87365132","-0.5972284"
"AGAGAGGTTTCAGGAAGCC::GGCTTCCTGAAACCTCTCT","0","0","0.64667384","-0.89378747","-0.89532424"
"GAGAGGTTTCAGGAAGCCA::TGGCTTCCTGAAACCTCTC","0","0","0.5802382","-0.83983413","-0.89650095"
"AGAGGTTTCAGGAAGCCAT::ATGGCTTCCTGAAACCTCT","0","0","0.63830673","-0.90923093","-0.63274201"
"GAGGTTTCAGGAAGCCATT::AATGGCTTCCTGAAACCTC","0","0","0.52490802","-0.59635618","-0.58963108"
"AGGTTTCAGGAAGCCATTG::CAATGGCTTCCTGAAACCT","0","0","0.67033088","-0.44368247","-0.57279506"
"GGTTTCAGGAAGCCATTGA::TCAATGGCTTCCTGAAACC","0","0","0.48973431","-0.38369482","-0.37275654"
"GTTTCAGGAAGCCATTGAC::GTCAATGGCTTCCTGAAAC","0","0","0.6282449","-0.52692097","-0.3117273"
"TTTCAGGAAGCCATTGACA::TGTCAATGGCTTCCTGAAA","0","0","0.80807823","-0.46684078","-0.25199571"
"TTCAGGAAGCCATTGACAA::TTGTCAATGGCTTCCTGAA","0","0","0.76757819","-0.419618","-0.25103592"
"TCAGGAAGCCATTGACAAC::GTTGTCAATGGCTTCCTGA","0","0","0.80408827","-0.51076693","-0.28419528"
"CAGGAAGCCATTGACAACC::GGTTGTCAATGGCTTCCTG","0","0","0.86899864","-0.5293183","-0.37944731"
"AGGAAGCCATTGACAACCT::AGGTTGTCAATGGCTTCCT","0","0","0.77042464","-0.45076659","-0.32593497"
"GGAAGCCATTGACAACCTC::GAGGTTGTCAATGGCTTCC","0","0","0.67928267","-0.35698521","-0.21755366"
"GAAGCCATTGACAACCTCG::CGAGGTTGTCAATGGCTTC","0","0","0.90271284","-0.36615776","-0.0015265615"
"AAGCCATTGACAACCTCGC::GCGAGGTTGTCAATGGCTT","0","0","0.96945626","-0.31782859","-0.10517879"
"AGCCATTGACAACCTCGCC::GGCGAGGTTGTCAATGGCT","0","0","0.818581","-0.20269425","-0.033323536"
"GCCATTGACAACCTCGCCG::CGGCGAGGTTGTCAATGGC","0","0","0.79412974","-0.40971297","-0.11858044"
"CCATTGACAACCTCGCCGT::ACGGCGAGGTTGTCAATGG","0","0","0.75470609","-0.38968977","-0.17933552"
"CATTGACAACCTCGCCGTG::CACGGCGAGGTTGTCAATG","0","0","0.69276259","-0.68266365","-0.24951123"
"ATTGACAACCTCGCCGTGC::GCACGGCGAGGTTGTCAAT","0","0","0.94307107","-0.80799974","-0.28190051"
"TTGACAACCTCGCCGTGCT::AGCACGGCGAGGTTGTCAA","0","0","0.96942367","-0.95186153","-0.70556774"
"TGACAACCTCGCCGTGCTC::GAGCACGGCGAGGTTGTCA","0","0","0.82184806","-0.89437526","-0.70612944"
"GACAACCTCGCCGTGCTCA::TGAGCACGGCGAGGTTGTC","0","0","0.62845456","-0.78483719","-0.83212129"
"ACAACCTCGCCGTGCTCAT::ATGAGCACGGCGAGGTTGT","0","0","0.66006497","-0.70547168","-0.83206778"
"CAACCTCGCCGTGCTCATG::CATGAGCACGGCGAGGTTG","0","0","0.67036102","-0.7004719","-0.87018864"
"AACCTCGCCGTGCTCATGC::GCATGAGCACGGCGAGGTT","0","0","0.83821149","-0.72800242","-0.76297292"
"ACCTCGCCGTGCTCATGCG::CGCATGAGCACGGCGAGGT","0","0","0.58025055","-0.71798469","-0.72665235"
"CCTCGCCGTGCTCATGCGA::TCGCATGAGCACGGCGAGG","0","0","0.42323387","-0.65864032","-0.71500849"
"CTCGCCGTGCTCATGCGAG::CTCGCATGAGCACGGCGAG","0","0","0.57033739","-0.66147295","-0.72260763"
"TCGCCGTGCTCATGCGAGC::GCTCGCATGAGCACGGCGA","0","0","0.76391463","-0.498819","-0.74964638"
"CGCCGTGCTCATGCGAGCA::TGCTCGCATGAGCACGGCG","0","0","0.48863328","-0.47657912","-0.75215245"
"GCCGTGCTCATGCGAGCAG::CTGCTCGCATGAGCACGGC","0","0","0.47015983","-0.39988417","-0.47033362"
"CCGTGCTCATGCGAGCAGA::TCTGCTCGCATGAGCACGG","0","0","0.46786205","-0.37945784","-0.44347189"
"CGTGCTCATGCGAGCAGAG::CTCTGCTCGCATGAGCACG","0","0","0.46932361","-0.35107094","-0.20066749"
"GTGCTCATGCGAGCAGAGA::TCTCTGCTCGCATGAGCAC","0","0","0.50796611","-0.18394256","-0.14806772"
"TGCTCATGCGAGCAGAGAC::GTCTCTGCTCGCATGAGCA","0","0","0.71676232","-0.017033819","0.11282741"
"GCTCATGCGAGCAGAGACT::AGTCTCTGCTCGCATGAGC","0","0","0.50455018","-0.13471922","0.067740168"
"CTCATGCGAGCAGAGACTG::CAGTCTCTGCTCGCATGAG","0","0","0.61219627","-0.13068923","0.19335702"
"TCATGCGAGCAGAGACTGG::CCAGTCTCTGCTCGCATGA","0","0","0.69028766","-0.2221545","0.0077837391"
"CATGCGAGCAGAGACTGGA::TCCAGTCTCTGCTCGCATG","0","0","0.59724246","-0.13700849","-0.096982925"
"ATGCGAGCAGAGACTGGAA::TTCCAGTCTCTGCTCGCAT","0","0","0.605595","-0.22958927","-0.016925532"
"TGCGAGCAGAGACTGGAAG::CTTCCAGTCTCTGCTCGCA","0","0","0.61886671","-0.29875795","-0.31175926"
"GCGAGCAGAGACTGGAAGC::GCTTCCAGTCTCTGCTCGC","0","0","0.58272569","-0.47368992","-0.22654328"
"CGAGCAGAGACTGGAAGCA::TGCTTCCAGTCTCTGCTCG","0","0","0.44343644","-0.308557","0.1402754"
"GAGCAGAGACTGGAAGCAG::CTGCTTCCAGTCTCTGCTC","0","0","0.603873","-0.28652103","0.54550671"
"AGCAGAGACTGGAAGCAGG::CCTGCTTCCAGTCTCTGCT","0","0","0.62627348","-0.37790526","0.83036584"
"GCAGAGACTGGAAGCAGGC::GCCTGCTTCCAGTCTCTGC","0","0","0.58635101","-0.6201941","0.49120759"
"CAGAGACTGGAAGCAGGCC::GGCCTGCTTCCAGTCTCTG","0","0","0.61250429","-0.57440572","0.5490274"
"AGAGACTGGAAGCAGGCCT::AGGCCTGCTTCCAGTCTCT","0","0","0.66178111","-0.35129617","0.42076214"
"GAGACTGGAAGCAGGCCTT::AAGGCCTGCTTCCAGTCTC","0","0","0.56068999","-0.43892545","0.41716155"
"AGACTGGAAGCAGGCCTTA::TAAGGCCTGCTTCCAGTCT","0","0","0.53918215","-0.30869443","0.38130234"
"GACTGGAAGCAGGCCTTAT::ATAAGGCCTGCTTCCAGTC","0","0","0.51049262","-0.079638202","0.36252368"
"ACTGGAAGCAGGCCTTATA::TATAAGGCCTGCTTCCAGT","0","0","0.61875106","-0.03215944","0.25885658"
"CTGGAAGCAGGCCTTATAA::TTATAAGGCCTGCTTCCAG","0","0","0.58462939","-0.080350703","0.46934067"
"TGGAAGCAGGCCTTATAAG::CTTATAAGGCCTGCTTCCA","0","0","0.73144038","-0.1596152","0.6179966"
"GGAAGCAGGCCTTATAAGG::CCTTATAAGGCCTGCTTCC","0","0","0.64127079","-0.033802854","0.70254723"
"GAAGCAGGCCTTATAAGGC::GCCTTATAAGGCCTGCTTC","0","0","0.70401214","0.068306567","1.0310807"
"AAGCAGGCCTTATAAGGCA::TGCCTTATAAGGCCTGCTT","0","0","0.68587323","0.047851915","0.89125258"
"AGCAGGCCTTATAAGGCAG::CTGCCTTATAAGGCCTGCT","0","0","0.6131118","-0.19160596","0.31688238"
"GCAGGCCTTATAAGGCAGC::GCTGCCTTATAAGGCCTGC","0","0","0.57582943","-0.35660955","-0.10113812"
"CAGGCCTTATAAGGCAGCG::CGCTGCCTTATAAGGCCTG","0","0","0.64221184","-0.13350632","-0.17934153"
"AGGCCTTATAAGGCAGCGG::CCGCTGCCTTATAAGGCCT","0","0","0.69043678","-0.058934267","-0.094860618"
"GGCCTTATAAGGCAGCGGC::GCCGCTGCCTTATAAGGCC","0","0","0.57746901","-0.16301437","-0.2711184"
"GCCTTATAAGGCAGCGGCA::TGCCGCTGCCTTATAAGGC","0","0","0.42908109","-0.25871394","-0.36703321"
"CCTTATAAGGCAGCGGCAG::CTGCCGCTGCCTTATAAGG","0","0","0.55266527","-0.39185544","-0.59711006"
"CTTATAAGGCAGCGGCAGC::GCTGCCGCTGCCTTATAAG","0","0","0.70400676","-0.60322393","-0.65905334"
"TTATAAGGCAGCGGCAGCC::GGCTGCCGCTGCCTTATAA","0","0","0.90217694","-0.6011761","-0.53315057"
"TATAAGGCAGCGGCAGCCC::GGGCTGCCGCTGCCTTATA","0","0","0.82279091","-0.69527127","-0.54140905"
"ATAAGGCAGCGGCAGCCCA::TGGGCTGCCGCTGCCTTAT","0","0","0.6087668","-0.66487846","-0.74833232"
"TAAGGCAGCGGCAGCCCAA::TTGGGCTGCCGCTGCCTTA","0","0","0.6194563","-0.6265254","-0.93900254"
"AAGGCAGCGGCAGCCCAAC::GTTGGGCTGCCGCTGCCTT","0","0","0.64347605","-0.61131078","-1.1475431"
"AGGCAGCGGCAGCCCAACT::AGTTGGGCTGCCGCTGCCT","0","0","0.55465849","-0.57900194","-1.1510612"
"GGCAGCGGCAGCCCAACTG::CAGTTGGGCTGCCGCTGCC","0","0","0.5473887","-0.53992734","-1.1417354"
"GCAGCGGCAGCCCAACTGC::GCAGTTGGGCTGCCGCTGC","0","0","0.58641021","-0.60887532","-1.0813291"
"CAGCGGCAGCCCAACTGCC::GGCAGTTGGGCTGCCGCTG","0","0","0.60284515","-0.82110611","-1.1593624"
"AGCGGCAGCCCAACTGCCG::CGGCAGTTGGGCTGCCGCT","0","0","0.63548264","-0.98517094","-1.27617"
"GCGGCAGCCCAACTGCCGG::CCGGCAGTTGGGCTGCCGC","0","0","0.55187897","-0.87474489","-1.2796477"
"CGGCAGCCCAACTGCCGGA::TCCGGCAGTTGGGCTGCCG","0","0","0.42694362","-0.65955651","-1.1522267"
"GGCAGCCCAACTGCCGGAG::CTCCGGCAGTTGGGCTGCC","0","0","0.47765472","-0.63486683","-1.0495221"
"GCAGCCCAACTGCCGGAGA::TCTCCGGCAGTTGGGCTGC","0","0","0.40854032","-0.4839831","-0.75873299"
"CAGCCCAACTGCCGGAGAC::GTCTCCGGCAGTTGGGCTG","0","0","0.61374198","-0.31377201","-0.58410178"
"AGCCCAACTGCCGGAGACC::GGTCTCCGGCAGTTGGGCT","0","0","0.67803687","-0.43102355","-0.59955988"
"GCCCAACTGCCGGAGACCC::GGGTCTCCGGCAGTTGGGC","0","0","0.50690886","-0.36918084","-0.47611802"
"CCCAACTGCCGGAGACCCT::AGGGTCTCCGGCAGTTGGG","0","0","0.53959179","-0.23059906","-0.33771691"
"CCAACTGCCGGAGACCCTA::TAGGGTCTCCGGCAGTTGG","0","0","0.60016059","-0.30824055","-0.31160786"
"CAACTGCCGGAGACCCTAG::CTAGGGTCTCCGGCAGTTG","0","0","0.70666158","-0.37920625","-0.38605108"
"AACTGCCGGAGACCCTAGA::TCTAGGGTCTCCGGCAGTT","0","0","0.67914598","-0.50037334","-0.53317028"
"ACTGCCGGAGACCCTAGAG::CTCTAGGGTCTCCGGCAGT","1","0","0.67489399","-0.50401897","-0.46673726"
"CTGCCGGAGACCCTAGAGA::TCTCTAGGGTCTCCGGCAG","0","0","0.63184739","-0.20863265","-0.32456643"
"TGCCGGAGACCCTAGAGAC::GTCTCTAGGGTCTCCGGCA","0","0","0.76569058","0.14568956","-0.10668749"
"GCCGGAGACCCTAGAGACC::GGTCTCTAGGGTCTCCGGC","0","0","0.57695141","0.16022288","-0.034770662"
"CCGGAGACCCTAGAGACCA::TGGTCTCTAGGGTCTCCGG","0","0","0.65048265","0.058988283","-0.0020171857"
"CGGAGACCCTAGAGACCAT::ATGGTCTCTAGGGTCTCCG","0","0","0.46489938","-0.1723731","-0.097635851"
"GGAGACCCTAGAGACCATT::AATGGTCTCTAGGGTCTCC","0","0","0.58218663","-0.083105533","-0.14851299"
"GAGACCCTAGAGACCATTA::TAATGGTCTCTAGGGTCTC","0","0","0.65304272","-0.10974825","-0.2171837"
"AGACCCTAGAGACCATTAT::ATAATGGTCTCTAGGGTCT","0","0","0.68341303","-0.067566102","-0.24969046"
"GACCCTAGAGACCATTATG::CATAATGGTCTCTAGGGTC","0","0","0.68701909","-0.034686662","-0.41623394"
"ACCCTAGAGACCATTATGC::GCATAATGGTCTCTAGGGT","0","0","0.79217633","-0.14365042","-0.48956174"
"CCCTAGAGACCATTATGCT::AGCATAATGGTCTCTAGGG","0","0","0.60332892","-0.21926801","-0.47190226"
"CCTAGAGACCATTATGCTC::GAGCATAATGGTCTCTAGG","0","0","0.71920997","-0.16818826","-0.34747664"
"CTAGAGACCATTATGCTCT::AGAGCATAATGGTCTCTAG","0","0","0.9092225","-0.10490795","-0.3008746"
"TAGAGACCATTATGCTCTT::AAGAGCATAATGGTCTCTA","0","0","0.76709565","0.14311661","-0.17802011"
"AGAGACCATTATGCTCTTA::TAAGAGCATAATGGTCTCT","0","0","0.65949741","0.31237049","-0.2316292"
"GAGACCATTATGCTCTTAG::CTAAGAGCATAATGGTCTC","0","0","0.79205695","0.13274395","-0.35599103"
"AGACCATTATGCTCTTAGG::CCTAAGAGCATAATGGTCT","0","0","0.79756024","-0.00070119101","-0.38083669"
"GACCATTATGCTCTTAGGT::ACCTAAGAGCATAATGGTC","0","0","0.73939327","0.016272878","-0.44892545"
"ACCATTATGCTCTTAGGTT::AACCTAAGAGCATAATGGT","1","0","0.697682","0.042586952","-0.52667586"
"CCATTATGCTCTTAGGTTT::AAACCTAAGAGCATAATGG","1","0","0.5606366","0.17127912","-0.56551209"
"CATTATGCTCTTAGGTTTG::CAAACCTAAGAGCATAATG","1","0","0.66002923","0.082250602","-0.47595581"
"ATTATGCTCTTAGGTTTGC::GCAAACCTAAGAGCATAAT","0","0","0.78959789","0.03783418","-0.43883873"
"TTATGCTCTTAGGTTTGCT::AGCAAACCTAAGAGCATAA","0","0","0.86071594","-0.14201686","-0.53892295"
"TATGCTCTTAGGTTTGCTG::CAGCAAACCTAAGAGCATA","0","0","0.89790233","-0.38906434","-0.715789"
"ATGCTCTTAGGTTTGCTGG::CCAGCAAACCTAAGAGCAT","0","0","0.84519749","-0.35506292","-0.72814274"
"TGCTCTTAGGTTTGCTGGG::CCCAGCAAACCTAAGAGCA","0","0","0.75858908","-0.62822056","-0.77509908"
"GCTCTTAGGTTTGCTGGGA::TCCCAGCAAACCTAAGAGC","0","0","0.50987204","-0.70043328","-0.85320165"
"CTCTTAGGTTTGCTGGGAA::TTCCCAGCAAACCTAAGAG","0","0","0.51764911","-0.81026762","-0.77058563"
"TCTTAGGTTTGCTGGGAAC::GTTCCCAGCAAACCTAAGA","0","0","0.79222565","-1.1001626","-0.83809682"
"CTTAGGTTTGCTGGGAACA::TGTTCCCAGCAAACCTAAG","0","0","0.72236482","-1.1429681","-0.83774375"
"TTAGGTTTGCTGGGAACAG::CTGTTCCCAGCAAACCTAA","0","0","0.89998395","-1.2003297","-0.45433052"
"TAGGTTTGCTGGGAACAGT::ACTGTTCCCAGCAAACCTA","0","0","0.88012507","-1.2768571","-0.53782751"
"AGGTTTGCTGGGAACAGTT::AACTGTTCCCAGCAAACCT","0","0","0.71262667","-1.3477795","-0.61446907"
"GGTTTGCTGGGAACAGTTT::AAACTGTTCCCAGCAAACC","0","0","0.52372765","-1.3746199","-0.62770947"
"GTTTGCTGGGAACAGTTTC::GAAACTGTTCCCAGCAAAC","0","0","0.75408957","-1.5654499","-0.63935817"
"TTTGCTGGGAACAGTTTCA::TGAAACTGTTCCCAGCAAA","0","0","0.84797698","-1.7142198","-0.66762054"
"TTGCTGGGAACAGTTTCAC::GTGAAACTGTTCCCAGCAA","0","0","0.91206772","-1.7101594","-0.66249297"
"TGCTGGGAACAGTTTCACT::AGTGAAACTGTTCCCAGCA","0","0","0.80880412","-1.6687347","-0.55507083"
"GCTGGGAACAGTTTCACTG::CAGTGAAACTGTTCCCAGC","0","0","0.75308155","-1.5327233","-0.51564892"
"CTGGGAACAGTTTCACTGG::CCAGTGAAACTGTTCCCAG","0","0","0.78330052","-1.5534194","-0.57996863"
"TGGGAACAGTTTCACTGGG::CCCAGTGAAACTGTTCCCA","0","0","0.74977372","-1.5534194","-0.57996863"
"GGGAACAGTTTCACTGGGG::CCCCAGTGAAACTGTTCCC","0","0","0.67530137","-1.6031825","-0.61189042"
"GGAACAGTTTCACTGGGGA::TCCCCAGTGAAACTGTTCC","0","0","0.54526926","-1.51536","-0.59052905"
"GAACAGTTTCACTGGGGAT::ATCCCCAGTGAAACTGTTC","0","0","0.5614567","-1.4275315","-0.54245829"
"AACAGTTTCACTGGGGATC::GATCCCCAGTGAAACTGTT","0","0","0.81098294","-1.4800525","-0.4142787"
"ACAGTTTCACTGGGGATCT::AGATCCCCAGTGAAACTGT","0","0","0.72407801","-1.3288104","-0.72774828"
"CAGTTTCACTGGGGATCTT::AAGATCCCCAGTGAAACTG","0","0","0.47662395","-0.99021904","-0.71062171"
"AGTTTCACTGGGGATCTTC::GAAGATCCCCAGTGAAACT","0","0","0.73805198","-0.81854499","-0.53969287"
"GTTTCACTGGGGATCTTCT::AGAAGATCCCCAGTGAAAC","0","0","0.65025913","-0.62883519","-0.52497684"
"TTTCACTGGGGATCTTCTT::AAGAAGATCCCCAGTGAAA","0","0","0.83497183","-0.36027746","-0.482579"
"TTCACTGGGGATCTTCTTC::GAAGAAGATCCCCAGTGAA","0","0","0.90405522","-0.1527917","-0.39450777"
"TCACTGGGGATCTTCTTCG::CGAAGAAGATCCCCAGTGA","0","0","0.9327103","-0.0038554321","-0.41167843"
"CACTGGGGATCTTCTTCGT::ACGAAGAAGATCCCCAGTG","0","0","0.61957891","0.040031079","-0.4827407"
"ACTGGGGATCTTCTTCGTC::GACGAAGAAGATCCCCAGT","0","0","0.79339256","0.079384845","-0.35480771"
"CTGGGGATCTTCTTCGTCT::AGACGAAGAAGATCCCCAG","0","0","0.77414422","0.22683956","-0.17366071"
"TGGGGATCTTCTTCGTCTT::AAGACGAAGAAGATCCCCA","0","0","0.76947171","0.48220315","-0.10577706"
"GGGGATCTTCTTCGTCTTG::CAAGACGAAGAAGATCCCC","0","0","0.61311829","0.69687344","-0.031617147"
"GGGATCTTCTTCGTCTTGA::TCAAGACGAAGAAGATCCC","0","0","0.64239277","0.62941668","-0.076014202"
"GGATCTTCTTCGTCTTGAT::ATCAAGACGAAGAAGATCC","0","0","0.65805478","0.69779372","0.05656724"
"GATCTTCTTCGTCTTGATG::CATCAAGACGAAGAAGATC","0","0","0.78099783","0.69158184","0.03946387"
"ATCTTCTTCGTCTTGATGC::GCATCAAGACGAAGAAGAT","0","0","0.99207312","0.61842216","-0.037365598"
"TCTTCTTCGTCTTGATGCG::CGCATCAAGACGAAGAAGA","0","0","0.90776034","0.43449392","0.052667513"
"CTTCTTCGTCTTGATGCGG::CCGCATCAAGACGAAGAAG","0","0","0.76668873","0.21456962","-0.11295946"
"TTCTTCGTCTTGATGCGGA::TCCGCATCAAGACGAAGAA","0","0","0.80302143","0.038078053","-0.071693503"
"TCTTCGTCTTGATGCGGAA::TTCCGCATCAAGACGAAGA","0","0","0.70608102","-0.1154802","-0.10356342"
"CTTCGTCTTGATGCGGAAT::ATTCCGCATCAAGACGAAG","0","0","0.6628751","-0.30734909","-0.22964432"
"TTCGTCTTGATGCGGAATA::TATTCCGCATCAAGACGAA","0","0","0.81982437","-0.41745129","-0.12214676"
"TCGTCTTGATGCGGAATAA::TTATTCCGCATCAAGACGA","0","0","0.66281608","-0.43904946","0.014335009"
"CGTCTTGATGCGGAATAAG::CTTATTCCGCATCAAGACG","0","0","0.59307067","-0.45881429","0.12245339"
"GTCTTGATGCGGAATAAGG::CCTTATTCCGCATCAAGAC","0","0","0.70441285","-0.56276761","0.25715927"
"TCTTGATGCGGAATAAGGG::CCCTTATTCCGCATCAAGA","0","0","0.87376381","-0.63772724","0.18512887"
"CTTGATGCGGAATAAGGGC::GCCCTTATTCCGCATCAAG","0","0","0.74294811","-0.85069059","0.18390102"
"TTGATGCGGAATAAGGGCA::TGCCCTTATTCCGCATCAA","0","0","0.76152343","-0.89905101","0.11668253"
"TGATGCGGAATAAGGGCAT::ATGCCCTTATTCCGCATCA","0","0","0.6504458","-1.0354175","-0.07513935"
"GATGCGGAATAAGGGCATC::GATGCCCTTATTCCGCATC","0","0","0.53631912","-1.0841626","-0.099362873"
"ATGCGGAATAAGGGCATCG::CGATGCCCTTATTCCGCAT","0","0","0.82425821","-1.1340266","-0.070800008"
"TGCGGAATAAGGGCATCGG::CCGATGCCCTTATTCCGCA","0","0","0.73183798","-1.1737608","-0.11286"
"GCGGAATAAGGGCATCGGG::CCCGATGCCCTTATTCCGC","0","0","0.554542","-1.1173095","-0.11001896"
"CGGAATAAGGGCATCGGGA::TCCCGATGCCCTTATTCCG","0","0","0.59131457","-1.1660739","-0.24238233"
"GGAATAAGGGCATCGGGAA::TTCCCGATGCCCTTATTCC","0","0","0.47597112","-1.2518918","-0.17894557"
"GAATAAGGGCATCGGGAAG::CTTCCCGATGCCCTTATTC","0","0","0.53287158","-1.19838","-0.40422286"
"AATAAGGGCATCGGGAAGA::TCTTCCCGATGCCCTTATT","0","0","0.71103052","-1.0787047","-0.42738227"
"ATAAGGGCATCGGGAAGAT::ATCTTCCCGATGCCCTTAT","0","0","0.61053916","-1.1634886","-0.34440186"
"TAAGGGCATCGGGAAGATG::CATCTTCCCGATGCCCTTA","0","0","0.72920307","-1.0851108","-0.27750821"
"AAGGGCATCGGGAAGATGG::CCATCTTCCCGATGCCCTT","0","0","0.78585204","-1.0021575","-0.43997601"
"AGGGCATCGGGAAGATGGG::CCCATCTTCCCGATGCCCT","0","0","0.66430607","-1.0301238","-0.37473622"
"GGGCATCGGGAAGATGGGC::GCCCATCTTCCCGATGCCC","0","0","0.54417923","-1.0165287","-0.40636905"
"GGCATCGGGAAGATGGGCT::AGCCCATCTTCCCGATGCC","0","0","0.57552855","-0.99694426","-0.36222812"
"GCATCGGGAAGATGGGCTT::AAGCCCATCTTCCCGATGC","0","0","0.46868952","-1.0382634","-0.43815964"
"CATCGGGAAGATGGGCTTT::AAAGCCCATCTTCCCGATG","0","0","0.47884903","-0.75442737","-0.37533601"
"ATCGGGAAGATGGGCTTTG::CAAAGCCCATCTTCCCGAT","0","0","0.68400437","-0.64106022","-0.21972025"
"TCGGGAAGATGGGCTTTGG::CCAAAGCCCATCTTCCCGA","0","0","0.70622976","-0.65188203","-0.031441412"
"CGGGAAGATGGGCTTTGGA::TCCAAAGCCCATCTTCCCG","0","0","0.45704237","-0.72043305","-0.023373727"
"GGGAAGATGGGCTTTGGAA::TTCCAAAGCCCATCTTCCC","0","0","0.46243432","-0.80300648","0.17692122"
"GGAAGATGGGCTTTGGAAT::ATTCCAAAGCCCATCTTCC","0","0","0.47110326","-0.80811241","0.12730505"
"GAAGATGGGCTTTGGAATG::CATTCCAAAGCCCATCTTC","0","0","0.5588948","-0.67340223","0.47960472"
"AAGATGGGCTTTGGAATGG::CCATTCCAAAGCCCATCTT","0","0","0.66584789","-0.75882066","0.55236596"
"AGATGGGCTTTGGAATGGT::ACCATTCCAAAGCCCATCT","0","0","0.53997812","-0.70944415","0.28793811"
"GATGGGCTTTGGAATGGTA::TACCATTCCAAAGCCCATC","0","0","0.43655304","-0.75407985","0.1264199"
"ATGGGCTTTGGAATGGTAA::TTACCATTCCAAAGCCCAT","0","0","0.66398437","-0.80175398","0.18343977"
"TGGGCTTTGGAATGGTAAC::GTTACCATTCCAAAGCCCA","0","0","0.74122005","-0.6867881","0.16299326"
"GGGCTTTGGAATGGTAACC::GGTTACCATTCCAAAGCCC","0","0","0.6214909","-0.49733797","0.16368053"
"GGCTTTGGAATGGTAACCC::GGGTTACCATTCCAAAGCC","0","0","0.61614764","-0.38695572","0.032483932"
"GCTTTGGAATGGTAACCCT::AGGGTTACCATTCCAAAGC","0","0","0.51923936","-0.20083474","0.1536083"
"CTTTGGAATGGTAACCCTT::AAGGGTTACCATTCCAAAG","0","0","0.67051727","-0.47220817","-0.0082322068"
"TTTGGAATGGTAACCCTTG::CAAGGGTTACCATTCCAAA","0","0","0.91086054","-0.51929472","-0.16308024"
"TTGGAATGGTAACCCTTGG::CCAAGGGTTACCATTCCAA","0","0","0.87079523","-0.53270089","-0.21908639"
"TGGAATGGTAACCCTTGGG::CCCAAGGGTTACCATTCCA","0","0","0.81983295","-0.55308987","-0.22446967"
"GGAATGGTAACCCTTGGGG::CCCCAAGGGTTACCATTCC","0","0","0.61819992","-0.5867565","-0.44407691"
"GAATGGTAACCCTTGGGGC::GCCCCAAGGGTTACCATTC","0","0","0.6223287","-0.52890796","-0.3929224"
"AATGGTAACCCTTGGGGCC::GGCCCCAAGGGTTACCATT","0","0","0.69221665","-0.7223144","-0.58755077"
"ATGGTAACCCTTGGGGCCA::TGGCCCCAAGGGTTACCAT","0","0","0.57685478","-0.60414464","-0.66308706"
"TGGTAACCCTTGGGGCCAG::CTGGCCCCAAGGGTTACCA","0","0","0.53481136","-0.65317198","-0.58706552"
"GGTAACCCTTGGGGCCAGT::ACTGGCCCCAAGGGTTACC","0","0","0.415783","-0.74843753","-0.60953637"
"GTAACCCTTGGGGCCAGTG::CACTGGCCCCAAGGGTTAC","0","0","0.63005117","-0.95366959","-0.77856804"
"TAACCCTTGGGGCCAGTGC::GCACTGGCCCCAAGGGTTA","0","0","0.81972804","-1.1534779","-0.95626795"
"AACCCTTGGGGCCAGTGCA::TGCACTGGCCCCAAGGGTT","0","0","0.59854647","-1.3382213","-0.92886532"
"ACCCTTGGGGCCAGTGCAT::ATGCACTGGCCCCAAGGGT","0","0","0.45005405","-1.4622925","-0.87720002"
"CCCTTGGGGCCAGTGCATG::CATGCACTGGCCCCAAGGG","0","0","0.44216091","-1.4974923","-0.91767054"
"CCTTGGGGCCAGTGCATGG::CCATGCACTGGCCCCAAGG","0","0","0.51647862","-1.5139017","-0.91619602"
"CTTGGGGCCAGTGCATGGC::GCCATGCACTGGCCCCAAG","0","0","0.6637674","-1.4246134","-0.9174857"
"TTGGGGCCAGTGCATGGCT::AGCCATGCACTGGCCCCAA","0","0","0.70473814","-1.2983637","-0.82181402"
"TGGGGCCAGTGCATGGCTC::GAGCCATGCACTGGCCCCA","0","0","0.66651069","-1.1809755","-0.78757968"
"GGGGCCAGTGCATGGCTCA::TGAGCCATGCACTGGCCCC","0","0","0.45559948","-0.98300247","-0.80927634"
"GGGCCAGTGCATGGCTCAT::ATGAGCCATGCACTGGCCC","0","0","0.39110705","-0.88005417","-0.76866073"
"GGCCAGTGCATGGCTCATG::CATGAGCCATGCACTGGCC","0","0","0.57164617","-0.8434776","-0.63705962"
"GCCAGTGCATGGCTCATGT::ACATGAGCCATGCACTGGC","0","0","0.54056947","-1.0006467","-0.68612843"
"CCAGTGCATGGCTCATGTG::CACATGAGCCATGCACTGG","0","0","0.58912735","-0.96249517","-0.75437249"
"CAGTGCATGGCTCATGTGG::CCACATGAGCCATGCACTG","0","0","0.7276533","-0.95710778","-0.75139414"
"AGTGCATGGCTCATGTGGC::GCCACATGAGCCATGCACT","0","0","0.74641673","-0.8825593","-0.5004025"
"GTGCATGGCTCATGTGGCT::AGCCACATGAGCCATGCAC","0","0","0.63360672","-0.55409428","-0.064021388"
"TGCATGGCTCATGTGGCTT::AAGCCACATGAGCCATGCA","0","0","0.7034989","-0.54064711","-0.1461865"
"GCATGGCTCATGTGGCTTT::AAAGCCACATGAGCCATGC","0","0","0.45497749","-0.22195471","0.021469095"
"CATGGCTCATGTGGCTTTC::GAAAGCCACATGAGCCATG","0","0","0.61175835","-0.26335164","0.14639881"
"ATGGCTCATGTGGCTTTCG::CGAAAGCCACATGAGCCAT","0","0","0.83076215","-0.17706682","0.19369737"
"TGGCTCATGTGGCTTTCGG::CCGAAAGCCACATGAGCCA","0","0","0.78994353","-0.21832648","0.18515293"
"GGCTCATGTGGCTTTCGGA::TCCGAAAGCCACATGAGCC","0","0","0.4950894","-0.31641132","-0.14052455"
"GCTCATGTGGCTTTCGGAA::TTCCGAAAGCCACATGAGC","0","0","0.48742417","-0.3122976","-0.20284231"
"CTCATGTGGCTTTCGGAAA::TTTCCGAAAGCCACATGAG","0","0","0.55695365","-0.44573571","0.056352013"
"TCATGTGGCTTTCGGAAAT::ATTTCCGAAAGCCACATGA","0","0","0.67743689","-0.54642822","0.085063297"
"CATGTGGCTTTCGGAAATT::AATTTCCGAAAGCCACATG","0","0","0.52110105","-0.3774096","-0.011005703"
"ATGTGGCTTTCGGAAATTG::CAATTTCCGAAAGCCACAT","0","0","0.73714217","-0.25093615","-0.0058175936"
"TGTGGCTTTCGGAAATTGA::TCAATTTCCGAAAGCCACA","0","0","0.78115005","-0.15754495","0.2605325"
"GTGGCTTTCGGAAATTGAA::TTCAATTTCCGAAAGCCAC","0","0","0.62365919","0.12203551","0.39205297"
"TGGCTTTCGGAAATTGAAC::GTTCAATTTCCGAAAGCCA","0","0","0.87705909","0.45920142","0.31260087"
"GGCTTTCGGAAATTGAACC::GGTTCAATTTCCGAAAGCC","0","0","0.69802336","0.48878407","0.025950994"
"GCTTTCGGAAATTGAACCA::TGGTTCAATTTCCGAAAGC","0","0","0.56248613","0.55548212","0.14271332"
"CTTTCGGAAATTGAACCAG::CTGGTTCAATTTCCGAAAG","0","0","0.74433769","0.21568644","0.17554653"
"TTTCGGAAATTGAACCAGC::GCTGGTTCAATTTCCGAAA","0","0","0.96308221","0.13546779","0.052689497"
"TTCGGAAATTGAACCAGCC::GGCTGGTTCAATTTCCGAA","0","0","0.97074867","0.15640774","0.17083796"
"TCGGAAATTGAACCAGCCA::TGGCTGGTTCAATTTCCGA","0","0","0.79556179","0.29880658","0.27902245"
"CGGAAATTGAACCAGCCAG::CTGGCTGGTTCAATTTCCG","0","0","0.6683181","0.23094674","0.35480033"
"GGAAATTGAACCAGCCAGA::TCTGGCTGGTTCAATTTCC","0","0","0.60005555","0.39519221","0.57440775"
"GAAATTGAACCAGCCAGAA::TTCTGGCTGGTTCAATTTC","0","0","0.59886128","0.58610725","0.42259422"
"AAATTGAACCAGCCAGAAT::ATTCTGGCTGGTTCAATTT","0","0","0.73823379","0.77524735","0.47657898"
"AATTGAACCAGCCAGAATT::AATTCTGGCTGGTTCAATT","0","0","0.82180846","0.56970896","0.45730747"
"ATTGAACCAGCCAGAATTG::CAATTCTGGCTGGTTCAAT","0","0","0.79251718","0.56970896","0.45730747"
"TTGAACCAGCCAGAATTGC::GCAATTCTGGCTGGTTCAA","0","0","0.87402664","0.44476887","0.095085783"
"TGAACCAGCCAGAATTGCA::TGCAATTCTGGCTGGTTCA","0","0","0.77723709","0.21751736","-0.071928427"
"GAACCAGCCAGAATTGCAT::ATGCAATTCTGGCTGGTTC","0","0","0.64430493","-0.14168152","-0.25852992"
"AACCAGCCAGAATTGCATG::CATGCAATTCTGGCTGGTT","0","0","0.76689012","-0.17937147","-0.22402395"
"ACCAGCCAGAATTGCATGT::ACATGCAATTCTGGCTGGT","0","0","0.61655939","-0.15133826","-0.16888847"
"CCAGCCAGAATTGCATGTG::CACATGCAATTCTGGCTGG","0","0","0.60108801","-0.061008672","-0.33520422"
"CAGCCAGAATTGCATGTGT::ACACATGCAATTCTGGCTG","0","0","0.5948118","0.099398375","-0.25367987"
"AGCCAGAATTGCATGTGTC::GACACATGCAATTCTGGCT","0","0","0.74246955","-0.13515297","-0.26626949"
"GCCAGAATTGCATGTGTCC::GGACACATGCAATTCTGGC","0","0","0.61390619","-0.25649589","-0.2099364"
"CCAGAATTGCATGTGTCCT::AGGACACATGCAATTCTGG","0","0","0.6582837","-0.015754332","-0.085498804"
"CAGAATTGCATGTGTCCTC::GAGGACACATGCAATTCTG","0","0","0.79876721","-0.23503067","-0.32093275"
"AGAATTGCATGTGTCCTCA::TGAGGACACATGCAATTCT","0","0","0.71238866","-0.42210865","-0.46132857"
"GAATTGCATGTGTCCTCAT::ATGAGGACACATGCAATTC","0","0","0.62015889","-0.49570085","-0.52665845"
"AATTGCATGTGTCCTCATT::AATGAGGACACATGCAATT","0","0","0.77047332","-0.26720379","-0.30013807"
"ATTGCATGTGTCCTCATTG::CAATGAGGACACATGCAAT","0","0","0.92585506","-0.27815377","-0.3167108"
"TTGCATGTGTCCTCATTGT::ACAATGAGGACACATGCAA","0","0","0.88568063","-0.33267505","-0.20661838"
"TGCATGTGTCCTCATTGTT::AACAATGAGGACACATGCA","0","0","0.77549683","-0.071854871","-0.10013451"
"GCATGTGTCCTCATTGTTG::CAACAATGAGGACACATGC","0","0","0.70349722","-0.037793225","-0.066453959"
"CATGTGTCCTCATTGTTGT::ACAACAATGAGGACACATG","0","0","0.74380717","7.3700867e-05","-0.088889829"
"ATGTGTCCTCATTGTTGTG::CACAACAATGAGGACACAT","0","1","0.77008703","0.019247089","-0.022610928"
"TGTGTCCTCATTGTTGTGT::ACACAACAATGAGGACACA","0","1","0.91920897","0.18475574","0.14792894"
"GTGTCCTCATTGTTGTGTT::AACACAACAATGAGGACAC","0","0","0.65686794","-0.10253832","0.077353893"
"TGTCCTCATTGTTGTGTTT::AAACACAACAATGAGGACA","0","0","0.78554782","0.36373708","0.00053747329"
"GTCCTCATTGTTGTGTTTT::AAAACACAACAATGAGGAC","0","0","0.66279347","0.29063652","-0.26048092"
"TCCTCATTGTTGTGTTTTT::AAAAACACAACAATGAGGA","0","0","0.71892325","0.37936187","0.004003389"
"CCTCATTGTTGTGTTTTTA::TAAAAACACAACAATGAGG","0","0","0.62167545","0.45823333","0.15411407"
"CTCATTGTTGTGTTTTTAT::ATAAAAACACAACAATGAG","0","0","0.69940819","0.56893947","0.25429721"
"TCATTGTTGTGTTTTTATT::AATAAAAACACAACAATGA","0","0","0.77940242","0.62666514","0.21835966"
"CATTGTTGTGTTTTTATTA::TAATAAAAACACAACAATG","0","0","0.69018435","0.560211","-0.0078505098"
"ATTGTTGTGTTTTTATTAC::GTAATAAAAACACAACAAT","0","0","0.85316979","0.38179979","-0.1004165"
"TTGTTGTGTTTTTATTACT::AGTAATAAAAACACAACAA","1","0","0.90297668","0.35381223","-0.21059229"
"TGTTGTGTTTTTATTACTG::CAGTAATAAAAACACAACA","1","0","0.91618449","0.02843807","-0.26905709"
"GTTGTGTTTTTATTACTGG::CCAGTAATAAAAACACAAC","0","0","0.76298188","0.05659508","-0.32647026"
"TTGTGTTTTTATTACTGGT::ACCAGTAATAAAAACACAA","0","0","0.87190694","0.071381672","-0.37368788"
"TGTGTTTTTATTACTGGTG::CACCAGTAATAAAAACACA","0","0","0.94435327","0.020878704","-0.5614013"
"GTGTTTTTATTACTGGTGG::CCACCAGTAATAAAAACAC","1","0","0.71352843","-0.22015353","-0.56054353"
"TGTTTTTATTACTGGTGGT::ACCACCAGTAATAAAAACA","0","0","0.71766025","-0.13282865","-0.66246695"
"GTTTTTATTACTGGTGGTG::CACCACCAGTAATAAAAAC","0","0","0.6326549","-0.44205835","-0.65892766"
"TTTTTATTACTGGTGGTGC::GCACCACCAGTAATAAAAA","1","0","0.86853682","-0.3887689","-0.61173293"
"TTTTATTACTGGTGGTGCT::AGCACCACCAGTAATAAAA","0","0","0.85813495","-0.6973173","-1.2135871"
"TTTATTACTGGTGGTGCTC::GAGCACCACCAGTAATAAA","0","0","0.92111117","-0.75103576","-1.2680624"
"TTATTACTGGTGGTGCTCA::TGAGCACCACCAGTAATAA","0","0","0.81794166","-0.73430632","-1.3356721"
"TATTACTGGTGGTGCTCAT::ATGAGCACCACCAGTAATA","0","0","0.77535291","-0.79280413","-1.3021846"
"ATTACTGGTGGTGCTCATA::TATGAGCACCACCAGTAAT","0","0","0.76893403","-0.97115548","-1.263107"
"TTACTGGTGGTGCTCATAC::GTATGAGCACCACCAGTAA","0","0","0.93630552","-0.90663745","-1.2610664"
"TACTGGTGGTGCTCATACC::GGTATGAGCACCACCAGTA","0","0","0.8713074","-0.81119463","-1.1329821"
"ACTGGTGGTGCTCATACCC::GGGTATGAGCACCACCAGT","0","0","0.82388489","-0.66251248","-1.1548306"
"CTGGTGGTGCTCATACCCG::CGGGTATGAGCACCACCAG","0","0","0.74697349","-0.68749635","-1.0956548"
"TGGTGGTGCTCATACCCGA::TCGGGTATGAGCACCACCA","0","0","0.68933954","-0.7968963","-1.0261199"
"GGTGGTGCTCATACCCGAG::CTCGGGTATGAGCACCACC","0","0","0.58567898","-0.69538429","-1.098488"
"GTGGTGCTCATACCCGAGC::GCTCGGGTATGAGCACCAC","0","0","0.73719424","-0.42466594","-1.2570024"
"TGGTGCTCATACCCGAGCC::GGCTCGGGTATGAGCACCA","0","0","0.79358696","-0.35804618","-1.221748"
"GGTGCTCATACCCGAGCCA::TGGCTCGGGTATGAGCACC","0","0","0.43064251","-0.085600891","-1.0886814"
"GTGCTCATACCCGAGCCAG::CTGGCTCGGGTATGAGCAC","0","0","0.583805","-0.21442023","-1.0048041"
"TGCTCATACCCGAGCCAGA::TCTGGCTCGGGTATGAGCA","0","0","0.55398038","0.01785176","-0.6153066"
"GCTCATACCCGAGCCAGAG::CTCTGGCTCGGGTATGAGC","0","0","0.51577042","-0.041136097","-0.43488801"
"CTCATACCCGAGCCAGAGA::TCTCTGGCTCGGGTATGAG","0","0","0.50218836","0.070275587","-0.24554296"
"TCATACCCGAGCCAGAGAA::TTCTCTGGCTCGGGTATGA","0","0","0.60078163","0.018515912","-0.17830436"
"CATACCCGAGCCAGAGAAG::CTTCTCTGGCTCGGGTATG","0","0","0.50292223","0.144743","0.045343509"
"ATACCCGAGCCAGAGAAGC::GCTTCTCTGGCTCGGGTAT","0","0","0.76977948","0.064923708","0.15948746"
"TACCCGAGCCAGAGAAGCA::TGCTTCTCTGGCTCGGGTA","0","0","0.66200501","0.20899507","0.47130668"
"ACCCGAGCCAGAGAAGCAA::TTGCTTCTCTGGCTCGGGT","0","0","0.49356184","0.15784694","0.51749606"
"CCCGAGCCAGAGAAGCAAA::TTTGCTTCTCTGGCTCGGG","0","0","0.34465314","0.25239408","0.53457583"
"CCGAGCCAGAGAAGCAAAG::CTTTGCTTCTCTGGCTCGG","0","0","0.52436106","0.38461994","0.64077098"
"CGAGCCAGAGAAGCAAAGA::TCTTTGCTTCTCTGGCTCG","0","0","0.44679857","0.27731779","0.93534623"
"GAGCCAGAGAAGCAAAGAT::ATCTTTGCTTCTCTGGCTC","0","0","0.50167915","0.10141253","1.2229523"
"AGCCAGAGAAGCAAAGATC::GATCTTTGCTTCTCTGGCT","0","0","0.69180937","0.098280819","1.3094005"
"GCCAGAGAAGCAAAGATCT::AGATCTTTGCTTCTCTGGC","0","0","0.52688607","-0.048233758","1.2592"
"CCAGAGAAGCAAAGATCTC::GAGATCTTTGCTTCTCTGG","0","0","0.61279111","0.11782829","1.3443921"
"CAGAGAAGCAAAGATCTCC::GGAGATCTTTGCTTCTCTG","0","0","0.78699571","0.029313833","1.2048491"
"AGAGAAGCAAAGATCTCCC::GGGAGATCTTTGCTTCTCT","0","0","0.82734309","0.11859084","0.92812657"
"GAGAAGCAAAGATCTCCCC::GGGGAGATCTTTGCTTCTC","0","0","0.69992304","0.017293703","0.84657006"
"AGAAGCAAAGATCTCCCCA::TGGGGAGATCTTTGCTTCT","0","0","0.67050611","-0.083182618","0.56866308"
"GAAGCAAAGATCTCCCCAA::TTGGGGAGATCTTTGCTTC","0","0","0.56644819","-0.10036722","0.25535666"
"AAGCAAAGATCTCCCCAAG::CTTGGGGAGATCTTTGCTT","0","0","0.67565229","0.10623993","0.15223282"
"AGCAAAGATCTCCCCAAGA::TCTTGGGGAGATCTTTGCT","1","0","0.61094154","-0.027206188","-0.10585536"
"GCAAAGATCTCCCCAAGAT::ATCTTGGGGAGATCTTTGC","1","0","0.50045435","0.00084821522","0.15278655"
"CAAAGATCTCCCCAAGATA::TATCTTGGGGAGATCTTTG","0","0","0.59093002","-0.050528145","0.25157011"
"AAAGATCTCCCCAAGATAA::TTATCTTGGGGAGATCTTT","0","0","0.64575904","-0.15630602","0.35131438"
"AAGATCTCCCCAAGATAAC::GTTATCTTGGGGAGATCTT","0","0","0.75520269","-0.242396","0.14698003"
"AGATCTCCCCAAGATAACC::GGTTATCTTGGGGAGATCT","0","0","0.77042828","-0.18765961","-0.15800369"
"GATCTCCCCAAGATAACCA::TGGTTATCTTGGGGAGATC","0","0","0.6284661","-0.2497921","-0.23832739"
"ATCTCCCCAAGATAACCAG::CTGGTTATCTTGGGGAGAT","0","0","0.71129765","-0.4318873","-0.15382647"
"TCTCCCCAAGATAACCAGA::TCTGGTTATCTTGGGGAGA","0","0","0.58984133","-0.3939614","-0.08649013"
"CTCCCCAAGATAACCAGAT::ATCTGGTTATCTTGGGGAG","0","0","0.58440208","-0.44883122","-0.085958767"
"TCCCCAAGATAACCAGATG::CATCTGGTTATCTTGGGGA","0","0","0.64844412","-0.41979403","0.13748959"
"CCCCAAGATAACCAGATGG::CCATCTGGTTATCTTGGGG","0","0","0.57446182","-0.37802207","0.18432526"
"CCCAAGATAACCAGATGGC::GCCATCTGGTTATCTTGGG","0","0","0.57653304","-0.17108379","0.31623852"
"CCAAGATAACCAGATGGCA::TGCCATCTGGTTATCTTGG","0","0","0.50335493","-0.19634799","0.34156444"
"CAAGATAACCAGATGGCAA::TTGCCATCTGGTTATCTTG","0","0","0.56600054","-0.28942541","0.36531541"
"AAGATAACCAGATGGCAAT::ATTGCCATCTGGTTATCTT","0","0","0.69833725","-0.40638752","0.24651798"
"AGATAACCAGATGGCAATT::AATTGCCATCTGGTTATCT","0","0","0.56671371","-0.30581043","0.14742845"
"GATAACCAGATGGCAATTA::TAATTGCCATCTGGTTATC","0","0","0.56152579","-0.2127436","0.14120141"
"ATAACCAGATGGCAATTAT::ATAATTGCCATCTGGTTAT","0","0","0.70027493","-0.047462598","0.038090284"
"TAACCAGATGGCAATTATC::GATAATTGCCATCTGGTTA","0","0","0.90898968","0.19318704","0.016381078"
"AACCAGATGGCAATTATCA::TGATAATTGCCATCTGGTT","0","0","0.7517424","0.14927878","0.046059185"
"ACCAGATGGCAATTATCAT::ATGATAATTGCCATCTGGT","0","0","0.61281174","0.20240724","0.075194039"
"CCAGATGGCAATTATCATC::GATGATAATTGCCATCTGG","0","0","0.73380369","0.42215044","0.03199451"
"CAGATGGCAATTATCATCA::TGATGATAATTGCCATCTG","0","0","0.72170363","0.30791634","-0.15556502"
"AGATGGCAATTATCATCAT::ATGATGATAATTGCCATCT","0","0","0.6027992","0.33309732","-0.11184334"
"GATGGCAATTATCATCATG::CATGATGATAATTGCCATC","0","0","0.66589741","0.26035934","-0.21593077"
"ATGGCAATTATCATCATGG::CCATGATGATAATTGCCAT","0","0","0.91910088","0.13706482","-0.32430463"
"TGGCAATTATCATCATGGT::ACCATGATGATAATTGCCA","0","0","0.74124993","0.019463974","-0.36159994"
"GGCAATTATCATCATGGTG::CACCATGATGATAATTGCC","0","0","0.64236438","-0.0050082086","-0.32373569"
"GCAATTATCATCATGGTGG::CCACCATGATGATAATTGC","0","0","0.76317018","-0.15830402","-0.2201095"
"CAATTATCATCATGGTGGC::GCCACCATGATGATAATTG","0","0","0.66604421","-0.1115502","-0.006257218"
"AATTATCATCATGGTGGCA::TGCCACCATGATGATAATT","0","0","0.64098175","-0.20527533","-0.21285199"
"ATTATCATCATGGTGGCAG::CTGCCACCATGATGATAAT","0","0","0.90970233","-0.38921049","-0.48743592"
"TTATCATCATGGTGGCAGT::ACTGCCACCATGATGATAA","0","0","0.79273653","-0.63429706","-0.67561712"
"TATCATCATGGTGGCAGTG::CACTGCCACCATGATGATA","0","0","0.80649","-0.9569352","-0.75695399"
"ATCATCATGGTGGCAGTGG::CCACTGCCACCATGATGAT","0","0","0.82332294","-1.056687","-0.78049565"
"TCATCATGGTGGCAGTGGG::CCCACTGCCACCATGATGA","0","0","0.75680153","-1.2490964","-1.0160769"
"CATCATGGTGGCAGTGGGC::GCCCACTGCCACCATGATG","0","0","0.66969002","-1.4955641","-1.1350195"
"ATCATGGTGGCAGTGGGCC::GGCCCACTGCCACCATGAT","0","0","0.73463653","-1.6206624","-1.21403"
"TCATGGTGGCAGTGGGCCT::AGGCCCACTGCCACCATGA","0","0","0.64653998","-1.5064987","-1.1720395"
"CATGGTGGCAGTGGGCCTT::AAGGCCCACTGCCACCATG","0","0","0.49015432","-1.3891554","-1.152471"
"ATGGTGGCAGTGGGCCTTC::GAAGGCCCACTGCCACCAT","0","0","0.60962552","-1.3823993","-1.0176506"
"TGGTGGCAGTGGGCCTTCT::AGAAGGCCCACTGCCACCA","0","0","0.61676347","-1.1894928","-0.95301507"
"GGTGGCAGTGGGCCTTCTA::TAGAAGGCCCACTGCCACC","0","0","0.48227247","-1.1661487","-0.78101828"
"GTGGCAGTGGGCCTTCTAG::CTAGAAGGCCCACTGCCAC","0","0","0.62744692","-1.1129901","-0.89234284"
"TGGCAGTGGGCCTTCTAGG::CCTAGAAGGCCCACTGCCA","0","0","0.77850402","-1.1149843","-1.1041725"
"GGCAGTGGGCCTTCTAGGT::ACCTAGAAGGCCCACTGCC","0","0","0.4881826","-1.0908652","-0.98853633"
"GCAGTGGGCCTTCTAGGTT::AACCTAGAAGGCCCACTGC","0","0","0.45161892","-0.95905417","-0.74932734"
"CAGTGGGCCTTCTAGGTTT::AAACCTAGAAGGCCCACTG","0","0","0.49674884","-0.8163257","-0.66457576"
"AGTGGGCCTTCTAGGTTTG::CAAACCTAGAAGGCCCACT","0","0","0.55666426","-0.57455596","-0.48702859"
"GTGGGCCTTCTAGGTTTGA::TCAAACCTAGAAGGCCCAC","0","0","0.45009166","-0.53684856","-0.36835151"
"TGGGCCTTCTAGGTTTGAT::ATCAAACCTAGAAGGCCCA","0","0","0.64851226","-0.37840715","-0.082047137"
"GGGCCTTCTAGGTTTGATA::TATCAAACCTAGAAGGCCC","0","0","0.52309525","-0.279696","-0.0047740225"
"GGCCTTCTAGGTTTGATAA::TTATCAAACCTAGAAGGCC","0","0","0.42416109","-0.17843541","0.25561881"
"GCCTTCTAGGTTTGATAAC::GTTATCAAACCTAGAAGGC","0","0","0.53406433","-0.38781968","0.21945339"
"CCTTCTAGGTTTGATAACT::AGTTATCAAACCTAGAAGG","0","0","0.69694372","-0.46554382","0.2002525"
"CTTCTAGGTTTGATAACTG::CAGTTATCAAACCTAGAAG","0","0","0.79400558","-0.50257744","0.064740593"
"TTCTAGGTTTGATAACTGC::GCAGTTATCAAACCTAGAA","0","0","0.92151871","-0.80925944","-0.023433336"
"TCTAGGTTTGATAACTGCA::TGCAGTTATCAAACCTAGA","0","0","0.87300555","-0.72777682","-0.19915828"
"CTAGGTTTGATAACTGCAA::TTGCAGTTATCAAACCTAG","0","0","0.74123871","-0.70026965","-0.23746347"
"TAGGTTTGATAACTGCAAA::TTTGCAGTTATCAAACCTA","0","0","0.75403026","-0.57267623","-0.24646835"
"AGGTTTGATAACTGCAAAC::GTTTGCAGTTATCAAACCT","0","0","0.79992134","-0.46049719","-0.17985525"
"GGTTTGATAACTGCAAACG::CGTTTGCAGTTATCAAACC","0","0","0.69742227","-0.31345894","-0.090812921"
"GTTTGATAACTGCAAACGA::TCGTTTGCAGTTATCAAAC","0","0","0.58946476","-0.32517451","-0.055324052"
"TTTGATAACTGCAAACGAA::TTCGTTTGCAGTTATCAAA","0","0","0.71739307","-0.41340022","-0.10217177"
"TTGATAACTGCAAACGAAC::GTTCGTTTGCAGTTATCAA","0","0","0.95701289","-0.30643619","-0.16856415"
"TGATAACTGCAAACGAACT::AGTTCGTTTGCAGTTATCA","0","0","0.81679407","-0.29926045","-0.23698436"
"GATAACTGCAAACGAACTT::AAGTTCGTTTGCAGTTATC","0","0","0.64160553","-0.16544628","-0.028347537"
"ATAACTGCAAACGAACTTG::CAAGTTCGTTTGCAGTTAT","0","0","0.90025918","-0.32730143","-0.043623328"
"TAACTGCAAACGAACTTGG::CCAAGTTCGTTTGCAGTTA","0","0","0.91135654","-0.32247312","0.033047362"
"AACTGCAAACGAACTTGGA::TCCAAGTTCGTTTGCAGTT","0","0","0.66678464","-0.41571041","-0.0060299306"
"ACTGCAAACGAACTTGGAT::ATCCAAGTTCGTTTGCAGT","0","0","0.63096728","-0.25240257","0.14901705"
"CTGCAAACGAACTTGGATG::CATCCAAGTTCGTTTGCAG","0","0","0.75987648","-0.046260955","0.21293977"
"TGCAAACGAACTTGGATGG::CCATCCAAGTTCGTTTGCA","0","0","0.72095385","0.0098324579","0.34103799"
"GCAAACGAACTTGGATGGC::GCCATCCAAGTTCGTTTGC","0","0","0.52302978","0.19661581","0.41299933"
"CAAACGAACTTGGATGGCT::AGCCATCCAAGTTCGTTTG","0","0","0.71047544","0.23428271","0.67464561"
"AAACGAACTTGGATGGCTG::CAGCCATCCAAGTTCGTTT","0","0","0.83609279","0.21656651","0.67632437"
"AACGAACTTGGATGGCTGG::CCAGCCATCCAAGTTCGTT","0","0","0.70883871","0.043629283","0.52170942"
"ACGAACTTGGATGGCTGGA::TCCAGCCATCCAAGTTCGT","0","0","0.59657744","0.035109519","0.46562979"
"CGAACTTGGATGGCTGGAA::TTCCAGCCATCCAAGTTCG","0","0","0.53444563","-0.071372655","0.52978398"
"GAACTTGGATGGCTGGAAA::TTTCCAGCCATCCAAGTTC","0","0","0.50793703","-0.21528706","0.66393908"
"AACTTGGATGGCTGGAAAG::CTTTCCAGCCATCCAAGTT","0","0","0.7057301","-0.19069535","0.59028758"
"ACTTGGATGGCTGGAAAGA::TCTTTCCAGCCATCCAAGT","0","0","0.53449843","-0.25988351","0.60914881"
"CTTGGATGGCTGGAAAGAA::TTCTTTCCAGCCATCCAAG","0","0","0.53551163","-0.10687485","0.60659436"
"TTGGATGGCTGGAAAGAAC::GTTCTTTCCAGCCATCCAA","0","0","0.84803888","-0.037183581","0.35446588"
"TGGATGGCTGGAAAGAACA::TGTTCTTTCCAGCCATCCA","0","0","0.79581485","0.12075304","0.2933049"
"GGATGGCTGGAAAGAACAA::TTGTTCTTTCCAGCCATCC","0","0","0.42238206","0.062405637","0.39433616"
"GATGGCTGGAAAGAACAAA::TTTGTTCTTTCCAGCCATC","0","0","0.52158785","0.038875179","0.56970041"
"ATGGCTGGAAAGAACAAAA::TTTTGTTCTTTCCAGCCAT","0","0","0.67406474","-0.066796488","0.46570663"
"TGGCTGGAAAGAACAAAAA::TTTTTGTTCTTTCCAGCCA","0","0","0.56872318","0.21748316","0.75787401"
"GGCTGGAAAGAACAAAAAA::TTTTTTGTTCTTTCCAGCC","0","0","0.29713886","0.60489742","0.83818248"
"GCTGGAAAGAACAAAAAAT::ATTTTTTGTTCTTTCCAGC","0","0","0.41984962","0.64447666","0.8701417"
"CTGGAAAGAACAAAAAATG::CATTTTTTGTTCTTTCCAG","0","1","0.67622764","0.748678","1.0253528"
"TGGAAAGAACAAAAAATGA::TCATTTTTTGTTCTTTCCA","0","0","0.60455122","0.86284652","1.2441946"
"GGAAAGAACAAAAAATGAC::GTCATTTTTTGTTCTTTCC","1","0","0.58134725","1.0016719","1.0566293"
"GAAAGAACAAAAAATGACA::TGTCATTTTTTGTTCTTTC","1","0","0.60471494","1.0326715","0.90183836"
"AAAGAACAAAAAATGACAT::ATGTCATTTTTTGTTCTTT","1","0","0.6277904","1.1059062","1.0055655"
"AAGAACAAAAAATGACATA::TATGTCATTTTTTGTTCTT","0","0","0.61091458","1.1444862","0.7826902"
"AGAACAAAAAATGACATAG::CTATGTCATTTTTTGTTCT","0","0","0.76365676","1.0430058","0.55211993"
"GAACAAAAAATGACATAGC::GCTATGTCATTTTTTGTTC","0","0","0.75651794","1.0238273","0.68416897"
"AACAAAAAATGACATAGCT::AGCTATGTCATTTTTTGTT","0","0","0.83757863","0.99165374","0.75652842"
"ACAAAAAATGACATAGCTC::GAGCTATGTCATTTTTTGT","0","0","0.88437494","0.93603256","0.49573284"
"CAAAAAATGACATAGCTCA::TGAGCTATGTCATTTTTTG","0","0","0.72288639","0.94104914","0.22924817"
"AAAAAATGACATAGCTCAT::ATGAGCTATGTCATTTTTT","0","0","0.72435859","0.97692339","0.36434201"
"AAAAATGACATAGCTCATC::GATGAGCTATGTCATTTTT","1","0","0.9511115","0.63242673","0.12872141"
"AAAATGACATAGCTCATCT::AGATGAGCTATGTCATTTT","0","0","0.95655243","0.35598154","-0.10010802"
"AAATGACATAGCTCATCTA::TAGATGAGCTATGTCATTT","0","0","0.79579857","0.24966841","-0.31847285"
"AATGACATAGCTCATCTAA::TTAGATGAGCTATGTCATT","0","0","0.72593805","0.14177789","-0.41070871"
"ATGACATAGCTCATCTAAT::ATTAGATGAGCTATGTCAT","0","0","0.81125555","-0.057980033","-0.51328504"
"TGACATAGCTCATCTAATG::CATTAGATGAGCTATGTCA","0","0","0.95707622","-0.090584113","-0.45372045"
"GACATAGCTCATCTAATGG::CCATTAGATGAGCTATGTC","0","0","0.78838615","-0.012529959","-0.29399308"
"ACATAGCTCATCTAATGGG::CCCATTAGATGAGCTATGT","0","0","0.8204368","-0.29479107","-0.40484344"
"CATAGCTCATCTAATGGGA::TCCCATTAGATGAGCTATG","0","0","0.62075726","-0.46906696","-0.48525493"
"ATAGCTCATCTAATGGGAA::TTCCCATTAGATGAGCTAT","0","0","0.71324867","-0.46807456","-0.36417363"
"TAGCTCATCTAATGGGAAG::CTTCCCATTAGATGAGCTA","0","0","0.84091846","-0.50528916","-0.62268304"
"AGCTCATCTAATGGGAAGG::CCTTCCCATTAGATGAGCT","0","0","0.72374938","-0.47096687","-0.67959225"
"GCTCATCTAATGGGAAGGA::TCCTTCCCATTAGATGAGC","0","0","0.42283946","-0.26343544","-0.40802157"
"CTCATCTAATGGGAAGGAG::CTCCTTCCCATTAGATGAG","0","0","0.63620631","-0.36675013","-0.30787792"
"TCATCTAATGGGAAGGAGA::TCTCCTTCCCATTAGATGA","0","0","0.72526709","-0.40958698","-0.31833294"
"CATCTAATGGGAAGGAGAG::CTCTCCTTCCCATTAGATG","0","0","0.68413385","-0.48373762","-0.53680509"
"ATCTAATGGGAAGGAGAGA::TCTCTCCTTCCCATTAGAT","0","0","0.67608405","-0.47439151","-0.49631667"
"TCTAATGGGAAGGAGAGAA::TTCTCTCCTTCCCATTAGA","0","0","0.73450009","-0.47591975","-0.26807371"
"CTAATGGGAAGGAGAGAAG::CTTCTCTCCTTCCCATTAG","0","1","0.6873717","-0.42074324","-0.072880254"
"TAATGGGAAGGAGAGAAGA::TCTTCTCTCCTTCCCATTA","0","0","0.74393088","-0.23117472","-0.02235576"
"AATGGGAAGGAGAGAAGAA::TTCTTCTCTCCTTCCCATT","1","0","0.53146013","-0.22034605","0.11542133"
"ATGGGAAGGAGAGAAGAAG::CTTCTTCTCTCCTTCCCAT","0","0","0.70282373","-0.18006699","0.16613333"
"TGGGAAGGAGAGAAGAAGG::CCTTCTTCTCTCCTTCCCA","0","1","0.709632","0.011024077","0.11959561"
"GGGAAGGAGAGAAGAAGGA::TCCTTCTTCTCTCCTTCCC","0","0","0.47738329","0.32028637","0.3755118"
"GGAAGGAGAGAAGAAGGAG::CTCCTTCTTCTCTCCTTCC","0","1","0.51813319","0.37179","0.36213649"
"GAAGGAGAGAAGAAGGAGC::GCTCCTTCTTCTCTCCTTC","0","0","0.63086889","0.31720676","0.61510374"
"AAGGAGAGAAGAAGGAGCA::TGCTCCTTCTTCTCTCCTT","0","0","0.62379697","0.25616513","0.6122588"
"AGGAGAGAAGAAGGAGCAA::TTGCTCCTTCTTCTCTCCT","0","0","0.50189281","0.022735588","0.40313308"
"GGAGAGAAGAAGGAGCAAC::GTTGCTCCTTCTTCTCTCC","0","0","0.55531181","0.062728036","0.35412718"
"GAGAGAAGAAGGAGCAACC::GGTTGCTCCTTCTTCTCTC","0","0","0.72932088","0.027945109","0.24157084"
"AGAGAAGAAGGAGCAACCA::TGGTTGCTCCTTCTTCTCT","0","0","0.621545","-0.071389089","0.39423892"
"GAGAAGAAGGAGCAACCAT::ATGGTTGCTCCTTCTTCTC","0","0","0.56079493","-0.28941321","0.30977497"
"AGAAGAAGGAGCAACCATG::CATGGTTGCTCCTTCTTCT","0","0","0.7857868","-0.37170091","0.14572934"
"GAAGAAGGAGCAACCATGG::CCATGGTTGCTCCTTCTTC","0","0","0.73628546","-0.4771966","-0.15156362"
"AAGAAGGAGCAACCATGGG::CCCATGGTTGCTCCTTCTT","0","0","0.79602879","-0.68873568","-0.22022151"
"AGAAGGAGCAACCATGGGA::TCCCATGGTTGCTCCTTCT","1","0","0.72195608","-0.782814","-0.42139816"
"GAAGGAGCAACCATGGGAT::ATCCCATGGTTGCTCCTTC","0","0","0.65309892","-0.78739618","-0.58605685"
"AAGGAGCAACCATGGGATT::AATCCCATGGTTGCTCCTT","0","0","0.59417778","-0.85503716","-0.65870364"
"AGGAGCAACCATGGGATTC::GAATCCCATGGTTGCTCCT","0","0","0.71788533","-0.97844605","-0.89424499"
"GGAGCAACCATGGGATTCT::AGAATCCCATGGTTGCTCC","0","0","0.6215127","-0.7755882","-0.73617686"
"GAGCAACCATGGGATTCTC::GAGAATCCCATGGTTGCTC","0","0","0.6307681","-0.54422938","-0.77191453"
"AGCAACCATGGGATTCTCA::TGAGAATCCCATGGTTGCT","0","0","0.6379068","-0.54447928","-0.71388253"
"GCAACCATGGGATTCTCAA::TTGAGAATCCCATGGTTGC","0","0","0.49996985","-0.50830699","-0.78683027"
"CAACCATGGGATTCTCAAT::ATTGAGAATCCCATGGTTG","0","0","0.58514831","-0.32180172","-0.65344451"
"AACCATGGGATTCTCAATG::CATTGAGAATCCCATGGTT","0","0","0.83586288","-0.27347839","-0.47863081"
"ACCATGGGATTCTCAATGG::CCATTGAGAATCCCATGGT","0","0","0.67222029","-0.22095394","-0.29883672"
"CCATGGGATTCTCAATGGA::TCCATTGAGAATCCCATGG","0","0","0.44509237","-0.10348396","-0.073446082"
"CATGGGATTCTCAATGGAC::GTCCATTGAGAATCCCATG","0","0","0.67746095","-0.010388368","-0.024444652"
"ATGGGATTCTCAATGGACA::TGTCCATTGAGAATCCCAT","0","0","0.77661265","0.15128776","0.15052424"
"TGGGATTCTCAATGGACAT::ATGTCCATTGAGAATCCCA","0","0","0.74159432","0.43871939","0.26303833"
"GGGATTCTCAATGGACATT::AATGTCCATTGAGAATCCC","0","0","0.48283389","0.54080447","0.32777422"
"GGATTCTCAATGGACATTG::CAATGTCCATTGAGAATCC","0","0","0.69574573","0.6395509","0.36079579"
"GATTCTCAATGGACATTGA::TCAATGTCCATTGAGAATC","0","0","0.54283365","0.72058325","0.68623343"
"ATTCTCAATGGACATTGAT::ATCAATGTCCATTGAGAAT","0","0","0.77957244","0.73241532","0.87526802"
"TTCTCAATGGACATTGATC::GATCAATGTCCATTGAGAA","0","0","0.94326833","0.68235191","0.77010941"
"TCTCAATGGACATTGATCT::AGATCAATGTCCATTGAGA","0","0","0.96466375","0.63747651","0.78445067"
"CTCAATGGACATTGATCTG::CAGATCAATGTCCATTGAG","0","0","0.74267592","0.64649624","0.7668864"
"TCAATGGACATTGATCTGC::GCAGATCAATGTCCATTGA","0","0","0.98623041","0.72220319","0.86936388"
"CAATGGACATTGATCTGCG::CGCAGATCAATGTCCATTG","0","0","0.83104411","0.4444301","0.80380304"
"AATGGACATTGATCTGCGG::CCGCAGATCAATGTCCATT","0","0","0.82456718","0.31447958","0.67509918"
"ATGGACATTGATCTGCGGC::GCCGCAGATCAATGTCCAT","0","0","0.91975607","0.26736293","0.46661926"
"TGGACATTGATCTGCGGCC::GGCCGCAGATCAATGTCCA","0","0","0.88697957","0.21798902","0.18718954"
"GGACATTGATCTGCGGCCA::TGGCCGCAGATCAATGTCC","0","0","0.57795395","0.34687334","0.27317538"
"GACATTGATCTGCGGCCAG::CTGGCCGCAGATCAATGTC","0","0","0.66261151","0.15589742","0.18926254"
"ACATTGATCTGCGGCCAGC::GCTGGCCGCAGATCAATGT","0","0","0.78748651","-0.086305485","0.026451526"
"CATTGATCTGCGGCCAGCC::GGCTGGCCGCAGATCAATG","0","0","0.73667979","0.013707557","0.12101363"
"ATTGATCTGCGGCCAGCCT::AGGCTGGCCGCAGATCAAT","0","0","0.71849199","-0.1472084","0.051095007"
"TTGATCTGCGGCCAGCCTC::GAGGCTGGCCGCAGATCAA","0","0","0.85637563","-0.28504488","-0.17154608"
"TGATCTGCGGCCAGCCTCC::GGAGGCTGGCCGCAGATCA","0","0","0.74321373","-0.36330141","-0.31401495"
"GATCTGCGGCCAGCCTCCG::CGGAGGCTGGCCGCAGATC","0","0","0.52397834","-0.38545309","-0.27931682"
"ATCTGCGGCCAGCCTCCGC::GCGGAGGCTGGCCGCAGAT","0","0","0.65281301","-0.40447767","-0.29288458"
"TCTGCGGCCAGCCTCCGCC::GGCGGAGGCTGGCCGCAGA","0","0","0.72364096","-0.4684519","-0.32989956"
"CTGCGGCCAGCCTCCGCCT::AGGCGGAGGCTGGCCGCAG","0","0","0.47517457","-0.57391641","-0.36490425"
"TGCGGCCAGCCTCCGCCTG::CAGGCGGAGGCTGGCCGCA","0","0","0.51379991","-0.53191654","-0.46233869"
"GCGGCCAGCCTCCGCCTGG::CCAGGCGGAGGCTGGCCGC","0","0","0.44185693","-0.54799224","-0.65299354"
"CGGCCAGCCTCCGCCTGGG::CCCAGGCGGAGGCTGGCCG","0","0","0.38390962","-0.77803921","-0.65169755"
"GGCCAGCCTCCGCCTGGGC::GCCCAGGCGGAGGCTGGCC","0","0","0.3968091","-0.91832008","-0.64160103"
"GCCAGCCTCCGCCTGGGCT::AGCCCAGGCGGAGGCTGGC","0","0","0.43944912","-1.1642279","-0.74939394"
"CCAGCCTCCGCCTGGGCTA::TAGCCCAGGCGGAGGCTGG","0","0","0.45884983","-1.0557206","-0.65269603"
"CAGCCTCCGCCTGGGCTAT::ATAGCCCAGGCGGAGGCTG","0","0","0.43380918","-0.98190728","-0.63076366"
"AGCCTCCGCCTGGGCTATC::GATAGCCCAGGCGGAGGCT","0","0","0.53395394","-0.96673133","-0.69296438"
"GCCTCCGCCTGGGCTATCT::AGATAGCCCAGGCGGAGGC","0","0","0.49885714","-0.85684088","-0.68549534"
"CCTCCGCCTGGGCTATCTA::TAGATAGCCCAGGCGGAGG","0","0","0.45680519","-0.79006671","-0.77147838"
"CTCCGCCTGGGCTATCTAT::ATAGATAGCCCAGGCGGAG","0","0","0.54163703","-0.69629207","-0.74825347"
"TCCGCCTGGGCTATCTATG::CATAGATAGCCCAGGCGGA","0","0","0.79333507","-0.87033829","-0.91831192"
"CCGCCTGGGCTATCTATGC::GCATAGATAGCCCAGGCGG","0","0","0.64676901","-0.98275873","-0.97657451"
"CGCCTGGGCTATCTATGCC::GGCATAGATAGCCCAGGCG","0","0","0.57222556","-0.99430647","-1.0191646"
"GCCTGGGCTATCTATGCCG::CGGCATAGATAGCCCAGGC","0","0","0.61270267","-0.98837807","-0.95967784"
"CCTGGGCTATCTATGCCGC::GCGGCATAGATAGCCCAGG","0","0","0.60509833","-0.99343393","-0.90121818"
"CTGGGCTATCTATGCCGCA::TGCGGCATAGATAGCCCAG","0","0","0.64872028","-0.89983322","-0.78626216"
"TGGGCTATCTATGCCGCAT::ATGCGGCATAGATAGCCCA","0","0","0.78160591","-0.59367509","-0.73929021"
"GGGCTATCTATGCCGCATT::AATGCGGCATAGATAGCCC","0","0","0.59925553","-0.44808039","-0.68893967"
"GGCTATCTATGCCGCATTG::CAATGCGGCATAGATAGCC","0","0","0.58701936","-0.24238759","-0.63923967"
"GCTATCTATGCCGCATTGA::TCAATGCGGCATAGATAGC","0","0","0.58356295","-0.22256113","-0.53732356"
"CTATCTATGCCGCATTGAC::GTCAATGCGGCATAGATAG","0","0","0.82467946","-0.31923733","-0.52167204"
"TATCTATGCCGCATTGACA::TGTCAATGCGGCATAGATA","0","0","0.93931074","-0.49113816","-0.53929346"
"ATCTATGCCGCATTGACAA::TTGTCAATGCGGCATAGAT","0","0","0.83246013","-0.56707257","-0.44553619"
"TCTATGCCGCATTGACAAC::GTTGTCAATGCGGCATAGA","0","0","0.85800479","-0.62206962","-0.27116525"
"CTATGCCGCATTGACAACT::AGTTGTCAATGCGGCATAG","0","0","0.8785122","-0.62918371","-0.24235497"
"TATGCCGCATTGACAACTC::GAGTTGTCAATGCGGCATA","0","0","0.97821578","-0.47127398","-0.15833634"
"ATGCCGCATTGACAACTCT::AGAGTTGTCAATGCGGCAT","0","0","0.84672441","-0.36693593","-0.15233618"
"TGCCGCATTGACAACTCTC::GAGAGTTGTCAATGCGGCA","0","0","0.94907083","-0.46877567","-0.040139704"
"GCCGCATTGACAACTCTCA::TGAGAGTTGTCAATGCGGC","0","0","0.60206621","-0.42621256","-0.058843026"
"CCGCATTGACAACTCTCAT::ATGAGAGTTGTCAATGCGG","0","0","0.63974876","-0.33192672","0.043952429"
"CGCATTGACAACTCTCATC::GATGAGAGTTGTCAATGCG","0","0","0.81672288","-0.20234594","0.2030276"
"GCATTGACAACTCTCATCA::TGATGAGAGTTGTCAATGC","0","0","0.73018817","-0.21242415","0.1742557"
"CATTGACAACTCTCATCAC::GTGATGAGAGTTGTCAATG","0","0","0.69673307","-0.25634188","0.25671946"
"ATTGACAACTCTCATCACC::GGTGATGAGAGTTGTCAAT","0","0","0.9457466","-0.31943958","0.2273232"
"TTGACAACTCTCATCACCC::GGGTGATGAGAGTTGTCAA","0","0","1.0442455","-0.41131791","-0.023898642"
"TGACAACTCTCATCACCCC::GGGGTGATGAGAGTTGTCA","0","0","0.81439493","-0.39540754","-0.12225714"
"GACAACTCTCATCACCCCA::TGGGGTGATGAGAGTTGTC","0","0","0.64799724","-0.43114831","-0.28204645"
"ACAACTCTCATCACCCCAG::CTGGGGTGATGAGAGTTGT","0","0","0.69476408","-0.44045073","-0.61283104"
"CAACTCTCATCACCCCAGC::GCTGGGGTGATGAGAGTTG","0","0","0.68077813","-0.44607562","-0.71233973"
"AACTCTCATCACCCCAGCT::AGCTGGGGTGATGAGAGTT","0","0","0.77033072","-0.45639202","-0.81828548"
"ACTCTCATCACCCCAGCTG::CAGCTGGGGTGATGAGAGT","0","0","0.72142843","-0.57339555","-0.74463291"
"CTCTCATCACCCCAGCTGT::ACAGCTGGGGTGATGAGAG","0","0","0.60198718","-0.66456598","-0.67713458"
"TCTCATCACCCCAGCTGTC::GACAGCTGGGGTGATGAGA","0","0","0.71673992","-0.50746504","-0.6485781"
"CTCATCACCCCAGCTGTCC::GGACAGCTGGGGTGATGAG","0","0","0.70559542","-0.42373333","-0.54533845"
"TCATCACCCCAGCTGTCCA::TGGACAGCTGGGGTGATGA","0","0","0.69131761","-0.48178073","-0.60176057"
"CATCACCCCAGCTGTCCAA::TTGGACAGCTGGGGTGATG","0","0","0.45027414","-0.60060754","-0.78117669"
"ATCACCCCAGCTGTCCAAC::GTTGGACAGCTGGGGTGAT","0","0","0.70262982","-0.60665643","-0.80145431"
"TCACCCCAGCTGTCCAACA::TGTTGGACAGCTGGGGTGA","0","0","0.72631897","-0.6437396","-0.96573841"
"CACCCCAGCTGTCCAACAT::ATGTTGGACAGCTGGGGTG","0","0","0.58587011","-0.8740218","-1.0668102"
"ACCCCAGCTGTCCAACATG::CATGTTGGACAGCTGGGGT","0","0","0.67122667","-0.78664496","-1.0345861"
"CCCCAGCTGTCCAACATGC::GCATGTTGGACAGCTGGGG","0","0","0.59133453","-0.7462986","-0.90521013"
"CCCAGCTGTCCAACATGCG::CGCATGTTGGACAGCTGGG","0","0","0.66843466","-0.63260897","-0.70093572"
"CCAGCTGTCCAACATGCGG::CCGCATGTTGGACAGCTGG","0","0","0.73945353","-0.70001854","-0.45762912"
"CAGCTGTCCAACATGCGGT::ACCGCATGTTGGACAGCTG","0","0","0.81362138","-0.72340178","-0.40745317"
"AGCTGTCCAACATGCGGTA::TACCGCATGTTGGACAGCT","0","0","0.62390729","-0.79484823","-0.36996162"
"GCTGTCCAACATGCGGTAA::TTACCGCATGTTGGACAGC","0","0","0.42568787","-0.70212154","-0.33637155"
"CTGTCCAACATGCGGTAAC::GTTACCGCATGTTGGACAG","0","0","0.78568781","-0.64515485","-0.34808686"
"TGTCCAACATGCGGTAACC::GGTTACCGCATGTTGGACA","0","0","0.83293602","-0.59341449","-0.48023401"
"GTCCAACATGCGGTAACCA::TGGTTACCGCATGTTGGAC","0","0","0.60990091","-0.73418043","-0.60726541"
"TCCAACATGCGGTAACCAC::GTGGTTACCGCATGTTGGA","0","0","0.82561835","-0.79040396","-0.65859542"
"CCAACATGCGGTAACCACT::AGTGGTTACCGCATGTTGG","0","0","0.74758879","-0.8286416","-0.63865136"
"CAACATGCGGTAACCACTT::AAGTGGTTACCGCATGTTG","0","0","0.7791279","-0.92089693","-0.59837511"
"AACATGCGGTAACCACTTC::GAAGTGGTTACCGCATGTT","0","0","0.81992502","-0.74107625","-0.38930077"
"ACATGCGGTAACCACTTCA::TGAAGTGGTTACCGCATGT","0","0","0.72773768","-0.40754519","-0.17332656"
"CATGCGGTAACCACTTCAT::ATGAAGTGGTTACCGCATG","0","0","0.60376941","-0.37458578","-0.11455517"
"ATGCGGTAACCACTTCATA::TATGAAGTGGTTACCGCAT","0","0","0.69301627","-0.45210122","-0.19424586"
"TGCGGTAACCACTTCATAC::GTATGAAGTGGTTACCGCA","0","0","0.84398494","-0.48282905","-0.30145155"
"GCGGTAACCACTTCATACA::TGTATGAAGTGGTTACCGC","0","0","0.56883613","-0.44087938","-0.38280927"
"CGGTAACCACTTCATACAA::TTGTATGAAGTGGTTACCG","0","0","0.4040249","-0.44091148","-0.40747637"
"GGTAACCACTTCATACAAC::GTTGTATGAAGTGGTTACC","0","0","0.56623241","-0.48747292","-0.30977737"
"GTAACCACTTCATACAACA::TGTTGTATGAAGTGGTTAC","0","0","0.70419979","-0.58742264","-0.47269385"
"TAACCACTTCATACAACAA::TTGTTGTATGAAGTGGTTA","0","0","0.67649658","-0.56752015","-0.29713006"
"AACCACTTCATACAACAAC::GTTGTTGTATGAAGTGGTT","0","0","0.75561148","-0.6184679","-0.092256757"
"ACCACTTCATACAACAACT::AGTTGTTGTATGAAGTGGT","0","0","0.73002017","-0.50811775","-0.039284018"
"CCACTTCATACAACAACTA::TAGTTGTTGTATGAAGTGG","0","0","0.58008559","-0.46041338","0.11729832"
"CACTTCATACAACAACTAC::GTAGTTGTTGTATGAAGTG","0","0","0.66227099","-0.47451659","0.19829472"
"ACTTCATACAACAACTACT::AGTAGTTGTTGTATGAAGT","0","0","0.76762503","-0.48955358","0.057405448"
"CTTCATACAACAACTACTC::GAGTAGTTGTTGTATGAAG","0","0","0.84110076","-0.63811722","-0.0091729527"
"TTCATACAACAACTACTCC::GGAGTAGTTGTTGTATGAA","0","0","0.91240916","-0.80804235","-0.12975676"
"TCATACAACAACTACTCCT::AGGAGTAGTTGTTGTATGA","0","0","0.97584224","-0.90660231","-0.23133233"
"CATACAACAACTACTCCTT::AAGGAGTAGTTGTTGTATG","0","0","0.74488157","-0.6181216","-0.026685889"
"ATACAACAACTACTCCTTA::TAAGGAGTAGTTGTTGTAT","0","0","0.78538751","-0.40241509","0.043831964"
"TACAACAACTACTCCTTAA::TTAAGGAGTAGTTGTTGTA","0","0","0.83761185","-0.19316447","0.27405397"
"ACAACAACTACTCCTTAAT::ATTAAGGAGTAGTTGTTGT","0","0","0.78426668","-0.05576645","0.2673226"
"CAACAACTACTCCTTAATG::CATTAAGGAGTAGTTGTTG","0","0","0.76857128","-0.048208799","0.13238675"
"AACAACTACTCCTTAATGG::CCATTAAGGAGTAGTTGTT","0","0","0.91114338","0.030197509","0.37422241"
"ACAACTACTCCTTAATGGC::GCCATTAAGGAGTAGTTGT","0","0","0.85485781","0.10999669","0.17198192"
"CAACTACTCCTTAATGGCG::CGCCATTAAGGAGTAGTTG","0","0","0.72650089","0.20413774","0.029138172"
"AACTACTCCTTAATGGCGA::TCGCCATTAAGGAGTAGTT","0","0","0.69924842","0.099970557","-0.032306556"
"ACTACTCCTTAATGGCGAT::ATCGCCATTAAGGAGTAGT","0","0","0.52118661","0.12818303","-0.048144178"
"CTACTCCTTAATGGCGATG::CATCGCCATTAAGGAGTAG","0","0","0.61764858","0.15486391","-0.083975961"
"TACTCCTTAATGGCGATGG::CCATCGCCATTAAGGAGTA","0","0","0.80013555","0.32687101","0.083558589"
"ACTCCTTAATGGCGATGGC::GCCATCGCCATTAAGGAGT","0","0","0.56001617","0.49966016","0.041839557"
"CTCCTTAATGGCGATGGCC::GGCCATCGCCATTAAGGAG","0","0","0.61675134","0.62451758","0.17753845"
"TCCTTAATGGCGATGGCCA::TGGCCATCGCCATTAAGGA","0","0","0.61902692","0.76700698","0.31985049"
"CCTTAATGGCGATGGCCAC::GTGGCCATCGCCATTAAGG","0","0","0.45841123","0.74202037","0.056328296"
"CTTAATGGCGATGGCCACA::TGTGGCCATCGCCATTAAG","0","0","0.60351495","0.51513155","-0.061784462"
"TTAATGGCGATGGCCACAC::GTGTGGCCATCGCCATTAA","0","0","0.91068671","0.33362688","-0.19997503"
"TAATGGCGATGGCCACACA::TGTGTGGCCATCGCCATTA","0","0","0.69494679","0.3450195","-0.12661357"
"AATGGCGATGGCCACACAA::TTGTGTGGCCATCGCCATT","0","0","0.65809543","0.47733901","-0.12899952"
"ATGGCGATGGCCACACAAG::CTTGTGTGGCCATCGCCAT","0","0","0.75542503","0.54307776","-0.27849203"
"TGGCGATGGCCACACAAGC::GCTTGTGTGGCCATCGCCA","0","0","0.82630071","0.53775062","-0.40279032"
"GGCGATGGCCACACAAGCT::AGCTTGTGTGGCCATCGCC","0","0","0.62952043","0.63061414","-0.14463202"
"GCGATGGCCACACAAGCTG::CAGCTTGTGTGGCCATCGC","0","0","0.71787434","0.62079718","-0.078220254"
"CGATGGCCACACAAGCTGG::CCAGCTTGTGTGGCCATCG","0","0","0.65208921","0.58780547","-0.23668996"
"GATGGCCACACAAGCTGGA::TCCAGCTTGTGTGGCCATC","0","0","0.61141618","0.6750875","-0.25966919"
"ATGGCCACACAAGCTGGAG::CTCCAGCTTGTGTGGCCAT","0","0","0.82532071","0.56925214","-0.32227409"
"TGGCCACACAAGCTGGAGT::ACTCCAGCTTGTGTGGCCA","0","0","0.82851105","0.47776441","-0.34504126"
"GGCCACACAAGCTGGAGTG::CACTCCAGCTTGTGTGGCC","0","0","0.67779277","0.33065302","-0.47639824"
"GCCACACAAGCTGGAGTGC::GCACTCCAGCTTGTGTGGC","0","0","0.60553093","-0.0023769521","-0.72957289"
"CCACACAAGCTGGAGTGCT::AGCACTCCAGCTTGTGTGG","0","0","0.77704245","-0.25830647","-0.85976005"
"CACACAAGCTGGAGTGCTG::CAGCACTCCAGCTTGTGTG","0","0","0.81481103","-0.43189795","-0.95221293"
"ACACAAGCTGGAGTGCTGT::ACAGCACTCCAGCTTGTGT","0","0","0.86274983","-0.45587182","-0.92535472"
"CACAAGCTGGAGTGCTGTT::AACAGCACTCCAGCTTGTG","0","0","0.63765215","-0.19433292","-1.1031237"
"ACAAGCTGGAGTGCTGTTT::AAACAGCACTCCAGCTTGT","0","0","0.77400736","-0.035738517","-1.0847524"
"CAAGCTGGAGTGCTGTTTG::CAAACAGCACTCCAGCTTG","0","0","0.75866813","-0.066008867","-0.98688662"
"AAGCTGGAGTGCTGTTTGG::CCAAACAGCACTCCAGCTT","0","0","0.70984607","-0.23957316","-0.72568878"
"AGCTGGAGTGCTGTTTGGC::GCCAAACAGCACTCCAGCT","0","0","0.69076367","-0.33227603","-0.66255268"
"GCTGGAGTGCTGTTTGGCA::TGCCAAACAGCACTCCAGC","0","0","0.52522793","-0.32459554","-0.82411052"
"CTGGAGTGCTGTTTGGCAT::ATGCCAAACAGCACTCCAG","0","0","0.64389466","-0.37264441","-0.79709365"
"TGGAGTGCTGTTTGGCATG::CATGCCAAACAGCACTCCA","0","0","0.72722525","-0.35998237","-0.75662287"
"GGAGTGCTGTTTGGCATGG::CCATGCCAAACAGCACTCC","0","0","0.48327778","-0.35833243","-0.81122547"
"GAGTGCTGTTTGGCATGGG::CCCATGCCAAACAGCACTC","0","0","0.59227924","-0.45680775","-0.74919969"
"AGTGCTGTTTGGCATGGGC::GCCCATGCCAAACAGCACT","0","0","0.72651039","-0.53205774","-0.82027153"
"GTGCTGTTTGGCATGGGCA::TGCCCATGCCAAACAGCAC","0","0","0.59993253","-0.4658824","-0.70353076"
"TGCTGTTTGGCATGGGCAA::TTGCCCATGCCAAACAGCA","1","0","0.58219191","-0.36234944","-0.52030398"
"GCTGTTTGGCATGGGCAAA::TTTGCCCATGCCAAACAGC","0","0","0.35084494","-0.11776458","-0.3527801"
"CTGTTTGGCATGGGCAAAG::CTTTGCCCATGCCAAACAG","0","0","0.62015531","0.04052246","-0.30932875"
"TGTTTGGCATGGGCAAAGG::CCTTTGCCCATGCCAAACA","0","0","0.66141613","-0.19660069","-0.34489306"
"GTTTGGCATGGGCAAAGGG::CCCTTTGCCCATGCCAAAC","0","0","0.51337744","-0.57968832","-0.3617105"
"TTTGGCATGGGCAAAGGGA::TCCCTTTGCCCATGCCAAA","0","0","0.69563712","-0.78527143","-0.5899697"
"TTGGCATGGGCAAAGGGAT::ATCCCTTTGCCCATGCCAA","0","0","0.7090654","-0.74496271","-0.75614721"
"TGGCATGGGCAAAGGGATG::CATCCCTTTGCCCATGCCA","0","0","0.64961774","-0.72029609","-1.0493168"
"GGCATGGGCAAAGGGATGC::GCATCCCTTTGCCCATGCC","0","0","0.55481647","-0.67987266","-1.0049606"
"GCATGGGCAAAGGGATGCC::GGCATCCCTTTGCCCATGC","0","0","0.50382659","-0.65718286","-1.0249418"
"CATGGGCAAAGGGATGCCA::TGGCATCCCTTTGCCCATG","0","0","0.50108402","-0.80428907","-1.0284946"
"ATGGGCAAAGGGATGCCAT::ATGGCATCCCTTTGCCCAT","0","0","0.64285427","-0.78894041","-0.83998949"
"TGGGCAAAGGGATGCCATT::AATGGCATCCCTTTGCCCA","0","0","0.5935318","-0.51616017","-0.85386047"
"GGGCAAAGGGATGCCATTT::AAATGGCATCCCTTTGCCC","0","0","0.41207498","-0.31500557","-0.72158433"
"GGCAAAGGGATGCCATTTA::TAAATGGCATCCCTTTGCC","0","0","0.40172208","-0.14102169","-0.65509623"
"GCAAAGGGATGCCATTTAT::ATAAATGGCATCCCTTTGC","0","0","0.423467","-0.13824509","-0.6735535"
"CAAAGGGATGCCATTTATG::CATAAATGGCATCCCTTTG","0","0","0.67191564","-0.12728601","-0.65734927"
"AAAGGGATGCCATTTATGC::GCATAAATGGCATCCCTTT","0","0","0.83098676","-0.30647583","-0.7740686"
"AAGGGATGCCATTTATGCA::TGCATAAATGGCATCCCTT","0","0","0.66717926","-0.51197104","-0.77867081"
"AGGGATGCCATTTATGCAT::ATGCATAAATGGCATCCCT","0","0","0.65194349","-0.55936066","-0.85181084"
"GGGATGCCATTTATGCATG::CATGCATAAATGGCATCCC","0","0","0.47692432","-0.39708966","-0.76511368"
"GGATGCCATTTATGCATGG::CCATGCATAAATGGCATCC","1","0","0.49989795","-0.43644226","-0.84646965"
"GATGCCATTTATGCATGGG::CCCATGCATAAATGGCATC","0","0","0.5742482","-0.61137687","-0.79623277"
"ATGCCATTTATGCATGGGG::CCCCATGCATAAATGGCAT","0","0","0.76267513","-0.76948499","-0.83154575"
"TGCCATTTATGCATGGGGA::TCCCCATGCATAAATGGCA","0","0","0.62716148","-0.73923059","-0.71776846"
"GCCATTTATGCATGGGGAC::GTCCCCATGCATAAATGGC","0","0","0.50267402","-0.69041541","-0.85863877"
"CCATTTATGCATGGGGACC::GGTCCCCATGCATAAATGG","0","0","0.57314336","-0.72360351","-1.0530413"
"CATTTATGCATGGGGACCT::AGGTCCCCATGCATAAATG","0","0","0.63624586","-0.98095866","-1.0118719"
"ATTTATGCATGGGGACCTT::AAGGTCCCCATGCATAAAT","0","0","0.59053746","-1.0878374","-1.0185308"
"TTTATGCATGGGGACCTTG::CAAGGTCCCCATGCATAAA","0","0","0.81017537","-1.1191416","-1.0427595"
"TTATGCATGGGGACCTTGG::CCAAGGTCCCCATGCATAA","0","0","0.88363218","-1.1994833","-0.8708832"
"TATGCATGGGGACCTTGGA::TCCAAGGTCCCCATGCATA","0","0","0.73944504","-1.3415687","-0.84167113"
"ATGCATGGGGACCTTGGAG::CTCCAAGGTCCCCATGCAT","0","0","0.74557244","-1.3178579","-0.8162298"
"TGCATGGGGACCTTGGAGT::ACTCCAAGGTCCCCATGCA","0","0","0.73961509","-1.2299121","-0.73873604"
"GCATGGGGACCTTGGAGTC::GACTCCAAGGTCCCCATGC","0","0","0.52240394","-1.1717392","-0.60865351"
"CATGGGGACCTTGGAGTCC::GGACTCCAAGGTCCCCATG","0","0","0.64817238","-1.2108747","-0.52991535"
"ATGGGGACCTTGGAGTCCC::GGGACTCCAAGGTCCCCAT","0","0","0.74384536","-1.3461335","-0.51513714"
"TGGGGACCTTGGAGTCCCG::CGGGACTCCAAGGTCCCCA","0","0","0.67423571","-1.3263689","-0.59052855"
"GGGGACCTTGGAGTCCCGC::GCGGGACTCCAAGGTCCCC","0","0","0.65062179","-1.2348885","-0.54741699"
"GGGACCTTGGAGTCCCGCT::AGCGGGACTCCAAGGTCCC","0","0","0.67343071","-1.1736419","-0.60925701"
"GGACCTTGGAGTCCCGCTG::CAGCGGGACTCCAAGGTCC","0","0","0.74235564","-0.95336742","-0.29733269"
"GACCTTGGAGTCCCGCTGC::GCAGCGGGACTCCAAGGTC","0","0","0.71282331","-1.0238983","-0.30213151"
"ACCTTGGAGTCCCGCTGCT::AGCAGCGGGACTCCAAGGT","0","0","0.63016702","-0.65624962","-0.28138737"
"CCTTGGAGTCCCGCTGCTA::TAGCAGCGGGACTCCAAGG","0","0","0.52922573","-0.68770619","-0.46715889"
"CTTGGAGTCCCGCTGCTAA::TTAGCAGCGGGACTCCAAG","0","0","0.59311153","-0.73830032","-0.41417753"
"TTGGAGTCCCGCTGCTAAT::ATTAGCAGCGGGACTCCAA","0","0","0.76671815","-0.73817292","-0.48491849"
"TGGAGTCCCGCTGCTAATG::CATTAGCAGCGGGACTCCA","0","0","0.80333206","-0.63964141","-0.47627511"
"GGAGTCCCGCTGCTAATGA::TCATTAGCAGCGGGACTCC","0","0","0.52780074","-0.46563633","-0.3048565"
"GAGTCCCGCTGCTAATGAT::ATCATTAGCAGCGGGACTC","0","0","0.51939447","-0.43596247","-0.25798641"
"AGTCCCGCTGCTAATGATG::CATCATTAGCAGCGGGACT","0","0","0.74380443","-0.39589024","-0.26223242"
"GTCCCGCTGCTAATGATGG::CCATCATTAGCAGCGGGAC","0","0","0.63844503","-0.30524592","-0.26843882"
"TCCCGCTGCTAATGATGGG::CCCATCATTAGCAGCGGGA","0","0","0.67812913","-0.2350122","-0.17837593"
"CCCGCTGCTAATGATGGGT::ACCCATCATTAGCAGCGGG","0","0","0.56783852","-0.35788016","-0.070015582"
"CCGCTGCTAATGATGGGTT::AACCCATCATTAGCAGCGG","0","0","0.4917319","-0.45234942","-0.010757585"
"CGCTGCTAATGATGGGTTG::CAACCCATCATTAGCAGCG","0","0","0.48861416","-0.57509173","0.001745738"
"GCTGCTAATGATGGGTTGC::GCAACCCATCATTAGCAGC","0","0","0.56182048","-0.79076308","-0.12064274"
"CTGCTAATGATGGGTTGCT::AGCAACCCATCATTAGCAG","0","0","0.60150051","-0.66808446","-0.071163118"
"TGCTAATGATGGGTTGCTA::TAGCAACCCATCATTAGCA","0","0","0.5968259","-0.93539503","-0.21968525"
"GCTAATGATGGGTTGCTAT::ATAGCAACCCATCATTAGC","0","0","0.52974127","-0.94114372","-0.1540459"
"CTAATGATGGGTTGCTATT::AATAGCAACCCATCATTAG","0","0","0.5709624","-0.88878578","-0.14219912"
"TAATGATGGGTTGCTATTC::GAATAGCAACCCATCATTA","0","0","0.85199383","-0.70858158","-0.1964173"
"AATGATGGGTTGCTATTCA::TGAATAGCAACCCATCATT","0","0","0.70673794","-0.61249352","-0.27690509"
"ATGATGGGTTGCTATTCAC::GTGAATAGCAACCCATCAT","0","0","0.78114035","-0.80249887","-0.4096683"
"TGATGGGTTGCTATTCACA::TGTGAATAGCAACCCATCA","0","0","0.7976353","-0.89016482","-0.46813063"
"GATGGGTTGCTATTCACAA::TTGTGAATAGCAACCCATC","0","0","0.62692971","-0.77139508","-0.5163535"
"ATGGGTTGCTATTCACAAT::ATTGTGAATAGCAACCCAT","0","0","0.77149971","-0.88743189","-0.65793731"
"TGGGTTGCTATTCACAATT::AATTGTGAATAGCAACCCA","0","0","0.80987206","-0.72564942","-0.58576274"
"GGGTTGCTATTCACAATTA::TAATTGTGAATAGCAACCC","0","0","0.44176725","-0.44559513","-0.6060114"
"GGTTGCTATTCACAATTAA::TTAATTGTGAATAGCAACC","0","0","0.44198763","-0.27517649","-0.54723992"
"GTTGCTATTCACAATTAAC::GTTAATTGTGAATAGCAAC","0","0","0.74331013","-0.13303556","-0.42777389"
"TTGCTATTCACAATTAACA::TGTTAATTGTGAATAGCAA","0","0","0.94174137","-0.17995569","-0.31491667"
"TGCTATTCACAATTAACAC::GTGTTAATTGTGAATAGCA","0","0","0.90312619","-0.12185346","-0.4150731"
"GCTATTCACAATTAACACC::GGTGTTAATTGTGAATAGC","0","0","0.74715022","-0.089063648","-0.41949671"
"CTATTCACAATTAACACCC::GGGTGTTAATTGTGAATAG","0","0","0.91690514","-0.12911288","-0.47106806"
"TATTCACAATTAACACCCC::GGGGTGTTAATTGTGAATA","0","0","0.80674475","-0.21909798","-0.59752836"
"ATTCACAATTAACACCCCT::AGGGGTGTTAATTGTGAAT","0","0","0.80108364","-0.28106025","-0.73528256"
"TTCACAATTAACACCCCTG::CAGGGGTGTTAATTGTGAA","0","0","0.95949991","-0.23915029","-0.71762641"
"TCACAATTAACACCCCTGA::TCAGGGGTGTTAATTGTGA","0","0","0.77681079","-0.15291158","-0.73503615"
"CACAATTAACACCCCTGAC::GTCAGGGGTGTTAATTGTG","0","0","0.75792539","0.030800458","-0.59452598"
"ACAATTAACACCCCTGACT::AGTCAGGGGTGTTAATTGT","0","0","0.93232011","-0.091243011","-0.6268833"
"CAATTAACACCCCTGACTC::GAGTCAGGGGTGTTAATTG","0","0","0.8780857","-0.031646582","-0.57780474"
"AATTAACACCCCTGACTCT::AGAGTCAGGGGTGTTAATT","0","0","0.78467692","-0.045825664","-0.73102739"
"ATTAACACCCCTGACTCTG::CAGAGTCAGGGGTGTTAAT","0","0","0.95295084","0.070671201","-0.87076297"
"TTAACACCCCTGACTCTGA::TCAGAGTCAGGGGTGTTAA","0","0","0.88391024","-0.06321989","-1.053751"
"TAACACCCCTGACTCTGAT::ATCAGAGTCAGGGGTGTTA","0","0","0.84434674","-0.14775256","-1.1880543"
"AACACCCCTGACTCTGATA::TATCAGAGTCAGGGGTGTT","0","0","0.75368492","-0.073571561","-1.3091143"
"ACACCCCTGACTCTGATAG::CTATCAGAGTCAGGGGTGT","0","0","0.83530579","-0.099407457","-1.0770687"
"CACCCCTGACTCTGATAGT::ACTATCAGAGTCAGGGGTG","0","0","0.63264808","-0.11337071","-0.99866251"
"ACCCCTGACTCTGATAGTA::TACTATCAGAGTCAGGGGT","0","0","0.66674665","-0.10470796","-0.96851969"
"CCCCTGACTCTGATAGTAG::CTACTATCAGAGTCAGGGG","0","0","0.665682","-0.1588335","-0.96299046"
"CCCTGACTCTGATAGTAGC::GCTACTATCAGAGTCAGGG","0","0","0.67218468","-0.12829315","-0.77759684"
"CCTGACTCTGATAGTAGCT::AGCTACTATCAGAGTCAGG","0","0","0.76466829","-0.24253939","-0.71036671"
"CTGACTCTGATAGTAGCTA::TAGCTACTATCAGAGTCAG","0","0","0.77124408","-0.26642531","-0.70099904"
"TGACTCTGATAGTAGCTAT::ATAGCTACTATCAGAGTCA","0","0","0.87899285","-0.36691204","-0.77645464"
"GACTCTGATAGTAGCTATC::GATAGCTACTATCAGAGTC","0","0","0.79171571","-0.27309582","-0.7010472"
"ACTCTGATAGTAGCTATCA::TGATAGCTACTATCAGAGT","0","0","0.79244625","-0.29420694","-0.67165208"
"CTCTGATAGTAGCTATCAT::ATGATAGCTACTATCAGAG","0","0","0.68276353","-0.32374688","-0.59396777"
"TCTGATAGTAGCTATCATT::AATGATAGCTACTATCAGA","0","0","0.89765391","-0.35536324","-0.35447008"
"CTGATAGTAGCTATCATTC::GAATGATAGCTACTATCAG","0","0","0.86828917","-0.13755771","-0.13756072"
"TGATAGTAGCTATCATTCT::AGAATGATAGCTACTATCA","0","0","0.91669326","0.020125151","0.023751978"
"GATAGTAGCTATCATTCTG::CAGAATGATAGCTACTATC","0","0","0.8008111","0.042959709","0.11594935"
"ATAGTAGCTATCATTCTGC::GCAGAATGATAGCTACTAT","0","0","0.98094017","0.098661692","0.04118392"
"TAGTAGCTATCATTCTGCT::AGCAGAATGATAGCTACTA","0","0","0.87616178","0.42863016","0.15636833"
"AGTAGCTATCATTCTGCTT::AAGCAGAATGATAGCTACT","0","0","0.78236048","0.78051674","0.29308588"
"GTAGCTATCATTCTGCTTG::CAAGCAGAATGATAGCTAC","0","0","0.88825454","0.82275967","0.49720235"
"TAGCTATCATTCTGCTTGT::ACAAGCAGAATGATAGCTA","0","0","0.80932279","0.74777322","0.54623434"
"AGCTATCATTCTGCTTGTG::CACAAGCAGAATGATAGCT","0","0","0.74797054","0.707224","0.66542624"
"GCTATCATTCTGCTTGTGG::CCACAAGCAGAATGATAGC","0","0","0.73477629","0.58103658","0.60394581"
"CTATCATTCTGCTTGTGGC::GCCACAAGCAGAATGATAG","0","0","0.81367924","0.48677412","0.78391831"
"TATCATTCTGCTTGTGGCG::CGCCACAAGCAGAATGATA","0","0","0.95436088","0.41806032","0.70132057"
"ATCATTCTGCTTGTGGCGC::GCGCCACAAGCAGAATGAT","0","0","0.85420664","0.37978733","0.73922735"
"TCATTCTGCTTGTGGCGCA::TGCGCCACAAGCAGAATGA","0","0","0.78060599","0.35736532","0.68294826"
"CATTCTGCTTGTGGCGCAC::GTGCGCCACAAGCAGAATG","0","0","0.71128265","0.23119759","0.53042497"
"ATTCTGCTTGTGGCGCACT::AGTGCGCCACAAGCAGAAT","0","0","0.86736377","-0.051010856","0.23655183"
"TTCTGCTTGTGGCGCACTA::TAGTGCGCCACAAGCAGAA","0","0","0.77674314","-0.27601261","0.011488533"
"TCTGCTTGTGGCGCACTAC::GTAGTGCGCCACAAGCAGA","0","0","0.89006984","-0.33172946","-0.091226749"
"CTGCTTGTGGCGCACTACA::TGTAGTGCGCCACAAGCAG","0","0","0.75941689","-0.36221377","0.0070854109"
"TGCTTGTGGCGCACTACAT::ATGTAGTGCGCCACAAGCA","0","0","0.8027111","-0.53948722","-0.10332389"
"GCTTGTGGCGCACTACATG::CATGTAGTGCGCCACAAGC","0","0","0.69378098","-0.79032269","-0.23267859"
"CTTGTGGCGCACTACATGT::ACATGTAGTGCGCCACAAG","0","0","0.78086925","-0.71120234","-0.29955012"
"TTGTGGCGCACTACATGTA::TACATGTAGTGCGCCACAA","0","0","0.79027207","-0.74287607","-0.28354763"
"TGTGGCGCACTACATGTAC::GTACATGTAGTGCGCCACA","0","0","0.81983233","-0.75972359","-0.40847025"
"GTGGCGCACTACATGTACT::AGTACATGTAGTGCGCCAC","0","0","0.69534588","-0.59903498","-0.2092835"
"TGGCGCACTACATGTACTT::AAGTACATGTAGTGCGCCA","0","0","0.7844402","-0.48467931","-0.53464413"
"GGCGCACTACATGTACTTG::CAAGTACATGTAGTGCGCC","0","0","0.54468695","-0.67604011","-0.33379717"
"GCGCACTACATGTACTTGA::TCAAGTACATGTAGTGCGC","0","0","0.61918576","-0.73785377","-0.33792399"
"CGCACTACATGTACTTGAT::ATCAAGTACATGTAGTGCG","0","0","0.56054317","-0.66055335","-0.15847082"
"GCACTACATGTACTTGATC::GATCAAGTACATGTAGTGC","0","0","0.66912749","-0.59232681","-0.10629624"
"CACTACATGTACTTGATCC::GGATCAAGTACATGTAGTG","0","0","0.82987074","-0.36351416","0.07392391"
"ACTACATGTACTTGATCCC::GGGATCAAGTACATGTAGT","0","0","0.79379808","-0.27266105","0.16131755"
"CTACATGTACTTGATCCCA::TGGGATCAAGTACATGTAG","0","0","0.66651384","-0.27733862","0.057111713"
"TACATGTACTTGATCCCAG::CTGGGATCAAGTACATGTA","0","0","0.89622047","-0.35239797","-0.32173357"
"ACATGTACTTGATCCCAGG::CCTGGGATCAAGTACATGT","0","0","0.7798394","-0.66653303","-0.41392066"
"CATGTACTTGATCCCAGGC::GCCTGGGATCAAGTACATG","0","0","0.67524514","-0.8117446","-0.43003873"
"ATGTACTTGATCCCAGGCC::GGCCTGGGATCAAGTACAT","0","0","0.81748019","-0.73086679","-0.35933645"
"TGTACTTGATCCCAGGCCT::AGGCCTGGGATCAAGTACA","0","0","0.78525173","-0.58449893","-0.40167504"
"GTACTTGATCCCAGGCCTA::TAGGCCTGGGATCAAGTAC","0","0","0.52968907","-0.56865162","-0.46669364"
"TACTTGATCCCAGGCCTAC::GTAGGCCTGGGATCAAGTA","0","0","0.74960347","-0.70158991","-0.63398876"
"ACTTGATCCCAGGCCTACA::TGTAGGCCTGGGATCAAGT","0","0","0.61168335","-0.67792477","-0.36712556"
"CTTGATCCCAGGCCTACAA::TTGTAGGCCTGGGATCAAG","0","0","0.56371004","-0.61035092","-0.50199128"
"TTGATCCCAGGCCTACAAG::CTTGTAGGCCTGGGATCAA","0","0","0.79483479","-0.44496346","-0.49485266"
"TGATCCCAGGCCTACAAGC::GCTTGTAGGCCTGGGATCA","0","0","0.81377563","-0.3966214","-0.73367349"
"GATCCCAGGCCTACAAGCG::CGCTTGTAGGCCTGGGATC","0","0","0.64638004","-0.48110192","-0.71907728"
"ATCCCAGGCCTACAAGCGG::CCGCTTGTAGGCCTGGGAT","0","0","0.67336551","-0.5542962","-0.64916085"
"TCCCAGGCCTACAAGCGGC::GCCGCTTGTAGGCCTGGGA","0","0","0.68662322","-0.59464842","-0.68421084"
"CCCAGGCCTACAAGCGGCA::TGCCGCTTGTAGGCCTGGG","0","0","0.42290022","-0.484712","-0.60179516"
"CCAGGCCTACAAGCGGCAG::CTGCCGCTTGTAGGCCTGG","0","0","0.44615636","-0.57155015","-0.56813462"
"CAGGCCTACAAGCGGCAGC::GCTGCCGCTTGTAGGCCTG","0","0","0.66190514","-0.44812613","-0.58193375"
"AGGCCTACAAGCGGCAGCA::TGCTGCCGCTTGTAGGCCT","0","0","0.59132974","-0.56503959","-0.75488652"
"GGCCTACAAGCGGCAGCAG::CTGCTGCCGCTTGTAGGCC","0","0","0.40645491","-0.55285107","-0.6068852"
"GCCTACAAGCGGCAGCAGC::GCTGCTGCCGCTTGTAGGC","0","0","0.60771453","-0.69656471","-0.72993012"
"CCTACAAGCGGCAGCAGCG::CGCTGCTGCCGCTTGTAGG","0","0","0.65170026","-0.53533194","-0.51354536"
"CTACAAGCGGCAGCAGCGC::GCGCTGCTGCCGCTTGTAG","0","0","0.7480384","-0.46309521","-0.54728523"
"TACAAGCGGCAGCAGCGCG::CGCGCTGCTGCCGCTTGTA","0","0","0.82684517","-0.49854959","-0.63993482"
"ACAAGCGGCAGCAGCGCGT::ACGCGCTGCTGCCGCTTGT","0","0","0.70345234","-0.32607417","-0.62093659"
"CAAGCGGCAGCAGCGCGTG::CACGCGCTGCTGCCGCTTG","0","0","0.64487922","-0.33433822","-0.60208752"
"AAGCGGCAGCAGCGCGTGC::GCACGCGCTGCTGCCGCTT","0","0","0.65170776","-0.47612956","-0.50720971"
"AGCGGCAGCAGCGCGTGCT::AGCACGCGCTGCTGCCGCT","0","0","0.59758288","-0.56358362","-0.76771243"
"GCGGCAGCAGCGCGTGCTG::CAGCACGCGCTGCTGCCGC","0","0","0.47977363","-0.73783407","-1.0191365"
"CGGCAGCAGCGCGTGCTGC::GCAGCACGCGCTGCTGCCG","0","0","0.57550778","-0.82987182","-1.0712167"
"GGCAGCAGCGCGTGCTGCC::GGCAGCACGCGCTGCTGCC","0","0","0.56227002","-1.0899948","-1.1649444"
"GCAGCAGCGCGTGCTGCCC::GGGCAGCACGCGCTGCTGC","0","0","0.57351704","-1.0301649","-1.0656244"
"CAGCAGCGCGTGCTGCCCA::TGGGCAGCACGCGCTGCTG","0","0","0.59652693","-1.0908438","-1.1480282"
"AGCAGCGCGTGCTGCCCAG::CTGGGCAGCACGCGCTGCT","0","0","0.55323788","-0.90883157","-1.2006965"
"GCAGCGCGTGCTGCCCAGA::TCTGGGCAGCACGCGCTGC","0","0","0.43307237","-0.84796315","-1.3144255"
"CAGCGCGTGCTGCCCAGAA::TTCTGGGCAGCACGCGCTG","0","0","0.4686196","-0.66664906","-1.1968227"
"AGCGCGTGCTGCCCAGAAA::TTTCTGGGCAGCACGCGCT","0","0","0.45101045","-0.77764838","-1.3020447"
"GCGCGTGCTGCCCAGAAAA::TTTTCTGGGCAGCACGCGC","0","0","0.42351857","-0.68360986","-1.0826885"
"CGCGTGCTGCCCAGAAAAG::CTTTTCTGGGCAGCACGCG","0","0","0.41680583","-0.72636902","-0.92718016"
"GCGTGCTGCCCAGAAAAGG::CCTTTTCTGGGCAGCACGC","0","0","0.55601898","-0.72306292","-1.0749829"
"CGTGCTGCCCAGAAAAGGA::TCCTTTTCTGGGCAGCACG","0","0","0.46389072","-0.61996647","-0.92586724"
"GTGCTGCCCAGAAAAGGAC::GTCCTTTTCTGGGCAGCAC","0","0","0.62610298","-0.45841649","-0.75034314"
"TGCTGCCCAGAAAAGGACA::TGTCCTTTTCTGGGCAGCA","0","0","0.63345944","-0.2406423","-0.42414697"
"GCTGCCCAGAAAAGGACAG::CTGTCCTTTTCTGGGCAGC","0","0","0.4777048","0.058998439","-0.19330441"
"CTGCCCAGAAAAGGACAGC::GCTGTCCTTTTCTGGGCAG","0","0","0.65358365","0.21498642","-0.15544468"
"TGCCCAGAAAAGGACAGCA::TGCTGTCCTTTTCTGGGCA","0","0","0.61980672","0.2364554","-0.24063081"
"GCCCAGAAAAGGACAGCAG::CTGCTGTCCTTTTCTGGGC","0","0","0.46180004","0.36720346","0.16608676"
"CCCAGAAAAGGACAGCAGC::GCTGCTGTCCTTTTCTGGG","0","0","0.56203693","0.33768894","0.17299248"
"CCAGAAAAGGACAGCAGCT::AGCTGCTGTCCTTTTCTGG","0","0","0.6244868","0.4238556","0.38306523"
"CAGAAAAGGACAGCAGCTG::CAGCTGCTGTCCTTTTCTG","0","0","0.76029424","0.21394542","0.2840676"
"AGAAAAGGACAGCAGCTGG::CCAGCTGCTGTCCTTTTCT","0","0","0.75759834","0.100169","0.23306016"
"GAAAAGGACAGCAGCTGGC::GCCAGCTGCTGTCCTTTTC","0","0","0.81045903","0.080886029","0.094898145"
"AAAAGGACAGCAGCTGGCA::TGCCAGCTGCTGTCCTTTT","0","0","0.77008104","-0.043106341","-0.19869296"
"AAAGGACAGCAGCTGGCAT::ATGCCAGCTGCTGTCCTTT","0","0","0.6732228","-0.072028844","-0.41933663"
"AAGGACAGCAGCTGGCATC::GATGCCAGCTGCTGTCCTT","0","0","0.88103076","-0.24446629","-0.29743822"
"AGGACAGCAGCTGGCATCA::TGATGCCAGCTGCTGTCCT","0","0","0.66818293","-0.40635374","-0.51189212"
"GGACAGCAGCTGGCATCAT::ATGATGCCAGCTGCTGTCC","0","0","0.54856843","-0.54066947","-0.68520956"
"GACAGCAGCTGGCATCATG::CATGATGCCAGCTGCTGTC","0","0","0.72300501","-0.72594671","-0.75390273"
"ACAGCAGCTGGCATCATGA::TCATGATGCCAGCTGCTGT","0","0","0.75096065","-0.77270392","-0.81523615"
"CAGCAGCTGGCATCATGAA::TTCATGATGCCAGCTGCTG","0","0","0.53493524","-0.74929296","-0.67575023"
"AGCAGCTGGCATCATGAAG::CTTCATGATGCCAGCTGCT","0","1","0.69574624","-0.40875371","-0.32407214"
"GCAGCTGGCATCATGAAGA::TCTTCATGATGCCAGCTGC","0","0","0.58979043","-0.38591854","-0.50472156"
"CAGCTGGCATCATGAAGAA::TTCTTCATGATGCCAGCTG","0","0","0.45699757","-0.30385614","-0.24205322"
"AGCTGGCATCATGAAGAAT::ATTCTTCATGATGCCAGCT","0","0","0.50839464","-0.22208361","-0.044950009"
"GCTGGCATCATGAAGAATC::GATTCTTCATGATGCCAGC","0","0","0.66445839","-0.21145519","-0.052768227"
"CTGGCATCATGAAGAATCC::GGATTCTTCATGATGCCAG","0","0","0.6779501","-0.31321657","0.0090520086"
"TGGCATCATGAAGAATCCC::GGGATTCTTCATGATGCCA","0","0","0.75121298","-0.31755086","0.069534112"
"GGCATCATGAAGAATCCCG::CGGGATTCTTCATGATGCC","0","0","0.65339954","-0.36147158","0.13143179"
"GCATCATGAAGAATCCCGT::ACGGGATTCTTCATGATGC","0","0","0.58302981","-0.35030017","0.080128282"
"CATCATGAAGAATCCCGTT::AACGGGATTCTTCATGATG","0","0","0.59748923","-0.32890775","-0.005439397"
"ATCATGAAGAATCCCGTTG::CAACGGGATTCTTCATGAT","0","0","0.87152999","-0.31516531","-0.067194982"
"TCATGAAGAATCCCGTTGT::ACAACGGGATTCTTCATGA","0","0","0.78323145","-0.24641563","-0.14687544"
"CATGAAGAATCCCGTTGTG::CACAACGGGATTCTTCATG","0","0","0.57109163","-0.20039803","-0.057174361"
"ATGAAGAATCCCGTTGTGG::CCACAACGGGATTCTTCAT","0","0","0.83180309","-0.33976955","-0.033277964"
"TGAAGAATCCCGTTGTGGA::TCCACAACGGGATTCTTCA","0","0","0.73157562","-0.3929684","-0.18795494"
"GAAGAATCCCGTTGTGGAT::ATCCACAACGGGATTCTTC","0","0","0.50630888","-0.42288025","-0.25756392"
"AAGAATCCCGTTGTGGATG::CATCCACAACGGGATTCTT","0","0","0.75901703","-0.45688514","-0.37149896"
"AGAATCCCGTTGTGGATGG::CCATCCACAACGGGATTCT","0","0","0.61267737","-0.35068763","-0.46359843"
"GAATCCCGTTGTGGATGGA::TCCATCCACAACGGGATTC","0","0","0.37561707","-0.42520347","-0.38387854"
"AATCCCGTTGTGGATGGAA::TTCCATCCACAACGGGATT","0","0","0.59556585","-0.50215396","-0.31241268"
"ATCCCGTTGTGGATGGAAT::ATTCCATCCACAACGGGAT","0","0","0.62522801","-0.48904205","-0.33260076"
"TCCCGTTGTGGATGGAATA::TATTCCATCCACAACGGGA","0","0","0.63710853","-0.50843702","-0.21996921"
"CCCGTTGTGGATGGAATAG::CTATTCCATCCACAACGGG","0","0","0.5210569","-0.38531241","-0.15698707"
"CCGTTGTGGATGGAATAGT::ACTATTCCATCCACAACGG","0","0","0.60452395","-0.37952672","-0.09399136"
"CGTTGTGGATGGAATAGTG::CACTATTCCATCCACAACG","0","0","0.64726685","-0.42689664","-0.099899308"
"GTTGTGGATGGAATAGTGG::CCACTATTCCATCCACAAC","0","0","0.71827658","-0.56777763","-0.071050091"
"TTGTGGATGGAATAGTGGT::ACCACTATTCCATCCACAA","0","0","0.81695436","-0.69513005","-0.062441696"
"TGTGGATGGAATAGTGGTA::TACCACTATTCCATCCACA","0","0","0.69795394","-0.70927498","-0.21222332"
"GTGGATGGAATAGTGGTAA::TTACCACTATTCCATCCAC","0","0","0.5833977","-0.54753298","-0.07858269"
"TGGATGGAATAGTGGTAAC::GTTACCACTATTCCATCCA","0","0","0.70365265","-0.5278351","-0.0017508189"
"GGATGGAATAGTGGTAACT::AGTTACCACTATTCCATCC","0","0","0.58629886","-0.63258663","-0.049554347"
"GATGGAATAGTGGTAACTG::CAGTTACCACTATTCCATC","0","0","0.75036028","-0.780806","-0.11808393"
"ATGGAATAGTGGTAACTGA::TCAGTTACCACTATTCCAT","0","0","0.77292375","-0.96266187","-0.18959624"
"TGGAATAGTGGTAACTGAC::GTCAGTTACCACTATTCCA","0","0","0.97201585","-0.90978888","-0.3222605"
"GGAATAGTGGTAACTGACA::TGTCAGTTACCACTATTCC","0","0","0.73617531","-0.85385439","-0.44099522"
"GAATAGTGGTAACTGACAT::ATGTCAGTTACCACTATTC","0","0","0.72884227","-0.58972769","-0.27525027"
"AATAGTGGTAACTGACATT::AATGTCAGTTACCACTATT","0","0","0.85885613","-0.58740967","-0.39570226"
"ATAGTGGTAACTGACATTG::CAATGTCAGTTACCACTAT","0","0","1.0133609","-0.52345121","-0.37702576"
"TAGTGGTAACTGACATTGA::TCAATGTCAGTTACCACTA","0","0","0.89148909","-0.3969153","-0.12365047"
"AGTGGTAACTGACATTGAC::GTCAATGTCAGTTACCACT","0","0","0.88622142","-0.4047629","-0.02992736"
"GTGGTAACTGACATTGACA::TGTCAATGTCAGTTACCAC","0","0","0.82996661","-0.33476089","0.052053277"
"TGGTAACTGACATTGACAC::GTGTCAATGTCAGTTACCA","0","0","0.97966987","-0.21891189","-0.047336587"
"GGTAACTGACATTGACACA::TGTGTCAATGTCAGTTACC","0","0","0.67957507","-0.13990108","0.05516811"
"GTAACTGACATTGACACAA::TTGTGTCAATGTCAGTTAC","0","0","0.82268356","-0.06289268","-0.046953609"
"TAACTGACATTGACACAAT::ATTGTGTCAATGTCAGTTA","0","0","0.94758915","-0.098972177","-0.1528573"
"AACTGACATTGACACAATG::CATTGTGTCAATGTCAGTT","0","0","0.88871394","-0.052705224","-0.075062319"
"ACTGACATTGACACAATGA::TCATTGTGTCAATGTCAGT","0","0","0.77816383","0.14783768","0.14118575"
"CTGACATTGACACAATGAC::GTCATTGTGTCAATGTCAG","0","0","0.84142152","0.24814916","0.11405161"
"TGACATTGACACAATGACA::TGTCATTGTGTCAATGTCA","0","0","0.89613839","0.15224857","0.11646155"
"GACATTGACACAATGACAA::TTGTCATTGTGTCAATGTC","0","0","0.73922516","0.12843947","0.10311429"
"ACATTGACACAATGACAAT::ATTGTCATTGTGTCAATGT","0","0","0.71335261","-0.025959078","-0.089820947"
"CATTGACACAATGACAATA::TATTGTCATTGTGTCAATG","0","0","0.67861235","0.016057632","-0.23791889"
"ATTGACACAATGACAATAG::CTATTGTCATTGTGTCAAT","0","0","0.96746584","-0.043908089","-0.25179116"
"TTGACACAATGACAATAGA::TCTATTGTCATTGTGTCAA","0","0","0.79316265","-0.071592661","-0.36461518"
"TGACACAATGACAATAGAC::GTCTATTGTCATTGTGTCA","0","0","0.93276671","0.025696871","-0.35594032"
"GACACAATGACAATAGACC::GGTCTATTGTCATTGTGTC","0","0","0.84626027","0.019603115","-0.35205466"
"ACACAATGACAATAGACCC::GGGTCTATTGTCATTGTGT","0","0","0.86224526","-0.010456875","-0.18734868"
"CACAATGACAATAGACCCC::GGGGTCTATTGTCATTGTG","0","0","0.78381656","-0.14470698","-0.36274416"
"ACAATGACAATAGACCCCC::GGGGGTCTATTGTCATTGT","0","0","0.87815041","-0.37058766","-0.43599053"
"CAATGACAATAGACCCCCA::TGGGGGTCTATTGTCATTG","0","0","0.55415757","-0.49900828","-0.54355049"
"AATGACAATAGACCCCCAG::CTGGGGGTCTATTGTCATT","0","0","0.76420815","-0.56663281","-0.91817483"
"ATGACAATAGACCCCCAGG::CCTGGGGGTCTATTGTCAT","0","0","0.79772447","-0.91043915","-1.1767262"
"TGACAATAGACCCCCAGGT::ACCTGGGGGTCTATTGTCA","0","0","0.80243144","-0.94508186","-1.093428"
"GACAATAGACCCCCAGGTG::CACCTGGGGGTCTATTGTC","0","0","0.65423073","-0.94698935","-1.1891983"
"ACAATAGACCCCCAGGTGG::CCACCTGGGGGTCTATTGT","0","0","0.71417024","-1.0712093","-1.1869474"
"CAATAGACCCCCAGGTGGA::TCCACCTGGGGGTCTATTG","0","0","0.54408266","-1.0559162","-1.1432789"
"AATAGACCCCCAGGTGGAG::CTCCACCTGGGGGTCTATT","0","0","0.62074684","-1.1160042","-0.99421821"
"ATAGACCCCCAGGTGGAGA::TCTCCACCTGGGGGTCTAT","0","0","0.63081276","-1.1246671","-0.95658539"
"TAGACCCCCAGGTGGAGAA::TTCTCCACCTGGGGGTCTA","0","0","0.63966","-1.1600785","-0.91542421"
"AGACCCCCAGGTGGAGAAG::CTTCTCCACCTGGGGGTCT","0","0","0.47332201","-1.1604615","-0.75927744"
"GACCCCCAGGTGGAGAAGA::TCTTCTCCACCTGGGGGTC","0","0","0.40286014","-1.0210629","-0.73323227"
"ACCCCCAGGTGGAGAAGAA::TTCTTCTCCACCTGGGGGT","0","0","0.33273279","-1.0799944","-0.61292965"
"CCCCCAGGTGGAGAAGAAG::CTTCTTCTCCACCTGGGGG","0","0","0.40342236","-0.91065581","-0.28399367"
"CCCCAGGTGGAGAAGAAGA::TCTTCTTCTCCACCTGGGG","0","0","0.3965437","-0.62231431","-0.052471139"
"CCCAGGTGGAGAAGAAGAT::ATCTTCTTCTCCACCTGGG","0","0","0.42814596","-0.57728115","0.27999798"
"CCAGGTGGAGAAGAAGATG::CATCTTCTTCTCCACCTGG","0","0","0.56962104","-0.53091812","0.64810233"
"CAGGTGGAGAAGAAGATGG::CCATCTTCTTCTCCACCTG","0","0","0.65245126","-0.25269187","0.78989986"
"AGGTGGAGAAGAAGATGGG::CCCATCTTCTTCTCCACCT","0","1","0.61894281","-0.33519518","0.79973729"
"GGTGGAGAAGAAGATGGGA::TCCCATCTTCTTCTCCACC","0","0","0.45703056","-0.37758361","0.83152565"
"GTGGAGAAGAAGATGGGAC::GTCCCATCTTCTTCTCCAC","0","0","0.61372459","-0.2982248","0.6095844"
"TGGAGAAGAAGATGGGACA::TGTCCCATCTTCTTCTCCA","0","0","0.6744306","-0.1749907","0.75211602"
"GGAGAAGAAGATGGGACAA::TTGTCCCATCTTCTTCTCC","0","0","0.41006149","-0.16543847","0.83550557"
"GAGAAGAAGATGGGACAAG::CTTGTCCCATCTTCTTCTC","0","0","0.55693974","-0.12194822","0.79589727"
"AGAAGAAGATGGGACAAGT::ACTTGTCCCATCTTCTTCT","0","0","0.63267371","0.012390308","0.52260508"
"GAAGAAGATGGGACAAGTG::CACTTGTCCCATCTTCTTC","0","0","0.64613889","-0.026365393","0.26382094"
"AAGAAGATGGGACAAGTGT::ACACTTGTCCCATCTTCTT","0","0","0.73735963","-0.25092884","0.070647397"
"AGAAGATGGGACAAGTGTT::AACACTTGTCCCATCTTCT","0","0","0.68368522","-0.37462074","-0.020092422"
"GAAGATGGGACAAGTGTTA::TAACACTTGTCCCATCTTC","0","0","0.61019853","-0.2581386","-0.30471596"
"AAGATGGGACAAGTGTTAC::GTAACACTTGTCCCATCTT","0","0","0.78296901","-0.345276","-0.39934958"
"AGATGGGACAAGTGTTACT::AGTAACACTTGTCCCATCT","0","0","0.71405991","-0.42315484","-0.730911"
"GATGGGACAAGTGTTACTC::GAGTAACACTTGTCCCATC","0","0","0.78323826","-0.4807305","-0.81383145"
"ATGGGACAAGTGTTACTCA::TGAGTAACACTTGTCCCAT","0","0","0.7117103","-0.58361369","-0.91764653"
"TGGGACAAGTGTTACTCAT::ATGAGTAACACTTGTCCCA","0","0","0.74944716","-0.41989734","-0.88274493"
"GGGACAAGTGTTACTCATA::TATGAGTAACACTTGTCCC","0","0","0.54767317","-0.420262","-0.85646362"
"GGACAAGTGTTACTCATAG::CTATGAGTAACACTTGTCC","0","0","0.65933925","-0.46102669","-0.78020267"
"GACAAGTGTTACTCATAGC::GCTATGAGTAACACTTGTC","0","0","0.77845502","-0.58719847","-0.86206798"
"ACAAGTGTTACTCATAGCA::TGCTATGAGTAACACTTGT","0","0","0.80214794","-0.67810369","-1.0044569"
"CAAGTGTTACTCATAGCAG::CTGCTATGAGTAACACTTG","0","0","0.74551404","-0.68153196","-0.73919826"
"AAGTGTTACTCATAGCAGT::ACTGCTATGAGTAACACTT","0","0","0.79368714","-0.91030714","-0.7175789"
"AGTGTTACTCATAGCAGTA::TACTGCTATGAGTAACACT","0","0","0.66482082","-0.9514442","-0.78078914"
"GTGTTACTCATAGCAGTAG::CTACTGCTATGAGTAACAC","0","0","0.68115705","-1.004235","-0.80257816"
"TGTTACTCATAGCAGTAGC::GCTACTGCTATGAGTAACA","0","0","0.89024274","-0.79003872","-0.81107126"
"GTTACTCATAGCAGTAGCC::GGCTACTGCTATGAGTAAC","0","0","0.74206208","-0.81118729","-0.65105994"
"TTACTCATAGCAGTAGCCA::TGGCTACTGCTATGAGTAA","0","0","0.85687231","-0.59796356","-0.59242654"
"TACTCATAGCAGTAGCCAT::ATGGCTACTGCTATGAGTA","0","0","0.77341231","-0.48178291","-0.3457371"
"ACTCATAGCAGTAGCCATC::GATGGCTACTGCTATGAGT","0","0","0.8007621","-0.39848663","-0.30241988"
"CTCATAGCAGTAGCCATCT::AGATGGCTACTGCTATGAG","0","0","0.78072877","-0.24909782","-0.22139699"
"TCATAGCAGTAGCCATCTC::GAGATGGCTACTGCTATGA","0","0","0.87633079","-0.1982844","-0.18060513"
"CATAGCAGTAGCCATCTCC::GGAGATGGCTACTGCTATG","0","0","0.85113513","-0.015414306","-0.099802209"
"ATAGCAGTAGCCATCTCCA::TGGAGATGGCTACTGCTAT","0","0","0.80696899","0.073117282","-0.02201664"
"TAGCAGTAGCCATCTCCAG::CTGGAGATGGCTACTGCTA","0","0","0.88020805","0.016154407","0.024925208"
"AGCAGTAGCCATCTCCAGT::ACTGGAGATGGCTACTGCT","0","0","0.74722745","0.0068192486","0.050219214"
"GCAGTAGCCATCTCCAGTG::CACTGGAGATGGCTACTGC","0","0","0.71621209","-0.24405201","-0.2995563"
"CAGTAGCCATCTCCAGTGC::GCACTGGAGATGGCTACTG","0","0","0.69416464","-0.35620782","-0.33484894"
"AGTAGCCATCTCCAGTGCT::AGCACTGGAGATGGCTACT","0","0","0.73766627","-0.40993061","-0.42811952"
"GTAGCCATCTCCAGTGCTG::CAGCACTGGAGATGGCTAC","0","0","0.71924795","-0.48328605","-0.55615279"
"TAGCCATCTCCAGTGCTGT::ACAGCACTGGAGATGGCTA","0","0","0.85168728","-0.63761546","-0.59294057"
"AGCCATCTCCAGTGCTGTG::CACAGCACTGGAGATGGCT","0","1","0.68292342","-0.93274079","-0.75386085"
"GCCATCTCCAGTGCTGTGC::GCACAGCACTGGAGATGGC","1","0","0.70265638","-1.2699197","-0.8177498"
"CCATCTCCAGTGCTGTGCT::AGCACAGCACTGGAGATGG","0","0","0.69650051","-1.2479434","-1.0777522"
"CATCTCCAGTGCTGTGCTG::CAGCACAGCACTGGAGATG","0","0","0.63182306","-1.3947153","-1.2813298"
"ATCTCCAGTGCTGTGCTGC::GCAGCACAGCACTGGAGAT","0","0","0.8586279","-1.6451118","-1.3917602"
"TCTCCAGTGCTGTGCTGCT::AGCAGCACAGCACTGGAGA","0","0","0.74631569","-1.5101263","-1.4299799"
"CTCCAGTGCTGTGCTGCTG::CAGCAGCACAGCACTGGAG","0","0","0.67317197","-1.5522083","-1.4609931"
"TCCAGTGCTGTGCTGCTGC::GCAGCAGCACAGCACTGGA","0","0","0.86713693","-1.5427595","-1.4159915"
"CCAGTGCTGTGCTGCTGCG::CGCAGCAGCACAGCACTGG","0","0","0.56440305","-1.5408633","-1.4337384"
"CAGTGCTGTGCTGCTGCGG::CCGCAGCAGCACAGCACTG","0","0","0.70113877","-1.5203271","-1.4141076"
"AGTGCTGTGCTGCTGCGGA::TCCGCAGCAGCACAGCACT","0","0","0.61820469","-1.3858269","-1.3152721"
"GTGCTGTGCTGCTGCGGAC::GTCCGCAGCAGCACAGCAC","0","0","0.58817953","-1.1692485","-1.1906998"
"TGCTGTGCTGCTGCGGACC::GGTCCGCAGCAGCACAGCA","0","0","0.81109965","-1.2302618","-1.151871"
"GCTGTGCTGCTGCGGACCG::CGGTCCGCAGCAGCACAGC","0","0","0.58082798","-1.1833581","-1.118608"
"CTGTGCTGCTGCGGACCGC::GCGGTCCGCAGCAGCACAG","0","0","0.66009223","-1.0967299","-1.217307"
"TGTGCTGCTGCGGACCGCC::GGCGGTCCGCAGCAGCACA","0","0","0.83650042","-0.96290257","-1.151018"
"GTGCTGCTGCGGACCGCCT::AGGCGGTCCGCAGCAGCAC","0","0","0.59341185","-0.88124628","-1.1622434"
"TGCTGCTGCGGACCGCCTG::CAGGCGGTCCGCAGCAGCA","0","0","0.72031868","-0.82403372","-1.0408692"
"GCTGCTGCGGACCGCCTGG::CCAGGCGGTCCGCAGCAGC","0","0","0.57617233","-0.80032674","-1.1119361"
"CTGCTGCGGACCGCCTGGG::CCCAGGCGGTCCGCAGCAG","0","0","0.59662113","-1.0084559","-1.143102"
"TGCTGCGGACCGCCTGGGG::CCCCAGGCGGTCCGCAGCA","0","0","0.6290827","-1.4392508","-1.3173702"
"GCTGCGGACCGCCTGGGGA::TCCCCAGGCGGTCCGCAGC","0","0","0.50861547","-1.246941","-1.0628656"
"CTGCGGACCGCCTGGGGAT::ATCCCCAGGCGGTCCGCAG","0","0","0.54495303","-1.118984","-0.96826286"
"TGCGGACCGCCTGGGGATG::CATCCCCAGGCGGTCCGCA","0","0","0.52327657","-0.9744346","-0.9975608"
"GCGGACCGCCTGGGGATGG::CCATCCCCAGGCGGTCCGC","0","0","0.4765627","-0.78680204","-0.93948567"
"CGGACCGCCTGGGGATGGG::CCCATCCCCAGGCGGTCCG","0","0","0.53321555","-0.8968082","-0.95155423"
"GGACCGCCTGGGGATGGGG::CCCCATCCCCAGGCGGTCC","0","0","0.56820915","-1.0508583","-0.94795932"
"GACCGCCTGGGGATGGGGG::CCCCCATCCCCAGGCGGTC","0","0","0.5874852","-1.0960677","-0.98557717"
"ACCGCCTGGGGATGGGGGG::CCCCCCATCCCCAGGCGGT","0","0","0.61408132","-1.1411638","-1.0244086"
"CCGCCTGGGGATGGGGGGA::TCCCCCCATCCCCAGGCGG","0","0","0.46003872","-1.0964603","-0.82478915"
"CGCCTGGGGATGGGGGGAG::CTCCCCCCATCCCCAGGCG","0","0","0.44340447","-1.1387883","-0.80381468"
"GCCTGGGGATGGGGGGAGG::CCTCCCCCCATCCCCAGGC","0","0","0.38129707","-1.1103415","-0.80029199"
"CCTGGGGATGGGGGGAGGC::GCCTCCCCCCATCCCCAGG","1","0","0.50201346","-1.0927948","-0.78143331"
"CTGGGGATGGGGGGAGGCT::AGCCTCCCCCCATCCCCAG","0","0","0.58936048","-1.0183553","-0.64813015"
"TGGGGATGGGGGGAGGCTG::CAGCCTCCCCCCATCCCCA","0","0","0.70015085","-0.7067802","-0.55576283"
"GGGGATGGGGGGAGGCTGG::CCAGCCTCCCCCCATCCCC","1","0","0.59512899","-0.6392879","-0.59403083"
"GGGATGGGGGGAGGCTGGA::TCCAGCCTCCCCCCATCCC","0","0","0.52856813","-0.67021467","-0.78015477"
"GGATGGGGGGAGGCTGGAG::CTCCAGCCTCCCCCCATCC","0","0","0.52600578","-0.69894697","-0.8130192"
"GATGGGGGGAGGCTGGAGC::GCTCCAGCCTCCCCCCATC","0","0","0.68821509","-0.86568047","-0.76407894"
"ATGGGGGGAGGCTGGAGCT::AGCTCCAGCCTCCCCCCAT","0","0","0.68802898","-1.0353716","-0.83399292"
"TGGGGGGAGGCTGGAGCTC::GAGCTCCAGCCTCCCCCCA","0","0","0.6727851","-0.95957929","-0.94703577"
"GGGGGGAGGCTGGAGCTCT::AGAGCTCCAGCCTCCCCCC","0","0","0.5595848","-0.79085117","-0.9000429"
"GGGGGAGGCTGGAGCTCTG::CAGAGCTCCAGCCTCCCCC","0","1","0.5550123","-0.58513532","-0.94411129"
"GGGGAGGCTGGAGCTCTGA::TCAGAGCTCCAGCCTCCCC","0","0","0.57718092","-0.60211569","-0.94618656"
"GGGAGGCTGGAGCTCTGAT::ATCAGAGCTCCAGCCTCCC","0","0","0.51199555","-0.60442424","-1.0109108"
"GGAGGCTGGAGCTCTGATC::GATCAGAGCTCCAGCCTCC","0","0","0.68255273","-0.41998524","-0.96385291"
"GAGGCTGGAGCTCTGATCA::TGATCAGAGCTCCAGCCTC","0","0","0.65828773","-0.38715069","-0.86126844"
"AGGCTGGAGCTCTGATCAC::GTGATCAGAGCTCCAGCCT","0","0","0.67150933","-0.39895339","-0.7130938"
"GGCTGGAGCTCTGATCACA::TGTGATCAGAGCTCCAGCC","0","0","0.57686061","-0.43722791","-0.70163924"
"GCTGGAGCTCTGATCACAG::CTGTGATCAGAGCTCCAGC","0","0","0.71233739","-0.61003239","-0.95467816"
"CTGGAGCTCTGATCACAGC::GCTGTGATCAGAGCTCCAG","0","0","0.7995469","-0.56938184","-0.93400087"
"TGGAGCTCTGATCACAGCA::TGCTGTGATCAGAGCTCCA","0","0","0.89718952","-0.81026552","-1.0655848"
"GGAGCTCTGATCACAGCAG::CTGCTGTGATCAGAGCTCC","0","0","0.68834088","-0.69821009","-0.76986306"
"GAGCTCTGATCACAGCAGC::GCTGCTGTGATCAGAGCTC","0","0","0.76781773","-0.69194774","-0.94158732"
"AGCTCTGATCACAGCAGCG::CGCTGCTGTGATCAGAGCT","0","0","0.80662466","-0.46604991","-0.75282153"
"GCTCTGATCACAGCAGCGA::TCGCTGCTGTGATCAGAGC","0","0","0.57605806","-0.31957851","-0.49498314"
"CTCTGATCACAGCAGCGAC::GTCGCTGCTGTGATCAGAG","0","0","0.69445058","-0.186992","-0.29913309"
"TCTGATCACAGCAGCGACC::GGTCGCTGCTGTGATCAGA","0","0","0.86884981","-0.35079617","-0.22146725"
"CTGATCACAGCAGCGACCT::AGGTCGCTGCTGTGATCAG","0","0","0.78256685","-0.32350973","-0.039421223"
"TGATCACAGCAGCGACCTC::GAGGTCGCTGCTGTGATCA","0","0","0.74585849","-0.29984337","-0.06492762"
"GATCACAGCAGCGACCTCC::GGAGGTCGCTGCTGTGATC","0","0","0.73385665","-0.39776923","-0.087684432"
"ATCACAGCAGCGACCTCCA::TGGAGGTCGCTGCTGTGAT","0","0","0.67054962","-0.46181394","-0.23577656"
"TCACAGCAGCGACCTCCAC::GTGGAGGTCGCTGCTGTGA","0","0","0.69131564","-0.49400782","-0.32149274"
"CACAGCAGCGACCTCCACC::GGTGGAGGTCGCTGCTGTG","0","0","0.74390066","-0.35606144","-0.41154393"
"ACAGCAGCGACCTCCACCT::AGGTGGAGGTCGCTGCTGT","0","0","0.72629367","-0.35396845","-0.30659223"
"CAGCAGCGACCTCCACCTT::AAGGTGGAGGTCGCTGCTG","0","0","0.52681484","-0.41214421","-0.18654885"
"AGCAGCGACCTCCACCTTG::CAAGGTGGAGGTCGCTGCT","0","0","0.70024785","-0.17963778","0.00085287692"
"GCAGCGACCTCCACCTTGT::ACAAGGTGGAGGTCGCTGC","0","0","0.56958757","-0.25022387","-0.19290894"
"CAGCGACCTCCACCTTGTG::CACAAGGTGGAGGTCGCTG","0","0","0.60088956","-0.18684529","0.058332993"
"AGCGACCTCCACCTTGTGG::CCACAAGGTGGAGGTCGCT","0","0","0.697646","-0.44075606","-0.14020678"
"GCGACCTCCACCTTGTGGG::CCCACAAGGTGGAGGTCGC","0","0","0.65420919","-0.65453329","-0.45245241"
"CGACCTCCACCTTGTGGGA::TCCCACAAGGTGGAGGTCG","0","0","0.40681189","-0.91541705","-0.66012464"
"GACCTCCACCTTGTGGGAA::TTCCCACAAGGTGGAGGTC","0","0","0.46318074","-1.0445729","-0.61974868"
"ACCTCCACCTTGTGGGAAG::CTTCCCACAAGGTGGAGGT","0","0","0.62550467","-0.99537141","-0.93784291"
"CCTCCACCTTGTGGGAAGG::CCTTCCCACAAGGTGGAGG","0","0","0.49107749","-0.95515345","-0.93538449"
"CTCCACCTTGTGGGAAGGC::GCCTTCCCACAAGGTGGAG","0","0","0.58376998","-0.89605196","-0.87084118"
"TCCACCTTGTGGGAAGGCT::AGCCTTCCCACAAGGTGGA","0","0","0.74897356","-0.90151766","-0.89831593"
"CCACCTTGTGGGAAGGCTC::GAGCCTTCCCACAAGGTGG","4","0","0.69037564","-0.84515977","-0.86585952"
"CACCTTGTGGGAAGGCTCT::AGAGCCTTCCCACAAGGTG","0","0","0.65657129","-0.90005366","-0.77247709"
"ACCTTGTGGGAAGGCTCTC::GAGAGCCTTCCCACAAGGT","0","0","0.69747305","-0.96179645","-0.65661488"
"CCTTGTGGGAAGGCTCTCC::GGAGAGCCTTCCCACAAGG","0","0","0.65475856","-0.8654962","-0.69366741"
"CTTGTGGGAAGGCTCTCCA::TGGAGAGCCTTCCCACAAG","0","0","0.68061491","-0.90686351","-0.69303622"
"TTGTGGGAAGGCTCTCCAA::TTGGAGAGCCTTCCCACAA","0","0","0.70887099","-0.92376901","-0.89700571"
"TGTGGGAAGGCTCTCCAAA::TTTGGAGAGCCTTCCCACA","0","0","0.64002698","-0.73995198","-1.0652943"
"GTGGGAAGGCTCTCCAAAC::GTTTGGAGAGCCTTCCCAC","0","0","0.69547829","-0.51774631","-0.94582665"
"TGGGAAGGCTCTCCAAACA::TGTTTGGAGAGCCTTCCCA","0","0","0.73437002","-0.43416705","-0.50128912"
"GGGAAGGCTCTCCAAACAA::TTGTTTGGAGAGCCTTCCC","0","0","0.5498033","-0.28759567","-0.24798728"
"GGAAGGCTCTCCAAACAAA::TTTGTTTGGAGAGCCTTCC","0","0","0.46050322","-0.14148378","-0.1137387"
"GAAGGCTCTCCAAACAAAT::ATTTGTTTGGAGAGCCTTC","0","0","0.66705566","-0.065144538","0.13222009"
"AAGGCTCTCCAAACAAATA::TATTTGTTTGGAGAGCCTT","0","0","0.68957775","-0.094847739","0.32711387"
"AGGCTCTCCAAACAAATAC::GTATTTGTTTGGAGAGCCT","0","0","0.77674231","-0.24990115","0.27561585"
"GGCTCTCCAAACAAATACT::AGTATTTGTTTGGAGAGCC","0","0","0.59637034","-0.28137838","0.25954568"
"GCTCTCCAAACAAATACTG::CAGTATTTGTTTGGAGAGC","0","0","0.64219739","-0.39985357","0.20961659"
"CTCTCCAAACAAATACTGG::CCAGTATTTGTTTGGAGAG","0","0","0.73451829","-0.45922941","0.14054433"
"TCTCCAAACAAATACTGGA::TCCAGTATTTGTTTGGAGA","0","0","0.77929983","-0.27997486","0.01954597"
"CTCCAAACAAATACTGGAA::TTCCAGTATTTGTTTGGAG","0","0","0.58206341","-0.45812776","0.11340748"
"TCCAAACAAATACTGGAAC::GTTCCAGTATTTGTTTGGA","0","0","0.74950297","-0.52049955","0.11812634"
"CCAAACAAATACTGGAACT::AGTTCCAGTATTTGTTTGG","0","0","0.64720693","-0.44721618","0.30225675"
"CAAACAAATACTGGAACTC::GAGTTCCAGTATTTGTTTG","0","0","0.82207884","-0.55856633","0.31687638"
"AAACAAATACTGGAACTCC::GGAGTTCCAGTATTTGTTT","0","0","0.90715321","-0.69636634","0.23075133"
"AACAAATACTGGAACTCCT::AGGAGTTCCAGTATTTGTT","0","0","0.88734505","-0.70183906","-0.14425585"
"ACAAATACTGGAACTCCTC::GAGGAGTTCCAGTATTTGT","0","0","0.8976209","-0.80169784","-0.39419484"
"CAAATACTGGAACTCCTCT::AGAGGAGTTCCAGTATTTG","0","0","0.76096203","-0.87742767","-0.68128407"
"AAATACTGGAACTCCTCTA::TAGAGGAGTTCCAGTATTT","0","0","0.87444909","-0.92818841","-0.75757924"
"AATACTGGAACTCCTCTAC::GTAGAGGAGTTCCAGTATT","0","0","0.8691054","-0.95296724","-1.0659396"
"ATACTGGAACTCCTCTACA::TGTAGAGGAGTTCCAGTAT","0","0","0.85784972","-0.81030508","-0.95743257"
"TACTGGAACTCCTCTACAG::CTGTAGAGGAGTTCCAGTA","0","0","0.91406973","-0.82100936","-1.0384399"
"ACTGGAACTCCTCTACAGC::GCTGTAGAGGAGTTCCAGT","0","0","0.82917869","-0.67224966","-1.0565354"
"CTGGAACTCCTCTACAGCC::GGCTGTAGAGGAGTTCCAG","0","0","0.78901472","-0.54283705","-0.84800685"
"TGGAACTCCTCTACAGCCA::TGGCTGTAGAGGAGTTCCA","0","0","0.81035308","-0.35464191","-0.70816916"
"GGAACTCCTCTACAGCCAC::GTGGCTGTAGAGGAGTTCC","0","0","0.6564019","-0.066008553","-0.91985196"
"GAACTCCTCTACAGCCACC::GGTGGCTGTAGAGGAGTTC","0","0","0.74243294","0.090909591","-1.0229261"
"AACTCCTCTACAGCCACCT::AGGTGGCTGTAGAGGAGTT","0","0","0.88266455","-0.067570106","-1.1686662"
"ACTCCTCTACAGCCACCTC::GAGGTGGCTGTAGAGGAGT","0","0","0.66980463","-0.1148117","-1.2057986"
"CTCCTCTACAGCCACCTCA::TGAGGTGGCTGTAGAGGAG","0","0","0.62770102","-0.15811567","-1.3507472"
"TCCTCTACAGCCACCTCAC::GTGAGGTGGCTGTAGAGGA","0","0","0.74134784","-0.12033885","-1.3844776"
"CCTCTACAGCCACCTCACT::AGTGAGGTGGCTGTAGAGG","0","0","0.53383707","-0.041227786","-1.2536127"
"CTCTACAGCCACCTCACTG::CAGTGAGGTGGCTGTAGAG","0","0","0.78856992","-0.087884451","-1.2750012"
"TCTACAGCCACCTCACTGT::ACAGTGAGGTGGCTGTAGA","0","0","0.81578397","-0.14122359","-1.3273754"
"CTACAGCCACCTCACTGTG::CACAGTGAGGTGGCTGTAG","0","0","0.72993074","-0.31931725","-1.2662901"
"TACAGCCACCTCACTGTGC::GCACAGTGAGGTGGCTGTA","0","0","0.87493778","-0.47600857","-1.3793687"
"ACAGCCACCTCACTGTGCA::TGCACAGTGAGGTGGCTGT","0","0","0.69081496","-0.52758531","-1.2605097"
"CAGCCACCTCACTGTGCAA::TTGCACAGTGAGGTGGCTG","0","0","0.46293111","-0.62389232","-1.3023236"
"AGCCACCTCACTGTGCAAC::GTTGCACAGTGAGGTGGCT","0","0","0.70868044","-0.68498202","-1.4516706"
"GCCACCTCACTGTGCAACA::TGTTGCACAGTGAGGTGGC","0","0","0.57789827","-0.96165419","-1.5988064"
"CCACCTCACTGTGCAACAT::ATGTTGCACAGTGAGGTGG","0","0","0.56144206","-1.319263","-1.5969378"
"CACCTCACTGTGCAACATC::GATGTTGCACAGTGAGGTG","0","0","0.8290749","-1.3771449","-1.4777047"
"ACCTCACTGTGCAACATCT::AGATGTTGCACAGTGAGGT","0","0","0.74883543","-1.1495742","-1.3892316"
"CCTCACTGTGCAACATCTT::AAGATGTTGCACAGTGAGG","0","0","0.6722664","-0.96297635","-1.3907042"
"CTCACTGTGCAACATCTTC::GAAGATGTTGCACAGTGAG","0","0","0.85503878","-0.78099423","-1.1433868"
"TCACTGTGCAACATCTTCA::TGAAGATGTTGCACAGTGA","0","0","0.94235004","-0.64879875","-0.92681745"
"CACTGTGCAACATCTTCAG::CTGAAGATGTTGCACAGTG","0","0","0.78636911","-0.6306399","-0.8771786"
"ACTGTGCAACATCTTCAGA::TCTGAAGATGTTGCACAGT","0","0","0.66907303","-0.67670837","-0.82437198"
"CTGTGCAACATCTTCAGAG::CTCTGAAGATGTTGCACAG","0","0","0.85252901","-0.70868786","-0.49972837"
"TGTGCAACATCTTCAGAGG::CCTCTGAAGATGTTGCACA","0","0","0.85488935","-0.68116315","-0.43261369"
"GTGCAACATCTTCAGAGGA::TCCTCTGAAGATGTTGCAC","0","0","0.58226709","-0.63655075","-0.49751575"
"TGCAACATCTTCAGAGGAA::TTCCTCTGAAGATGTTGCA","0","0","0.6343013","-0.59406329","-0.61442117"
"GCAACATCTTCAGAGGAAG::CTTCCTCTGAAGATGTTGC","0","0","0.5697319","-0.5710748","-0.77710305"
"CAACATCTTCAGAGGAAGC::GCTTCCTCTGAAGATGTTG","0","0","0.74460519","-0.68453372","-0.67491709"
"AACATCTTCAGAGGAAGCT::AGCTTCCTCTGAAGATGTT","0","0","0.860254","-0.50312916","-0.38627699"
"ACATCTTCAGAGGAAGCTA::TAGCTTCCTCTGAAGATGT","0","0","0.67194333","-0.30957711","-0.27820757"
"CATCTTCAGAGGAAGCTAT::ATAGCTTCCTCTGAAGATG","0","0","0.61777256","-0.31371403","-0.25386122"
"ATCTTCAGAGGAAGCTATC::GATAGCTTCCTCTGAAGAT","0","0","0.83168393","-0.36407889","-0.25867448"
"TCTTCAGAGGAAGCTATCT::AGATAGCTTCCTCTGAAGA","0","0","0.84155781","-0.51342854","-0.23369637"
"CTTCAGAGGAAGCTATCTG::CAGATAGCTTCCTCTGAAG","0","0","0.77947154","-0.57182847","-0.31387717"
"TTCAGAGGAAGCTATCTGG::CCAGATAGCTTCCTCTGAA","1","0","0.92648236","-0.55530638","-0.28719938"
"TCAGAGGAAGCTATCTGGC::GCCAGATAGCTTCCTCTGA","0","0","0.8818152","-0.56327733","-0.43959897"
"CAGAGGAAGCTATCTGGCA::TGCCAGATAGCTTCCTCTG","0","0","0.67033161","-0.47978089","-0.43362023"
"AGAGGAAGCTATCTGGCAG::CTGCCAGATAGCTTCCTCT","0","0","0.73361538","-0.50550985","-0.86286334"
"GAGGAAGCTATCTGGCAGG::CCTGCCAGATAGCTTCCTC","0","0","0.72768528","-0.44427022","-0.59643259"
"AGGAAGCTATCTGGCAGGA::TCCTGCCAGATAGCTTCCT","0","0","0.57599765","-0.45164906","-0.57431405"
"GGAAGCTATCTGGCAGGAG::CTCCTGCCAGATAGCTTCC","0","0","0.6161413","-0.44000391","-0.43691866"
"GAAGCTATCTGGCAGGAGC::GCTCCTGCCAGATAGCTTC","0","0","0.77879577","-0.49839764","-0.15099681"
"AAGCTATCTGGCAGGAGCT::AGCTCCTGCCAGATAGCTT","0","0","0.84422731","-0.48796256","-0.22891175"
"AGCTATCTGGCAGGAGCTT::AAGCTCCTGCCAGATAGCT","0","0","0.59240286","-0.40940067","-0.3205709"
"GCTATCTGGCAGGAGCTTC::GAAGCTCCTGCCAGATAGC","0","0","0.68113579","-0.36914461","-0.4388152"
"CTATCTGGCAGGAGCTTCC::GGAAGCTCCTGCCAGATAG","0","0","0.81092405","-0.62323366","-0.47782564"
"TATCTGGCAGGAGCTTCCC::GGGAAGCTCCTGCCAGATA","0","0","0.86817135","-0.70036028","-0.59661766"
"ATCTGGCAGGAGCTTCCCT::AGGGAAGCTCCTGCCAGAT","0","0","0.70262728","-0.88420854","-0.70249582"
"TCTGGCAGGAGCTTCCCTT::AAGGGAAGCTCCTGCCAGA","0","0","0.73441218","-0.94714068","-0.79431408"
"CTGGCAGGAGCTTCCCTTA::TAAGGGAAGCTCCTGCCAG","0","0","0.54193883","-0.91254062","-0.93943095"
"TGGCAGGAGCTTCCCTTAT::ATAAGGGAAGCTCCTGCCA","0","0","0.65889285","-0.85326807","-0.93771643"
"GGCAGGAGCTTCCCTTATC::GATAAGGGAAGCTCCTGCC","0","0","0.59481624","-0.64460889","-0.82362675"
"GCAGGAGCTTCCCTTATCT::AGATAAGGGAAGCTCCTGC","0","0","0.62206458","-0.46916619","-0.61074861"
"CAGGAGCTTCCCTTATCTA::TAGATAAGGGAAGCTCCTG","0","0","0.55924676","-0.39043102","-0.95907683"
"AGGAGCTTCCCTTATCTAT::ATAGATAAGGGAAGCTCCT","0","0","0.69341676","-0.22608185","-0.89313228"
"GGAGCTTCCCTTATCTATA::TATAGATAAGGGAAGCTCC","0","0","0.60089257","-0.16702526","-0.89399514"
"GAGCTTCCCTTATCTATAC::GTATAGATAAGGGAAGCTC","0","0","0.68774048","-0.030060909","-0.99917953"
"AGCTTCCCTTATCTATACA::TGTATAGATAAGGGAAGCT","0","0","0.67597652","-0.0015560591","-1.0656745"
"GCTTCCCTTATCTATACAG::CTGTATAGATAAGGGAAGC","0","0","0.62468121","-0.27246546","-1.3389209"
"CTTCCCTTATCTATACAGT::ACTGTATAGATAAGGGAAG","0","0","0.67082335","-0.44073809","-1.3054936"
"TTCCCTTATCTATACAGTG::CACTGTATAGATAAGGGAA","0","0","0.97434331","-0.34846678","-1.3369058"
"TCCCTTATCTATACAGTGA::TCACTGTATAGATAAGGGA","0","0","0.80225164","-0.30389419","-1.216804"
"CCCTTATCTATACAGTGAC::GTCACTGTATAGATAAGGG","0","0","0.71596939","-0.11212734","-1.1039281"
"CCTTATCTATACAGTGACG::CGTCACTGTATAGATAAGG","0","0","0.6652393","-0.015486784","-1.0650571"
"CTTATCTATACAGTGACGA::TCGTCACTGTATAGATAAG","0","0","0.78303672","-0.25037641","-1.1067824"
"TTATCTATACAGTGACGAG::CTCGTCACTGTATAGATAA","0","0","0.9058662","-0.34432933","-1.0685651"
"TATCTATACAGTGACGAGA::TCTCGTCACTGTATAGATA","0","0","0.88937578","-0.5331196","-1.0826074"
"ATCTATACAGTGACGAGAA::TTCTCGTCACTGTATAGAT","0","0","0.74954259","-0.58834972","-0.93191599"
"TCTATACAGTGACGAGAAA::TTTCTCGTCACTGTATAGA","0","0","0.55932128","-0.5504492","-0.75205456"
"CTATACAGTGACGAGAAAC::GTTTCTCGTCACTGTATAG","0","0","0.81880766","-0.68708154","-0.90744981"
"TATACAGTGACGAGAAACG::CGTTTCTCGTCACTGTATA","0","0","0.94188212","-0.52243104","-0.79010844"
"ATACAGTGACGAGAAACGC::GCGTTTCTCGTCACTGTAT","0","0","0.88890202","-0.51868574","-0.63844854"
"TACAGTGACGAGAAACGCT::AGCGTTTCTCGTCACTGTA","0","0","0.90056764","-0.31979694","-0.43738347"
"ACAGTGACGAGAAACGCTG::CAGCGTTTCTCGTCACTGT","0","0","0.87735503","-0.077921081","-0.1451727"
"CAGTGACGAGAAACGCTGG::CCAGCGTTTCTCGTCACTG","0","0","0.70493564","0.033782313","-0.14346447"
"AGTGACGAGAAACGCTGGC::GCCAGCGTTTCTCGTCACT","0","0","0.71886521","0.21064271","-0.12589044"
"GTGACGAGAAACGCTGGCC::GGCCAGCGTTTCTCGTCAC","0","0","0.74008084","0.24714103","-0.0045278445"
"TGACGAGAAACGCTGGCCT::AGGCCAGCGTTTCTCGTCA","0","0","0.76467276","0.31235936","0.069354928"
"GACGAGAAACGCTGGCCTG::CAGGCCAGCGTTTCTCGTC","0","0","0.55097841","0.21537687","0.012388248"
"ACGAGAAACGCTGGCCTGG::CCAGGCCAGCGTTTCTCGT","0","0","0.66298136","0.13251463","-0.1628266"
"CGAGAAACGCTGGCCTGGT::ACCAGGCCAGCGTTTCTCG","0","0","0.52621805","0.24554843","-0.25558136"
"GAGAAACGCTGGCCTGGTT::AACCAGGCCAGCGTTTCTC","0","0","0.49415727","0.25857429","-0.29246439"
"AGAAACGCTGGCCTGGTTA::TAACCAGGCCAGCGTTTCT","0","0","0.66963526","0.19986334","-0.36066744"
"GAAACGCTGGCCTGGTTAA::TTAACCAGGCCAGCGTTTC","0","0","0.45825193","0.28300151","-0.35507467"
"AAACGCTGGCCTGGTTAAG::CTTAACCAGGCCAGCGTTT","0","0","0.69977392","0.46829323","-0.073322008"
"AACGCTGGCCTGGTTAAGA::TCTTAACCAGGCCAGCGTT","0","0","0.69638468","0.23477486","-0.072972545"
"ACGCTGGCCTGGTTAAGAG::CTCTTAACCAGGCCAGCGT","0","0","0.64858965","0.2250814","0.054291287"
"CGCTGGCCTGGTTAAGAGA::TCTCTTAACCAGGCCAGCG","0","0","0.43726713","0.23666968","0.022039491"
"GCTGGCCTGGTTAAGAGAC::GTCTCTTAACCAGGCCAGC","0","0","0.5674426","0.1603943","-0.072859111"
"CTGGCCTGGTTAAGAGACG::CGTCTCTTAACCAGGCCAG","0","0","0.69211859","0.25448648","0.10330487"
"TGGCCTGGTTAAGAGACGT::ACGTCTCTTAACCAGGCCA","0","0","0.74283545","0.33636359","0.12631082"
"GGCCTGGTTAAGAGACGTG::CACGTCTCTTAACCAGGCC","0","0","0.50252186","0.21558659","0.0012402135"
"GCCTGGTTAAGAGACGTGG::CCACGTCTCTTAACCAGGC","0","0","0.6120068","0.048046148","-0.11401412"
"CCTGGTTAAGAGACGTGGA::TCCACGTCTCTTAACCAGG","0","0","0.5612138","0.063643257","-0.088042881"
"CTGGTTAAGAGACGTGGAG::CTCCACGTCTCTTAACCAG","0","0","0.70092634","0.1405081","0.096117046"
"TGGTTAAGAGACGTGGAGG::CCTCCACGTCTCTTAACCA","0","0","0.80804957","0.040412382","0.19865843"
"GGTTAAGAGACGTGGAGGT::ACCTCCACGTCTCTTAACC","0","0","0.51641439","-0.0087679551","0.25496461"
"GTTAAGAGACGTGGAGGTG::CACCTCCACGTCTCTTAAC","0","0","0.61864545","-0.021134546","0.10374924"
"TTAAGAGACGTGGAGGTGG::CCACCTCCACGTCTCTTAA","0","0","0.92467042","-0.27811997","0.087900282"
"TAAGAGACGTGGAGGTGGG::CCCACCTCCACGTCTCTTA","0","0","0.77739461","-0.48880358","-0.21743127"
"AAGAGACGTGGAGGTGGGA::TCCCACCTCCACGTCTCTT","0","0","0.62772969","-0.52730553","-0.37786059"
"AGAGACGTGGAGGTGGGAC::GTCCCACCTCCACGTCTCT","0","0","0.70287063","-0.62031014","-0.76167115"
"GAGACGTGGAGGTGGGACG::CGTCCCACCTCCACGTCTC","0","0","0.6755046","-0.72326436","-0.8554541"
"AGACGTGGAGGTGGGACGG::CCGTCCCACCTCCACGTCT","0","0","0.63664312","-0.75748709","-0.8965805"
"GACGTGGAGGTGGGACGGG::CCCGTCCCACCTCCACGTC","0","0","0.50468521","-0.92057566","-1.0554142"
"ACGTGGAGGTGGGACGGGA::TCCCGTCCCACCTCCACGT","0","0","0.54216062","-1.070622","-1.1056349"
"CGTGGAGGTGGGACGGGAG::CTCCCGTCCCACCTCCACG","0","0","0.58271069","-1.134111","-1.1274421"
"GTGGAGGTGGGACGGGAGA::TCTCCCGTCCCACCTCCAC","0","0","0.54824026","-1.0649406","-1.0176129"
"TGGAGGTGGGACGGGAGAG::CTCTCCCGTCCCACCTCCA","0","0","0.6908875","-1.0104422","-1.1092414"
"GGAGGTGGGACGGGAGAGA::TCTCTCCCGTCCCACCTCC","0","0","0.50130063","-0.82194002","-1.0204465"
"GAGGTGGGACGGGAGAGAC::GTCTCTCCCGTCCCACCTC","0","0","0.62948186","-0.72698571","-0.95951926"
"AGGTGGGACGGGAGAGACT::AGTCTCTCCCGTCCCACCT","0","0","0.60678713","-0.83207004","-1.0001668"
"GGTGGGACGGGAGAGACTC::GAGTCTCTCCCGTCCCACC","0","0","0.61388633","-0.72932046","-0.96684368"
"GTGGGACGGGAGAGACTCT::AGAGTCTCTCCCGTCCCAC","0","0","0.5495859","-0.54823415","-1.0757705"
"TGGGACGGGAGAGACTCTG::CAGAGTCTCTCCCGTCCCA","0","0","0.81789737","-0.27179015","-1.0275673"
"GGGACGGGAGAGACTCTGG::CCAGAGTCTCTCCCGTCCC","0","0","0.6508976","0.013198074","-0.80911649"
"GGACGGGAGAGACTCTGGG::CCCAGAGTCTCTCCCGTCC","0","0","0.64820241","-0.19728266","-0.66243216"
"GACGGGAGAGACTCTGGGA::TCCCAGAGTCTCTCCCGTC","0","0","0.56811539","-0.3699821","-0.70158797"
"ACGGGAGAGACTCTGGGAG::CTCCCAGAGTCTCTCCCGT","0","0","0.66457098","-0.44355248","-0.64078484"
"CGGGAGAGACTCTGGGAGA::TCTCCCAGAGTCTCTCCCG","0","0","0.50411673","-0.27065678","-0.45888913"
"GGGAGAGACTCTGGGAGAG::CTCTCCCAGAGTCTCTCCC","0","0","0.54154342","-0.13106568","-0.46823129"
"GGAGAGACTCTGGGAGAGA::TCTCTCCCAGAGTCTCTCC","0","0","0.51235664","0.10785628","-0.41571764"
"GAGAGACTCTGGGAGAGAA::TTCTCTCCCAGAGTCTCTC","0","0","0.51989779","0.04351021","-0.40687241"
"AGAGACTCTGGGAGAGAAG::CTTCTCTCCCAGAGTCTCT","0","0","0.65879257","-0.034310069","-0.12775814"
"GAGACTCTGGGAGAGAAGT::ACTTCTCTCCCAGAGTCTC","0","0","0.65076551","-0.13078516","-0.12120194"
"AGACTCTGGGAGAGAAGTG::CACTTCTCTCCCAGAGTCT","0","0","0.70245042","-0.19754901","-0.22825837"
"GACTCTGGGAGAGAAGTGG::CCACTTCTCTCCCAGAGTC","0","0","0.69428726","-0.13187709","-0.24013301"
"ACTCTGGGAGAGAAGTGGA::TCCACTTCTCTCCCAGAGT","0","0","0.62306527","-0.17628048","-0.24862673"
"CTCTGGGAGAGAAGTGGAA::TTCCACTTCTCTCCCAGAG","0","0","0.51640113","-0.3331219","-0.079160883"
"TCTGGGAGAGAAGTGGAAA::TTTCCACTTCTCTCCCAGA","0","0","0.66246052","-0.61557679","0.1570801"
"CTGGGAGAGAAGTGGAAAG::CTTTCCACTTCTCTCCCAG","0","0","0.62137806","-0.66211678","0.036561917"
"TGGGAGAGAAGTGGAAAGC::GCTTTCCACTTCTCTCCCA","0","0","0.743566","-0.32883639","0.29878998"
"GGGAGAGAAGTGGAAAGCT::AGCTTTCCACTTCTCTCCC","0","0","0.57905364","-0.091445841","0.56725938"
"GGAGAGAAGTGGAAAGCTC::GAGCTTTCCACTTCTCTCC","0","0","0.60525441","-0.038959705","0.47190597"
"GAGAGAAGTGGAAAGCTCG::CGAGCTTTCCACTTCTCTC","0","0","0.78654071","-0.1556359","0.52547185"
"AGAGAAGTGGAAAGCTCGT::ACGAGCTTTCCACTTCTCT","0","0","0.73409585","-0.22984754","0.6611797"
"GAGAAGTGGAAAGCTCGTC::GACGAGCTTTCCACTTCTC","0","0","0.80160306","-0.41967596","0.55453505"
"AGAAGTGGAAAGCTCGTCT::AGACGAGCTTTCCACTTCT","0","0","0.84826022","-0.32122063","0.487429"
"GAAGTGGAAAGCTCGTCTG::CAGACGAGCTTTCCACTTC","0","0","0.78735312","-0.36221247","0.2824728"
"AAGTGGAAAGCTCGTCTGA::TCAGACGAGCTTTCCACTT","0","0","0.71952599","-0.605497","0.033307169"
"AGTGGAAAGCTCGTCTGAA::TTCAGACGAGCTTTCCACT","0","0","0.66426736","-0.52484484","0.12497068"
"GTGGAAAGCTCGTCTGAAT::ATTCAGACGAGCTTTCCAC","0","0","0.64784426","-0.52050251","0.25382384"
"TGGAAAGCTCGTCTGAATC::GATTCAGACGAGCTTTCCA","0","0","0.93059025","-0.54955897","0.36793496"
"GGAAAGCTCGTCTGAATCA::TGATTCAGACGAGCTTTCC","0","0","0.60564226","-0.36489503","0.26185623"
"GAAAGCTCGTCTGAATCAG::CTGATTCAGACGAGCTTTC","0","0","0.72685716","-0.28546922","0.11571979"
"AAAGCTCGTCTGAATCAGA::TCTGATTCAGACGAGCTTT","0","0","0.77476774","-0.50479","-0.010654723"
"AAGCTCGTCTGAATCAGAT::ATCTGATTCAGACGAGCTT","0","0","0.81718789","-0.56901518","-0.21718918"
"AGCTCGTCTGAATCAGATG::CATCTGATTCAGACGAGCT","0","0","0.80389161","-0.66816807","-0.27422214"
"GCTCGTCTGAATCAGATGT::ACATCTGATTCAGACGAGC","0","0","0.64267084","-0.66499219","-0.17941969"
"CTCGTCTGAATCAGATGTC::GACATCTGATTCAGACGAG","0","0","0.75540449","-0.44647543","-0.12287039"
"TCGTCTGAATCAGATGTCG::CGACATCTGATTCAGACGA","0","0","0.9395707","-0.50211295","-0.073167636"
"CGTCTGAATCAGATGTCGG::CCGACATCTGATTCAGACG","0","0","0.72107063","-0.54404456","-0.011110914"
"GTCTGAATCAGATGTCGGC::GCCGACATCTGATTCAGAC","0","0","0.70771721","-0.69967789","-0.09581584"
"TCTGAATCAGATGTCGGCC::GGCCGACATCTGATTCAGA","0","0","0.87306556","-0.6593277","-0.14159537"
"CTGAATCAGATGTCGGCCC::GGGCCGACATCTGATTCAG","0","0","0.72428711","-0.6356835","-0.11478572"
"TGAATCAGATGTCGGCCCT::AGGGCCGACATCTGATTCA","0","0","0.71980125","-0.75534906","-0.28762358"
"GAATCAGATGTCGGCCCTG::CAGGGCCGACATCTGATTC","0","0","0.57597185","-0.54869878","-0.44287458"
"AATCAGATGTCGGCCCTGG::CCAGGGCCGACATCTGATT","0","0","0.69061254","-0.62008207","-0.70743857"
"ATCAGATGTCGGCCCTGGA::TCCAGGGCCGACATCTGAT","0","0","0.59720065","-0.66016924","-0.80145528"
"TCAGATGTCGGCCCTGGAG::CTCCAGGGCCGACATCTGA","0","0","0.71980397","-0.67570491","-0.81749336"
"CAGATGTCGGCCCTGGAGT::ACTCCAGGGCCGACATCTG","0","0","0.61298567","-0.551446","-0.74566229"
"AGATGTCGGCCCTGGAGTT::AACTCCAGGGCCGACATCT","0","0","0.46230472","-0.5785395","-0.71600972"
"GATGTCGGCCCTGGAGTTC::GAACTCCAGGGCCGACATC","0","0","0.5214917","-0.51545929","-0.78322833"
"ATGTCGGCCCTGGAGTTCT::AGAACTCCAGGGCCGACAT","0","0","0.69988629","-0.62705086","-0.79270808"
"TGTCGGCCCTGGAGTTCTA::TAGAACTCCAGGGCCGACA","0","0","0.55364599","-0.80559631","-0.87007934"
"GTCGGCCCTGGAGTTCTAC::GTAGAACTCCAGGGCCGAC","0","0","0.54317297","-0.72162468","-1.0584584"
"TCGGCCCTGGAGTTCTACT::AGTAGAACTCCAGGGCCGA","0","0","0.73151691","-0.72790403","-1.2156617"
"CGGCCCTGGAGTTCTACTC::GAGTAGAACTCCAGGGCCG","0","0","0.59669685","-0.72049883","-1.146026"
"GGCCCTGGAGTTCTACTCT::AGAGTAGAACTCCAGGGCC","0","0","0.53455415","-0.68817229","-1.1196733"
"GCCCTGGAGTTCTACTCTT::AAGAGTAGAACTCCAGGGC","0","0","0.44514599","-0.38935116","-0.99655053"
"CCCTGGAGTTCTACTCTTA::TAAGAGTAGAACTCCAGGG","0","0","0.51531248","-0.27532637","-0.9189073"
"CCTGGAGTTCTACTCTTAT::ATAAGAGTAGAACTCCAGG","0","0","0.55465862","-0.32155813","-0.90539097"
"CTGGAGTTCTACTCTTATA::TATAAGAGTAGAACTCCAG","0","0","0.6699519","-0.11421148","-0.78443181"
"TGGAGTTCTACTCTTATAA::TTATAAGAGTAGAACTCCA","0","0","0.77529332","-0.24314427","-0.62056886"
"GGAGTTCTACTCTTATAAA::TTTATAAGAGTAGAACTCC","0","0","0.42427205","-0.26167728","-0.57146847"
"GAGTTCTACTCTTATAAAA::TTTTATAAGAGTAGAACTC","0","0","0.49802826","-0.1876661","-0.51134471"
"AGTTCTACTCTTATAAAAA::TTTTTATAAGAGTAGAACT","0","0","0.52007255","0.23117134","-0.32116079"
"GTTCTACTCTTATAAAAAG::CTTTTTATAAGAGTAGAAC","0","0","0.56979821","0.12386344","-0.20479752"
"TTCTACTCTTATAAAAAGT::ACTTTTTATAAGAGTAGAA","0","0","0.7829402","0.26322634","-0.22067771"
"TCTACTCTTATAAAAAGTC::GACTTTTTATAAGAGTAGA","0","0","0.87143592","0.39121185","-0.39789871"
"CTACTCTTATAAAAAGTCA::TGACTTTTTATAAGAGTAG","0","0","0.6221198","0.33972673","-0.24566308"
"TACTCTTATAAAAAGTCAG::CTGACTTTTTATAAGAGTA","0","0","0.85658803","0.49882451","-0.0098056019"
"ACTCTTATAAAAAGTCAGG::CCTGACTTTTTATAAGAGT","0","0","0.71273024","0.54575273","-0.033277833"
"CTCTTATAAAAAGTCAGGT::ACCTGACTTTTTATAAGAG","0","0","0.6885832","0.48605063","0.034938371"
"TCTTATAAAAAGTCAGGTA::TACCTGACTTTTTATAAGA","0","0","0.70198268","0.24163278","0.041440483"
"CTTATAAAAAGTCAGGTAT::ATACCTGACTTTTTATAAG","0","0","0.60813549","0.14718435","0.074096943"
"TTATAAAAAGTCAGGTATC::GATACCTGACTTTTTATAA","0","1","0.86555578","0.088094725","0.21687557"
"TATAAAAAGTCAGGTATCA::TGATACCTGACTTTTTATA","0","1","0.72871413","0.010233697","0.28753583"
"ATAAAAAGTCAGGTATCAC::GTGATACCTGACTTTTTAT","0","0","0.80849097","0.074048377","0.26033805"
"TAAAAAGTCAGGTATCACT::AGTGATACCTGACTTTTTA","0","0","0.91225223","0.14050775","0.29498348"
"AAAAAGTCAGGTATCACTG::CAGTGATACCTGACTTTTT","0","0","0.89964292","-0.02571986","0.10473712"
"AAAAGTCAGGTATCACTGA::TCAGTGATACCTGACTTTT","0","0","0.73554768","-0.54507336","-0.18247791"
"AAAGTCAGGTATCACTGAA::TTCAGTGATACCTGACTTT","0","0","0.69496921","-0.41323108","-0.33637511"
"AAGTCAGGTATCACTGAAG::CTTCAGTGATACCTGACTT","0","0","0.83465557","-0.28581632","-0.18313959"
"AGTCAGGTATCACTGAAGT::ACTTCAGTGATACCTGACT","0","0","0.71177792","-0.21784661","0.035079332"
"GTCAGGTATCACTGAAGTG::CACTTCAGTGATACCTGAC","0","0","0.70097903","-0.13869669","-0.015271623"
"TCAGGTATCACTGAAGTGT::ACACTTCAGTGATACCTGA","0","0","0.8997553","-0.29358941","-0.18577133"
"CAGGTATCACTGAAGTGTG::CACACTTCAGTGATACCTG","0","0","0.76375629","-0.32278204","-0.24858595"
"AGGTATCACTGAAGTGTGT::ACACACTTCAGTGATACCT","0","0","0.69644544","-0.22239819","-0.20518806"
"GGTATCACTGAAGTGTGTA::TACACACTTCAGTGATACC","0","0","0.6190535","-0.020612547","-0.23113454"
"GTATCACTGAAGTGTGTAG::CTACACACTTCAGTGATAC","0","0","0.69613513","0.08720171","-0.15432612"
"TATCACTGAAGTGTGTAGA::TCTACACACTTCAGTGATA","0","0","0.87193876","-0.080879177","-0.22631013"
"ATCACTGAAGTGTGTAGAG::CTCTACACACTTCAGTGAT","0","0","0.82158515","-0.1797663","-0.21166605"
"TCACTGAAGTGTGTAGAGA::TCTCTACACACTTCAGTGA","0","0","0.7238824","0.002017656","-0.22245539"
"CACTGAAGTGTGTAGAGAG::CTCTCTACACACTTCAGTG","0","0","0.73307028","0.040450502","-0.43466025"
"ACTGAAGTGTGTAGAGAGG::CCTCTCTACACACTTCAGT","0","0","0.70954719","-0.02768215","-0.30048557"
"CTGAAGTGTGTAGAGAGGA::TCCTCTCTACACACTTCAG","0","1","0.75065326","-0.011781674","-0.33162619"
"TGAAGTGTGTAGAGAGGAG::CTCCTCTCTACACACTTCA","0","0","0.77239608","-0.18491721","-0.40214042"
"GAAGTGTGTAGAGAGGAGG::CCTCCTCTCTACACACTTC","0","0","0.73068229","-0.30813947","-0.55947365"
"AAGTGTGTAGAGAGGAGGC::GCCTCCTCTCTACACACTT","0","0","0.75423686","-0.4440472","-0.75068626"
"AGTGTGTAGAGAGGAGGCT::AGCCTCCTCTCTACACACT","0","0","0.62235863","-0.48889136","-0.74274276"
"GTGTGTAGAGAGGAGGCTC::GAGCCTCCTCTCTACACAC","0","0","0.66351404","-0.41697213","-0.65904987"
"TGTGTAGAGAGGAGGCTCG::CGAGCCTCCTCTCTACACA","0","0","0.7672566","-0.48089938","-0.50970475"
"GTGTAGAGAGGAGGCTCGC::GCGAGCCTCCTCTCTACAC","0","0","0.67632086","-0.62382647","-0.63288504"
"TGTAGAGAGGAGGCTCGCC::GGCGAGCCTCCTCTCTACA","0","0","0.76596668","-0.7794983","-0.66781229"
"GTAGAGAGGAGGCTCGCCG::CGGCGAGCCTCCTCTCTAC","0","0","0.77048093","-0.88466707","-0.71981992"
"TAGAGAGGAGGCTCGCCGT::ACGGCGAGCCTCCTCTCTA","0","0","0.80826132","-0.7358187","-0.67814627"
"AGAGAGGAGGCTCGCCGTG::CACGGCGAGCCTCCTCTCT","0","0","0.62640164","-0.77514269","-0.71933056"
"GAGAGGAGGCTCGCCGTGC::GCACGGCGAGCCTCCTCTC","0","0","0.68059437","-0.9496468","-0.77117171"
"AGAGGAGGCTCGCCGTGCC::GGCACGGCGAGCCTCCTCT","0","0","0.61668048","-1.0295961","-0.62194716"
"GAGGAGGCTCGCCGTGCCC::GGGCACGGCGAGCCTCCTC","0","0","0.59430855","-0.94664776","-0.71500016"
"AGGAGGCTCGCCGTGCCCT::AGGGCACGGCGAGCCTCCT","0","0","0.59083646","-0.90360216","-0.78939429"
"GGAGGCTCGCCGTGCCCTC::GAGGGCACGGCGAGCCTCC","0","0","0.45467908","-0.86703833","-0.85987365"
"GAGGCTCGCCGTGCCCTCA::TGAGGGCACGGCGAGCCTC","0","0","0.44884379","-0.96013559","-1.0033967"
"AGGCTCGCCGTGCCCTCAA::TTGAGGGCACGGCGAGCCT","0","0","0.48531933","-0.95164097","-1.0195345"
"GGCTCGCCGTGCCCTCAAG::CTTGAGGGCACGGCGAGCC","0","0","0.42342653","-0.9191272","-1.0448388"
"GCTCGCCGTGCCCTCAAGG::CCTTGAGGGCACGGCGAGC","0","0","0.54883984","-0.93231919","-1.0541005"
"CTCGCCGTGCCCTCAAGGA::TCCTTGAGGGCACGGCGAG","0","0","0.47392111","-0.67925351","-0.9939037"
"TCGCCGTGCCCTCAAGGAT::ATCCTTGAGGGCACGGCGA","0","0","0.65199646","-0.66294818","-0.90297623"
"CGCCGTGCCCTCAAGGATG::CATCCTTGAGGGCACGGCG","0","0","0.5168612","-0.59091418","-0.89857884"
"GCCGTGCCCTCAAGGATGG::CCATCCTTGAGGGCACGGC","0","0","0.41279358","-0.5006431","-0.85190727"
"CCGTGCCCTCAAGGATGGA::TCCATCCTTGAGGGCACGG","0","0","0.32380586","-0.44056665","-0.69129185"
"CGTGCCCTCAAGGATGGAG::CTCCATCCTTGAGGGCACG","0","0","0.46597106","-0.35070114","-0.65190125"
"GTGCCCTCAAGGATGGAGT::ACTCCATCCTTGAGGGCAC","0","0","0.58835672","-0.33625247","-0.69563425"
"TGCCCTCAAGGATGGAGTG::CACTCCATCCTTGAGGGCA","0","0","0.59467593","-0.35924201","-0.6787978"
"GCCCTCAAGGATGGAGTGG::CCACTCCATCCTTGAGGGC","0","0","0.41912508","-0.38336318","-0.5944883"
"CCCTCAAGGATGGAGTGGC::GCCACTCCATCCTTGAGGG","0","0","0.52817002","-0.45363029","-0.28050743"
"CCTCAAGGATGGAGTGGCC::GGCCACTCCATCCTTGAGG","0","0","0.48686318","-0.33962076","-0.042286291"
"CTCAAGGATGGAGTGGCCA::TGGCCACTCCATCCTTGAG","0","0","0.6153109","-0.10769647","0.209912"
"TCAAGGATGGAGTGGCCAC::GTGGCCACTCCATCCTTGA","0","0","0.73909653","0.075185614","0.20439311"
"CAAGGATGGAGTGGCCACA::TGTGGCCACTCCATCCTTG","0","0","0.62398089","0.040050165","0.17194856"
"AAGGATGGAGTGGCCACAG::CTGTGGCCACTCCATCCTT","0","0","0.7947072","-0.029361795","-0.018327246"
"AGGATGGAGTGGCCACAGG::CCTGTGGCCACTCCATCCT","0","0","0.65040363","-0.19533124","-0.27026373"
"GGATGGAGTGGCCACAGGA::TCCTGTGGCCACTCCATCC","0","0","0.55516879","-0.24515613","-0.34745677"
"GATGGAGTGGCCACAGGAG::CTCCTGTGGCCACTCCATC","0","0","0.65310918","-0.3886145","-0.36071116"
"ATGGAGTGGCCACAGGAGG::CCTCCTGTGGCCACTCCAT","0","0","0.77279997","-0.48093451","-0.41238288"
"TGGAGTGGCCACAGGAGGA::TCCTCCTGTGGCCACTCCA","0","0","0.70768207","-0.60198626","-0.69919119"
"GGAGTGGCCACAGGAGGAC::GTCCTCCTGTGGCCACTCC","0","0","0.5947014","-0.42407758","-0.49472755"
"GAGTGGCCACAGGAGGACA::TGTCCTCCTGTGGCCACTC","0","0","0.55884216","-0.28605168","-0.34352273"
"AGTGGCCACAGGAGGACAT::ATGTCCTCCTGTGGCCACT","0","0","0.58235622","-0.053036537","-0.20399126"
"GTGGCCACAGGAGGACATG::CATGTCCTCCTGTGGCCAC","0","0","0.62341429","0.092074433","-0.17297203"
"TGGCCACAGGAGGACATGC::GCATGTCCTCCTGTGGCCA","0","0","0.76982768","0.14979455","-0.30471959"
"GGCCACAGGAGGACATGCC::GGCATGTCCTCCTGTGGCC","0","0","0.60766247","0.012432272","-0.50697785"
"GCCACAGGAGGACATGCCG::CGGCATGTCCTCCTGTGGC","0","0","0.63180833","-0.15578318","-0.55352479"
"CCACAGGAGGACATGCCGT::ACGGCATGTCCTCCTGTGG","0","0","0.66721381","-0.331638","-0.40960017"
"CACAGGAGGACATGCCGTA::TACGGCATGTCCTCCTGTG","0","0","0.65146","-0.33985948","-0.28653643"
"ACAGGAGGACATGCCGTAT::ATACGGCATGTCCTCCTGT","0","0","0.67284994","-0.23600014","-0.063383832"
"CAGGAGGACATGCCGTATC::GATACGGCATGTCCTCCTG","0","0","0.80170067","-0.23631485","0.066911224"
"AGGAGGACATGCCGTATCC::GGATACGGCATGTCCTCCT","0","0","0.76423671","0.0087958826","0.21169894"
"GGAGGACATGCCGTATCCC::GGGATACGGCATGTCCTCC","0","0","0.59721207","0.081271946","0.23629787"
"GAGGACATGCCGTATCCCG::CGGGATACGGCATGTCCTC","0","0","0.72851","-0.0029872115","0.20416471"
"AGGACATGCCGTATCCCGG::CCGGGATACGGCATGTCCT","0","0","0.78156755","0.090260057","0.20963971"
"GGACATGCCGTATCCCGGG::CCCGGGATACGGCATGTCC","0","0","0.6437302","-0.10840629","0.047421147"
"GACATGCCGTATCCCGGGG::CCCCGGGATACGGCATGTC","0","0","0.59071603","-0.2939361","-0.0021948622"
"ACATGCCGTATCCCGGGGA::TCCCCGGGATACGGCATGT","0","0","0.5649646","-0.47666834","-0.093923796"
"CATGCCGTATCCCGGGGAA::TTCCCCGGGATACGGCATG","0","0","0.35485363","-0.6276587","-0.049631042"
"ATGCCGTATCCCGGGGAAG::CTTCCCCGGGATACGGCAT","0","0","0.63254186","-0.62938439","-0.34152503"
"TGCCGTATCCCGGGGAAGT::ACTTCCCCGGGATACGGCA","0","0","0.61242867","-0.46499695","-0.16114562"
"GCCGTATCCCGGGGAAGTG::CACTTCCCCGGGATACGGC","0","0","0.43375692","-0.42686933","-0.27360954"
"CCGTATCCCGGGGAAGTGC::GCACTTCCCCGGGATACGG","0","0","0.57180298","-0.61718264","-0.50048659"
"CGTATCCCGGGGAAGTGCA::TGCACTTCCCCGGGATACG","0","0","0.45392144","-0.69664634","-0.54132829"
"GTATCCCGGGGAAGTGCAA::TTGCACTTCCCCGGGATAC","0","0","0.42664486","-0.78298729","-0.66601249"
"TATCCCGGGGAAGTGCAAA::TTTGCACTTCCCCGGGATA","0","0","0.62919562","-0.76800323","-0.7987796"
"ATCCCGGGGAAGTGCAAAG::CTTTGCACTTCCCCGGGAT","0","0","0.65418109","-0.83239228","-0.84337605"
"TCCCGGGGAAGTGCAAAGA::TCTTTGCACTTCCCCGGGA","0","0","0.59361339","-0.81092619","-0.60849932"
"CCCGGGGAAGTGCAAAGAT::ATCTTTGCACTTCCCCGGG","0","0","0.38482676","-0.77918404","-0.36061817"
"CCGGGGAAGTGCAAAGATC::GATCTTTGCACTTCCCCGG","0","0","0.59420908","-0.78707553","-0.22325968"
"CGGGGAAGTGCAAAGATCA::TGATCTTTGCACTTCCCCG","0","0","0.51229927","-0.69032021","-0.1452305"
"GGGGAAGTGCAAAGATCAG::CTGATCTTTGCACTTCCCC","0","0","0.50781477","-0.65349041","-0.19586957"
"GGGAAGTGCAAAGATCAGA::TCTGATCTTTGCACTTCCC","0","0","0.51610092","-0.76850587","-0.36139153"
"GGAAGTGCAAAGATCAGAT::ATCTGATCTTTGCACTTCC","0","0","0.53723327","-0.65403581","-0.35002744"
"GAAGTGCAAAGATCAGATG::CATCTGATCTTTGCACTTC","0","0","0.57792083","-0.58697004","0.043876114"
"AAGTGCAAAGATCAGATGG::CCATCTGATCTTTGCACTT","0","0","0.72707723","-0.62462166","-0.038209555"
"AGTGCAAAGATCAGATGGT::ACCATCTGATCTTTGCACT","0","0","0.61108743","-0.63322281","-0.026770936"
"GTGCAAAGATCAGATGGTT::AACCATCTGATCTTTGCAC","0","0","0.49093103","-0.44299755","0.096053257"
"TGCAAAGATCAGATGGTTG::CAACCATCTGATCTTTGCA","0","0","0.74600278","-0.37897597","0.11298806"
"GCAAAGATCAGATGGTTGG::CCAACCATCTGATCTTTGC","0","0","0.60520957","-0.33508385","0.22671904"
"CAAAGATCAGATGGTTGGA::TCCAACCATCTGATCTTTG","0","0","0.53267851","-0.47691467","0.26960439"
"AAAGATCAGATGGTTGGAG::CTCCAACCATCTGATCTTT","0","0","0.73617555","-0.63387696","0.17951487"
"AAGATCAGATGGTTGGAGG::CCTCCAACCATCTGATCTT","0","0","0.74787942","-0.66056322","-0.077493713"
"AGATCAGATGGTTGGAGGA::TCCTCCAACCATCTGATCT","0","0","0.55113756","-0.6778588","-0.34759223"
"GATCAGATGGTTGGAGGAG::CTCCTCCAACCATCTGATC","0","0","0.56269379","-0.76453407","-0.44639044"
"ATCAGATGGTTGGAGGAGA::TCTCCTCCAACCATCTGAT","0","0","0.6681827","-0.76551245","-0.48924158"
"TCAGATGGTTGGAGGAGAG::CTCTCCTCCAACCATCTGA","0","0","0.72397784","-0.70124042","-0.64101363"
"CAGATGGTTGGAGGAGAGA::TCTCTCCTCCAACCATCTG","0","0","0.58215146","-0.4245512","-0.4676381"
"AGATGGTTGGAGGAGAGAG::CTCTCTCCTCCAACCATCT","0","0","0.65718318","-0.32802391","-0.59708335"
"GATGGTTGGAGGAGAGAGG::CCTCTCTCCTCCAACCATC","0","0","0.66252154","-0.48331459","-0.76488236"
"ATGGTTGGAGGAGAGAGGA::TCCTCTCTCCTCCAACCAT","0","0","0.73936042","-0.57845947","-0.80591125"
"TGGTTGGAGGAGAGAGGAT::ATCCTCTCTCCTCCAACCA","0","0","0.57137587","-0.59564817","-0.72013282"
"GGTTGGAGGAGAGAGGATA::TATCCTCTCTCCTCCAACC","0","0","0.53740852","-0.49332101","-0.52128486"
"GTTGGAGGAGAGAGGATAT::ATATCCTCTCTCCTCCAAC","0","0","0.5923281","-0.46533171","-0.35919936"
"TTGGAGGAGAGAGGATATC::GATATCCTCTCTCCTCCAA","0","0","0.88558442","-0.29087643","-0.41162039"
"TGGAGGAGAGAGGATATCT::AGATATCCTCTCTCCTCCA","0","0","0.83561723","-0.13823088","-0.42240613"
"GGAGGAGAGAGGATATCTG::CAGATATCCTCTCTCCTCC","0","0","0.68366537","-0.077074056","-0.37829339"
"GAGGAGAGAGGATATCTGC::GCAGATATCCTCTCTCCTC","0","0","0.75630489","-0.0055282428","-0.34655743"
"AGGAGAGAGGATATCTGCA::TGCAGATATCCTCTCTCCT","0","0","0.71606163","0.069667738","-0.39922967"
"GGAGAGAGGATATCTGCAG::CTGCAGATATCCTCTCTCC","0","0","0.68833924","0.053644785","-0.32666794"
"GAGAGAGGATATCTGCAGC::GCTGCAGATATCCTCTCTC","0","0","0.72712054","-0.054515643","-0.49648833"
"AGAGAGGATATCTGCAGCC::GGCTGCAGATATCCTCTCT","0","0","0.84069145","-0.073823796","-0.3147801"
"GAGAGGATATCTGCAGCCC::GGGCTGCAGATATCCTCTC","0","0","0.70384976","-0.23837741","-0.47984076"
"AGAGGATATCTGCAGCCCT::AGGGCTGCAGATATCCTCT","0","0","0.72603336","-0.29929745","-0.47013172"
"GAGGATATCTGCAGCCCTA::TAGGGCTGCAGATATCCTC","0","0","0.58313954","-0.24015392","-0.55319822"
"AGGATATCTGCAGCCCTAT::ATAGGGCTGCAGATATCCT","0","0","0.68440639","-0.20596486","-0.53661354"
"GGATATCTGCAGCCCTATG::CATAGGGCTGCAGATATCC","0","0","0.6093927","-0.28050225","-0.67231235"
"GATATCTGCAGCCCTATGG::CCATAGGGCTGCAGATATC","0","0","0.77375758","-0.43404762","-0.82953483"
"ATATCTGCAGCCCTATGGG::CCCATAGGGCTGCAGATAT","0","0","0.79871733","-0.50570745","-0.96126371"
"TATCTGCAGCCCTATGGGA::TCCCATAGGGCTGCAGATA","0","0","0.66474652","-0.77652608","-0.98649285"
"ATCTGCAGCCCTATGGGAA::TTCCCATAGGGCTGCAGAT","1","0","0.60942748","-0.93728282","-0.93602491"
"TCTGCAGCCCTATGGGAAG::CTTCCCATAGGGCTGCAGA","0","0","0.69044843","-1.0152649","-1.2061449"
"CTGCAGCCCTATGGGAAGG::CCTTCCCATAGGGCTGCAG","0","0","0.56734101","-1.0346018","-1.2773955"
"TGCAGCCCTATGGGAAGGT::ACCTTCCCATAGGGCTGCA","0","0","0.58914026","-1.023343","-1.2383138"
"GCAGCCCTATGGGAAGGTT::AACCTTCCCATAGGGCTGC","0","7","0.33092064","-0.93283799","-1.2694792"
"CAGCCCTATGGGAAGGTTG::CAACCTTCCCATAGGGCTG","0","0","0.63647161","-0.91012465","-1.1530743"
"AGCCCTATGGGAAGGTTGT::ACAACCTTCCCATAGGGCT","0","0","0.56939759","-0.9247859","-1.2970865"
"GCCCTATGGGAAGGTTGTT::AACAACCTTCCCATAGGGC","0","0","0.3055613","-0.73131966","-1.1600466"
"CCCTATGGGAAGGTTGTTG::CAACAACCTTCCCATAGGG","0","0","0.54515086","-0.78656603","-1.0834799"
"CCTATGGGAAGGTTGTTGA::TCAACAACCTTCCCATAGG","0","0","0.53665924","-0.77360367","-0.98948389"
"CTATGGGAAGGTTGTTGAC::GTCAACAACCTTCCCATAG","0","0","0.63340699","-0.83403528","-0.92922891"
"TATGGGAAGGTTGTTGACC::GGTCAACAACCTTCCCATA","0","0","0.91887934","-0.70009713","-0.65411611"
"ATGGGAAGGTTGTTGACCT::AGGTCAACAACCTTCCCAT","0","0","0.80801905","-0.75357823","-0.61697384"
"TGGGAAGGTTGTTGACCTC::GAGGTCAACAACCTTCCCA","0","0","0.7536779","-0.63257032","-0.6895072"
"GGGAAGGTTGTTGACCTCG::CGAGGTCAACAACCTTCCC","0","0","0.7474392","-0.57771871","-0.66211022"
"GGAAGGTTGTTGACCTCGG::CCGAGGTCAACAACCTTCC","0","0","0.72707601","-0.54015769","-0.56289919"
"GAAGGTTGTTGACCTCGGA::TCCGAGGTCAACAACCTTC","0","0","0.67628162","-0.4897222","-0.38020793"
"AAGGTTGTTGACCTCGGAT::ATCCGAGGTCAACAACCTT","0","0","0.80386044","-0.52860705","-0.35472012"
"AGGTTGTTGACCTCGGATG::CATCCGAGGTCAACAACCT","0","0","0.77429969","-0.52545842","-0.3356138"
"GGTTGTTGACCTCGGATGT::ACATCCGAGGTCAACAACC","0","0","0.57397228","-0.55645665","-0.33358752"
"GTTGTTGACCTCGGATGTG::CACATCCGAGGTCAACAAC","0","0","0.64912681","-0.50787198","-0.37814062"
"TTGTTGACCTCGGATGTGG::CCACATCCGAGGTCAACAA","0","0","0.89154719","-0.70245693","-0.35496563"
"TGTTGACCTCGGATGTGGC::GCCACATCCGAGGTCAACA","0","0","0.76727519","-0.9682719","-0.20533425"
"GTTGACCTCGGATGTGGCA::TGCCACATCCGAGGTCAAC","0","0","0.56695946","-0.9265024","-0.25117765"
"TTGACCTCGGATGTGGCAG::CTGCCACATCCGAGGTCAA","0","0","0.89263893","-0.97681433","-0.47334491"
"TGACCTCGGATGTGGCAGA::TCTGCCACATCCGAGGTCA","0","0","0.63063825","-0.86490109","-0.42441174"
"GACCTCGGATGTGGCAGAG::CTCTGCCACATCCGAGGTC","0","0","0.49036746","-0.99631592","-0.41832892"
"ACCTCGGATGTGGCAGAGG::CCTCTGCCACATCCGAGGT","0","0","0.61570947","-1.0487936","-0.51077817"
"CCTCGGATGTGGCAGAGGG::CCCTCTGCCACATCCGAGG","0","0","0.52541505","-1.1575768","-0.49240848"
"CTCGGATGTGGCAGAGGGG::CCCCTCTGCCACATCCGAG","0","0","0.60777975","-1.2546313","-0.40559833"
"TCGGATGTGGCAGAGGGGG::CCCCCTCTGCCACATCCGA","0","0","0.77440396","-1.2903791","-0.65236564"
"CGGATGTGGCAGAGGGGGC::GCCCCCTCTGCCACATCCG","0","0","0.51328201","-1.3384314","-0.56552636"
"GGATGTGGCAGAGGGGGCT::AGCCCCCTCTGCCACATCC","0","0","0.50043524","-1.4567859","-0.55905036"
"GATGTGGCAGAGGGGGCTG::CAGCCCCCTCTGCCACATC","0","0","0.51931592","-1.4372203","-0.45310101"
"ATGTGGCAGAGGGGGCTGG::CCAGCCCCCTCTGCCACAT","0","0","0.5716311","-1.4413342","-0.53735139"
"TGTGGCAGAGGGGGCTGGA::TCCAGCCCCCTCTGCCACA","0","0","0.58005275","-1.3928922","-0.55762744"
"GTGGCAGAGGGGGCTGGAG::CTCCAGCCCCCTCTGCCAC","0","0","0.56366118","-1.3156764","-0.54682473"
"TGGCAGAGGGGGCTGGAGC::GCTCCAGCCCCCTCTGCCA","0","0","0.74535003","-1.3210556","-0.67417362"
"GGCAGAGGGGGCTGGAGCT::AGCTCCAGCCCCCTCTGCC","0","0","0.51093045","-1.3636913","-0.59077106"
"GCAGAGGGGGCTGGAGCTA::TAGCTCCAGCCCCCTCTGC","0","0","0.46543318","-1.2347808","-0.32841772"
"CAGAGGGGGCTGGAGCTAT::ATAGCTCCAGCCCCCTCTG","0","0","0.61289938","-1.2460268","-0.39718145"
"AGAGGGGGCTGGAGCTATT::AATAGCTCCAGCCCCCTCT","0","0","0.57849842","-1.126943","-0.54238051"
"GAGGGGGCTGGAGCTATTA::TAATAGCTCCAGCCCCCTC","0","0","0.61479633","-0.90556461","-0.59076849"
"AGGGGGCTGGAGCTATTAT::ATAATAGCTCCAGCCCCCT","0","0","0.59240484","-0.63776127","-0.50325024"
"GGGGGCTGGAGCTATTATG::CATAATAGCTCCAGCCCCC","0","0","0.64775236","-0.44676037","-0.5833409"
"GGGGCTGGAGCTATTATGC::GCATAATAGCTCCAGCCCC","0","0","0.69846494","-0.41145685","-0.51750985"
"GGGCTGGAGCTATTATGCC::GGCATAATAGCTCCAGCCC","0","0","0.61981532","-0.41221983","-0.60263881"
"GGCTGGAGCTATTATGCCG::CGGCATAATAGCTCCAGCC","0","0","0.66668043","-0.3342693","-0.54346036"
"GCTGGAGCTATTATGCCGC::GCGGCATAATAGCTCCAGC","0","0","0.74837792","-0.45239666","-0.65156975"
"CTGGAGCTATTATGCCGCC::GGCGGCATAATAGCTCCAG","0","0","0.69311962","-0.46946292","-0.60531028"
"TGGAGCTATTATGCCGCCA::TGGCGGCATAATAGCTCCA","0","0","0.80555684","-0.5611773","-0.49942706"
"GGAGCTATTATGCCGCCAC::GTGGCGGCATAATAGCTCC","0","0","0.76192812","-0.35406678","-0.57282133"
"GAGCTATTATGCCGCCACC::GGTGGCGGCATAATAGCTC","0","0","0.73213269","-0.18122455","-0.75016242"
"AGCTATTATGCCGCCACCA::TGGTGGCGGCATAATAGCT","0","0","0.74575939","-0.17362737","-0.78661243"
"GCTATTATGCCGCCACCAT::ATGGTGGCGGCATAATAGC","0","0","0.57495711","-0.24086032","-0.82040349"
"CTATTATGCCGCCACCATC::GATGGTGGCGGCATAATAG","0","0","0.79444814","-0.21629503","-0.72644885"
"TATTATGCCGCCACCATCC::GGATGGTGGCGGCATAATA","0","0","0.95677816","-0.25636559","-0.69516142"
"ATTATGCCGCCACCATCCG::CGGATGGTGGCGGCATAAT","0","0","0.79535023","-0.35633991","-0.60049638"
"TTATGCCGCCACCATCCGC::GCGGATGGTGGCGGCATAA","0","0","0.86029864","-0.47807339","-0.65730372"
"TATGCCGCCACCATCCGCA::TGCGGATGGTGGCGGCATA","0","0","0.79165755","-0.53312887","-0.71433964"
"ATGCCGCCACCATCCGCAA::TTGCGGATGGTGGCGGCAT","0","0","0.56367379","-0.48644293","-0.69644635"
"TGCCGCCACCATCCGCAAA::TTTGCGGATGGTGGCGGCA","0","0","0.55987173","-0.41173972","-0.68411042"
"GCCGCCACCATCCGCAAAG::CTTTGCGGATGGTGGCGGC","0","0","0.57681469","-0.26684062","-0.66368082"
"CCGCCACCATCCGCAAAGT::ACTTTGCGGATGGTGGCGG","0","0","0.4701457","-0.24300208","-0.64499438"
"CGCCACCATCCGCAAAGTG::CACTTTGCGGATGGTGGCG","0","0","0.55046224","-0.19409714","-0.69068022"
"GCCACCATCCGCAAAGTGC::GCACTTTGCGGATGGTGGC","0","0","0.64936047","-0.33027855","-0.90823047"
"CCACCATCCGCAAAGTGCA::TGCACTTTGCGGATGGTGG","0","0","0.57039718","-0.63747125","-0.84783127"
"CACCATCCGCAAAGTGCAG::CTGCACTTTGCGGATGGTG","0","0","0.58957433","-0.78635731","-0.66678961"
"ACCATCCGCAAAGTGCAGG::CCTGCACTTTGCGGATGGT","0","0","0.73931609","-0.79943367","-0.35113675"
"CCATCCGCAAAGTGCAGGA::TCCTGCACTTTGCGGATGG","0","0","0.55724","-0.81190691","-0.37908638"
"CATCCGCAAAGTGCAGGAG::CTCCTGCACTTTGCGGATG","0","0","0.61204332","-0.91459438","-0.48909568"
"ATCCGCAAAGTGCAGGAGG::CCTCCTGCACTTTGCGGAT","0","0","0.77320817","-0.88439327","-0.56235596"
"TCCGCAAAGTGCAGGAGGT::ACCTCCTGCACTTTGCGGA","0","0","0.66653555","-0.91299041","-0.55959875"
"CCGCAAAGTGCAGGAGGTG::CACCTCCTGCACTTTGCGG","0","0","0.57232633","-1.0313367","-0.65254043"
"CGCAAAGTGCAGGAGGTGA::TCACCTCCTGCACTTTGCG","0","0","0.5092687","-0.99645069","-0.50620959"
"GCAAAGTGCAGGAGGTGAG::CTCACCTCCTGCACTTTGC","0","0","0.57117862","-1.0833316","-0.46402532"
"CAAAGTGCAGGAGGTGAGA::TCTCACCTCCTGCACTTTG","0","0","0.61890997","-1.0916155","-0.40186593"
"AAAGTGCAGGAGGTGAGAG::CTCTCACCTCCTGCACTTT","0","0","0.68808424","-1.1584692","-0.62356189"
"AAGTGCAGGAGGTGAGAGG::CCTCTCACCTCCTGCACTT","0","0","0.71456845","-1.2892017","-0.64131296"
"AGTGCAGGAGGTGAGAGGA::TCCTCTCACCTCCTGCACT","0","0","0.59703196","-1.3617657","-0.63735057"
"GTGCAGGAGGTGAGAGGAT::ATCCTCTCACCTCCTGCAC","0","0","0.48822299","-1.1933292","-0.43189696"
"TGCAGGAGGTGAGAGGATA::TATCCTCTCACCTCCTGCA","0","0","0.6608081","-0.96168693","-0.22701435"
"GCAGGAGGTGAGAGGATAC::GTATCCTCTCACCTCCTGC","0","0","0.58512937","-0.80274039","-0.25744163"
"CAGGAGGTGAGAGGATACA::TGTATCCTCTCACCTCCTG","0","0","0.67808475","-0.7719416","-0.59359037"
"AGGAGGTGAGAGGATACAC::GTGTATCCTCTCACCTCCT","0","0","0.81378458","-0.68152809","-0.40601621"
"GGAGGTGAGAGGATACACA::TGTGTATCCTCTCACCTCC","0","0","0.67322706","-0.55158905","-0.28756664"
"GAGGTGAGAGGATACACAA::TTGTGTATCCTCTCACCTC","0","0","0.72144335","-0.43303096","-0.28575579"
"AGGTGAGAGGATACACAAA::TTTGTGTATCCTCTCACCT","0","0","0.63606579","-0.3388445","-0.14502743"
"GGTGAGAGGATACACAAAG::CTTTGTGTATCCTCTCACC","0","0","0.72959813","-0.15342657","0.022082672"
"GTGAGAGGATACACAAAGG::CCTTTGTGTATCCTCTCAC","0","0","0.79641268","-0.045560831","-0.1255239"
"TGAGAGGATACACAAAGGG::CCCTTTGTGTATCCTCTCA","0","0","0.9238122","-0.019104069","-0.16146337"
"GAGAGGATACACAAAGGGA::TCCCTTTGTGTATCCTCTC","0","0","0.7097192","-0.17680225","-0.31719237"
"AGAGGATACACAAAGGGAG::CTCCCTTTGTGTATCCTCT","0","0","0.80470287","-0.3049295","-0.16017588"
"GAGGATACACAAAGGGAGG::CCTCCCTTTGTGTATCCTC","0","0","0.73877406","-0.16642862","-0.14418232"
"AGGATACACAAAGGGAGGT::ACCTCCCTTTGTGTATCCT","0","0","0.69131937","-0.14247738","-0.064645843"
"GGATACACAAAGGGAGGTC::GACCTCCCTTTGTGTATCC","0","0","0.65918957","-0.06091479","-0.19909082"
"GATACACAAAGGGAGGTCC::GGACCTCCCTTTGTGTATC","0","0","0.73286732","-0.25282866","-0.43646346"
"ATACACAAAGGGAGGTCCC::GGGACCTCCCTTTGTGTAT","0","0","0.81831015","-0.50944947","-0.5072557"
"TACACAAAGGGAGGTCCCG::CGGGACCTCCCTTTGTGTA","0","0","0.85442642","-0.54286655","-0.45859767"
"ACACAAAGGGAGGTCCCGG::CCGGGACCTCCCTTTGTGT","0","0","0.75741707","-0.52805688","-0.67375555"
"CACAAAGGGAGGTCCCGGT::ACCGGGACCTCCCTTTGTG","0","0","0.65725861","-0.53654905","-0.77145346"
"ACAAAGGGAGGTCCCGGTC::GACCGGGACCTCCCTTTGT","0","0","0.774521","-0.64977284","-0.72032959"
"CAAAGGGAGGTCCCGGTCA::TGACCGGGACCTCCCTTTG","0","0","0.63654199","-0.5090026","-0.82493859"
"AAAGGGAGGTCCCGGTCAT::ATGACCGGGACCTCCCTTT","0","0","0.58627538","-0.67959948","-0.87264732"
"AAGGGAGGTCCCGGTCATG::CATGACCGGGACCTCCCTT","0","0","0.6248619","-0.8431137","-0.72933695"
"AGGGAGGTCCCGGTCATGA::TCATGACCGGGACCTCCCT","0","0","0.62338125","-0.73206002","-0.76194435"
"GGGAGGTCCCGGTCATGAA::TTCATGACCGGGACCTCCC","0","0","0.44707601","-0.56408558","-0.55439871"
"GGAGGTCCCGGTCATGAAG::CTTCATGACCGGGACCTCC","0","0","0.56697055","-0.3602463","-0.40794632"
"GAGGTCCCGGTCATGAAGA::TCTTCATGACCGGGACCTC","0","0","0.58373811","-0.26319105","-0.3096683"
"AGGTCCCGGTCATGAAGAA::TTCTTCATGACCGGGACCT","0","0","0.43140708","-0.22629334","-0.19196928"
"GGTCCCGGTCATGAAGAAC::GTTCTTCATGACCGGGACC","0","0","0.55576348","-0.28078306","-0.23062028"
"GTCCCGGTCATGAAGAACC::GGTTCTTCATGACCGGGAC","0","0","0.76791892","-0.12062282","-0.24340741"
"TCCCGGTCATGAAGAACCC::GGGTTCTTCATGACCGGGA","0","0","0.73721585","0.055192662","-0.3360977"
"CCCGGTCATGAAGAACCCA::TGGGTTCTTCATGACCGGG","0","0","0.40215831","0.20029768","-0.50144296"
"CCGGTCATGAAGAACCCAT::ATGGGTTCTTCATGACCGG","0","0","0.54428916","0.20122834","-0.55178376"
"CGGTCATGAAGAACCCATG::CATGGGTTCTTCATGACCG","0","0","0.5926441","0.066688448","-0.59952181"
"GGTCATGAAGAACCCATGC::GCATGGGTTCTTCATGACC","0","0","0.61287648","0.025706438","-0.59433612"
"GTCATGAAGAACCCATGCT::AGCATGGGTTCTTCATGAC","0","0","0.68192251","-0.1631123","-0.61740647"
"TCATGAAGAACCCATGCTG::CAGCATGGGTTCTTCATGA","0","0","0.82209177","-0.31310779","-0.84669495"
"CATGAAGAACCCATGCTGG::CCAGCATGGGTTCTTCATG","0","0","0.65173939","-0.27389039","-0.94651044"
"ATGAAGAACCCATGCTGGT::ACCAGCATGGGTTCTTCAT","0","0","0.74826204","-0.19930187","-0.99930397"
"TGAAGAACCCATGCTGGTG::CACCAGCATGGGTTCTTCA","0","0","0.83545872","-0.30544507","-1.1533816"
"GAAGAACCCATGCTGGTGC::GCACCAGCATGGGTTCTTC","0","0","0.70571104","-0.35858508","-1.3678749"
"AAGAACCCATGCTGGTGCA::TGCACCAGCATGGGTTCTT","0","0","0.60627589","-0.5921436","-1.4909182"
"AGAACCCATGCTGGTGCAA::TTGCACCAGCATGGGTTCT","0","0","0.50784259","-0.66106986","-1.7045273"
"GAACCCATGCTGGTGCAAA::TTTGCACCAGCATGGGTTC","0","0","0.52505182","-0.64215611","-1.6243888"
"AACCCATGCTGGTGCAAAG::CTTTGCACCAGCATGGGTT","0","0","0.70461363","-0.60347213","-1.485896"
"ACCCATGCTGGTGCAAAGC::GCTTTGCACCAGCATGGGT","0","0","0.73397051","-0.52690694","-1.0904886"
"CCCATGCTGGTGCAAAGCT::AGCTTTGCACCAGCATGGG","0","0","0.61331813","-0.46173216","-0.67371194"
"CCATGCTGGTGCAAAGCTA::TAGCTTTGCACCAGCATGG","0","0","0.58356961","-0.47864718","-0.54654155"
"CATGCTGGTGCAAAGCTAT::ATAGCTTTGCACCAGCATG","0","0","0.69763099","-0.39034629","-0.50768421"
"ATGCTGGTGCAAAGCTATG::CATAGCTTTGCACCAGCAT","0","0","0.82055599","-0.44809794","-0.64735137"
"TGCTGGTGCAAAGCTATGG::CCATAGCTTTGCACCAGCA","0","0","0.88296811","-0.49498253","-0.64563998"
"GCTGGTGCAAAGCTATGGG::CCCATAGCTTTGCACCAGC","0","0","0.6690321","-0.39238398","-0.40699469"
"CTGGTGCAAAGCTATGGGT::ACCCATAGCTTTGCACCAG","0","0","0.66880205","-0.58171552","-0.27687237"
"TGGTGCAAAGCTATGGGTG::CACCCATAGCTTTGCACCA","0","0","0.79041782","-0.73439538","-0.20562783"
"GGTGCAAAGCTATGGGTGG::CCACCCATAGCTTTGCACC","0","0","0.60529454","-0.82238638","-0.067513633"
"GTGCAAAGCTATGGGTGGA::TCCACCCATAGCTTTGCAC","0","0","0.52496805","-0.90193276","-0.053872943"
"TGCAAAGCTATGGGTGGAA::TTCCACCCATAGCTTTGCA","0","0","0.62488291","-0.89291955","0.096721168"
"GCAAAGCTATGGGTGGAAC::GTTCCACCCATAGCTTTGC","0","0","0.56571598","-0.90738718","0.14546538"
"CAAAGCTATGGGTGGAACA::TGTTCCACCCATAGCTTTG","0","0","0.71889191","-0.89426208","0.11874733"
"AAAGCTATGGGTGGAACAT::ATGTTCCACCCATAGCTTT","0","0","0.7653639","-1.2086357","-0.043208731"
"AAGCTATGGGTGGAACATA::TATGTTCCACCCATAGCTT","0","0","0.76486476","-1.217486","-0.25543108"
"AGCTATGGGTGGAACATAG::CTATGTTCCACCCATAGCT","0","0","0.81527288","-1.4337333","-0.55816151"
"GCTATGGGTGGAACATAGT::ACTATGTTCCACCCATAGC","0","0","0.65288004","-1.4895295","-0.61652099"
"CTATGGGTGGAACATAGTT::AACTATGTTCCACCCATAG","0","0","0.72377862","-1.3841393","-0.61454136"
"TATGGGTGGAACATAGTTC::GAACTATGTTCCACCCATA","0","0","0.99681721","-1.2084232","-0.44829388"
"ATGGGTGGAACATAGTTCG::CGAACTATGTTCCACCCAT","0","0","0.9731044","-1.155874","-0.41482621"
"TGGGTGGAACATAGTTCGT::ACGAACTATGTTCCACCCA","0","0","0.76688713","-0.99425294","-0.45842891"
"GGGTGGAACATAGTTCGTC::GACGAACTATGTTCCACCC","0","0","0.76404937","-0.82070915","-0.54990714"
"GGTGGAACATAGTTCGTCT::AGACGAACTATGTTCCACC","0","0","0.75041358","-0.66097173","-0.44815001"
"GTGGAACATAGTTCGTCTC::GAGACGAACTATGTTCCAC","0","0","0.83660431","-0.47503769","-0.4396783"
"TGGAACATAGTTCGTCTCA::TGAGACGAACTATGTTCCA","0","0","0.85114249","-0.44378566","-0.35379679"
"GGAACATAGTTCGTCTCAA::TTGAGACGAACTATGTTCC","0","0","0.58312274","-0.33123062","-0.55765228"
"GAACATAGTTCGTCTCAAG::CTTGAGACGAACTATGTTC","0","0","0.77184372","-0.24408017","-0.59754912"
"AACATAGTTCGTCTCAAGA::TCTTGAGACGAACTATGTT","0","0","0.82786178","-0.30727626","-0.45659033"
"ACATAGTTCGTCTCAAGAG::CTCTTGAGACGAACTATGT","0","0","0.85964172","-0.097660115","-0.16200272"
"CATAGTTCGTCTCAAGAGT::ACTCTTGAGACGAACTATG","0","0","0.73202581","-0.21123803","-0.13517741"
"ATAGTTCGTCTCAAGAGTG::CACTCTTGAGACGAACTAT","0","0","0.94300663","-0.16729736","-0.036813013"
"TAGTTCGTCTCAAGAGTGG::CCACTCTTGAGACGAACTA","0","0","0.91001638","-0.20256654","-0.043623187"
"AGTTCGTCTCAAGAGTGGA::TCCACTCTTGAGACGAACT","0","0","0.70488114","-0.32378372","-0.1079117"
"GTTCGTCTCAAGAGTGGAG::CTCCACTCTTGAGACGAAC","0","0","0.68329073","-0.43920141","-0.19812109"
"TTCGTCTCAAGAGTGGAGT::ACTCCACTCTTGAGACGAA","0","0","0.93564211","-0.45414489","-0.2889879"
"TCGTCTCAAGAGTGGAGTG::CACTCCACTCTTGAGACGA","0","0","0.78791948","-0.50638802","-0.21555886"
"CGTCTCAAGAGTGGAGTGG::CCACTCCACTCTTGAGACG","0","0","0.62176685","-0.49213301","-0.17838732"
"GTCTCAAGAGTGGAGTGGA::TCCACTCCACTCTTGAGAC","0","0","0.56437327","-0.53344741","-0.25030063"
"TCTCAAGAGTGGAGTGGAC::GTCCACTCCACTCTTGAGA","0","0","0.72993064","-0.56300653","-0.30984593"
"CTCAAGAGTGGAGTGGACG::CGTCCACTCCACTCTTGAG","0","0","0.78239488","-0.52742353","-0.34874995"
"TCAAGAGTGGAGTGGACGT::ACGTCCACTCCACTCTTGA","0","0","0.78259077","-0.43192191","-0.30366514"
"CAAGAGTGGAGTGGACGTC::GACGTCCACTCCACTCTTG","0","0","0.73097035","-0.46144867","-0.1441913"
"AAGAGTGGAGTGGACGTCT::AGACGTCCACTCCACTCTT","0","0","0.8629194","-0.3483287","-0.15352154"
"AGAGTGGAGTGGACGTCTT::AAGACGTCCACTCCACTCT","0","0","0.67717896","-0.37294582","-0.29096943"
"GAGTGGAGTGGACGTCTTC::GAAGACGTCCACTCCACTC","0","0","0.69681079","-0.24993109","-0.24059467"
"AGTGGAGTGGACGTCTTCC::GGAAGACGTCCACTCCACT","0","0","0.82239183","-0.47772078","-0.33631052"
"GTGGAGTGGACGTCTTCCA::TGGAAGACGTCCACTCCAC","0","0","0.70029281","-0.34463488","-0.46593838"
"TGGAGTGGACGTCTTCCAC::GTGGAAGACGTCCACTCCA","0","0","0.84428183","-0.4573294","-0.47602451"
"GGAGTGGACGTCTTCCACA::TGTGGAAGACGTCCACTCC","0","0","0.68771726","-0.45512374","-0.5734607"
"GAGTGGACGTCTTCCACAT::ATGTGGAAGACGTCCACTC","0","0","0.67663591","-0.50824843","-0.55853136"
"AGTGGACGTCTTCCACATG::CATGTGGAAGACGTCCACT","0","0","0.7376249","-0.40095885","-0.5832267"
"GTGGACGTCTTCCACATGG::CCATGTGGAAGACGTCCAC","0","0","0.77511954","-0.35273437","-0.62025327"
"TGGACGTCTTCCACATGGC::GCCATGTGGAAGACGTCCA","0","0","0.85529622","-0.23234708","-0.58003696"
"GGACGTCTTCCACATGGCG::CGCCATGTGGAAGACGTCC","0","0","0.61214288","-0.20784434","-0.64242339"
"GACGTCTTCCACATGGCGG::CCGCCATGTGGAAGACGTC","0","0","0.70590091","-0.28292022","-0.65287928"
"ACGTCTTCCACATGGCGGC::GCCGCCATGTGGAAGACGT","0","0","0.72112019","-0.41993564","-0.65717952"
"CGTCTTCCACATGGCGGCT::AGCCGCCATGTGGAAGACG","0","0","0.49668131","-0.42078528","-0.79048735"
"GTCTTCCACATGGCGGCTG::CAGCCGCCATGTGGAAGAC","0","0","0.64184843","-0.4450807","-0.77582997"
"TCTTCCACATGGCGGCTGA::TCAGCCGCCATGTGGAAGA","0","0","0.64996348","-0.24259023","-0.72203227"
"CTTCCACATGGCGGCTGAG::CTCAGCCGCCATGTGGAAG","0","0","0.55035194","-0.40451844","-0.86568993"
"TTCCACATGGCGGCTGAGC::GCTCAGCCGCCATGTGGAA","0","0","0.84942636","-0.27676156","-0.77820027"
"TCCACATGGCGGCTGAGCC::GGCTCAGCCGCCATGTGGA","0","0","0.81268216","-0.37370457","-0.66850305"
"CCACATGGCGGCTGAGCCG::CGGCTCAGCCGCCATGTGG","0","0","0.66381912","-0.33956792","-0.68825046"
"CACATGGCGGCTGAGCCGT::ACGGCTCAGCCGCCATGTG","0","0","0.66983456","-0.30553947","-0.52293815"
"ACATGGCGGCTGAGCCGTG::CACGGCTCAGCCGCCATGT","0","0","0.61710411","-0.36689202","-0.55775639"
"CATGGCGGCTGAGCCGTGT::ACACGGCTCAGCCGCCATG","0","0","0.60441673","-0.50707975","-0.54590994"
"ATGGCGGCTGAGCCGTGTG::CACACGGCTCAGCCGCCAT","0","0","0.71336247","-0.49592258","-0.5068668"
"TGGCGGCTGAGCCGTGTGA::TCACACGGCTCAGCCGCCA","0","0","0.5932009","-0.66189143","-0.54868288"
"GGCGGCTGAGCCGTGTGAC::GTCACACGGCTCAGCCGCC","0","0","0.54537047","-0.62845826","-0.49777384"
"GCGGCTGAGCCGTGTGACA::TGTCACACGGCTCAGCCGC","0","0","0.54243127","-0.67762351","-0.45345226"
"CGGCTGAGCCGTGTGACAC::GTGTCACACGGCTCAGCCG","0","0","0.73046234","-0.56071693","-0.57307215"
"GGCTGAGCCGTGTGACACT::AGTGTCACACGGCTCAGCC","0","0","0.64648911","-0.57988749","-0.61764732"
"GCTGAGCCGTGTGACACTC::GAGTGTCACACGGCTCAGC","0","0","0.69313473","-0.65702469","-0.76082315"
"CTGAGCCGTGTGACACTCT::AGAGTGTCACACGGCTCAG","0","0","0.82673251","-0.81437962","-0.90386788"
"TGAGCCGTGTGACACTCTG::CAGAGTGTCACACGGCTCA","0","0","0.93312918","-0.55018384","-0.94969079"
"GAGCCGTGTGACACTCTGC::GCAGAGTGTCACACGGCTC","0","0","0.8462604","-0.36087701","-0.97323935"
"AGCCGTGTGACACTCTGCT::AGCAGAGTGTCACACGGCT","0","0","0.84851924","-0.10571808","-0.87675327"
"GCCGTGTGACACTCTGCTG::CAGCAGAGTGTCACACGGC","0","0","0.6874621","-0.28964356","-1.0515278"
"CCGTGTGACACTCTGCTGT::ACAGCAGAGTGTCACACGG","0","0","0.83406433","-0.33508561","-1.0787355"
"CGTGTGACACTCTGCTGTG::CACAGCAGAGTGTCACACG","0","0","0.71164323","-0.39415099","-1.1185026"
"GTGTGACACTCTGCTGTGT::ACACAGCAGAGTGTCACAC","0","0","0.76414555","-0.21334579","-1.0450985"
"TGTGACACTCTGCTGTGTG::CACACAGCAGAGTGTCACA","0","0","1.0046767","-0.21334579","-1.0450985"
"GTGACACTCTGCTGTGTGA::TCACACAGCAGAGTGTCAC","0","0","0.67565458","-0.21334579","-1.0450985"
"TGACACTCTGCTGTGTGAC::GTCACACAGCAGAGTGTCA","0","0","0.99048831","-0.21334579","-1.0450985"
"GACACTCTGCTGTGTGACA::TGTCACACAGCAGAGTGTC","0","0","0.73173947","-0.21334579","-1.0450985"
"ACACTCTGCTGTGTGACAT::ATGTCACACAGCAGAGTGT","0","0","0.89160449","-0.12096804","-0.75299593"
"CACTCTGCTGTGTGACATA::TATGTCACACAGCAGAGTG","0","0","0.70583312","0.0046975318","-0.65258848"
"ACTCTGCTGTGTGACATAG::CTATGTCACACAGCAGAGT","0","0","0.81861737","-0.096731558","-0.69441593"
"CTCTGCTGTGTGACATAGG::CCTATGTCACACAGCAGAG","0","0","0.86788319","-0.18643115","-0.68422569"
"TCTGCTGTGTGACATAGGT::ACCTATGTCACACAGCAGA","0","0","0.96201507","-0.3842289","-0.58945235"
"CTGCTGTGTGACATAGGTG::CACCTATGTCACACAGCAG","0","0","0.85943012","-0.51368872","-0.69916609"
"TGCTGTGTGACATAGGTGA::TCACCTATGTCACACAGCA","0","0","0.8769689","-0.76827901","-0.73553842"
"GCTGTGTGACATAGGTGAG::CTCACCTATGTCACACAGC","0","0","0.64703612","-0.66677921","-0.51194605"
"CTGTGTGACATAGGTGAGT::ACTCACCTATGTCACACAG","0","0","0.84455511","-0.69425961","-0.53859865"
"TGTGTGACATAGGTGAGTC::GACTCACCTATGTCACACA","0","0","0.9692762","-0.57352518","-0.40680766"
"GTGTGACATAGGTGAGTCA::TGACTCACCTATGTCACAC","0","0","0.66093516","-0.72270376","-0.47980547"
"TGTGACATAGGTGAGTCAT::ATGACTCACCTATGTCACA","0","0","0.86276186","-0.76041861","-0.43374472"
"GTGACATAGGTGAGTCATC::GATGACTCACCTATGTCAC","0","0","0.82458543","-0.60004011","-0.29664035"
"TGACATAGGTGAGTCATCA::TGATGACTCACCTATGTCA","0","0","0.90491921","-0.63634845","-0.30096028"
"GACATAGGTGAGTCATCAT::ATGATGACTCACCTATGTC","0","0","0.66793016","-0.55990348","-0.29548287"
"ACATAGGTGAGTCATCATC::GATGATGACTCACCTATGT","0","0","0.89041489","-0.54408767","-0.31496061"
"CATAGGTGAGTCATCATCT::AGATGATGACTCACCTATG","0","0","0.86983892","-0.46359868","-0.31084408"
"ATAGGTGAGTCATCATCTA::TAGATGATGACTCACCTAT","0","0","0.81453432","-0.36577752","-0.31709777"
"TAGGTGAGTCATCATCTAG::CTAGATGATGACTCACCTA","0","0","0.94321047","-0.41518057","-0.33000591"
"AGGTGAGTCATCATCTAGT::ACTAGATGATGACTCACCT","0","0","0.81462754","-0.40678479","-0.4118843"
"GGTGAGTCATCATCTAGTC::GACTAGATGATGACTCACC","0","0","0.7551356","-0.36034965","-0.34652444"
"GTGAGTCATCATCTAGTCC::GGACTAGATGATGACTCAC","0","0","0.84674548","-0.3678626","-0.3458915"
"TGAGTCATCATCTAGTCCT::AGGACTAGATGATGACTCA","0","0","1.0051786","-0.10077421","-0.2278761"
"GAGTCATCATCTAGTCCTG::CAGGACTAGATGATGACTC","0","0","0.6689227","-0.079177008","-0.28703489"
"AGTCATCATCTAGTCCTGA::TCAGGACTAGATGATGACT","0","0","0.69757946","0.0076044371","-0.30580286"
"GTCATCATCTAGTCCTGAA::TTCAGGACTAGATGATGAC","0","0","0.62931393","0.16627934","-0.25748903"
"TCATCATCTAGTCCTGAAG::CTTCAGGACTAGATGATGA","0","0","0.91321462","0.35371379","-0.13041523"
"CATCATCTAGTCCTGAAGT::ACTTCAGGACTAGATGATG","0","0","0.74109651","0.33115787","-0.11460493"
"ATCATCTAGTCCTGAAGTG::CACTTCAGGACTAGATGAT","0","0","0.86514364","0.31106533","-0.15922069"
"TCATCTAGTCCTGAAGTGG::CCACTTCAGGACTAGATGA","0","0","0.93335577","0.21278833","-0.21826158"
"CATCTAGTCCTGAAGTGGA::TCCACTTCAGGACTAGATG","0","0","0.67975998","0.0789252","-0.36714149"
"ATCTAGTCCTGAAGTGGAA::TTCCACTTCAGGACTAGAT","0","0","0.69317918","-0.18620055","-0.27993144"
"TCTAGTCCTGAAGTGGAAG::CTTCCACTTCAGGACTAGA","0","0","0.86476682","-0.22861837","-0.4293427"
"CTAGTCCTGAAGTGGAAGA::TCTTCCACTTCAGGACTAG","0","0","0.65024304","-0.036059565","-0.29493093"
"TAGTCCTGAAGTGGAAGAG::CTCTTCCACTTCAGGACTA","0","0","0.85034636","0.0063689261","-0.0092306498"
"AGTCCTGAAGTGGAAGAGA::TCTCTTCCACTTCAGGACT","0","0","0.6073537","0.18113695","0.083771901"
"GTCCTGAAGTGGAAGAGAC::GTCTCTTCCACTTCAGGAC","0","0","0.61637412","0.26334301","0.079466492"
"TCCTGAAGTGGAAGAGACA::TGTCTCTTCCACTTCAGGA","0","0","0.69364693","0.30291605","-0.063126471"
"CCTGAAGTGGAAGAGACAC::GTGTCTCTTCCACTTCAGG","0","0","0.65713686","0.43327378","-0.14618976"
"CTGAAGTGGAAGAGACACG::CGTGTCTCTTCCACTTCAG","0","0","0.75360277","0.38899404","-0.24769268"
"TGAAGTGGAAGAGACACGA::TCGTGTCTCTTCCACTTCA","0","0","0.79502591","0.24092526","-0.31929286"
"GAAGTGGAAGAGACACGAA::TTCGTGTCTCTTCCACTTC","0","0","0.43599606","0.099703832","-0.39921221"
"AAGTGGAAGAGACACGAAC::GTTCGTGTCTCTTCCACTT","0","0","0.75181061","0.031459222","-0.50633064"
"AGTGGAAGAGACACGAACA::TGTTCGTGTCTCTTCCACT","0","0","0.66912195","0.068837771","-0.50446417"
"GTGGAAGAGACACGAACAC::GTGTTCGTGTCTCTTCCAC","0","0","0.63008975","0.19781286","-0.60107436"
"TGGAAGAGACACGAACACT::AGTGTTCGTGTCTCTTCCA","1","0","0.78704249","0.15034501","-0.61690141"
"GGAAGAGACACGAACACTC::GAGTGTTCGTGTCTCTTCC","1","0","0.72663776","0.27661614","-0.79916995"
"GAAGAGACACGAACACTCA::TGAGTGTTCGTGTCTCTTC","0","0","0.55248931","0.30315684","-0.61251445"
"AAGAGACACGAACACTCAG::CTGAGTGTTCGTGTCTCTT","0","0","0.69202123","0.13956626","-0.77794887"
"AGAGACACGAACACTCAGA::TCTGAGTGTTCGTGTCTCT","0","0","0.63545271","-0.024028835","-1.1070208"
"GAGACACGAACACTCAGAG::CTCTGAGTGTTCGTGTCTC","0","0","0.62118723","-0.286005","-0.98894721"
"AGACACGAACACTCAGAGT::ACTCTGAGTGTTCGTGTCT","0","0","0.64846809","-0.41617167","-0.99160749"
"GACACGAACACTCAGAGTG::CACTCTGAGTGTTCGTGTC","0","0","0.73060065","-0.67241462","-0.97659378"
"ACACGAACACTCAGAGTGC::GCACTCTGAGTGTTCGTGT","0","0","0.71781532","-0.93168683","-0.98533534"
"CACGAACACTCAGAGTGCT::AGCACTCTGAGTGTTCGTG","0","0","0.58273888","-1.0118118","-1.1266728"
"ACGAACACTCAGAGTGCTC::GAGCACTCTGAGTGTTCGT","0","0","0.75206196","-1.0113933","-1.084372"
"CGAACACTCAGAGTGCTCT::AGAGCACTCTGAGTGTTCG","0","0","0.65876832","-0.97791435","-1.1952911"
"GAACACTCAGAGTGCTCTC::GAGAGCACTCTGAGTGTTC","0","0","0.77354497","-1.1831995","-1.1604937"
"AACACTCAGAGTGCTCTCT::AGAGAGCACTCTGAGTGTT","0","0","0.82560976","-1.1636293","-0.93282841"
"ACACTCAGAGTGCTCTCTA::TAGAGAGCACTCTGAGTGT","0","0","0.72347476","-1.2302621","-0.87655241"
"CACTCAGAGTGCTCTCTAT::ATAGAGAGCACTCTGAGTG","0","0","0.53746832","-1.0861959","-0.76460894"
"ACTCAGAGTGCTCTCTATG::CATAGAGAGCACTCTGAGT","0","0","0.7708744","-1.1845863","-0.80853718"
"CTCAGAGTGCTCTCTATGG::CCATAGAGAGCACTCTGAG","0","0","0.70271462","-1.2155207","-0.72919925"
"TCAGAGTGCTCTCTATGGT::ACCATAGAGAGCACTCTGA","0","0","0.79882735","-1.1785083","-0.71605562"
"CAGAGTGCTCTCTATGGTG::CACCATAGAGAGCACTCTG","0","0","0.72373991","-1.1154981","-0.66699839"
"AGAGTGCTCTCTATGGTGG::CCACCATAGAGAGCACTCT","0","0","0.7553885","-1.1665481","-0.775436"
"GAGTGCTCTCTATGGTGGG::CCCACCATAGAGAGCACTC","0","0","0.63417683","-1.2094473","-0.958013"
"AGTGCTCTCTATGGTGGGG::CCCCACCATAGAGAGCACT","0","0","0.66827933","-1.3097067","-1.070124"
"GTGCTCTCTATGGTGGGGG::CCCCCACCATAGAGAGCAC","0","0","0.693439","-1.2161097","-1.0137299"
"TGCTCTCTATGGTGGGGGA::TCCCCCACCATAGAGAGCA","0","0","0.53558816","-1.1581423","-0.74735982"
"GCTCTCTATGGTGGGGGAC::GTCCCCCACCATAGAGAGC","0","0","0.58063821","-1.1826284","-0.94149138"
"CTCTCTATGGTGGGGGACT::AGTCCCCCACCATAGAGAG","0","0","0.6776648","-1.1486622","-0.88475278"
"TCTCTATGGTGGGGGACTG::CAGTCCCCCACCATAGAGA","0","0","0.74416214","-0.94347486","-0.92924937"
"CTCTATGGTGGGGGACTGG::CCAGTCCCCCACCATAGAG","0","0","0.64231777","-1.043042","-1.195637"
"TCTATGGTGGGGGACTGGC::GCCAGTCCCCCACCATAGA","0","0","0.8099536","-1.0225931","-1.172377"
"CTATGGTGGGGGACTGGCT::AGCCAGTCCCCCACCATAG","0","0","0.71185677","-1.0444635","-0.99767816"
"TATGGTGGGGGACTGGCTT::AAGCCAGTCCCCCACCATA","0","0","0.76612312","-1.0522307","-1.0160789"
"ATGGTGGGGGACTGGCTTG::CAAGCCAGTCCCCCACCAT","0","0","0.64872992","-1.1020387","-0.92278589"
"TGGTGGGGGACTGGCTTGA::TCAAGCCAGTCCCCCACCA","0","0","0.62488709","-1.1738224","-0.85810024"
"GGTGGGGGACTGGCTTGAA::TTCAAGCCAGTCCCCCACC","0","0","0.43433252","-0.96683174","-0.70336694"
"GTGGGGGACTGGCTTGAAA::TTTCAAGCCAGTCCCCCAC","0","0","0.52733176","-0.75232776","-0.84055028"
"TGGGGGACTGGCTTGAAAA::TTTTCAAGCCAGTCCCCCA","0","0","0.69587102","-0.58622326","-0.52205281"
"GGGGGACTGGCTTGAAAAA::TTTTTCAAGCCAGTCCCCC","0","0","0.36706108","-0.030297219","-0.17224825"
"GGGGACTGGCTTGAAAAAA::TTTTTTCAAGCCAGTCCCC","0","0","0.44005416","0.52097876","0.25034473"
"GGGACTGGCTTGAAAAAAG::CTTTTTTCAAGCCAGTCCC","0","0","0.5945607","0.51145725","0.37955333"
"GGACTGGCTTGAAAAAAGA::TCTTTTTTCAAGCCAGTCC","0","0","0.50981714","0.59871554","0.78623814"
"GACTGGCTTGAAAAAAGAC::GTCTTTTTTCAAGCCAGTC","0","0","0.61737684","0.6068057","0.7920701"
"ACTGGCTTGAAAAAAGACC::GGTCTTTTTTCAAGCCAGT","0","0","0.77866269","0.52697648","0.86215819"
"CTGGCTTGAAAAAAGACCA::TGGTCTTTTTTCAAGCCAG","0","0","0.70315142","0.56426144","1.063119"
"TGGCTTGAAAAAAGACCAG::CTGGTCTTTTTTCAAGCCA","0","0","0.73766803","0.46462763","1.2373239"
"GGCTTGAAAAAAGACCAGG::CCTGGTCTTTTTTCAAGCC","0","0","0.61855906","0.20781516","0.93509523"
"GCTTGAAAAAAGACCAGGG::CCCTGGTCTTTTTTCAAGC","0","0","0.64427145","0.2361977","1.1715398"
"CTTGAAAAAAGACCAGGGG::CCCCTGGTCTTTTTTCAAG","0","0","0.71302201","0.18244383","1.108404"
"TTGAAAAAAGACCAGGGGC::GCCCCTGGTCTTTTTTCAA","0","0","0.86842412","0.21788841","1.1245448"
"TGAAAAAAGACCAGGGGCC::GGCCCCTGGTCTTTTTTCA","0","0","0.81047847","-0.017583345","0.95480184"
"GAAAAAAGACCAGGGGCCT::AGGCCCCTGGTCTTTTTTC","0","0","0.59236462","0.036003385","1.0807391"
"AAAAAAGACCAGGGGCCTT::AAGGCCCCTGGTCTTTTTT","0","0","0.6136265","0.021168833","0.93631603"
"AAAAAGACCAGGGGCCTTC::GAAGGCCCCTGGTCTTTTT","0","0","0.78841037","-0.49797582","0.71804928"
"AAAAGACCAGGGGCCTTCT::AGAAGGCCCCTGGTCTTTT","0","0","0.68274399","-0.7243714","0.46745165"
"AAAGACCAGGGGCCTTCTG::CAGAAGGCCCCTGGTCTTT","0","0","0.68417934","-0.69920111","0.38769599"
"AAGACCAGGGGCCTTCTGT::ACAGAAGGCCCCTGGTCTT","0","0","0.71886505","-0.64216882","0.087267535"
"AGACCAGGGGCCTTCTGTA::TACAGAAGGCCCCTGGTCT","0","0","0.56185629","-0.85487644","0.0053135093"
"GACCAGGGGCCTTCTGTAT::ATACAGAAGGCCCCTGGTC","0","0","0.48020249","-0.92113859","-0.12352466"
"ACCAGGGGCCTTCTGTATA::TATACAGAAGGCCCCTGGT","0","0","0.56119425","-0.97704511","-0.17255334"
"CCAGGGGCCTTCTGTATAA::TTATACAGAAGGCCCCTGG","0","0","0.40154983","-0.9568532","-0.17292455"
"CAGGGGCCTTCTGTATAAA::TTTATACAGAAGGCCCCTG","0","0","0.39729465","-0.79534084","-0.027614474"
"AGGGGCCTTCTGTATAAAG::CTTTATACAGAAGGCCCCT","0","0","0.63758372","-0.75086774","-0.21078091"
"GGGGCCTTCTGTATAAAGG::CCTTTATACAGAAGGCCCC","0","0","0.61881859","-0.48290138","-0.37648075"
"GGGCCTTCTGTATAAAGGT::ACCTTTATACAGAAGGCCC","0","0","0.58010419","-0.37816202","-0.4392488"
"GGCCTTCTGTATAAAGGTG::CACCTTTATACAGAAGGCC","0","0","0.51692549","-0.34709769","-0.43836468"
"GCCTTCTGTATAAAGGTGC::GCACCTTTATACAGAAGGC","0","0","0.68406049","-0.42973806","-0.5848012"
"CCTTCTGTATAAAGGTGCT::AGCACCTTTATACAGAAGG","0","0","0.59374168","-0.57597967","-0.85540245"
"CTTCTGTATAAAGGTGCTG::CAGCACCTTTATACAGAAG","0","0","0.75696637","-0.73552602","-1.1141948"
"TTCTGTATAAAGGTGCTGT::ACAGCACCTTTATACAGAA","0","0","0.89593767","-0.97025216","-1.1067058"
"TCTGTATAAAGGTGCTGTG::CACAGCACCTTTATACAGA","0","0","0.83583327","-1.1406538","-1.2932067"
"CTGTATAAAGGTGCTGTGC::GCACAGCACCTTTATACAG","0","0","0.78301943","-1.3529712","-1.2362492"
"TGTATAAAGGTGCTGTGCC::GGCACAGCACCTTTATACA","0","0","0.88523525","-1.2271958","-1.1735259"
"GTATAAAGGTGCTGTGCCC::GGGCACAGCACCTTTATAC","0","0","0.67421047","-1.1898874","-1.2464065"
"TATAAAGGTGCTGTGCCCA::TGGGCACAGCACCTTTATA","0","0","0.7989874","-1.1780227","-1.4266031"
"ATAAAGGTGCTGTGCCCAT::ATGGGCACAGCACCTTTAT","0","0","0.70232441","-1.0570932","-1.628953"
"TAAAGGTGCTGTGCCCATA::TATGGGCACAGCACCTTTA","0","0","0.77359032","-0.98448799","-1.6948156"
"AAAGGTGCTGTGCCCATAC::GTATGGGCACAGCACCTTT","0","0","0.83661103","-0.96938912","-1.6880326"
"AAGGTGCTGTGCCCATACA::TGTATGGGCACAGCACCTT","0","0","0.66165967","-1.12705","-1.6671562"
"AGGTGCTGTGCCCATACAC::GTGTATGGGCACAGCACCT","0","0","0.78584491","-1.1796158","-1.4747088"
"GGTGCTGTGCCCATACACC::GGTGTATGGGCACAGCACC","0","0","0.69293348","-1.1488132","-1.5006195"
"GTGCTGTGCCCATACACCA::TGGTGTATGGGCACAGCAC","0","0","0.71648137","-1.2804989","-1.487555"
"TGCTGTGCCCATACACCAG::CTGGTGTATGGGCACAGCA","0","0","0.79392732","-1.3016281","-1.1673772"
"GCTGTGCCCATACACCAGC::GCTGGTGTATGGGCACAGC","0","0","0.68272835","-1.1619344","-0.97389242"
"CTGTGCCCATACACCAGCA::TGCTGGTGTATGGGCACAG","0","0","0.61032799","-1.3212791","-1.2052761"
"TGTGCCCATACACCAGCAC::GTGCTGGTGTATGGGCACA","0","0","0.72001618","-1.36892","-1.1938167"
"GTGCCCATACACCAGCACT::AGTGCTGGTGTATGGGCAC","0","0","0.69404925","-1.4317474","-1.3973409"
"TGCCCATACACCAGCACTA::TAGTGCTGGTGTATGGGCA","0","0","0.67764324","-1.4839253","-1.4797177"
"GCCCATACACCAGCACTAT::ATAGTGCTGGTGTATGGGC","0","0","0.43730084","-1.4609844","-1.4034801"
"CCCATACACCAGCACTATG::CATAGTGCTGGTGTATGGG","0","0","0.60257205","-1.4957033","-1.3705576"
"CCATACACCAGCACTATGA::TCATAGTGCTGGTGTATGG","0","0","0.64377653","-1.5639668","-1.3779556"
"CATACACCAGCACTATGAT::ATCATAGTGCTGGTGTATG","0","0","0.57288435","-1.5662019","-1.3296902"
"ATACACCAGCACTATGATG::CATCATAGTGCTGGTGTAT","0","0","0.84737258","-1.570362","-1.2383524"
"TACACCAGCACTATGATGG::CCATCATAGTGCTGGTGTA","0","0","1.009855","-1.4347632","-1.1099115"
"ACACCAGCACTATGATGGA::TCCATCATAGTGCTGGTGT","0","0","0.60618111","-1.3863598","-1.0541136"
"CACCAGCACTATGATGGAA::TTCCATCATAGTGCTGGTG","0","0","0.4691812","-1.4673557","-0.81558616"
"ACCAGCACTATGATGGAAA::TTTCCATCATAGTGCTGGT","0","0","0.63836471","-1.4843235","-0.61261767"
"CCAGCACTATGATGGAAAC::GTTTCCATCATAGTGCTGG","0","0","0.54986228","-1.4318634","-0.84296815"
"CAGCACTATGATGGAAACC::GGTTTCCATCATAGTGCTG","0","0","0.73954477","-1.4126467","-0.76437354"
"AGCACTATGATGGAAACCA::TGGTTTCCATCATAGTGCT","0","0","0.76247286","-1.2439664","-0.55815754"
"GCACTATGATGGAAACCAT::ATGGTTTCCATCATAGTGC","0","0","0.51647749","-1.0828329","-0.48563312"
"CACTATGATGGAAACCATG::CATGGTTTCCATCATAGTG","0","0","0.73166086","-0.99481595","-0.33335484"
"ACTATGATGGAAACCATGG::CCATGGTTTCCATCATAGT","0","0","0.84516086","-0.94922262","-0.32657903"
"CTATGATGGAAACCATGGA::TCCATGGTTTCCATCATAG","0","0","0.68178715","-0.7759554","-0.016754022"
"TATGATGGAAACCATGGAG::CTCCATGGTTTCCATCATA","0","0","0.91533444","-0.71286979","0.068464238"
"ATGATGGAAACCATGGAGC::GCTCCATGGTTTCCATCAT","0","0","0.9178708","-0.77621656","0.21388676"
"TGATGGAAACCATGGAGCG::CGCTCCATGGTTTCCATCA","0","0","0.80754773","-0.80173192","0.26787638"
"GATGGAAACCATGGAGCGA::TCGCTCCATGGTTTCCATC","0","0","0.52948879","-0.67434866","0.40689018"
"ATGGAAACCATGGAGCGAC::GTCGCTCCATGGTTTCCAT","0","0","0.85096618","-0.62609435","0.49849743"
"TGGAAACCATGGAGCGACT::AGTCGCTCCATGGTTTCCA","0","0","0.71783296","-0.65542265","0.37676831"
"GGAAACCATGGAGCGACTG::CAGTCGCTCCATGGTTTCC","0","0","0.63862444","-0.485038","0.26591915"
"GAAACCATGGAGCGACTGC::GCAGTCGCTCCATGGTTTC","0","0","0.70959685","-0.52674948","0.044013896"
"AAACCATGGAGCGACTGCA::TGCAGTCGCTCCATGGTTT","0","0","0.78143941","-0.43225193","0.090209419"
"AACCATGGAGCGACTGCAA::TTGCAGTCGCTCCATGGTT","0","0","0.64778151","-0.45662279","-0.054991823"
"ACCATGGAGCGACTGCAAC::GTTGCAGTCGCTCCATGGT","0","0","0.70956611","-0.39472962","-0.11452458"
"CCATGGAGCGACTGCAACG::CGTTGCAGTCGCTCCATGG","0","0","0.7123491","-0.40696273","-0.0577855"
"CATGGAGCGACTGCAACGT::ACGTTGCAGTCGCTCCATG","0","0","0.69088389","-0.31369439","0.070079091"
"ATGGAGCGACTGCAACGTA::TACGTTGCAGTCGCTCCAT","0","0","0.64551281","-0.20309272","0.12046092"
"TGGAGCGACTGCAACGTAG::CTACGTTGCAGTCGCTCCA","0","0","0.82168849","-0.3006737","-0.084127538"
"GGAGCGACTGCAACGTAGG::CCTACGTTGCAGTCGCTCC","0","0","0.69318825","-0.26709486","-0.13872581"
"GAGCGACTGCAACGTAGGC::GCCTACGTTGCAGTCGCTC","0","0","0.62212837","-0.23589536","-0.19183823"
"AGCGACTGCAACGTAGGCA::TGCCTACGTTGCAGTCGCT","0","0","0.64158298","-0.33359926","-0.3478961"
"GCGACTGCAACGTAGGCAT::ATGCCTACGTTGCAGTCGC","0","0","0.53774235","-0.52322142","-0.56725362"
"CGACTGCAACGTAGGCATG::CATGCCTACGTTGCAGTCG","0","0","0.51610208","-0.63758053","-0.75238776"
"GACTGCAACGTAGGCATGG::CCATGCCTACGTTGCAGTC","0","0","0.66609956","-0.76938414","-0.94009115"
"ACTGCAACGTAGGCATGGG::CCCATGCCTACGTTGCAGT","0","0","0.65623484","-0.9239134","-0.91957839"
"CTGCAACGTAGGCATGGGG::CCCCATGCCTACGTTGCAG","0","0","0.67499191","-0.94184279","-0.93523809"
"TGCAACGTAGGCATGGGGG::CCCCCATGCCTACGTTGCA","0","0","0.78338373","-1.0793618","-0.96962975"
"GCAACGTAGGCATGGGGGA::TCCCCCATGCCTACGTTGC","0","0","0.46905318","-1.0262466","-0.83954236"
"CAACGTAGGCATGGGGGAG::CTCCCCCATGCCTACGTTG","0","0","0.56579152","-1.1256846","-0.78318539"
"AACGTAGGCATGGGGGAGG::CCTCCCCCATGCCTACGTT","0","0","0.68881207","-1.0449269","-0.83984902"
"ACGTAGGCATGGGGGAGGA::TCCTCCCCCATGCCTACGT","0","0","0.4598615","-1.1284603","-0.99020374"
"CGTAGGCATGGGGGAGGAT::ATCCTCCCCCATGCCTACG","0","0","0.36163492","-1.2288618","-0.93225996"
"GTAGGCATGGGGGAGGATT::AATCCTCCCCCATGCCTAC","0","0","0.54014353","-1.1932173","-1.0558712"
"TAGGCATGGGGGAGGATTA::TAATCCTCCCCCATGCCTA","0","0","0.69167383","-1.1138236","-0.95296623"
"AGGCATGGGGGAGGATTAG::CTAATCCTCCCCCATGCCT","0","0","0.61548259","-1.0090712","-0.99835785"
"GGCATGGGGGAGGATTAGT::ACTAATCCTCCCCCATGCC","0","0","0.49798028","-0.85173511","-0.84445795"
"GCATGGGGGAGGATTAGTC::GACTAATCCTCCCCCATGC","0","0","0.64700606","-0.80145786","-0.81761833"
"CATGGGGGAGGATTAGTCA::TGACTAATCCTCCCCCATG","0","0","0.64853882","-0.89910928","-0.78350293"
"ATGGGGGAGGATTAGTCAG::CTGACTAATCCTCCCCCAT","0","0","0.77728086","-0.78041996","-0.59950834"
"TGGGGGAGGATTAGTCAGA::TCTGACTAATCCTCCCCCA","0","0","0.7165602","-0.79755769","-0.74680119"
"GGGGGAGGATTAGTCAGAG::CTCTGACTAATCCTCCCCC","0","0","0.62201327","-0.73493589","-0.46224634"
"GGGGAGGATTAGTCAGAGT::ACTCTGACTAATCCTCCCC","0","0","0.56632985","-0.68501409","-0.29730038"
"GGGAGGATTAGTCAGAGTG::CACTCTGACTAATCCTCCC","0","0","0.68307106","-0.72816024","-0.34773724"
"GGAGGATTAGTCAGAGTGC::GCACTCTGACTAATCCTCC","0","0","0.66632818","-0.83661333","-0.50233439"
"GAGGATTAGTCAGAGTGCC::GGCACTCTGACTAATCCTC","0","0","0.7204099","-0.87132052","-0.50197859"
"AGGATTAGTCAGAGTGCCA::TGGCACTCTGACTAATCCT","0","0","0.69787364","-0.90964959","-0.47832635"
"GGATTAGTCAGAGTGCCAT::ATGGCACTCTGACTAATCC","0","0","0.59246803","-0.90768209","-0.39715262"
"GATTAGTCAGAGTGCCATT::AATGGCACTCTGACTAATC","0","0","0.60845943","-0.7322608","-0.26719106"
"ATTAGTCAGAGTGCCATTG::CAATGGCACTCTGACTAAT","0","0","0.92749891","-0.70543731","-0.25739803"
"TTAGTCAGAGTGCCATTGT::ACAATGGCACTCTGACTAA","0","0","0.91463377","-0.84910115","-0.22173604"
"TAGTCAGAGTGCCATTGTG::CACAATGGCACTCTGACTA","0","0","0.84188258","-0.91667002","-0.15913562"
"AGTCAGAGTGCCATTGTGT::ACACAATGGCACTCTGACT","0","0","0.77290306","-0.80705245","-0.072965145"
"GTCAGAGTGCCATTGTGTC::GACACAATGGCACTCTGAC","0","0","0.71275108","-0.90125699","0.0027906684"
"TCAGAGTGCCATTGTGTCG::CGACACAATGGCACTCTGA","0","0","0.96150822","-1.0568597","-0.071500029"
"CAGAGTGCCATTGTGTCGC::GCGACACAATGGCACTCTG","0","0","0.89595474","-0.79051994","0.19781701"
"AGAGTGCCATTGTGTCGCA::TGCGACACAATGGCACTCT","0","0","0.65637729","-0.73176787","0.088525626"
"GAGTGCCATTGTGTCGCAA::TTGCGACACAATGGCACTC","0","0","0.59828026","-0.70081735","0.020813762"
"AGTGCCATTGTGTCGCAAC::GTTGCGACACAATGGCACT","0","0","0.90503951","-0.62154452","-0.047026407"
"GTGCCATTGTGTCGCAACT::AGTTGCGACACAATGGCAC","0","0","0.78901994","-0.35527338","0.17417222"
"TGCCATTGTGTCGCAACTC::GAGTTGCGACACAATGGCA","0","0","0.97393703","-0.26856545","0.16515266"
"GCCATTGTGTCGCAACTCC::GGAGTTGCGACACAATGGC","0","0","0.73020648","-0.19150901","0.19886959"
"CCATTGTGTCGCAACTCCA::TGGAGTTGCGACACAATGG","0","0","0.72928606","-0.1888042","0.052003037"
"CATTGTGTCGCAACTCCAC::GTGGAGTTGCGACACAATG","0","0","0.85124292","-0.43454607","0.029050515"
"ATTGTGTCGCAACTCCACA::TGTGGAGTTGCGACACAAT","0","0","0.96129016","-0.58251471","-0.11716625"
"TTGTGTCGCAACTCCACAC::GTGTGGAGTTGCGACACAA","0","0","1.075855","-0.51267649","-0.1153334"
"TGTGTCGCAACTCCACACA::TGTGTGGAGTTGCGACACA","0","0","0.93300224","-0.43174407","-0.15253733"
"GTGTCGCAACTCCACACAT::ATGTGTGGAGTTGCGACAC","0","0","0.72424553","-0.5790121","-0.24157673"
"TGTCGCAACTCCACACATG::CATGTGTGGAGTTGCGACA","0","0","0.91964564","-0.37269301","-0.33843889"
"GTCGCAACTCCACACATGA::TCATGTGTGGAGTTGCGAC","0","0","0.7124073","-0.26629756","-0.4283045"
"TCGCAACTCCACACATGAG::CTCATGTGTGGAGTTGCGA","0","0","0.82937671","-0.34040142","-0.52515877"
"CGCAACTCCACACATGAGA::TCTCATGTGTGGAGTTGCG","0","0","0.6169792","-0.27849042","-0.57871253"
"GCAACTCCACACATGAGAT::ATCTCATGTGTGGAGTTGC","0","0","0.60218203","-0.14849487","-0.42887348"
"CAACTCCACACATGAGATG::CATCTCATGTGTGGAGTTG","0","0","0.75235666","-0.13977699","-0.22484861"
"AACTCCACACATGAGATGT::ACATCTCATGTGTGGAGTT","0","0","0.82723596","-0.22344116","-0.26883329"
"ACTCCACACATGAGATGTA::TACATCTCATGTGTGGAGT","0","0","0.59998531","-0.29710538","-0.1484915"
"CTCCACACATGAGATGTAC::GTACATCTCATGTGTGGAG","0","0","0.66614209","-0.29616566","-0.14031139"
"TCCACACATGAGATGTACT::AGTACATCTCATGTGTGGA","0","0","0.82448982","-0.23605122","0.051853985"
"CCACACATGAGATGTACTG::CAGTACATCTCATGTGTGG","0","0","0.73572251","-0.30348592","0.037986862"
"CACACATGAGATGTACTGG::CCAGTACATCTCATGTGTG","0","0","0.75530058","-0.3052291","0.037787362"
"ACACATGAGATGTACTGGG::CCCAGTACATCTCATGTGT","0","0","0.85301282","-0.53705702","0.022783402"
"CACATGAGATGTACTGGGT::ACCCAGTACATCTCATGTG","0","0","0.65456604","-0.81464287","-0.003965396"
"ACATGAGATGTACTGGGTC::GACCCAGTACATCTCATGT","0","0","0.77753677","-0.73754865","0.062569652"
"CATGAGATGTACTGGGTCT::AGACCCAGTACATCTCATG","0","0","0.66245218","-0.72358997","0.045664963"
"ATGAGATGTACTGGGTCTC::GAGACCCAGTACATCTCAT","0","0","0.82173497","-0.70758358","0.1784452"
"TGAGATGTACTGGGTCTCT::AGAGACCCAGTACATCTCA","0","0","0.7957424","-0.72049469","0.27075613"
"GAGATGTACTGGGTCTCTG::CAGAGACCCAGTACATCTC","0","0","0.698947","-0.57053447","0.1591458"
"AGATGTACTGGGTCTCTGG::CCAGAGACCCAGTACATCT","0","0","0.78874927","-0.52420044","0.188918"
"GATGTACTGGGTCTCTGGG::CCCAGAGACCCAGTACATC","0","0","0.65118037","-0.75047377","0.055840944"
"ATGTACTGGGTCTCTGGGG::CCCCAGAGACCCAGTACAT","0","0","0.81774486","-0.88604029","-0.049210425"
"TGTACTGGGTCTCTGGGGC::GCCCCAGAGACCCAGTACA","0","0","0.82052237","-0.9181224","-0.1294179"
"GTACTGGGTCTCTGGGGCA::TGCCCCAGAGACCCAGTAC","0","0","0.53181236","-1.0097062","-0.18689552"
"TACTGGGTCTCTGGGGCAA::TTGCCCCAGAGACCCAGTA","0","0","0.59698458","-1.042801","-0.37225312"
"ACTGGGTCTCTGGGGCAAA::TTTGCCCCAGAGACCCAGT","0","0","0.52576592","-0.88652316","-0.38566917"
"CTGGGTCTCTGGGGCAAAG::CTTTGCCCCAGAGACCCAG","0","0","0.61856807","-0.73466053","-0.19973457"
"TGGGTCTCTGGGGCAAAGA::TCTTTGCCCCAGAGACCCA","0","0","0.72992993","-0.48982677","0.016829154"
"GGGTCTCTGGGGCAAAGAG::CTCTTTGCCCCAGAGACCC","0","0","0.53794869","-0.24687961","0.15020733"
"GGTCTCTGGGGCAAAGAGC::GCTCTTTGCCCCAGAGACC","0","0","0.69119415","-0.31761963","0.12199687"
"GTCTCTGGGGCAAAGAGCA::TGCTCTTTGCCCCAGAGAC","0","0","0.61696527","-0.3744653","0.12735916"
"TCTCTGGGGCAAAGAGCAA::TTGCTCTTTGCCCCAGAGA","0","0","0.61146276","-0.45098961","0.03082051"
"CTCTGGGGCAAAGAGCAAC::GTTGCTCTTTGCCCCAGAG","0","0","0.72426073","-0.49590595","-0.17694463"
"TCTGGGGCAAAGAGCAACA::TGTTGCTCTTTGCCCCAGA","0","0","0.77127597","-0.74546941","-0.17254172"
"CTGGGGCAAAGAGCAACAT::ATGTTGCTCTTTGCCCCAG","0","0","0.61256405","-1.0832565","-0.41393098"
"TGGGGCAAAGAGCAACATC::GATGTTGCTCTTTGCCCCA","1","0","0.80603544","-0.80719411","-0.41186356"
"GGGGCAAAGAGCAACATCA::TGATGTTGCTCTTTGCCCC","0","0","0.60566991","-0.61826717","-0.3267626"
"GGGCAAAGAGCAACATCAT::ATGATGTTGCTCTTTGCCC","0","0","0.50024046","-0.56839404","-0.33151338"
"GGCAAAGAGCAACATCATA::TATGATGTTGCTCTTTGCC","0","0","0.47967365","-0.55032137","-0.30845125"
"GCAAAGAGCAACATCATAA::TTATGATGTTGCTCTTTGC","0","0","0.56803003","-0.60784105","-0.236045"
"CAAAGAGCAACATCATAAA::TTTATGATGTTGCTCTTTG","0","1","0.5602243","-0.68763524","-0.15069418"
"AAAGAGCAACATCATAAAA::TTTTATGATGTTGCTCTTT","0","0","0.52369505","-0.72960204","-0.18399437"
"AAGAGCAACATCATAAAAA::TTTTTATGATGTTGCTCTT","0","0","0.64231663","-0.35537487","-0.17505975"
"AGAGCAACATCATAAAAAG::CTTTTTATGATGTTGCTCT","0","0","0.6317978","-0.41613717","-0.19100838"
"GAGCAACATCATAAAAAGT::ACTTTTTATGATGTTGCTC","0","0","0.53085134","-0.35460365","-0.22229535"
"AGCAACATCATAAAAAGTG::CACTTTTTATGATGTTGCT","0","0","0.77265611","-0.34388335","-0.25063975"
"GCAACATCATAAAAAGTGT::ACACTTTTTATGATGTTGC","0","1","0.45869909","-0.35471156","-0.3062825"
"CAACATCATAAAAAGTGTG::CACACTTTTTATGATGTTG","0","0","0.68240718","-0.39639323","-0.2832042"
"AACATCATAAAAAGTGTGT::ACACACTTTTTATGATGTT","0","0","0.71334533","-0.23967531","-0.1244545"
"ACATCATAAAAAGTGTGTC::GACACACTTTTTATGATGT","0","0","0.7483","-0.20604562","0.042576641"
"CATCATAAAAAGTGTGTCC::GGACACACTTTTTATGATG","0","0","0.71908901","-0.12129981","0.19076933"
"ATCATAAAAAGTGTGTCCA::TGGACACACTTTTTATGAT","0","0","0.7490385","-0.13437506","0.21302863"
"TCATAAAAAGTGTGTCCAC::GTGGACACACTTTTTATGA","0","0","0.76007957","-0.20421658","0.17094144"
"CATAAAAAGTGTGTCCACC::GGTGGACACACTTTTTATG","0","0","0.7302387","-0.019994374","0.058291356"
"ATAAAAAGTGTGTCCACCA::TGGTGGACACACTTTTTAT","0","0","0.87581768","-0.05122546","-0.046367856"
"TAAAAAGTGTGTCCACCAC::GTGGTGGACACACTTTTTA","0","0","0.88152613","-0.052601902","-0.11438676"
"AAAAAGTGTGTCCACCACA::TGTGGTGGACACACTTTTT","0","0","0.85888702","-0.18360495","-0.25590883"
"AAAAGTGTGTCCACCACAA::TTGTGGTGGACACACTTTT","0","0","0.79088913","-0.50825986","-0.52201813"
"AAAGTGTGTCCACCACAAG::CTTGTGGTGGACACACTTT","0","0","0.85955458","-0.38922159","-0.68478775"
"AAGTGTGTCCACCACAAGT::ACTTGTGGTGGACACACTT","0","0","0.9441415","-0.24763111","-0.8309007"
"AGTGTGTCCACCACAAGTC::GACTTGTGGTGGACACACT","0","0","0.96468583","-0.193277","-0.84663245"
"GTGTGTCCACCACAAGTCA::TGACTTGTGGTGGACACAC","0","0","0.66266772","-0.16929774","-0.78832911"
"TGTGTCCACCACAAGTCAG::CTGACTTGTGGTGGACACA","0","0","0.82380251","-0.074787979","-0.65702278"
"GTGTCCACCACAAGTCAGC::GCTGACTTGTGGTGGACAC","0","0","0.80161481","-0.064346374","-0.51304617"
"TGTCCACCACAAGTCAGCT::AGCTGACTTGTGGTGGACA","0","0","0.80490749","0.15226629","-0.64244756"
"GTCCACCACAAGTCAGCTC::GAGCTGACTTGTGGTGGAC","0","0","0.74101464","0.030732953","-0.84899051"
"TCCACCACAAGTCAGCTCC::GGAGCTGACTTGTGGTGGA","0","0","0.90445283","0.058271955","-0.95478128"
"CCACCACAAGTCAGCTCCT::AGGAGCTGACTTGTGGTGG","0","0","0.55917454","0.10102203","-1.0061979"
"CACCACAAGTCAGCTCCTC::GAGGAGCTGACTTGTGGTG","0","0","0.66964309","-0.032375053","-0.92774399"
"ACCACAAGTCAGCTCCTCC::GGAGGAGCTGACTTGTGGT","0","0","0.78388986","0.02609233","-0.85939665"
"CCACAAGTCAGCTCCTCCT::AGGAGGAGCTGACTTGTGG","0","0","0.68410991","0.087293618","-0.80349378"
"CACAAGTCAGCTCCTCCTG::CAGGAGGAGCTGACTTGTG","0","0","0.76751012","0.083565932","-0.77466379"
"ACAAGTCAGCTCCTCCTGG::CCAGGAGGAGCTGACTTGT","0","0","0.76692265","-0.14179562","-0.96372812"
"CAAGTCAGCTCCTCCTGGG::CCCAGGAGGAGCTGACTTG","0","0","0.69042844","-0.47075389","-1.002637"
"AAGTCAGCTCCTCCTGGGA::TCCCAGGAGGAGCTGACTT","0","0","0.62348498","-0.71197325","-0.91616196"
"AGTCAGCTCCTCCTGGGAC::GTCCCAGGAGGAGCTGACT","0","0","0.64126764","-0.83012136","-1.0035894"
"GTCAGCTCCTCCTGGGACG::CGTCCCAGGAGGAGCTGAC","0","0","0.60069915","-0.72435342","-1.0224324"
"TCAGCTCCTCCTGGGACGC::GCGTCCCAGGAGGAGCTGA","0","0","0.73944832","-0.6702273","-0.98762092"
"CAGCTCCTCCTGGGACGCA::TGCGTCCCAGGAGGAGCTG","0","0","0.46217157","-0.68493843","-1.2133237"
"AGCTCCTCCTGGGACGCAT::ATGCGTCCCAGGAGGAGCT","0","0","0.56324516","-0.69541409","-1.1434994"
"GCTCCTCCTGGGACGCATG::CATGCGTCCCAGGAGGAGC","0","0","0.50672022","-0.62834883","-1.0941434"
"CTCCTCCTGGGACGCATGG::CCATGCGTCCCAGGAGGAG","0","0","0.5424282","-0.69613247","-1.0719329"
"TCCTCCTGGGACGCATGGA::TCCATGCGTCCCAGGAGGA","0","0","0.57680167","-0.68871383","-0.89082235"
"CCTCCTGGGACGCATGGAT::ATCCATGCGTCCCAGGAGG","0","0","0.47029512","-0.52701514","-0.74819252"
"CTCCTGGGACGCATGGATG::CATCCATGCGTCCCAGGAG","0","0","0.59338006","-0.44930299","-0.76547864"
"TCCTGGGACGCATGGATGG::CCATCCATGCGTCCCAGGA","0","0","0.67825459","-0.33191097","-0.65494307"
"CCTGGGACGCATGGATGGC::GCCATCCATGCGTCCCAGG","0","0","0.49613337","-0.17913269","-0.59487347"
"CTGGGACGCATGGATGGCC::GGCCATCCATGCGTCCCAG","0","0","0.6537587","0.021978272","-0.23994411"
"TGGGACGCATGGATGGCCC::GGGCCATCCATGCGTCCCA","0","0","0.69837932","0.18606867","-0.30094289"
"GGGACGCATGGATGGCCCC::GGGGCCATCCATGCGTCCC","0","0","0.44387285","0.31617419","-0.27969357"
"GGACGCATGGATGGCCCCA::TGGGGCCATCCATGCGTCC","0","0","0.37871103","0.27437503","-0.26616009"
"GACGCATGGATGGCCCCAG::CTGGGGCCATCCATGCGTC","0","0","0.4883633","0.1854751","-0.50977689"
"ACGCATGGATGGCCCCAGG::CCTGGGGCCATCCATGCGT","0","0","0.51831953","-0.16551873","-0.77057553"
"CGCATGGATGGCCCCAGGA::TCCTGGGGCCATCCATGCG","0","0","0.39947943","-0.32641087","-0.77221828"
"GCATGGATGGCCCCAGGAG::CTCCTGGGGCCATCCATGC","0","0","0.40511017","-0.43606942","-0.80882412"
"CATGGATGGCCCCAGGAGG::CCTCCTGGGGCCATCCATG","1","0","0.48929687","-0.47389309","-0.77807093"
"ATGGATGGCCCCAGGAGGC::GCCTCCTGGGGCCATCCAT","0","0","0.58996817","-0.45353962","-0.7750451"
"TGGATGGCCCCAGGAGGCC::GGCCTCCTGGGGCCATCCA","0","1","0.54550797","-0.44816602","-0.86894341"
"GGATGGCCCCAGGAGGCCA::TGGCCTCCTGGGGCCATCC","0","1","0.2874052","-0.40269485","-0.84509426"
"GATGGCCCCAGGAGGCCAG::CTGGCCTCCTGGGGCCATC","0","0","0.37772972","-0.53259882","-0.81160077"
"ATGGCCCCAGGAGGCCAGT::ACTGGCCTCCTGGGGCCAT","0","0","0.41678132","-0.74973054","-0.89598968"
"TGGCCCCAGGAGGCCAGTG::CACTGGCCTCCTGGGGCCA","0","0","0.49130727","-1.0238102","-0.95180167"
"GGCCCCAGGAGGCCAGTGA::TCACTGGCCTCCTGGGGCC","0","0","0.30615637","-1.0515097","-1.0779926"
"GCCCCAGGAGGCCAGTGAA::TTCACTGGCCTCCTGGGGC","0","0","0.24452906","-0.93739539","-1.0252883"
"CCCCAGGAGGCCAGTGAAA::TTTCACTGGCCTCCTGGGG","0","0","0.28739315","-0.88396916","-1.0404583"
"CCCAGGAGGCCAGTGAAAT::ATTTCACTGGCCTCCTGGG","0","0","0.44030787","-0.8289571","-0.79296703"
"CCAGGAGGCCAGTGAAATA::TATTTCACTGGCCTCCTGG","0","0","0.48051848","-0.76962278","-0.3734243"
"CAGGAGGCCAGTGAAATAT::ATATTTCACTGGCCTCCTG","0","0","0.64885914","-0.53575807","-0.099611229"
"AGGAGGCCAGTGAAATATG::CATATTTCACTGGCCTCCT","0","0","0.71195991","-0.53553944","0.045697581"
"GGAGGCCAGTGAAATATGA::TCATATTTCACTGGCCTCC","0","0","0.52736815","-0.50722663","-0.045068311"
"GAGGCCAGTGAAATATGAG::CTCATATTTCACTGGCCTC","0","0","0.72957528","-0.44600228","0.019355215"
"AGGCCAGTGAAATATGAGG::CCTCATATTTCACTGGCCT","0","0","0.82364476","-0.57845138","-0.007151596"
"GGCCAGTGAAATATGAGGA::TCCTCATATTTCACTGGCC","0","0","0.56306838","-0.70964704","-0.21283991"
"GCCAGTGAAATATGAGGAG::CTCCTCATATTTCACTGGC","0","0","0.61899809","-0.91253416","-0.33174726"
"CCAGTGAAATATGAGGAGG::CCTCCTCATATTTCACTGG","0","0","0.69518475","-0.85077032","-0.3435936"
"CAGTGAAATATGAGGAGGA::TCCTCCTCATATTTCACTG","0","0","0.70874476","-0.72387392","-0.31863767"
"AGTGAAATATGAGGAGGAT::ATCCTCCTCATATTTCACT","0","0","0.660321","-0.58915334","-0.21131728"
"GTGAAATATGAGGAGGATG::CATCCTCCTCATATTTCAC","0","0","0.77491471","-0.58654087","-0.25037224"
"TGAAATATGAGGAGGATGT::ACATCCTCCTCATATTTCA","0","0","0.88734193","-0.62684648","-0.19790697"
"GAAATATGAGGAGGATGTG::CACATCCTCCTCATATTTC","0","0","0.70453024","-0.70739775","-0.18397553"
"AAATATGAGGAGGATGTGA::TCACATCCTCCTCATATTT","0","0","0.81160537","-0.71384819","-0.34853221"
"AATATGAGGAGGATGTGAA::TTCACATCCTCCTCATATT","0","0","0.79109015","-0.71795867","-0.54913302"
"ATATGAGGAGGATGTGAAC::GTTCACATCCTCCTCATAT","0","0","0.85863075","-0.51427773","-0.6157747"
"TATGAGGAGGATGTGAACC::GGTTCACATCCTCCTCATA","0","0","0.96896609","-0.36105553","-0.77958102"
"ATGAGGAGGATGTGAACCT::AGGTTCACATCCTCCTCAT","0","0","0.85880811","-0.32142995","-0.66538502"
"TGAGGAGGATGTGAACCTC::GAGGTTCACATCCTCCTCA","0","0","0.81219143","-0.37553829","-0.76993252"
"GAGGAGGATGTGAACCTCG::CGAGGTTCACATCCTCCTC","0","0","0.80395091","-0.28273314","-0.72021478"
"AGGAGGATGTGAACCTCGG::CCGAGGTTCACATCCTCCT","0","0","0.80906344","-0.33117959","-0.60525276"
"GGAGGATGTGAACCTCGGC::GCCGAGGTTCACATCCTCC","0","0","0.6545011","-0.31089051","-0.59567571"
"GAGGATGTGAACCTCGGCT::AGCCGAGGTTCACATCCTC","0","0","0.75461386","-0.35172979","-0.61389785"
"AGGATGTGAACCTCGGCTC::GAGCCGAGGTTCACATCCT","0","0","0.80076448","-0.29902584","-0.53103019"
"GGATGTGAACCTCGGCTCG::CGAGCCGAGGTTCACATCC","0","0","0.59809378","-0.36356016","-0.43432401"
"GATGTGAACCTCGGCTCGG::CCGAGCCGAGGTTCACATC","0","0","0.65748295","-0.44052189","-0.22676436"
"ATGTGAACCTCGGCTCGGG::CCCGAGCCGAGGTTCACAT","0","0","0.73924287","-0.46253733","-0.25594405"
"TGTGAACCTCGGCTCGGGT::ACCCGAGCCGAGGTTCACA","0","0","0.71535732","-0.49693235","-0.26346535"
"GTGAACCTCGGCTCGGGTA::TACCCGAGCCGAGGTTCAC","0","0","0.57928146","-0.50166612","-0.17088521"
"TGAACCTCGGCTCGGGTAC::GTACCCGAGCCGAGGTTCA","0","0","0.78729974","-0.60052374","-0.15610118"
"GAACCTCGGCTCGGGTACA::TGTACCCGAGCCGAGGTTC","0","0","0.52067325","-0.82128213","-0.27330424"
"AACCTCGGCTCGGGTACAC::GTGTACCCGAGCCGAGGTT","0","0","0.67520354","-0.88861572","-0.055571688"
"ACCTCGGCTCGGGTACACG::CGTGTACCCGAGCCGAGGT","0","0","0.65424398","-0.90037749","-0.14059972"
"CCTCGGCTCGGGTACACGA::TCGTGTACCCGAGCCGAGG","0","0","0.4603281","-0.94612041","-0.12796971"
"CTCGGCTCGGGTACACGAG::CTCGTGTACCCGAGCCGAG","0","0","0.59363141","-0.90580876","-0.10616332"
"TCGGCTCGGGTACACGAGC::GCTCGTGTACCCGAGCCGA","0","0","0.80991806","-0.80236208","-0.36602579"
"CGGCTCGGGTACACGAGCT::AGCTCGTGTACCCGAGCCG","0","0","0.56995958","-0.83907841","-0.3791905"
"GGCTCGGGTACACGAGCTG::CAGCTCGTGTACCCGAGCC","0","0","0.55191804","-0.85295268","-0.29020952"
"GCTCGGGTACACGAGCTGT::ACAGCTCGTGTACCCGAGC","0","0","0.57259718","-0.88761795","-0.28988236"
"CTCGGGTACACGAGCTGTG::CACAGCTCGTGTACCCGAG","0","0","0.71368592","-0.97621311","-0.50694917"
"TCGGGTACACGAGCTGTGG::CCACAGCTCGTGTACCCGA","0","0","0.86212603","-1.0279713","-0.66473835"
"CGGGTACACGAGCTGTGGC::GCCACAGCTCGTGTACCCG","0","0","0.62043184","-1.0801927","-0.4763916"
"GGGTACACGAGCTGTGGCA::TGCCACAGCTCGTGTACCC","0","0","0.5638946","-1.0633666","-0.51721115"
"GGTACACGAGCTGTGGCAA::TTGCCACAGCTCGTGTACC","0","0","0.46894551","-0.99439036","-0.58036081"
"GTACACGAGCTGTGGCAAG::CTTGCCACAGCTCGTGTAC","0","0","0.64603073","-0.93161793","-0.5656132"
"TACACGAGCTGTGGCAAGC::GCTTGCCACAGCTCGTGTA","0","0","0.91012465","-0.82092571","-0.62627458"
"ACACGAGCTGTGGCAAGCT::AGCTTGCCACAGCTCGTGT","0","0","0.7951149","-0.71105338","-0.57368584"
"CACGAGCTGTGGCAAGCTG::CAGCTTGCCACAGCTCGTG","0","0","0.63613161","-0.68855035","-0.36891334"
"ACGAGCTGTGGCAAGCTGT::ACAGCTTGCCACAGCTCGT","0","0","0.78091676","-0.63140848","-0.26031591"
"CGAGCTGTGGCAAGCTGTG::CACAGCTTGCCACAGCTCG","0","0","0.66158014","-0.70517196","-0.27141524"
"GAGCTGTGGCAAGCTGTGC::GCACAGCTTGCCACAGCTC","1","0","0.74910766","-0.91027612","-0.18629384"
"AGCTGTGGCAAGCTGTGCT::AGCACAGCTTGCCACAGCT","0","0","0.80477492","-0.90883784","-0.36361045"
"GCTGTGGCAAGCTGTGCTG::CAGCACAGCTTGCCACAGC","0","0","0.62919911","-1.1384388","-0.67682736"
"CTGTGGCAAGCTGTGCTGA::TCAGCACAGCTTGCCACAG","0","1","0.61395958","-0.99414419","-0.67933906"
"TGTGGCAAGCTGTGCTGAG::CTCAGCACAGCTTGCCACA","0","0","0.76727998","-0.97075601","-0.70103374"
"GTGGCAAGCTGTGCTGAGG::CCTCAGCACAGCTTGCCAC","0","0","0.7275664","-1.0120628","-0.75266939"
"TGGCAAGCTGTGCTGAGGC::GCCTCAGCACAGCTTGCCA","0","0","0.85066119","-0.9343508","-0.99631424"
"GGCAAGCTGTGCTGAGGCT::AGCCTCAGCACAGCTTGCC","0","0","0.50307875","-0.92705927","-0.94836562"
"GCAAGCTGTGCTGAGGCTC::GAGCCTCAGCACAGCTTGC","0","0","0.72162358","-0.94623552","-0.891311"
"CAAGCTGTGCTGAGGCTCC::GGAGCCTCAGCACAGCTTG","0","1","0.75990475","-0.88437515","-0.97010821"
"AAGCTGTGCTGAGGCTCCT::AGGAGCCTCAGCACAGCTT","0","0","0.73469663","-1.0371743","-0.94347372"
"AGCTGTGCTGAGGCTCCTA::TAGGAGCCTCAGCACAGCT","0","0","0.59836176","-1.2033959","-1.1877154"
"GCTGTGCTGAGGCTCCTAA::TTAGGAGCCTCAGCACAGC","0","0","0.45420299","-1.127786","-1.3014316"
"CTGTGCTGAGGCTCCTAAC::GTTAGGAGCCTCAGCACAG","0","0","0.73437625","-1.120997","-1.316813"
"TGTGCTGAGGCTCCTAACA::TGTTAGGAGCCTCAGCACA","0","0","0.83036863","-1.0482687","-1.0944879"
"GTGCTGAGGCTCCTAACAT::ATGTTAGGAGCCTCAGCAC","0","0","0.67998168","-1.1149853","-1.1857431"
"TGCTGAGGCTCCTAACATG::CATGTTAGGAGCCTCAGCA","0","0","0.77825577","-0.9771271","-0.98536779"
"GCTGAGGCTCCTAACATGA::TCATGTTAGGAGCCTCAGC","0","0","0.60993062","-0.7395565","-0.8316891"
"CTGAGGCTCCTAACATGAA::TTCATGTTAGGAGCCTCAG","0","0","0.61179884","-0.89899129","-0.85157026"
"TGAGGCTCCTAACATGAAA::TTTCATGTTAGGAGCCTCA","0","0","0.75225257","-0.75625231","-0.87740638"
"GAGGCTCCTAACATGAAAA::TTTTCATGTTAGGAGCCTC","0","0","0.61354288","-0.52987431","-0.60600523"
"AGGCTCCTAACATGAAAAT::ATTTTCATGTTAGGAGCCT","0","0","0.59828917","-0.41556129","-0.42546828"
"GGCTCCTAACATGAAAATC::GATTTTCATGTTAGGAGCC","0","0","0.61875042","-0.34304988","-0.36225285"
"GCTCCTAACATGAAAATCA::TGATTTTCATGTTAGGAGC","0","0","0.58268098","-0.26771725","-0.36671408"
"CTCCTAACATGAAAATCAT::ATGATTTTCATGTTAGGAG","0","0","0.58629858","-0.29616386","-0.24568019"
"TCCTAACATGAAAATCATC::GATGATTTTCATGTTAGGA","0","0","0.78267189","-0.15951341","-0.12076406"
"CCTAACATGAAAATCATCG::CGATGATTTTCATGTTAGG","0","0","0.80072158","-0.16740421","-0.11795179"
"CTAACATGAAAATCATCGG::CCGATGATTTTCATGTTAG","0","0","0.85047652","-0.21277922","-0.058395392"
"TAACATGAAAATCATCGGC::GCCGATGATTTTCATGTTA","0","0","0.98177141","-0.21096501","-0.075945654"
"AACATGAAAATCATCGGCA::TGCCGATGATTTTCATGTT","0","0","0.84550824","-0.063064783","-0.23121465"
"ACATGAAAATCATCGGCAG::CTGCCGATGATTTTCATGT","0","0","0.70056322","-0.00092396924","-0.36882739"
"CATGAAAATCATCGGCAGG::CCTGCCGATGATTTTCATG","0","0","0.64743528","-0.13655622","-0.10473641"
"ATGAAAATCATCGGCAGGC::GCCTGCCGATGATTTTCAT","0","0","0.89585482","-0.26171722","-0.074709092"
"TGAAAATCATCGGCAGGCG::CGCCTGCCGATGATTTTCA","0","0","0.785016","-0.31717381","-0.1933426"
"GAAAATCATCGGCAGGCGC::GCGCCTGCCGATGATTTTC","0","0","0.68768166","-0.40058663","-0.11278658"
"AAAATCATCGGCAGGCGCA::TGCGCCTGCCGATGATTTT","0","0","0.74159577","-0.48732728","-0.33305887"
"AAATCATCGGCAGGCGCAT::ATGCGCCTGCCGATGATTT","0","0","0.66937148","-0.53801867","-0.42251137"
"AATCATCGGCAGGCGCATT::AATGCGCCTGCCGATGATT","0","0","0.67456444","-0.57525638","-0.4407088"
"ATCATCGGCAGGCGCATTG::CAATGCGCCTGCCGATGAT","0","0","0.82433001","-0.53669441","-0.42224887"
"TCATCGGCAGGCGCATTGA::TCAATGCGCCTGCCGATGA","0","0","0.72617381","-0.47832279","-0.23337012"
"CATCGGCAGGCGCATTGAG::CTCAATGCGCCTGCCGATG","0","0","0.61814956","-0.66840318","-0.30457202"
"ATCGGCAGGCGCATTGAGA::TCTCAATGCGCCTGCCGAT","0","0","0.70014662","-0.58950773","-0.25026913"
"TCGGCAGGCGCATTGAGAG::CTCTCAATGCGCCTGCCGA","0","0","0.78389645","-0.51726412","-0.39888416"
"CGGCAGGCGCATTGAGAGA::TCTCTCAATGCGCCTGCCG","0","0","0.42090809","-0.32134804","-0.32677283"
"GGCAGGCGCATTGAGAGAA::TTCTCTCAATGCGCCTGCC","0","0","0.39817823","-0.35913555","-0.17842831"
"GCAGGCGCATTGAGAGAAT::ATTCTCTCAATGCGCCTGC","0","0","0.39867597","-0.10283819","0.20136009"
"CAGGCGCATTGAGAGAATC::GATTCTCTCAATGCGCCTG","0","0","0.66411054","-0.066801262","0.016598329"
"AGGCGCATTGAGAGAATCC::GGATTCTCTCAATGCGCCT","0","0","0.76424035","-0.088786425","0.042845707"
"GGCGCATTGAGAGAATCCG::CGGATTCTCTCAATGCGCC","0","0","0.66810718","-0.093966709","0.096576319"
"GCGCATTGAGAGAATCCGC::GCGGATTCTCTCAATGCGC","0","0","0.72969147","-0.028397583","0.090006116"
"CGCATTGAGAGAATCCGCA::TGCGGATTCTCTCAATGCG","0","0","0.65311883","-0.03333585","0.028681281"
"GCATTGAGAGAATCCGCAA::TTGCGGATTCTCTCAATGC","0","0","0.5673882","-0.094902436","-0.020842096"
"CATTGAGAGAATCCGCAAT::ATTGCGGATTCTCTCAATG","0","0","0.65512334","-0.24507505","-0.061030856"
"ATTGAGAGAATCCGCAATG::CATTGCGGATTCTCTCAAT","0","0","0.90211698","-0.3188709","-0.0030308576"
"TTGAGAGAATCCGCAATGA::TCATTGCGGATTCTCTCAA","0","0","0.81257104","-0.2476667","-0.047662586"
"TGAGAGAATCCGCAATGAA::TTCATTGCGGATTCTCTCA","0","0","0.66704232","-0.12572885","0.055533668"
"GAGAGAATCCGCAATGAAC::GTTCATTGCGGATTCTCTC","0","0","0.76931563","0.080119695","0.13339114"
"AGAGAATCCGCAATGAACA::TGTTCATTGCGGATTCTCT","0","0","0.80018953","0.069481705","0.21412823"
"GAGAATCCGCAATGAACAT::ATGTTCATTGCGGATTCTC","0","0","0.61507015","-0.26118594","0.042961652"
"AGAATCCGCAATGAACATG::CATGTTCATTGCGGATTCT","0","0","0.81557311","-0.21553927","-0.12036335"
"GAATCCGCAATGAACATGC::GCATGTTCATTGCGGATTC","0","0","0.85334619","-0.38545276","-0.22583149"
"AATCCGCAATGAACATGCA::TGCATGTTCATTGCGGATT","0","0","0.68647035","-0.44015705","-0.40758696"
"ATCCGCAATGAACATGCAG::CTGCATGTTCATTGCGGAT","0","0","0.8551978","-0.40160762","-0.36150174"
"TCCGCAATGAACATGCAGA::TCTGCATGTTCATTGCGGA","0","0","0.76766323","-0.35755067","-0.30329515"
"CCGCAATGAACATGCAGAA::TTCTGCATGTTCATTGCGG","0","0","0.48056551","-0.31033397","-0.31350704"
"CGCAATGAACATGCAGAAA::TTTCTGCATGTTCATTGCG","0","0","0.38563265","-0.26178227","-0.14374728"
"GCAATGAACATGCAGAAAC::GTTTCTGCATGTTCATTGC","0","0","0.67933792","-0.30093977","-0.23830256"
"CAATGAACATGCAGAAACA::TGTTTCTGCATGTTCATTG","0","0","0.64973774","-0.1817256","0.11582125"
"AATGAACATGCAGAAACAT::ATGTTTCTGCATGTTCATT","0","0","0.69949242","-0.35927929","-0.032610381"
"ATGAACATGCAGAAACATG::CATGTTTCTGCATGTTCAT","0","0","0.89231462","-0.38434917","-0.14932974"
"TGAACATGCAGAAACATGG::CCATGTTTCTGCATGTTCA","0","0","0.99121191","-0.46567373","-0.29449947"
"GAACATGCAGAAACATGGT::ACCATGTTTCTGCATGTTC","0","0","0.71415246","-0.69227848","-0.43458126"
"AACATGCAGAAACATGGTT::AACCATGTTTCTGCATGTT","0","0","0.75235683","-0.73651127","-0.41167402"
"ACATGCAGAAACATGGTTT::AAACCATGTTTCTGCATGT","0","0","0.69109494","-0.56280377","-0.42514925"
"CATGCAGAAACATGGTTTC::GAAACCATGTTTCTGCATG","0","0","0.6422994","-0.8065063","-0.52037661"
"ATGCAGAAACATGGTTTCT::AGAAACCATGTTTCTGCAT","0","0","0.73304224","-0.69493025","-0.53163434"
"TGCAGAAACATGGTTTCTT::AAGAAACCATGTTTCTGCA","0","0","0.77412896","-0.46147175","-0.42763885"
"GCAGAAACATGGTTTCTTG::CAAGAAACCATGTTTCTGC","0","0","0.62136978","-0.30900072","-0.49185819"
"CAGAAACATGGTTTCTTGA::TCAAGAAACCATGTTTCTG","0","0","0.60234332","-0.40628953","-0.55682823"
"AGAAACATGGTTTCTTGAT::ATCAAGAAACCATGTTTCT","0","0","0.71205895","-0.43367052","-0.39860942"
"GAAACATGGTTTCTTGATG::CATCAAGAAACCATGTTTC","0","0","0.70130581","-0.47254512","-0.44320646"
"AAACATGGTTTCTTGATGA::TCATCAAGAAACCATGTTT","0","0","0.78253231","-0.35351175","-0.20474031"
"AACATGGTTTCTTGATGAA::TTCATCAAGAAACCATGTT","0","0","0.5905695","-0.28939669","-0.42102221"
"ACATGGTTTCTTGATGAAA::TTTCATCAAGAAACCATGT","0","0","0.59799565","-0.035820088","-0.4024769"
"CATGGTTTCTTGATGAAAA::TTTTCATCAAGAAACCATG","0","0","0.56342683","-0.012376411","-0.19589288"
"ATGGTTTCTTGATGAAAAC::GTTTTCATCAAGAAACCAT","0","0","0.78870988","-0.10223141","-0.10690072"
"TGGTTTCTTGATGAAAACC::GGTTTTCATCAAGAAACCA","0","0","0.85381159","-0.13983638","0.010351226"
"GGTTTCTTGATGAAAACCA::TGGTTTTCATCAAGAAACC","0","0","0.63379918","-0.18227554","0.049814589"
"GTTTCTTGATGAAAACCAC::GTGGTTTTCATCAAGAAAC","1","0","0.70034308","-0.28549403","0.051492423"
"TTTCTTGATGAAAACCACC::GGTGGTTTTCATCAAGAAA","0","0","0.9981592","-0.094230825","-0.040496469"
"TTCTTGATGAAAACCACCC::GGGTGGTTTTCATCAAGAA","0","0","1.0193228","-0.2145471","-0.12205605"
"TCTTGATGAAAACCACCCA::TGGGTGGTTTTCATCAAGA","0","0","0.7290232","-0.28953586","-0.32270558"
"CTTGATGAAAACCACCCAT::ATGGGTGGTTTTCATCAAG","0","0","0.6221565","-0.3313906","-0.40824107"
"TTGATGAAAACCACCCATA::TATGGGTGGTTTTCATCAA","0","0","0.81006988","-0.23077485","-0.46318893"
"TGATGAAAACCACCCATAC::GTATGGGTGGTTTTCATCA","0","0","0.75293764","-0.31164493","-0.67359677"
"GATGAAAACCACCCATACA::TGTATGGGTGGTTTTCATC","0","0","0.52070913","-0.34509324","-0.80369688"
"ATGAAAACCACCCATACAG::CTGTATGGGTGGTTTTCAT","0","0","0.82966747","-0.48583368","-1.0728761"
"TGAAAACCACCCATACAGG::CCTGTATGGGTGGTTTTCA","0","0","0.7406396","-0.51909539","-1.2064233"
"GAAAACCACCCATACAGGA::TCCTGTATGGGTGGTTTTC","0","0","0.56805207","-0.66577803","-1.1696392"
"AAAACCACCCATACAGGAC::GTCCTGTATGGGTGGTTTT","0","0","0.76034197","-0.59918797","-1.1721148"
"AAACCACCCATACAGGACA::TGTCCTGTATGGGTGGTTT","0","0","0.68355877","-0.33738719","-1.0773616"
"AACCACCCATACAGGACAT::ATGTCCTGTATGGGTGGTT","0","0","0.56200096","-0.11275384","-0.99201421"
"ACCACCCATACAGGACATG::CATGTCCTGTATGGGTGGT","0","0","0.54237033","-0.010300691","-0.99454251"
"CCACCCATACAGGACATGG::CCATGTCCTGTATGGGTGG","0","0","0.59082807","0.0056655022","-1.0311949"
"CACCCATACAGGACATGGG::CCCATGTCCTGTATGGGTG","0","0","0.64620723","-0.16636121","-0.8555009"
"ACCCATACAGGACATGGGC::GCCCATGTCCTGTATGGGT","0","0","0.65309534","-0.2621559","-0.86328124"
"CCCATACAGGACATGGGCC::GGCCCATGTCCTGTATGGG","0","0","0.553651","-0.41685689","-0.74775401"
"CCATACAGGACATGGGCCT::AGGCCCATGTCCTGTATGG","0","0","0.60077575","-0.32292739","-0.5788736"
"CATACAGGACATGGGCCTA::TAGGCCCATGTCCTGTATG","0","0","0.52046475","-0.36469756","-0.60405686"
"ATACAGGACATGGGCCTAC::GTAGGCCCATGTCCTGTAT","0","0","0.78449278","-0.42919147","-0.54357481"
"TACAGGACATGGGCCTACC::GGTAGGCCCATGTCCTGTA","0","0","0.84342085","-0.34659946","-0.54510743"
"ACAGGACATGGGCCTACCA::TGGTAGGCCCATGTCCTGT","0","0","0.59059292","-0.29597853","-0.42108296"
"CAGGACATGGGCCTACCAT::ATGGTAGGCCCATGTCCTG","1","0","0.57565348","-0.37483939","-0.37865631"
"AGGACATGGGCCTACCATG::CATGGTAGGCCCATGTCCT","1","0","0.69593355","-0.38617812","-0.38344452"
"GGACATGGGCCTACCATGG::CCATGGTAGGCCCATGTCC","0","0","0.6095048","-0.50762117","-0.5896593"
"GACATGGGCCTACCATGGG::CCCATGGTAGGCCCATGTC","0","0","0.5997937","-0.66789451","-0.58776923"
"ACATGGGCCTACCATGGGA::TCCCATGGTAGGCCCATGT","0","0","0.54279698","-0.92500348","-0.77346109"
"CATGGGCCTACCATGGGAG::CTCCCATGGTAGGCCCATG","0","0","0.56313885","-1.0480043","-0.75755209"
"ATGGGCCTACCATGGGAGC::GCTCCCATGGTAGGCCCAT","0","0","0.62532895","-1.1866496","-0.72002303"
"TGGGCCTACCATGGGAGCT::AGCTCCCATGGTAGGCCCA","0","0","0.68847625","-1.2525281","-0.85298443"
"GGGCCTACCATGGGAGCTA::TAGCTCCCATGGTAGGCCC","0","0","0.45985924","-1.1143008","-0.77166087"
"GGCCTACCATGGGAGCTAC::GTAGCTCCCATGGTAGGCC","0","0","0.43442556","-0.98537838","-0.59646373"
"GCCTACCATGGGAGCTACG::CGTAGCTCCCATGGTAGGC","0","0","0.503307","-1.1067957","-0.70399154"
"CCTACCATGGGAGCTACGA::TCGTAGCTCCCATGGTAGG","0","0","0.51771855","-1.082969","-0.58031263"
"CTACCATGGGAGCTACGAA::TTCGTAGCTCCCATGGTAG","0","0","0.55470666","-1.0198625","-0.51905449"
"TACCATGGGAGCTACGAAG::CTTCGTAGCTCCCATGGTA","0","0","0.83093827","-1.0445604","-0.32361744"
"ACCATGGGAGCTACGAAGC::GCTTCGTAGCTCCCATGGT","0","0","0.75107047","-1.1118859","-0.2457222"
"CCATGGGAGCTACGAAGCC::GGCTTCGTAGCTCCCATGG","0","0","0.58884517","-1.1675605","-0.34259984"
"CATGGGAGCTACGAAGCCC::GGGCTTCGTAGCTCCCATG","0","0","0.65655993","-1.1033991","-0.40781059"
"ATGGGAGCTACGAAGCCCC::GGGGCTTCGTAGCTCCCAT","0","0","0.76871991","-1.0410152","-0.36866309"
"TGGGAGCTACGAAGCCCCC::GGGGGCTTCGTAGCTCCCA","0","0","0.62961994","-1.0524798","-0.50019801"
"GGGAGCTACGAAGCCCCCA::TGGGGGCTTCGTAGCTCCC","0","0","0.46720813","-1.044224","-0.59730233"
"GGAGCTACGAAGCCCCCAC::GTGGGGGCTTCGTAGCTCC","0","0","0.56980445","-1.1048512","-0.68152875"
"GAGCTACGAAGCCCCCACG::CGTGGGGGCTTCGTAGCTC","0","0","0.59080545","-1.0588627","-0.76079198"
"AGCTACGAAGCCCCCACGC::GCGTGGGGGCTTCGTAGCT","0","0","0.62894129","-0.95020337","-0.6574913"
"GCTACGAAGCCCCCACGCA::TGCGTGGGGGCTTCGTAGC","0","0","0.4028741","-0.87285449","-0.71647773"
"CTACGAAGCCCCCACGCAA::TTGCGTGGGGGCTTCGTAG","0","0","0.45059822","-0.92598392","-0.83174411"
"TACGAAGCCCCCACGCAAG::CTTGCGTGGGGGCTTCGTA","0","0","0.64376576","-0.94729034","-0.80649949"
"ACGAAGCCCCCACGCAAGG::CCTTGCGTGGGGGCTTCGT","0","0","0.55039086","-0.97864168","-0.84546451"
"CGAAGCCCCCACGCAAGGA::TCCTTGCGTGGGGGCTTCG","0","0","0.37520229","-0.79178117","-0.71752345"
"GAAGCCCCCACGCAAGGAT::ATCCTTGCGTGGGGGCTTC","0","0","0.45100134","-0.82343627","-0.77444335"
"AAGCCCCCACGCAAGGATC::GATCCTTGCGTGGGGGCTT","0","0","0.65714971","-0.73994856","-0.75992919"
"AGCCCCCACGCAAGGATCA::TGATCCTTGCGTGGGGGCT","0","0","0.41770467","-0.58524704","-0.55197319"
"GCCCCCACGCAAGGATCAG::CTGATCCTTGCGTGGGGGC","0","0","0.33390429","-0.58527458","-0.44829718"
"CCCCCACGCAAGGATCAGC::GCTGATCCTTGCGTGGGGG","0","0","0.46432666","-0.50668614","-0.20170747"
"CCCCACGCAAGGATCAGCG::CGCTGATCCTTGCGTGGGG","0","0","0.59853423","-0.24894595","0.069829616"
"CCCACGCAAGGATCAGCGT::ACGCTGATCCTTGCGTGGG","0","0","0.46313594","-0.04145636","0.37288382"
"CCACGCAAGGATCAGCGTC::GACGCTGATCCTTGCGTGG","0","0","0.63749918","0.2486793","0.60790454"
"CACGCAAGGATCAGCGTCT::AGACGCTGATCCTTGCGTG","0","0","0.66489546","0.41057452","0.72069755"
"ACGCAAGGATCAGCGTCTT::AAGACGCTGATCCTTGCGT","0","0","0.58217367","0.38537357","0.69792326"
"CGCAAGGATCAGCGTCTTC::GAAGACGCTGATCCTTGCG","0","0","0.61851227","0.39548569","0.83112309"
"GCAAGGATCAGCGTCTTCC::GGAAGACGCTGATCCTTGC","0","0","0.77326565","0.16574696","0.82649038"
"CAAGGATCAGCGTCTTCCC::GGGAAGACGCTGATCCTTG","0","0","0.73153125","0.20644278","0.74057455"
"AAGGATCAGCGTCTTCCCT::AGGGAAGACGCTGATCCTT","0","0","0.74961319","0.1103919","0.59365666"
"AGGATCAGCGTCTTCCCTC::GAGGGAAGACGCTGATCCT","0","0","0.77130399","-0.091302431","0.3067515"
"GGATCAGCGTCTTCCCTCG::CGAGGGAAGACGCTGATCC","0","0","0.61259767","-0.11952835","0.23334861"
"GATCAGCGTCTTCCCTCGT::ACGAGGGAAGACGCTGATC","0","0","0.61512461","-0.12750606","0.16153043"
"ATCAGCGTCTTCCCTCGTG::CACGAGGGAAGACGCTGAT","0","0","0.76429719","-0.19790037","0.026855071"
"TCAGCGTCTTCCCTCGTGA::TCACGAGGGAAGACGCTGA","0","0","0.77922769","-0.14373204","0.023256563"
"CAGCGTCTTCCCTCGTGAA::TTCACGAGGGAAGACGCTG","0","0","0.49246497","-0.22623341","-0.24373126"
"AGCGTCTTCCCTCGTGAAC::GTTCACGAGGGAAGACGCT","0","0","0.71499174","-0.1327169","-0.31995619"
"GCGTCTTCCCTCGTGAACG::CGTTCACGAGGGAAGACGC","0","0","0.70224137","-0.26548139","-0.47264286"
"CGTCTTCCCTCGTGAACGG::CCGTTCACGAGGGAAGACG","0","0","0.53620364","-0.50028489","-0.66272515"
"GTCTTCCCTCGTGAACGGG::CCCGTTCACGAGGGAAGAC","0","0","0.57551075","-0.70460369","-0.78329351"
"TCTTCCCTCGTGAACGGGG::CCCCGTTCACGAGGGAAGA","0","0","0.75875401","-0.7582028","-0.78394776"
"CTTCCCTCGTGAACGGGGT::ACCCCGTTCACGAGGGAAG","0","0","0.61815804","-0.93378126","-0.96343729"
"TTCCCTCGTGAACGGGGTT::AACCCCGTTCACGAGGGAA","0","0","0.62607426","-0.83444957","-0.91909658"
"TCCCTCGTGAACGGGGTTG::CAACCCCGTTCACGAGGGA","0","0","0.66567023","-0.92202333","-0.82713024"
"CCCTCGTGAACGGGGTTGT::ACAACCCCGTTCACGAGGG","0","0","0.47754297","-0.73046879","-0.76462939"
"CCTCGTGAACGGGGTTGTT::AACAACCCCGTTCACGAGG","0","0","0.44230682","-0.5283546","-0.64109573"
"CTCGTGAACGGGGTTGTTA::TAACAACCCCGTTCACGAG","0","0","0.65178639","-0.3357917","-0.71027889"
"TCGTGAACGGGGTTGTTAG::CTAACAACCCCGTTCACGA","0","0","0.83047872","-0.31281825","-0.73775156"
"CGTGAACGGGGTTGTTAGA::TCTAACAACCCCGTTCACG","0","0","0.48399033","-0.30149181","-0.73386417"
"GTGAACGGGGTTGTTAGAC::GTCTAACAACCCCGTTCAC","0","0","0.74287958","-0.33252292","-0.70563485"
"TGAACGGGGTTGTTAGACT::AGTCTAACAACCCCGTTCA","0","0","0.84101101","-0.50636157","-0.68745427"
"GAACGGGGTTGTTAGACTC::GAGTCTAACAACCCCGTTC","0","0","0.72976927","-0.6938618","-0.83244581"
"AACGGGGTTGTTAGACTCC::GGAGTCTAACAACCCCGTT","0","0","0.78265515","-0.7045031","-0.82405255"
"ACGGGGTTGTTAGACTCCT::AGGAGTCTAACAACCCCGT","0","0","0.69251557","-0.65002126","-0.84711513"
"CGGGGTTGTTAGACTCCTG::CAGGAGTCTAACAACCCCG","0","0","0.62495532","-0.59689379","-0.87150452"
"GGGGTTGTTAGACTCCTGT::ACAGGAGTCTAACAACCCC","0","0","0.64917803","-0.6087791","-0.90781091"
"GGGTTGTTAGACTCCTGTC::GACAGGAGTCTAACAACCC","0","0","0.66802837","-0.51211791","-0.75692576"
"GGTTGTTAGACTCCTGTCA::TGACAGGAGTCTAACAACC","0","0","0.6863663","-0.35392947","-0.82612967"
"GTTGTTAGACTCCTGTCAA::TTGACAGGAGTCTAACAAC","0","0","0.66447935","-0.27858999","-0.90764244"
"TTGTTAGACTCCTGTCAAA::TTTGACAGGAGTCTAACAA","0","0","0.73010339","-0.2819782","-0.89659081"
"TGTTAGACTCCTGTCAAAG::CTTTGACAGGAGTCTAACA","0","0","0.8828262","-0.34468096","-0.86164928"
"GTTAGACTCCTGTCAAAGC::GCTTTGACAGGAGTCTAAC","0","0","0.78521128","-0.39277526","-0.52249012"
"TTAGACTCCTGTCAAAGCC::GGCTTTGACAGGAGTCTAA","0","0","1.0415235","-0.51579872","-0.58607772"
"TAGACTCCTGTCAAAGCCT::AGGCTTTGACAGGAGTCTA","0","0","0.92531216","-0.55026742","-0.5855329"
"AGACTCCTGTCAAAGCCTT::AAGGCTTTGACAGGAGTCT","0","0","0.66120544","-0.49843683","-0.55438425"
"GACTCCTGTCAAAGCCTTG::CAAGGCTTTGACAGGAGTC","0","0","0.69614457","-0.33016532","-0.54945866"
"ACTCCTGTCAAAGCCTTGG::CCAAGGCTTTGACAGGAGT","0","0","0.80267389","-0.41638249","-0.37940702"
"CTCCTGTCAAAGCCTTGGG::CCCAAGGCTTTGACAGGAG","0","0","0.7055449","-0.51005057","-0.38176703"
"TCCTGTCAAAGCCTTGGGA::TCCCAAGGCTTTGACAGGA","0","0","0.65574217","-0.595653","-0.37967014"
"CCTGTCAAAGCCTTGGGAC::GTCCCAAGGCTTTGACAGG","0","0","0.62369858","-0.60851707","-0.47730006"
"CTGTCAAAGCCTTGGGACG::CGTCCCAAGGCTTTGACAG","0","0","0.70401007","-0.50090999","-0.51646863"
"TGTCAAAGCCTTGGGACGT::ACGTCCCAAGGCTTTGACA","0","0","0.74217527","-0.40423633","-0.62134321"
"GTCAAAGCCTTGGGACGTG::CACGTCCCAAGGCTTTGAC","0","0","0.56963975","-0.4312172","-0.54525625"
"TCAAAGCCTTGGGACGTGG::CCACGTCCCAAGGCTTTGA","0","0","0.77115019","-0.49019486","-0.50834772"
"CAAAGCCTTGGGACGTGGT::ACCACGTCCCAAGGCTTTG","0","0","0.63366334","-0.60891226","-0.51166021"
"AAAGCCTTGGGACGTGGTG::CACCACGTCCCAAGGCTTT","0","0","0.7587323","-0.79933222","-0.65024545"
"AAGCCTTGGGACGTGGTGA::TCACCACGTCCCAAGGCTT","0","0","0.73058831","-0.86234582","-0.83369404"
"AGCCTTGGGACGTGGTGAC::GTCACCACGTCCCAAGGCT","0","0","0.63175243","-0.67554015","-0.73531745"
"GCCTTGGGACGTGGTGACT::AGTCACCACGTCCCAAGGC","0","0","0.47212549","-0.61745151","-0.76152885"
"CCTTGGGACGTGGTGACTG::CAGTCACCACGTCCCAAGG","0","0","0.6726308","-0.6257044","-0.80434526"
"CTTGGGACGTGGTGACTGG::CCAGTCACCACGTCCCAAG","0","0","0.67612302","-0.68057884","-0.90379244"
"TTGGGACGTGGTGACTGGA::TCCAGTCACCACGTCCCAA","0","0","0.74858869","-0.59502751","-1.0925518"
"TGGGACGTGGTGACTGGAG::CTCCAGTCACCACGTCCCA","0","0","0.82129594","-0.49838326","-1.1054474"
"GGGACGTGGTGACTGGAGT::ACTCCAGTCACCACGTCCC","0","0","0.64268214","-0.3954639","-1.0730653"
"GGACGTGGTGACTGGAGTT::AACTCCAGTCACCACGTCC","0","0","0.55848386","-0.35581866","-0.84018755"
"GACGTGGTGACTGGAGTTA::TAACTCCAGTCACCACGTC","0","0","0.55092843","-0.37979481","-0.8264328"
"ACGTGGTGACTGGAGTTAC::GTAACTCCAGTCACCACGT","0","0","0.73685503","-0.47273602","-0.78157588"
"CGTGGTGACTGGAGTTACA::TGTAACTCCAGTCACCACG","0","0","0.63479833","-0.47474745","-0.89704613"
"GTGGTGACTGGAGTTACAG::CTGTAACTCCAGTCACCAC","0","0","0.7920428","-0.50250713","-0.99748757"
"TGGTGACTGGAGTTACAGG::CCTGTAACTCCAGTCACCA","0","0","0.82817445","-0.4485258","-1.0100383"
"GGTGACTGGAGTTACAGGA::TCCTGTAACTCCAGTCACC","0","0","0.69217878","-0.45958955","-0.99271916"
"GTGACTGGAGTTACAGGAA::TTCCTGTAACTCCAGTCAC","0","0","0.65889084","-0.54352443","-1.1844651"
"TGACTGGAGTTACAGGAAT::ATTCCTGTAACTCCAGTCA","0","0","0.76496963","-0.71405439","-1.2010534"
"GACTGGAGTTACAGGAATA::TATTCCTGTAACTCCAGTC","0","0","0.58970999","-0.72795419","-1.0277624"
"ACTGGAGTTACAGGAATAG::CTATTCCTGTAACTCCAGT","0","0","0.75144067","-0.73860994","-1.0148502"
"CTGGAGTTACAGGAATAGC::GCTATTCCTGTAACTCCAG","0","0","0.82137598","-0.69450674","-0.88566058"
"TGGAGTTACAGGAATAGCC::GGCTATTCCTGTAACTCCA","0","0","1.000413","-0.6222825","-0.75749289"
"GGAGTTACAGGAATAGCCA::TGGCTATTCCTGTAACTCC","0","0","0.65485095","-0.36942202","-0.66782053"
"GAGTTACAGGAATAGCCAT::ATGGCTATTCCTGTAACTC","0","0","0.58351226","-0.38282802","-0.51303335"
"AGTTACAGGAATAGCCATG::CATGGCTATTCCTGTAACT","0","0","0.7489196","-0.44589641","-0.61355483"
"GTTACAGGAATAGCCATGA::TCATGGCTATTCCTGTAAC","0","0","0.69200352","-0.44294298","-0.65907113"
"TTACAGGAATAGCCATGAC::GTCATGGCTATTCCTGTAA","0","0","0.87576601","-0.43101721","-0.72495114"
"TACAGGAATAGCCATGACT::AGTCATGGCTATTCCTGTA","0","0","0.94861815","-0.40715495","-0.6763513"
"ACAGGAATAGCCATGACTG::CAGTCATGGCTATTCCTGT","0","0","0.87191401","-0.28675068","-0.51490614"
"CAGGAATAGCCATGACTGA::TCAGTCATGGCTATTCCTG","0","0","0.57952371","-0.38761681","-0.49078496"
"AGGAATAGCCATGACTGAC::GTCAGTCATGGCTATTCCT","0","0","0.82365518","-0.2063798","-0.37519439"
"GGAATAGCCATGACTGACA::TGTCAGTCATGGCTATTCC","0","0","0.7223327","-0.19389203","-0.22504701"
"GAATAGCCATGACTGACAC::GTGTCAGTCATGGCTATTC","0","0","0.74907398","-0.023405083","-0.35100707"
"AATAGCCATGACTGACACC::GGTGTCAGTCATGGCTATT","0","0","0.86039887","-0.043685553","-0.58103879"
"ATAGCCATGACTGACACCA::TGGTGTCAGTCATGGCTAT","0","0","0.90262633","-0.1569291","-0.66776096"
"TAGCCATGACTGACACCAC::GTGGTGTCAGTCATGGCTA","0","0","0.91616965","-0.2087643","-0.71801437"
"AGCCATGACTGACACCACA::TGTGGTGTCAGTCATGGCT","0","0","0.67538179","-0.35864983","-0.88705358"
"GCCATGACTGACACCACAC::GTGTGGTGTCAGTCATGGC","0","0","0.74292282","-0.6051483","-0.97930862"
"CCATGACTGACACCACACC::GGTGTGGTGTCAGTCATGG","0","0","0.71745941","-0.55315837","-1.1202506"
"CATGACTGACACCACACCA::TGGTGTGGTGTCAGTCATG","0","0","0.69552174","-0.48081887","-1.0612394"
"ATGACTGACACCACACCAT::ATGGTGTGGTGTCAGTCAT","0","0","0.83233746","-0.5586108","-1.0239635"
"TGACTGACACCACACCATA::TATGGTGTGGTGTCAGTCA","0","0","0.82751835","-0.56128967","-1.0060317"
"GACTGACACCACACCATAC::GTATGGTGTGGTGTCAGTC","0","0","0.69030424","-0.57123061","-1.005487"
"ACTGACACCACACCATACG::CGTATGGTGTGGTGTCAGT","0","0","0.77119726","-0.57330718","-0.99808646"
"CTGACACCACACCATACGG::CCGTATGGTGTGGTGTCAG","0","0","0.71985159","-0.48832079","-1.0070085"
"TGACACCACACCATACGGC::GCCGTATGGTGTGGTGTCA","0","0","0.80475528","-0.53725828","-1.0837663"
"GACACCACACCATACGGCC::GGCCGTATGGTGTGGTGTC","0","0","0.66384856","-0.47372062","-1.1532657"
"ACACCACACCATACGGCCA::TGGCCGTATGGTGTGGTGT","0","0","0.50636427","-0.40987766","-0.92772664"
"CACCACACCATACGGCCAA::TTGGCCGTATGGTGTGGTG","0","0","0.43675719","-0.17966753","-0.84463009"
"ACCACACCATACGGCCAAC::GTTGGCCGTATGGTGTGGT","0","0","0.44682466","-0.13870622","-0.87264152"
"CCACACCATACGGCCAACA::TGTTGGCCGTATGGTGTGG","0","0","0.49117022","-0.15154784","-0.90531775"
"CACACCATACGGCCAACAA::TTGTTGGCCGTATGGTGTG","0","0","0.47138169","-0.083581854","-0.61260351"
"ACACCATACGGCCAACAAA::TTTGTTGGCCGTATGGTGT","0","0","0.4513136","1.4787464e-05","-0.44048583"
"CACCATACGGCCAACAAAG::CTTTGTTGGCCGTATGGTG","0","0","0.60336587","0.14851862","-0.25393886"
"ACCATACGGCCAACAAAGA::TCTTTGTTGGCCGTATGGT","0","0","0.47405237","0.24269145","0.049308364"
"CCATACGGCCAACAAAGAG::CTCTTTGTTGGCCGTATGG","0","0","0.56124093","0.33211565","0.26097229"
"CATACGGCCAACAAAGAGT::ACTCTTTGTTGGCCGTATG","0","0","0.68518229","0.2663568","0.34349014"
"ATACGGCCAACAAAGAGTC::GACTCTTTGTTGGCCGTAT","0","0","0.85538667","0.22181024","0.44502587"
"TACGGCCAACAAAGAGTCT::AGACTCTTTGTTGGCCGTA","0","0","0.72407932","0.14031716","0.27875212"
"ACGGCCAACAAAGAGTCTT::AAGACTCTTTGTTGGCCGT","0","0","0.68438587","0.13799094","0.36932194"
"CGGCCAACAAAGAGTCTTC::GAAGACTCTTTGTTGGCCG","0","0","0.62586502","0.17911833","0.46709097"
"GGCCAACAAAGAGTCTTCA::TGAAGACTCTTTGTTGGCC","0","0","0.48632335","0.31085248","0.65808363"
"GCCAACAAAGAGTCTTCAA::TTGAAGACTCTTTGTTGGC","0","0","0.44527617","0.26208653","0.70791266"
"CCAACAAAGAGTCTTCAAA::TTTGAAGACTCTTTGTTGG","0","0","0.48006272","0.055766616","0.60832658"
"CAACAAAGAGTCTTCAAAG::CTTTGAAGACTCTTTGTTG","0","0","0.73244059","0.18378616","0.71931955"
"AACAAAGAGTCTTCAAAGA::TCTTTGAAGACTCTTTGTT","0","0","0.64679182","0.30575163","1.031649"
"ACAAAGAGTCTTCAAAGAA::TTCTTTGAAGACTCTTTGT","0","0","0.56716961","0.26198615","0.99845692"
"CAAAGAGTCTTCAAAGAAA::TTTCTTTGAAGACTCTTTG","0","0","0.49899738","0.25740459","0.94102274"
"AAAGAGTCTTCAAAGAAAA::TTTTCTTTGAAGACTCTTT","0","1","0.56609802","0.1905677","1.0617175"
"AAGAGTCTTCAAAGAAAAA::TTTTTCTTTGAAGACTCTT","0","1","0.49334412","0.52761554","1.0803017"
"AGAGTCTTCAAAGAAAAAG::CTTTTTCTTTGAAGACTCT","0","1","0.68743506","0.48000579","1.0532752"
"GAGTCTTCAAAGAAAAAGT::ACTTTTTCTTTGAAGACTC","0","0","0.58194634","0.53936281","1.0088003"
"AGTCTTCAAAGAAAAAGTG::CACTTTTTCTTTGAAGACT","0","0","0.65459987","0.6260721","0.90578544"
"GTCTTCAAAGAAAAAGTGG::CCACTTTTTCTTTGAAGAC","0","0","0.61036433","0.56647242","1.018132"
"TCTTCAAAGAAAAAGTGGA::TCCACTTTTTCTTTGAAGA","0","0","0.61728133","0.55509512","0.90551624"
"CTTCAAAGAAAAAGTGGAC::GTCCACTTTTTCTTTGAAG","0","0","0.5722169","0.47672923","0.81184444"
"TTCAAAGAAAAAGTGGACA::TGTCCACTTTTTCTTTGAA","0","0","0.68680184","0.45543372","0.78199459"
"TCAAAGAAAAAGTGGACAC::GTGTCCACTTTTTCTTTGA","0","0","0.70408353","0.43553933","0.48347371"
"CAAAGAAAAAGTGGACACC::GGTGTCCACTTTTTCTTTG","0","0","0.66465102","0.31491554","0.41983047"
"AAAGAAAAAGTGGACACCA::TGGTGTCCACTTTTTCTTT","1","0","0.71096951","0.13309712","0.28730015"
"AAGAAAAAGTGGACACCAG::CTGGTGTCCACTTTTTCTT","1","0","0.70547418","-0.0085848391","0.13718518"
"AGAAAAAGTGGACACCAGG::CCTGGTGTCCACTTTTTCT","0","0","0.78369287","-0.20689506","-0.12742381"
"GAAAAAGTGGACACCAGGG::CCCTGGTGTCCACTTTTTC","0","0","0.81294883","-0.32003356","-0.090573485"
"AAAAAGTGGACACCAGGGT::ACCCTGGTGTCCACTTTTT","0","0","0.82033926","-0.39765317","-0.20313357"
"AAAAGTGGACACCAGGGTG::CACCCTGGTGTCCACTTTT","0","0","0.84847224","-0.87328594","-0.48383937"
"AAAGTGGACACCAGGGTGC::GCACCCTGGTGTCCACTTT","0","0","0.86773481","-0.76823988","-0.73370421"
"AAGTGGACACCAGGGTGCC::GGCACCCTGGTGTCCACTT","0","0","0.75297495","-0.79596827","-0.73494933"
"AGTGGACACCAGGGTGCCA::TGGCACCCTGGTGTCCACT","0","0","0.53001513","-0.913726","-0.7070299"
"GTGGACACCAGGGTGCCAG::CTGGCACCCTGGTGTCCAC","0","0","0.70668783","-0.89518421","-0.65668554"
"TGGACACCAGGGTGCCAGA::TCTGGCACCCTGGTGTCCA","0","0","0.62047288","-0.73680379","-0.42320642"
"GGACACCAGGGTGCCAGAT::ATCTGGCACCCTGGTGTCC","0","0","0.45492807","-0.72454841","-0.39458593"
"GACACCAGGGTGCCAGATC::GATCTGGCACCCTGGTGTC","0","0","0.66996782","-0.82992977","-0.40877261"
"ACACCAGGGTGCCAGATCC::GGATCTGGCACCCTGGTGT","0","0","0.67557317","-0.84803129","-0.26005763"
"CACCAGGGTGCCAGATCCC::GGGATCTGGCACCCTGGTG","0","0","0.55756324","-0.80710906","-0.14620646"
"ACCAGGGTGCCAGATCCCC::GGGGATCTGGCACCCTGGT","0","0","0.56324236","-0.68527681","-0.093756688"
"CCAGGGTGCCAGATCCCCA::TGGGGATCTGGCACCCTGG","0","0","0.45008011","-0.67182537","-0.35844557"
"CAGGGTGCCAGATCCCCAA::TTGGGGATCTGGCACCCTG","0","0","0.48801371","-0.4651315","-0.37538219"
"AGGGTGCCAGATCCCCAAG::CTTGGGGATCTGGCACCCT","0","0","0.54502412","-0.28736236","-0.56656171"
"GGGTGCCAGATCCCCAAGA::TCTTGGGGATCTGGCACCC","0","0","0.42908146","-0.31326827","-0.58281821"
"GGTGCCAGATCCCCAAGAA::TTCTTGGGGATCTGGCACC","0","0","0.32425736","-0.27253012","-0.40645877"
"GTGCCAGATCCCCAAGAAG::CTTCTTGGGGATCTGGCAC","0","0","0.53336746","-0.3311706","-0.14688269"
"TGCCAGATCCCCAAGAAGG::CCTTCTTGGGGATCTGGCA","0","0","0.73390538","-0.24650351","-0.16978702"
"GCCAGATCCCCAAGAAGGC::GCCTTCTTGGGGATCTGGC","0","0","0.48679498","-0.085529106","-0.051375789"
"CCAGATCCCCAAGAAGGCA::TGCCTTCTTGGGGATCTGG","0","0","0.39236492","-0.14323812","-0.18120431"
"CAGATCCCCAAGAAGGCAC::GTGCCTTCTTGGGGATCTG","0","0","0.60459568","-0.30746962","-0.3933224"
"AGATCCCCAAGAAGGCACT::AGTGCCTTCTTGGGGATCT","0","0","0.55761213","-0.49362624","-0.61365628"
"GATCCCCAAGAAGGCACTC::GAGTGCCTTCTTGGGGATC","0","0","0.52989122","-0.5034244","-0.74569818"
"ATCCCCAAGAAGGCACTCG::CGAGTGCCTTCTTGGGGAT","0","0","0.71469098","-0.55474145","-0.75043063"
"TCCCCAAGAAGGCACTCGC::GCGAGTGCCTTCTTGGGGA","0","0","0.72001184","-0.60599992","-0.80627975"
"CCCCAAGAAGGCACTCGCC::GGCGAGTGCCTTCTTGGGG","0","0","0.48872559","-0.65630401","-0.82307886"
"CCCAAGAAGGCACTCGCCA::TGGCGAGTGCCTTCTTGGG","0","0","0.49571189","-0.61484524","-0.62331795"
"CCAAGAAGGCACTCGCCAG::CTGGCGAGTGCCTTCTTGG","0","0","0.57194757","-0.65954962","-0.46002724"
"CAAGAAGGCACTCGCCAGG::CCTGGCGAGTGCCTTCTTG","0","0","0.66745461","-0.98700805","-0.51101776"
"AAGAAGGCACTCGCCAGGT::ACCTGGCGAGTGCCTTCTT","0","0","0.74788154","-0.98138293","-0.56080806"
"AGAAGGCACTCGCCAGGTA::TACCTGGCGAGTGCCTTCT","0","0","0.51183456","-1.0085265","-0.67399171"
"GAAGGCACTCGCCAGGTAA::TTACCTGGCGAGTGCCTTC","0","0","0.55315163","-0.96691561","-0.75637962"
"AAGGCACTCGCCAGGTAAT::ATTACCTGGCGAGTGCCTT","0","0","0.60407971","-1.0795971","-0.80013955"
"AGGCACTCGCCAGGTAATG::CATTACCTGGCGAGTGCCT","0","0","0.65604308","-1.1364555","-0.86621658"
"GGCACTCGCCAGGTAATGA::TCATTACCTGGCGAGTGCC","0","0","0.48692366","-0.88542041","-0.62097996"
"GCACTCGCCAGGTAATGAA::TTCATTACCTGGCGAGTGC","0","0","0.51585501","-0.83498932","-0.50163694"
"CACTCGCCAGGTAATGAAC::GTTCATTACCTGGCGAGTG","0","0","0.68236282","-0.43616882","-0.22295797"
"ACTCGCCAGGTAATGAACA::TGTTCATTACCTGGCGAGT","0","0","0.71593298","-0.39805926","-0.24443873"
"CTCGCCAGGTAATGAACAT::ATGTTCATTACCTGGCGAG","0","0","0.64384569","-0.58319275","-0.31577185"
"TCGCCAGGTAATGAACATA::TATGTTCATTACCTGGCGA","0","0","0.79336135","-0.4751906","-0.24224756"
"CGCCAGGTAATGAACATAG::CTATGTTCATTACCTGGCG","0","0","0.72549737","-0.57093746","-0.30905154"
"GCCAGGTAATGAACATAGT::ACTATGTTCATTACCTGGC","0","0","0.57201332","-0.56445601","-0.38337454"
"CCAGGTAATGAACATAGTC::GACTATGTTCATTACCTGG","0","0","0.81617253","-0.5215703","-0.41233333"
"CAGGTAATGAACATAGTCT::AGACTATGTTCATTACCTG","0","0","0.85448937","-0.34557076","-0.45790476"
"AGGTAATGAACATAGTCTC::GAGACTATGTTCATTACCT","0","0","0.91132173","-0.2955465","-0.41003085"
"GGTAATGAACATAGTCTCT::AGAGACTATGTTCATTACC","0","0","0.68147276","-0.18387956","-0.28010272"
"GTAATGAACATAGTCTCTT::AAGAGACTATGTTCATTAC","0","0","0.82515999","-0.015032816","-0.33864001"
"TAATGAACATAGTCTCTTC::GAAGAGACTATGTTCATTA","0","0","1.002473","0.1376523","-0.15134358"
"AATGAACATAGTCTCTTCC::GGAAGAGACTATGTTCATT","0","0","0.96979488","-0.10351008","-0.19551018"
"ATGAACATAGTCTCTTCCT::AGGAAGAGACTATGTTCAT","0","1","0.96523032","-0.3877758","-0.42337415"
"TGAACATAGTCTCTTCCTG::CAGGAAGAGACTATGTTCA","0","0","0.97292244","-0.47268257","-0.58082073"
"GAACATAGTCTCTTCCTGG::CCAGGAAGAGACTATGTTC","0","0","0.87302268","-0.81105058","-0.8744503"
"AACATAGTCTCTTCCTGGC::GCCAGGAAGAGACTATGTT","0","0","0.88355309","-0.84534401","-0.85717135"
"ACATAGTCTCTTCCTGGCT::AGCCAGGAAGAGACTATGT","0","0","0.85977115","-0.60107995","-0.55763613"
"CATAGTCTCTTCCTGGCTG::CAGCCAGGAAGAGACTATG","0","0","0.74625545","-0.58683172","-0.49532803"
"ATAGTCTCTTCCTGGCTGT::ACAGCCAGGAAGAGACTAT","0","0","0.7951933","-0.53145512","-0.37334059"
"TAGTCTCTTCCTGGCTGTG::CACAGCCAGGAAGAGACTA","0","0","0.79901507","-0.65684988","-0.42228541"
"AGTCTCTTCCTGGCTGTGG::CCACAGCCAGGAAGAGACT","0","0","0.79348136","-0.75471169","-0.44057953"
"GTCTCTTCCTGGCTGTGGA::TCCACAGCCAGGAAGAGAC","0","0","0.6053997","-0.73736682","-0.35040462"
"TCTCTTCCTGGCTGTGGAA::TTCCACAGCCAGGAAGAGA","0","1","0.60588646","-0.9030362","-0.32382697"
"CTCTTCCTGGCTGTGGAAG::CTTCCACAGCCAGGAAGAG","0","1","0.62431356","-1.0142302","-0.73020524"
"TCTTCCTGGCTGTGGAAGG::CCTTCCACAGCCAGGAAGA","1","1","0.79488822","-1.1661861","-0.8084889"
"CTTCCTGGCTGTGGAAGGA::TCCTTCCACAGCCAGGAAG","0","0","0.53795391","-1.0764532","-0.7239419"
"TTCCTGGCTGTGGAAGGAG::CTCCTTCCACAGCCAGGAA","0","0","0.73120616","-0.88268091","-0.70500654"
"TCCTGGCTGTGGAAGGAGC::GCTCCTTCCACAGCCAGGA","0","0","0.68159609","-0.82797851","-0.59584929"
"CCTGGCTGTGGAAGGAGCT::AGCTCCTTCCACAGCCAGG","0","0","0.62102271","-0.87206932","-0.54236522"
"CTGGCTGTGGAAGGAGCTG::CAGCTCCTTCCACAGCCAG","0","0","0.69557564","-0.81806503","-0.27190443"
"TGGCTGTGGAAGGAGCTGG::CCAGCTCCTTCCACAGCCA","0","0","0.779756","-0.8390219","-0.2812641"
"GGCTGTGGAAGGAGCTGGG::CCCAGCTCCTTCCACAGCC","0","0","0.56190859","-1.1810923","-0.52835749"
"GCTGTGGAAGGAGCTGGGG::CCCCAGCTCCTTCCACAGC","0","0","0.62083097","-1.4268848","-0.71154617"
"CTGTGGAAGGAGCTGGGGA::TCCCCAGCTCCTTCCACAG","0","0","0.60505575","-1.3860031","-0.69408083"
"TGTGGAAGGAGCTGGGGAA::TTCCCCAGCTCCTTCCACA","0","0","0.63388854","-1.3088949","-0.58198092"
"GTGGAAGGAGCTGGGGAAA::TTTCCCCAGCTCCTTCCAC","0","0","0.48366825","-1.2832595","-0.39334965"
"TGGAAGGAGCTGGGGAAAC::GTTTCCCCAGCTCCTTCCA","0","0","0.7518249","-1.3266392","-0.45110975"
"GGAAGGAGCTGGGGAAACG::CGTTTCCCCAGCTCCTTCC","0","1","0.6193348","-1.05014","-0.48025446"
"GAAGGAGCTGGGGAAACGC::GCGTTTCCCCAGCTCCTTC","0","0","0.79988628","-0.97657081","-0.14031571"
"AAGGAGCTGGGGAAACGCA::TGCGTTTCCCCAGCTCCTT","0","0","0.71097969","-0.95063901","-0.12292455"
"AGGAGCTGGGGAAACGCAA::TTGCGTTTCCCCAGCTCCT","0","0","0.71386014","-1.1464155","-0.34245601"
"GGAGCTGGGGAAACGCAAG::CTTGCGTTTCCCCAGCTCC","0","0","0.67343989","-1.0983629","-0.3418328"
"GAGCTGGGGAAACGCAAGC::GCTTGCGTTTCCCCAGCTC","0","0","0.7967897","-0.88158541","-0.46671464"
"AGCTGGGGAAACGCAAGCG::CGCTTGCGTTTCCCCAGCT","0","0","0.751489","-0.78639739","-0.39122871"
"GCTGGGGAAACGCAAGCGG::CCGCTTGCGTTTCCCCAGC","0","0","0.5965807","-0.75626875","-0.39358525"
"CTGGGGAAACGCAAGCGGC::GCCGCTTGCGTTTCCCCAG","0","0","0.69949025","-0.77267053","-0.36375176"
"TGGGGAAACGCAAGCGGCC::GGCCGCTTGCGTTTCCCCA","0","0","0.75517025","-0.50806125","-0.4058502"
"GGGGAAACGCAAGCGGCCA::TGGCCGCTTGCGTTTCCCC","0","0","0.49194085","-0.20772968","-0.21838218"
"GGGAAACGCAAGCGGCCAC::GTGGCCGCTTGCGTTTCCC","0","0","0.51040146","-0.015287809","-0.36610067"
"GGAAACGCAAGCGGCCACG::CGTGGCCGCTTGCGTTTCC","0","0","0.62545726","0.037965852","-0.43701155"
"GAAACGCAAGCGGCCACGC::GCGTGGCCGCTTGCGTTTC","0","0","0.66407075","0.15863641","-0.49929056"
"AAACGCAAGCGGCCACGCG::CGCGTGGCCGCTTGCGTTT","0","0","0.72194879","0.24199261","-0.25986751"
"AACGCAAGCGGCCACGCGT::ACGCGTGGCCGCTTGCGTT","0","0","0.68864936","0.18287179","-0.33083303"
"ACGCAAGCGGCCACGCGTC::GACGCGTGGCCGCTTGCGT","0","0","0.63050217","0.29887326","-0.27284817"
"CGCAAGCGGCCACGCGTCT::AGACGCGTGGCCGCTTGCG","0","0","0.4404891","0.33075935","-0.16522708"
"GCAAGCGGCCACGCGTCTG::CAGACGCGTGGCCGCTTGC","0","0","0.55716684","0.33147842","-0.15569912"
"CAAGCGGCCACGCGTCTGC::GCAGACGCGTGGCCGCTTG","0","0","0.69443981","0.4141481","-0.12064945"
"AAGCGGCCACGCGTCTGCA::TGCAGACGCGTGGCCGCTT","0","0","0.60046352","0.34578566","-0.10663346"
"AGCGGCCACGCGTCTGCAC::GTGCAGACGCGTGGCCGCT","0","0","0.56610429","0.31030741","-0.28148907"
"GCGGCCACGCGTCTGCACC::GGTGCAGACGCGTGGCCGC","0","0","0.64804199","0.25776212","-0.26185986"
"CGGCCACGCGTCTGCACCA::TGGTGCAGACGCGTGGCCG","0","0","0.44330217","0.21593807","-0.28932346"
"GGCCACGCGTCTGCACCAA::TTGGTGCAGACGCGTGGCC","0","0","0.35535542","0.277119","-0.14363523"
"GCCACGCGTCTGCACCAAA::TTTGGTGCAGACGCGTGGC","0","0","0.41719997","0.30910949","-0.27244958"
"CCACGCGTCTGCACCAAAG::CTTTGGTGCAGACGCGTGG","0","0","0.61174188","0.27468793","-0.10947393"
"CACGCGTCTGCACCAAAGA::TCTTTGGTGCAGACGCGTG","0","0","0.59970481","0.35594618","0.16846832"
"ACGCGTCTGCACCAAAGAA::TTCTTTGGTGCAGACGCGT","0","0","0.48589379","0.30269843","0.23157878"
"CGCGTCTGCACCAAAGAAG::CTTCTTTGGTGCAGACGCG","0","0","0.57897762","0.28112575","0.30027188"
"GCGTCTGCACCAAAGAAGA::TCTTCTTTGGTGCAGACGC","0","0","0.48230613","0.27343397","0.36375495"
"CGTCTGCACCAAAGAAGAG::CTCTTCTTTGGTGCAGACG","0","0","0.49400322","0.15002029","0.42245145"
"GTCTGCACCAAAGAAGAGT::ACTCTTCTTTGGTGCAGAC","0","0","0.67355197","-0.011539804","0.39794844"
"TCTGCACCAAAGAAGAGTT::AACTCTTCTTTGGTGCAGA","0","0","0.70281553","0.012813209","0.48107165"
"CTGCACCAAAGAAGAGTTT::AAACTCTTCTTTGGTGCAG","0","0","0.50854842","-0.074625037","0.45967915"
"TGCACCAAAGAAGAGTTTA::TAAACTCTTCTTTGGTGCA","0","0","0.63860539","-0.15729542","0.57713003"
"GCACCAAAGAAGAGTTTAT::ATAAACTCTTCTTTGGTGC","0","0","0.39855115","-0.10374928","0.64934805"
"CACCAAAGAAGAGTTTATC::GATAAACTCTTCTTTGGTG","0","0","0.70309204","0.14311926","0.59226149"
"ACCAAAGAAGAGTTTATCA::TGATAAACTCTTCTTTGGT","0","0","0.60485497","0.22310663","0.62822246"
"CCAAAGAAGAGTTTATCAA::TTGATAAACTCTTCTTTGG","0","0","0.47847658","0.28896255","0.6160084"
"CAAAGAAGAGTTTATCAAC::GTTGATAAACTCTTCTTTG","0","0","0.68901591","0.097593768","0.5816009"
"AAAGAAGAGTTTATCAACA::TGTTGATAAACTCTTCTTT","0","0","0.75385226","-0.083835835","0.43249302"
"AAGAAGAGTTTATCAACAA::TTGTTGATAAACTCTTCTT","0","1","0.71021592","-0.075247374","0.37163144"
"AGAAGAGTTTATCAACAAG::CTTGTTGATAAACTCTTCT","0","0","0.71569159","0.015273437","0.26413771"
"GAAGAGTTTATCAACAAGG::CCTTGTTGATAAACTCTTC","0","0","0.86173193","-0.02756694","0.10651518"
"AAGAGTTTATCAACAAGGT::ACCTTGTTGATAAACTCTT","0","0","0.81927008","-0.062101948","-0.028103502"
"AGAGTTTATCAACAAGGTG::CACCTTGTTGATAAACTCT","0","0","0.8251003","-0.16059236","-0.33786341"
"GAGTTTATCAACAAGGTGC::GCACCTTGTTGATAAACTC","0","0","0.85693416","-0.049536848","-0.4575323"
"AGTTTATCAACAAGGTGCG::CGCACCTTGTTGATAAACT","0","0","0.78634","-0.05075207","-0.4902442"
"GTTTATCAACAAGGTGCGC::GCGCACCTTGTTGATAAAC","0","0","0.67838889","-0.071002063","-0.50271164"
"TTTATCAACAAGGTGCGCA::TGCGCACCTTGTTGATAAA","0","0","0.92130997","-0.048215716","-0.57492787"
"TTATCAACAAGGTGCGCAG::CTGCGCACCTTGTTGATAA","0","0","0.93015478","-0.058721329","-0.59755046"
"TATCAACAAGGTGCGCAGC::GCTGCGCACCTTGTTGATA","0","0","0.90810034","-0.31345859","-0.73144523"
"ATCAACAAGGTGCGCAGCA::TGCTGCGCACCTTGTTGAT","0","0","0.77405909","-0.53691378","-0.90419602"
"TCAACAAGGTGCGCAGCAA::TTGCTGCGCACCTTGTTGA","0","0","0.68327752","-0.72076196","-0.98916672"
"CAACAAGGTGCGCAGCAAT::ATTGCTGCGCACCTTGTTG","0","0","0.6649515","-0.84761337","-0.97299667"
"AACAAGGTGCGCAGCAATG::CATTGCTGCGCACCTTGTT","0","0","0.86039489","-0.74609973","-0.7917696"
"ACAAGGTGCGCAGCAATGC::GCATTGCTGCGCACCTTGT","0","0","0.83660716","-0.78705905","-0.97623323"
"CAAGGTGCGCAGCAATGCA::TGCATTGCTGCGCACCTTG","0","0","0.64133718","-0.9627696","-1.1224693"
"AAGGTGCGCAGCAATGCAG::CTGCATTGCTGCGCACCTT","0","0","0.77926247","-1.018776","-1.098086"
"AGGTGCGCAGCAATGCAGC::GCTGCATTGCTGCGCACCT","0","0","0.7849047","-1.0901629","-1.0968863"
"GGTGCGCAGCAATGCAGCA::TGCTGCATTGCTGCGCACC","0","0","0.49474131","-1.1549367","-1.1329522"
"GTGCGCAGCAATGCAGCAC::GTGCTGCATTGCTGCGCAC","0","0","0.71463049","-1.4215369","-1.1412745"
"TGCGCAGCAATGCAGCACT::AGTGCTGCATTGCTGCGCA","0","0","0.82107626","-1.5662905","-1.3460309"
"GCGCAGCAATGCAGCACTG::CAGTGCTGCATTGCTGCGC","0","0","0.54936883","-1.6050734","-1.4841463"
"CGCAGCAATGCAGCACTGG::CCAGTGCTGCATTGCTGCG","0","0","0.63239622","-1.632492","-1.5648123"
"GCAGCAATGCAGCACTGGG::CCCAGTGCTGCATTGCTGC","0","0","0.63377746","-1.8741431","-1.5285481"
"CAGCAATGCAGCACTGGGA::TCCCAGTGCTGCATTGCTG","0","0","0.64889244","-2.0070569","-1.5744332"
"AGCAATGCAGCACTGGGAG::CTCCCAGTGCTGCATTGCT","0","0","0.68856683","-1.9956226","-1.4735455"
"GCAATGCAGCACTGGGAGC::GCTCCCAGTGCTGCATTGC","0","0","0.59990691","-2.0524731","-1.4173037"
"CAATGCAGCACTGGGAGCA::TGCTCCCAGTGCTGCATTG","0","0","0.6448943","-1.900056","-1.3943897"
"AATGCAGCACTGGGAGCAA::TTGCTCCCAGTGCTGCATT","0","0","0.57743599","-1.975724","-1.5086011"
"ATGCAGCACTGGGAGCAAT::ATTGCTCCCAGTGCTGCAT","0","0","0.65294457","-2.1087554","-1.5677777"
"TGCAGCACTGGGAGCAATA::TATTGCTCCCAGTGCTGCA","0","0","0.72001616","-1.9912733","-1.6138441"
"GCAGCACTGGGAGCAATAT::ATATTGCTCCCAGTGCTGC","0","0","0.51012813","-1.890891","-1.5058833"
"CAGCACTGGGAGCAATATT::AATATTGCTCCCAGTGCTG","0","0","0.65850798","-1.6473453","-1.3557925"
"AGCACTGGGAGCAATATTT::AAATATTGCTCCCAGTGCT","0","0","0.72546317","-1.2778043","-1.1203347"
"GCACTGGGAGCAATATTTG::CAAATATTGCTCCCAGTGC","0","0","0.61085936","-1.0593009","-0.99545449"
"CACTGGGAGCAATATTTGA::TCAAATATTGCTCCCAGTG","0","0","0.60859076","-0.94261375","-0.72524996"
"ACTGGGAGCAATATTTGAA::TTCAAATATTGCTCCCAGT","0","0","0.66319991","-0.72429808","-0.47009134"
"CTGGGAGCAATATTTGAAG::CTTCAAATATTGCTCCCAG","0","0","0.76358709","-0.55700679","-0.19837901"
"TGGGAGCAATATTTGAAGA::TCTTCAAATATTGCTCCCA","0","0","0.6478783","-0.20021969","-0.075274132"
"GGGAGCAATATTTGAAGAG::CTCTTCAAATATTGCTCCC","0","0","0.61216983","-0.062411903","0.18339496"
"GGAGCAATATTTGAAGAGG::CCTCTTCAAATATTGCTCC","0","0","0.63733785","-0.12417687","0.16214286"
"GAGCAATATTTGAAGAGGA::TCCTCTTCAAATATTGCTC","0","0","0.64197681","-0.093827536","0.070087279"
"AGCAATATTTGAAGAGGAA::TTCCTCTTCAAATATTGCT","0","0","0.58659888","-0.18875018","-0.037003079"
"GCAATATTTGAAGAGGAAA::TTTCCTCTTCAAATATTGC","0","0","0.49339779","-0.24216255","0.13660875"
"CAATATTTGAAGAGGAAAA::TTTTCCTCTTCAAATATTG","0","0","0.55929552","-0.029178355","0.38515564"
"AATATTTGAAGAGGAAAAA::TTTTTCCTCTTCAAATATT","2","0","0.64942907","0.34199709","0.83503001"
"ATATTTGAAGAGGAAAAAG::CTTTTTCCTCTTCAAATAT","0","0","0.7661925","0.29093133","0.85184207"
"TATTTGAAGAGGAAAAAGA::TCTTTTTCCTCTTCAAATA","1","0","0.73497297","0.17239973","1.0702886"
"ATTTGAAGAGGAAAAAGAA::TTCTTTTTCCTCTTCAAAT","1","1","0.60479361","0.0034981071","1.1974918"
"TTTGAAGAGGAAAAAGAAT::ATTCTTTTTCCTCTTCAAA","1","0","0.67571636","0.15363156","1.2928388"
"TTGAAGAGGAAAAAGAATG::CATTCTTTTTCCTCTTCAA","1","1","0.8797833","0.3071115","1.3248616"
"TGAAGAGGAAAAAGAATGG::CCATTCTTTTTCCTCTTCA","0","0","0.77970353","0.19376755","1.4011487"
"GAAGAGGAAAAAGAATGGA::TCCATTCTTTTTCCTCTTC","0","0","0.53716971","0.12583115","1.4782083"
"AAGAGGAAAAAGAATGGAA::TTCCATTCTTTTTCCTCTT","1","0","0.58889603","-0.11310054","1.517566"
"AGAGGAAAAAGAATGGAAG::CTTCCATTCTTTTTCCTCT","0","1","0.63296199","-0.1717297","1.0401211"
"GAGGAAAAAGAATGGAAGA::TCTTCCATTCTTTTTCCTC","0","1","0.44197862","0.088294709","1.1557735"
"AGGAAAAAGAATGGAAGAC::GTCTTCCATTCTTTTTCCT","0","0","0.57385067","0.21451255","1.2195457"
"GGAAAAAGAATGGAAGACG::CGTCTTCCATTCTTTTTCC","0","0","0.54719248","0.3610999","1.4769373"
"GAAAAAGAATGGAAGACGG::CCGTCTTCCATTCTTTTTC","0","0","0.57911442","0.49798586","1.3289887"
"AAAAAGAATGGAAGACGGC::GCCGTCTTCCATTCTTTTT","0","0","0.69907484","0.46970112","1.1256217"
"AAAAGAATGGAAGACGGCT::AGCCGTCTTCCATTCTTTT","0","0","0.77445389","0.025201041","0.83153956"
"AAAGAATGGAAGACGGCTG::CAGCCGTCTTCCATTCTTT","0","0","0.7773073","0.1640896","0.73216141"
"AAGAATGGAAGACGGCTGT::ACAGCCGTCTTCCATTCTT","0","0","0.66438521","0.091979955","0.50856374"
"AGAATGGAAGACGGCTGTG::CACAGCCGTCTTCCATTCT","0","0","0.62830364","-0.0841421","0.28252205"
"GAATGGAAGACGGCTGTGG::CCACAGCCGTCTTCCATTC","0","0","0.60944616","-0.3553388","0.098702599"
"AATGGAAGACGGCTGTGGA::TCCACAGCCGTCTTCCATT","0","0","0.60971159","-0.47330127","-0.069107233"
"ATGGAAGACGGCTGTGGAA::TTCCACAGCCGTCTTCCAT","0","0","0.57346614","-0.56530351","-0.076557445"
"TGGAAGACGGCTGTGGAAG::CTTCCACAGCCGTCTTCCA","0","0","0.70282225","-0.59135396","-0.46171828"
"GGAAGACGGCTGTGGAAGC::GCTTCCACAGCCGTCTTCC","0","0","0.51782063","-0.61977957","-0.60395504"
"GAAGACGGCTGTGGAAGCT::AGCTTCCACAGCCGTCTTC","0","0","0.58597461","-0.53189795","-0.21120674"
"AAGACGGCTGTGGAAGCTG::CAGCTTCCACAGCCGTCTT","0","0","0.8124292","-0.68790502","-0.23748098"
"AGACGGCTGTGGAAGCTGT::ACAGCTTCCACAGCCGTCT","0","0","0.61682065","-0.70249153","-0.15988714"
"GACGGCTGTGGAAGCTGTG::CACAGCTTCCACAGCCGTC","0","0","0.64490472","-0.85946947","-0.29555655"
"ACGGCTGTGGAAGCTGTGA::TCACAGCTTCCACAGCCGT","0","0","0.68578522","-0.95833316","-0.36893798"
"CGGCTGTGGAAGCTGTGAA::TTCACAGCTTCCACAGCCG","0","0","0.49125313","-0.98425901","-0.41543936"
"GGCTGTGGAAGCTGTGAAT::ATTCACAGCTTCCACAGCC","0","0","0.48862071","-1.0230763","-0.31354283"
"GCTGTGGAAGCTGTGAATG::CATTCACAGCTTCCACAGC","0","0","0.59865644","-1.0217991","-0.29774152"
"CTGTGGAAGCTGTGAATGA::TCATTCACAGCTTCCACAG","0","0","0.58265882","-0.93488271","-0.23223699"
"TGTGGAAGCTGTGAATGAT::ATCATTCACAGCTTCCACA","0","0","0.70363868","-0.81565597","-0.17691729"
"GTGGAAGCTGTGAATGATC::GATCATTCACAGCTTCCAC","0","0","0.74683858","-0.5990847","-0.1022091"
"TGGAAGCTGTGAATGATCC::GGATCATTCACAGCTTCCA","0","0","0.84589184","-0.53226088","-0.048211431"
"GGAAGCTGTGAATGATCCA::TGGATCATTCACAGCTTCC","0","0","0.57778699","-0.33994799","-0.069527944"
"GAAGCTGTGAATGATCCAA::TTGGATCATTCACAGCTTC","0","0","0.62226616","-0.30536481","0.074397098"
"AAGCTGTGAATGATCCAAG::CTTGGATCATTCACAGCTT","0","0","0.88116607","-0.099193186","-0.030891682"
"AGCTGTGAATGATCCAAGG::CCTTGGATCATTCACAGCT","0","0","0.78376077","-0.24207834","-0.2071085"
"GCTGTGAATGATCCAAGGT::ACCTTGGATCATTCACAGC","0","0","0.59362703","-0.1088315","-0.30659587"
"CTGTGAATGATCCAAGGTT::AACCTTGGATCATTCACAG","0","0","0.6873915","-0.047741979","-0.32276783"
"TGTGAATGATCCAAGGTTT::AAACCTTGGATCATTCACA","0","0","0.74423959","0.19106737","-0.27757019"
"GTGAATGATCCAAGGTTTT::AAAACCTTGGATCATTCAC","0","0","0.54969045","0.25184939","-0.33686498"
"TGAATGATCCAAGGTTTTG::CAAAACCTTGGATCATTCA","0","0","0.79374336","0.16198524","-0.31045385"
"GAATGATCCAAGGTTTTGG::CCAAAACCTTGGATCATTC","0","0","0.68975886","0.2049535","-0.23563183"
"AATGATCCAAGGTTTTGGG::CCCAAAACCTTGGATCATT","0","0","0.74838367","-0.019298315","-0.35613796"
"ATGATCCAAGGTTTTGGGC::GCCCAAAACCTTGGATCAT","0","0","0.71939435","-0.29602282","-0.57092626"
"TGATCCAAGGTTTTGGGCC::GGCCCAAAACCTTGGATCA","0","0","0.77696353","-0.41461671","-0.67319065"
"GATCCAAGGTTTTGGGCCC::GGGCCCAAAACCTTGGATC","0","0","0.49634626","-0.60380358","-0.79993061"
"ATCCAAGGTTTTGGGCCCT::AGGGCCCAAAACCTTGGAT","0","0","0.51639673","-0.6787198","-0.92782332"
"TCCAAGGTTTTGGGCCCTA::TAGGGCCCAAAACCTTGGA","0","0","0.47866431","-0.83983726","-1.1239105"
"CCAAGGTTTTGGGCCCTAG::CTAGGGCCCAAAACCTTGG","0","0","0.49584343","-0.88065603","-1.1147501"
"CAAGGTTTTGGGCCCTAGT::ACTAGGGCCCAAAACCTTG","0","0","0.58595783","-1.0061161","-1.1400977"
"AAGGTTTTGGGCCCTAGTG::CACTAGGGCCCAAAACCTT","0","0","0.719043","-1.0745901","-1.2419754"
"AGGTTTTGGGCCCTAGTGG::CCACTAGGGCCCAAAACCT","0","0","0.6166637","-1.2257227","-1.2487106"
"GGTTTTGGGCCCTAGTGGA::TCCACTAGGGCCCAAAACC","0","0","0.36884204","-1.246067","-1.3199164"
"GTTTTGGGCCCTAGTGGAT::ATCCACTAGGGCCCAAAAC","0","0","0.37473736","-1.2186624","-1.2045149"
"TTTTGGGCCCTAGTGGATA::TATCCACTAGGGCCCAAAA","0","0","0.64690662","-1.1210792","-0.89669308"
"TTTGGGCCCTAGTGGATAG::CTATCCACTAGGGCCCAAA","0","0","0.6832475","-1.0197132","-0.77772186"
"TTGGGCCCTAGTGGATAGG::CCTATCCACTAGGGCCCAA","0","0","0.7108568","-1.0246174","-0.97669431"
"TGGGCCCTAGTGGATAGGG::CCCTATCCACTAGGGCCCA","0","0","0.67704698","-1.0024775","-1.0491803"
"GGGCCCTAGTGGATAGGGA::TCCCTATCCACTAGGGCCC","0","0","0.45616226","-0.99619669","-1.1106416"
"GGCCCTAGTGGATAGGGAG::CTCCCTATCCACTAGGGCC","0","0","0.54138363","-0.98248975","-1.0214411"
"GCCCTAGTGGATAGGGAGA::TCTCCCTATCCACTAGGGC","0","0","0.42204255","-0.8578651","-0.86112459"
"CCCTAGTGGATAGGGAGAG::CTCTCCCTATCCACTAGGG","0","0","0.58477614","-0.78642263","-0.87052459"
"CCTAGTGGATAGGGAGAGA::TCTCTCCCTATCCACTAGG","0","0","0.51786571","-0.54865138","-0.69906489"
"CTAGTGGATAGGGAGAGAG::CTCTCTCCCTATCCACTAG","0","0","0.77297566","-0.38791834","-0.68918443"
"TAGTGGATAGGGAGAGAGA::TCTCTCTCCCTATCCACTA","0","0","0.75004956","-0.16288959","-0.49298105"
"AGTGGATAGGGAGAGAGAA::TTCTCTCTCCCTATCCACT","0","0","0.63855744","-0.085408892","-0.29307515"
"GTGGATAGGGAGAGAGAAC::GTTCTCTCTCCCTATCCAC","0","0","0.70288663","-0.0032309259","-0.37801457"
"TGGATAGGGAGAGAGAACA::TGTTCTCTCTCCCTATCCA","0","0","0.88604718","0.045712992","-0.38326373"
"GGATAGGGAGAGAGAACAC::GTGTTCTCTCTCCCTATCC","0","0","0.67821458","0.0027897711","-0.58259605"
"GATAGGGAGAGAGAACACC::GGTGTTCTCTCTCCCTATC","0","0","0.82026531","-0.12350777","-0.85639837"
"ATAGGGAGAGAGAACACCA::TGGTGTTCTCTCTCCCTAT","0","0","0.9020757","-0.19911116","-1.0049323"
"TAGGGAGAGAGAACACCAC::GTGGTGTTCTCTCTCCCTA","0","0","0.93122373","-0.20275898","-1.0169668"
"AGGGAGAGAGAACACCACC::GGTGGTGTTCTCTCTCCCT","0","0","0.79661384","-0.037452898","-1.0723102"
"GGGAGAGAGAACACCACCT::AGGTGGTGTTCTCTCTCCC","0","0","0.74004503","-0.014916887","-1.0279496"
"GGAGAGAGAACACCACCTG::CAGGTGGTGTTCTCTCTCC","0","0","0.70855039","0.08213343","-1.0467546"
"GAGAGAGAACACCACCTGA::TCAGGTGGTGTTCTCTCTC","0","0","0.66964701","0.085074606","-1.0897488"
"AGAGAGAACACCACCTGAG::CTCAGGTGGTGTTCTCTCT","0","0","0.82818939","-0.085994481","-1.0658963"
"GAGAGAACACCACCTGAGA::TCTCAGGTGGTGTTCTCTC","0","0","0.66971289","-0.27255565","-1.2090582"
"AGAGAACACCACCTGAGAG::CTCTCAGGTGGTGTTCTCT","0","0","0.74835461","-0.27255565","-1.2090582"
"GAGAACACCACCTGAGAGG::CCTCTCAGGTGGTGTTCTC","0","0","0.82864639","-0.56585539","-1.2982463"
"AGAACACCACCTGAGAGGA::TCCTCTCAGGTGGTGTTCT","0","0","0.68024957","-0.63749524","-1.4751153"
"GAACACCACCTGAGAGGAG::CTCCTCTCAGGTGGTGTTC","0","0","0.67032698","-0.71363561","-1.3681311"
"AACACCACCTGAGAGGAGA::TCTCCTCTCAGGTGGTGTT","0","0","0.77611528","-0.73132816","-1.2454336"
"ACACCACCTGAGAGGAGAG::CTCTCCTCTCAGGTGGTGT","0","0","0.69851877","-0.65838682","-1.1811437"
"CACCACCTGAGAGGAGAGT::ACTCTCCTCTCAGGTGGTG","0","0","0.59704013","-0.67097698","-1.0255742"
"ACCACCTGAGAGGAGAGTG::CACTCTCCTCTCAGGTGGT","0","0","0.75851757","-0.65635786","-0.96748271"
"CCACCTGAGAGGAGAGTGT::ACACTCTCCTCTCAGGTGG","0","0","0.60153241","-0.68126005","-0.98751391"
"CACCTGAGAGGAGAGTGTC::GACACTCTCCTCTCAGGTG","0","0","0.69836551","-0.89683233","-0.78055671"
"ACCTGAGAGGAGAGTGTCA::TGACACTCTCCTCTCAGGT","1","0","0.57752025","-0.80844005","-0.77497195"
"CCTGAGAGGAGAGTGTCAC::GTGACACTCTCCTCTCAGG","0","0","0.67017327","-0.83358894","-0.69059677"
"CTGAGAGGAGAGTGTCACA::TGTGACACTCTCCTCTCAG","0","0","0.68244244","-0.92399765","-0.73881007"
"TGAGAGGAGAGTGTCACAG::CTGTGACACTCTCCTCTCA","0","0","0.87052546","-0.94278209","-0.86443817"
"GAGAGGAGAGTGTCACAGC::GCTGTGACACTCTCCTCTC","0","0","0.7559156","-0.94413706","-0.91922871"
"AGAGGAGAGTGTCACAGCT::AGCTGTGACACTCTCCTCT","0","0","0.70069341","-1.0186237","-0.8920677"
"GAGGAGAGTGTCACAGCTG::CAGCTGTGACACTCTCCTC","0","0","0.78719349","-0.93500441","-0.80051405"
"AGGAGAGTGTCACAGCTGT::ACAGCTGTGACACTCTCCT","0","0","0.71863529","-0.91752437","-0.70863459"
"GGAGAGTGTCACAGCTGTG::CACAGCTGTGACACTCTCC","0","0","0.6739475","-1.0253408","-0.77142049"
"GAGAGTGTCACAGCTGTGT::ACACAGCTGTGACACTCTC","0","0","0.82359972","-0.9710544","-0.76125749"
"AGAGTGTCACAGCTGTGTG::CACACAGCTGTGACACTCT","0","0","0.83477234","-1.0473679","-0.63322285"
"GAGTGTCACAGCTGTGTGT::ACACACAGCTGTGACACTC","0","0","0.7521021","-0.82446804","-0.51597017"
"AGTGTCACAGCTGTGTGTA::TACACACAGCTGTGACACT","0","0","0.7694484","-0.60259736","-0.51985028"
"GTGTCACAGCTGTGTGTAC::GTACACACAGCTGTGACAC","0","0","0.71366362","-0.55355004","-0.46187706"
"TGTCACAGCTGTGTGTACA::TGTACACACAGCTGTGACA","0","0","0.9113844","-0.40306027","-0.5757132"
"GTCACAGCTGTGTGTACAA::TTGTACACACAGCTGTGAC","0","0","0.67160727","-0.48300377","-0.50170032"
"TCACAGCTGTGTGTACAAC::GTTGTACACACAGCTGTGA","0","0","0.87613639","-0.53272365","-0.49189118"
"CACAGCTGTGTGTACAACA::TGTTGTACACACAGCTGTG","0","0","0.91006035","-0.52440493","-0.51317186"
"ACAGCTGTGTGTACAACAT::ATGTTGTACACACAGCTGT","0","0","0.83491822","-0.61632509","-0.43007953"
"CAGCTGTGTGTACAACATG::CATGTTGTACACACAGCTG","0","0","0.8739747","-0.58240476","-0.40706752"
"AGCTGTGTGTACAACATGA::TCATGTTGTACACACAGCT","0","0","0.8252942","-0.6053714","-0.41433747"
"GCTGTGTGTACAACATGAT::ATCATGTTGTACACACAGC","0","0","0.66689194","-0.53567007","-0.46080171"
"CTGTGTGTACAACATGATG::CATCATGTTGTACACACAG","0","0","0.85879304","-0.49665409","-0.44796999"
"TGTGTGTACAACATGATGG::CCATCATGTTGTACACACA","0","0","1.0084509","-0.24448876","-0.3235292"
"GTGTGTACAACATGATGGG::CCCATCATGTTGTACACAC","0","0","0.74597712","-0.51560039","-0.44288431"
"TGTGTACAACATGATGGGA::TCCCATCATGTTGTACACA","0","0","0.69042099","-0.60770255","-0.47527715"
"GTGTACAACATGATGGGAA::TTCCCATCATGTTGTACAC","0","0","0.656607","-0.80860324","-0.51534321"
"TGTACAACATGATGGGAAA::TTTCCCATCATGTTGTACA","0","0","0.63840211","-1.0516026","-0.37367029"
"GTACAACATGATGGGAAAA::TTTTCCCATCATGTTGTAC","0","0","0.46513665","-0.94185717","-0.17360453"
"TACAACATGATGGGAAAAA::TTTTTCCCATCATGTTGTA","0","0","0.69736369","-0.54738596","0.12535152"
"ACAACATGATGGGAAAAAG::CTTTTTCCCATCATGTTGT","0","0","0.67065679","-0.49257578","0.27761662"
"CAACATGATGGGAAAAAGA::TCTTTTTCCCATCATGTTG","0","0","0.59687948","-0.40008894","0.44980951"
"AACATGATGGGAAAAAGAG::CTCTTTTTCCCATCATGTT","0","0","0.8385466","-0.3092737","0.75271153"
"ACATGATGGGAAAAAGAGA::TCTCTTTTTCCCATCATGT","0","0","0.63948732","0.027298095","0.92069476"
"CATGATGGGAAAAAGAGAA::TTCTCTTTTTCCCATCATG","0","0","0.56181509","-0.030663263","1.0733801"
"ATGATGGGAAAAAGAGAAA::TTTCTCTTTTTCCCATCAT","0","0","0.61280514","-0.0275833","1.2223369"
"TGATGGGAAAAAGAGAAAA::TTTTCTCTTTTTCCCATCA","0","2","0.57603407","0.076224676","1.4091846"
"GATGGGAAAAAGAGAAAAG::CTTTTCTCTTTTTCCCATC","0","0","0.47573591","0.10409673","1.5320509"
"ATGGGAAAAAGAGAAAAGA::TCTTTTCTCTTTTTCCCAT","1","3","0.60328488","0.10180951","1.7006189"
"TGGGAAAAAGAGAAAAGAA::TTCTTTTCTCTTTTTCCCA","1","2","0.4476396","0.18005186","1.8262752"
"GGGAAAAAGAGAAAAGAAG::CTTCTTTTCTCTTTTTCCC","0","1","0.42846949","0.28546382","2.0295043"
"GGAAAAAGAGAAAAGAAGC::GCTTCTTTTCTCTTTTTCC","1","0","0.5054625","0.28992646","2.03142"
"GAAAAAGAGAAAAGAAGCA::TGCTTCTTTTCTCTTTTTC","0","0","0.42450224","0.46103702","2.1817948"
"AAAAAGAGAAAAGAAGCAA::TTGCTTCTTTTCTCTTTTT","0","0","0.51634145","0.31887733","2.0531101"
"AAAAGAGAAAAGAAGCAAG::CTTGCTTCTTTTCTCTTTT","2","0","0.58073948","-0.072395009","1.7749299"
"AAAGAGAAAAGAAGCAAGG::CCTTGCTTCTTTTCTCTTT","1","0","0.65859189","-0.10739743","1.6262012"
"AAGAGAAAAGAAGCAAGGA::TCCTTGCTTCTTTTCTCTT","1","0","0.56461531","-0.016384721","1.5777833"
"AGAGAAAAGAAGCAAGGAG::CTCCTTGCTTCTTTTCTCT","0","0","0.55242393","-0.11518177","1.3440418"
"GAGAAAAGAAGCAAGGAGA::TCTCCTTGCTTCTTTTCTC","0","0","0.5455453","-0.23961658","1.3314225"
"AGAAAAGAAGCAAGGAGAG::CTCTCCTTGCTTCTTTTCT","1","0","0.57812942","-0.19251528","1.0532386"
"GAAAAGAAGCAAGGAGAGT::ACTCTCCTTGCTTCTTTTC","0","0","0.5139392","-0.27105094","1.0010113"
"AAAAGAAGCAAGGAGAGTT::AACTCTCCTTGCTTCTTTT","0","0","0.72534694","-0.36630265","0.87345821"
"AAAGAAGCAAGGAGAGTTC::GAACTCTCCTTGCTTCTTT","0","0","0.74843643","-0.24852515","0.7483844"
"AAGAAGCAAGGAGAGTTCG::CGAACTCTCCTTGCTTCTT","0","0","0.78010657","-0.26242944","0.56121061"
"AGAAGCAAGGAGAGTTCGG::CCGAACTCTCCTTGCTTCT","0","0","0.70378492","-0.16746289","0.39516401"
"GAAGCAAGGAGAGTTCGGG::CCCGAACTCTCCTTGCTTC","0","0","0.74222464","-0.21634535","0.20482652"
"AAGCAAGGAGAGTTCGGGA::TCCCGAACTCTCCTTGCTT","0","0","0.73055997","-0.16608061","0.073909604"
"AGCAAGGAGAGTTCGGGAA::TTCCCGAACTCTCCTTGCT","0","0","0.57889856","-0.37411987","-0.22146442"
"GCAAGGAGAGTTCGGGAAA::TTTCCCGAACTCTCCTTGC","0","0","0.40980581","-0.43354084","-0.057812648"
"CAAGGAGAGTTCGGGAAAG::CTTTCCCGAACTCTCCTTG","0","0","0.6317551","-0.32291407","-0.033745541"
"AAGGAGAGTTCGGGAAAGC::GCTTTCCCGAACTCTCCTT","0","0","0.76725786","-0.22309842","0.17336355"
"AGGAGAGTTCGGGAAAGCA::TGCTTTCCCGAACTCTCCT","0","0","0.67153236","-0.28985606","0.31045181"
"GGAGAGTTCGGGAAAGCAA::TTGCTTTCCCGAACTCTCC","0","0","0.55207192","-0.26542181","0.33447436"
"GAGAGTTCGGGAAAGCAAA::TTTGCTTTCCCGAACTCTC","0","0","0.60342943","-0.26626485","0.24619048"
"AGAGTTCGGGAAAGCAAAA::TTTTGCTTTCCCGAACTCT","0","0","0.53897366","-0.33536649","0.34223408"
"GAGTTCGGGAAAGCAAAAG::CTTTTGCTTTCCCGAACTC","0","0","0.65855175","-0.333051","0.50369587"
"AGTTCGGGAAAGCAAAAGG::CCTTTTGCTTTCCCGAACT","0","0","0.67801127","-0.21056105","0.31755704"
"GTTCGGGAAAGCAAAAGGT::ACCTTTTGCTTTCCCGAAC","0","0","0.624983","-0.217593","0.2074837"
"TTCGGGAAAGCAAAAGGTA::TACCTTTTGCTTTCCCGAA","0","0","0.71482523","-0.27356579","0.20096207"
"TCGGGAAAGCAAAAGGTAG::CTACCTTTTGCTTTCCCGA","0","0","0.76315748","-0.45164873","0.27459452"
"CGGGAAAGCAAAAGGTAGC::GCTACCTTTTGCTTTCCCG","0","0","0.64314266","-0.33810467","0.32323114"
"GGGAAAGCAAAAGGTAGCC::GGCTACCTTTTGCTTTCCC","0","0","0.66066511","-0.1868599","0.45672247"
"GGAAAGCAAAAGGTAGCCG::CGGCTACCTTTTGCTTTCC","0","0","0.6566612","-0.10953381","0.39379247"
"GAAAGCAAAAGGTAGCCGC::GCGGCTACCTTTTGCTTTC","0","0","0.80990684","-0.053763115","0.22346956"
"AAAGCAAAAGGTAGCCGCG::CGCGGCTACCTTTTGCTTT","0","0","0.8345337","-0.14969399","0.17355506"
"AAGCAAAAGGTAGCCGCGC::GCGCGGCTACCTTTTGCTT","0","0","0.90644093","-0.20393212","-0.10036327"
"AGCAAAAGGTAGCCGCGCC::GGCGCGGCTACCTTTTGCT","0","0","0.75447929","-0.29629187","-0.46034356"
"GCAAAAGGTAGCCGCGCCA::TGGCGCGGCTACCTTTTGC","0","0","0.62375959","-0.31591994","-0.42697408"
"CAAAAGGTAGCCGCGCCAT::ATGGCGCGGCTACCTTTTG","0","0","0.66709187","-0.36962031","-0.27536294"
"AAAAGGTAGCCGCGCCATC::GATGGCGCGGCTACCTTTT","0","0","0.85039196","-0.30887549","-0.10670246"
"AAAGGTAGCCGCGCCATCT::AGATGGCGCGGCTACCTTT","0","0","0.87716193","-0.1359887","-0.25830024"
"AAGGTAGCCGCGCCATCTG::CAGATGGCGCGGCTACCTT","0","0","0.79761719","-0.21561501","-0.12756278"
"AGGTAGCCGCGCCATCTGG::CCAGATGGCGCGGCTACCT","0","0","0.72388716","-0.11251683","0.058120633"
"GGTAGCCGCGCCATCTGGT::ACCAGATGGCGCGGCTACC","0","0","0.5978294","0.040658704","-0.083758045"
"GTAGCCGCGCCATCTGGTA::TACCAGATGGCGCGGCTAC","0","0","0.5965687","0.10441833","-0.13859237"
"TAGCCGCGCCATCTGGTAC::GTACCAGATGGCGCGGCTA","0","0","0.85600282","-0.06972771","-0.22442103"
"AGCCGCGCCATCTGGTACA::TGTACCAGATGGCGCGGCT","0","0","0.66083949","-0.18435368","-0.32016537"
"GCCGCGCCATCTGGTACAT::ATGTACCAGATGGCGCGGC","0","0","0.41115787","-0.049936641","-0.29928317"
"CCGCGCCATCTGGTACATG::CATGTACCAGATGGCGCGG","0","0","0.59881918","0.041274365","-0.28422652"
"CGCGCCATCTGGTACATGT::ACATGTACCAGATGGCGCG","0","0","0.63132903","0.029126252","-0.19664526"
"GCGCCATCTGGTACATGTG::CACATGTACCAGATGGCGC","0","0","0.63136885","-0.0074539539","-0.25959235"
"CGCCATCTGGTACATGTGG::CCACATGTACCAGATGGCG","0","0","0.64614998","-0.13260624","-0.27788255"
"GCCATCTGGTACATGTGGT::ACCACATGTACCAGATGGC","0","0","0.58979954","-0.11662815","-0.36528679"
"CCATCTGGTACATGTGGTT::AACCACATGTACCAGATGG","0","0","0.5741791","-0.096213833","-0.52148135"
"CATCTGGTACATGTGGTTG::CAACCACATGTACCAGATG","0","0","0.69688318","-0.19151793","-0.62503519"
"ATCTGGTACATGTGGTTGG::CCAACCACATGTACCAGAT","0","0","0.7976976","-0.35419477","-0.62583122"
"TCTGGTACATGTGGTTGGG::CCCAACCACATGTACCAGA","0","0","0.76265436","-0.52002004","-0.65751938"
"CTGGTACATGTGGTTGGGA::TCCCAACCACATGTACCAG","0","0","0.5637728","-0.80447196","-0.88031271"
"TGGTACATGTGGTTGGGAG::CTCCCAACCACATGTACCA","0","0","0.73007991","-0.97873138","-0.77398795"
"GGTACATGTGGTTGGGAGC::GCTCCCAACCACATGTACC","0","0","0.64784911","-1.0434717","-0.70355529"
"GTACATGTGGTTGGGAGCC::GGCTCCCAACCACATGTAC","0","0","0.68178097","-0.9419574","-0.6698943"
"TACATGTGGTTGGGAGCCA::TGGCTCCCAACCACATGTA","0","0","0.71109296","-0.73143928","-0.57163886"
"ACATGTGGTTGGGAGCCAG::CTGGCTCCCAACCACATGT","0","0","0.68287301","-0.89805137","-0.54829627"
"CATGTGGTTGGGAGCCAGA::TCTGGCTCCCAACCACATG","0","0","0.56398674","-0.80232096","-0.36350357"
"ATGTGGTTGGGAGCCAGAT::ATCTGGCTCCCAACCACAT","0","0","0.6918189","-0.76696951","-0.38696242"
"TGTGGTTGGGAGCCAGATT::AATCTGGCTCCCAACCACA","0","0","0.71683346","-0.72997268","-0.26257106"
"GTGGTTGGGAGCCAGATTC::GAATCTGGCTCCCAACCAC","0","0","0.69849844","-0.56209299","-0.2648501"
"TGGTTGGGAGCCAGATTCT::AGAATCTGGCTCCCAACCA","0","0","0.67734297","-0.37847724","-0.077961541"
"GGTTGGGAGCCAGATTCTT::AAGAATCTGGCTCCCAACC","0","0","0.45010051","-0.24010244","-0.04456546"
"GTTGGGAGCCAGATTCTTG::CAAGAATCTGGCTCCCAAC","0","0","0.70479571","-0.10708907","-0.049977444"
"TTGGGAGCCAGATTCTTGG::CCAAGAATCTGGCTCCCAA","0","0","0.92282916","-0.1370629","0.045451879"
"TGGGAGCCAGATTCTTGGA::TCCAAGAATCTGGCTCCCA","0","0","0.64357685","-0.11551232","0.054311651"
"GGGAGCCAGATTCTTGGAG::CTCCAAGAATCTGGCTCCC","0","0","0.56285399","-0.045143749","0.098859759"
"GGAGCCAGATTCTTGGAGT::ACTCCAAGAATCTGGCTCC","0","0","0.59376177","0.027710049","0.067246875"
"GAGCCAGATTCTTGGAGTT::AACTCCAAGAATCTGGCTC","0","0","0.49634741","0.12079477","0.093496334"
"AGCCAGATTCTTGGAGTTT::AAACTCCAAGAATCTGGCT","0","0","0.56855012","0.090840495","0.10621871"
"GCCAGATTCTTGGAGTTTG::CAAACTCCAAGAATCTGGC","0","0","0.57248844","-0.038109674","0.14207929"
"CCAGATTCTTGGAGTTTGA::TCAAACTCCAAGAATCTGG","0","0","0.57861077","-0.028109911","0.20529589"
"CAGATTCTTGGAGTTTGAA::TTCAAACTCCAAGAATCTG","0","0","0.57865629","-0.028535892","0.12895185"
"AGATTCTTGGAGTTTGAAG::CTTCAAACTCCAAGAATCT","0","0","0.78807644","0.077802862","0.24771087"
"GATTCTTGGAGTTTGAAGC::GCTTCAAACTCCAAGAATC","0","0","0.84728712","-0.036279984","0.23856957"
"ATTCTTGGAGTTTGAAGCC::GGCTTCAAACTCCAAGAAT","0","0","0.89137782","-0.20705079","0.17969965"
"TTCTTGGAGTTTGAAGCCC::GGGCTTCAAACTCCAAGAA","0","0","0.89023439","-0.36822011","-0.067426721"
"TCTTGGAGTTTGAAGCCCT::AGGGCTTCAAACTCCAAGA","0","0","0.84805513","-0.52745582","-0.20228527"
"CTTGGAGTTTGAAGCCCTT::AAGGGCTTCAAACTCCAAG","0","0","0.61786492","-0.62515917","-0.25547349"
"TTGGAGTTTGAAGCCCTTG::CAAGGGCTTCAAACTCCAA","0","0","0.9239139","-0.54418774","-0.3952925"
"TGGAGTTTGAAGCCCTTGG::CCAAGGGCTTCAAACTCCA","0","0","0.86342174","-0.4891627","-0.27357186"
"GGAGTTTGAAGCCCTTGGA::TCCAAGGGCTTCAAACTCC","0","0","0.56218188","-0.55783157","-0.25955924"
"GAGTTTGAAGCCCTTGGAT::ATCCAAGGGCTTCAAACTC","0","0","0.53568314","-0.46056606","-0.14574933"
"AGTTTGAAGCCCTTGGATT::AATCCAAGGGCTTCAAACT","0","0","0.63991995","-0.45585379","-0.31964837"
"GTTTGAAGCCCTTGGATTC::GAATCCAAGGGCTTCAAAC","0","0","0.64638127","-0.3899714","-0.3582349"
"TTTGAAGCCCTTGGATTCT::AGAATCCAAGGGCTTCAAA","0","0","0.7975819","-0.32106318","-0.33201794"
"TTGAAGCCCTTGGATTCTT::AAGAATCCAAGGGCTTCAA","0","0","0.76083499","-0.1401267","-0.41989164"
"TGAAGCCCTTGGATTCTTG::CAAGAATCCAAGGGCTTCA","0","0","0.81114189","-0.22006263","-0.52963012"
"GAAGCCCTTGGATTCTTGA::TCAAGAATCCAAGGGCTTC","0","0","0.61552848","-0.42490861","-0.6686162"
"AAGCCCTTGGATTCTTGAA::TTCAAGAATCCAAGGGCTT","0","0","0.65811015","-0.18230132","-0.63166028"
"AGCCCTTGGATTCTTGAAC::GTTCAAGAATCCAAGGGCT","0","0","0.79890042","0.17048134","-0.4397599"
"GCCCTTGGATTCTTGAACG::CGTTCAAGAATCCAAGGGC","0","0","0.64608154","0.15844843","-0.34928306"
"CCCTTGGATTCTTGAACGA::TCGTTCAAGAATCCAAGGG","0","0","0.46755075","0.23346984","-0.21966649"
"CCTTGGATTCTTGAACGAG::CTCGTTCAAGAATCCAAGG","0","0","0.62570079","0.2360178","-0.16484859"
"CTTGGATTCTTGAACGAGG::CCTCGTTCAAGAATCCAAG","0","0","0.82740397","0.17789354","-0.19299186"
"TTGGATTCTTGAACGAGGA::TCCTCGTTCAAGAATCCAA","0","0","0.90893705","0.1709475","-0.3740315"
"TGGATTCTTGAACGAGGAC::GTCCTCGTTCAAGAATCCA","0","0","0.78591657","0.41466318","-0.18508201"
"GGATTCTTGAACGAGGACC::GGTCCTCGTTCAAGAATCC","0","0","0.7555291","0.2615081","-0.33535809"
"GATTCTTGAACGAGGACCA::TGGTCCTCGTTCAAGAATC","0","0","0.66430659","0.25231335","-0.13796642"
"ATTCTTGAACGAGGACCAT::ATGGTCCTCGTTCAAGAAT","0","0","0.68275904","0.1377684","-0.09912356"
"TTCTTGAACGAGGACCATT::AATGGTCCTCGTTCAAGAA","0","0","0.84243505","0.17001164","-0.21450192"
"TCTTGAACGAGGACCATTG::CAATGGTCCTCGTTCAAGA","0","0","0.92736723","0.15238874","-0.17285321"
"CTTGAACGAGGACCATTGG::CCAATGGTCCTCGTTCAAG","0","0","0.70588102","0.12438044","-0.075625463"
"TTGAACGAGGACCATTGGA::TCCAATGGTCCTCGTTCAA","0","0","0.82478559","0.097880293","-0.085200049"
"TGAACGAGGACCATTGGAT::ATCCAATGGTCCTCGTTCA","0","0","0.80619984","0.035433493","-0.10856956"
"GAACGAGGACCATTGGATG::CATCCAATGGTCCTCGTTC","0","0","0.66803401","-0.12683634","-0.21961929"
"AACGAGGACCATTGGATGG::CCATCCAATGGTCCTCGTT","0","0","0.74751523","-0.0075836711","-0.16162179"
"ACGAGGACCATTGGATGGG::CCCATCCAATGGTCCTCGT","0","0","0.67851691","-0.16187709","-0.11848191"
"CGAGGACCATTGGATGGGA::TCCCATCCAATGGTCCTCG","0","0","0.43863799","-0.25391707","-0.15855815"
"GAGGACCATTGGATGGGAA::TTCCCATCCAATGGTCCTC","0","0","0.48789639","-0.31676956","-0.075497399"
"AGGACCATTGGATGGGAAG::CTTCCCATCCAATGGTCCT","0","0","0.67874319","-0.29049658","-0.26486398"
"GGACCATTGGATGGGAAGA::TCTTCCCATCCAATGGTCC","0","0","0.4682419","-0.31995673","-0.34513536"
"GACCATTGGATGGGAAGAG::CTCTTCCCATCCAATGGTC","0","0","0.60758092","-0.23239084","-0.062423985"
"ACCATTGGATGGGAAGAGA::TCTCTTCCCATCCAATGGT","0","0","0.55871362","-0.05702638","-0.071229723"
"CCATTGGATGGGAAGAGAA::TTCTCTTCCCATCCAATGG","0","0","0.47891071","0.0014826016","0.071218707"
"CATTGGATGGGAAGAGAAA::TTTCTCTTCCCATCCAATG","0","0","0.47277432","-0.14220621","0.13183384"
"ATTGGATGGGAAGAGAAAA::TTTTCTCTTCCCATCCAAT","0","0","0.66748622","-0.16810845","0.29893754"
"TTGGATGGGAAGAGAAAAC::GTTTTCTCTTCCCATCCAA","0","0","0.83581086","-0.33601284","0.23826506"
"TGGATGGGAAGAGAAAACT::AGTTTTCTCTTCCCATCCA","0","0","0.79601287","-0.23208955","0.24145174"
"GGATGGGAAGAGAAAACTC::GAGTTTTCTCTTCCCATCC","0","0","0.62663913","-0.27272514","0.154953"
"GATGGGAAGAGAAAACTCA::TGAGTTTTCTCTTCCCATC","0","0","0.57473986","-0.35643089","0.11390676"
"ATGGGAAGAGAAAACTCAG::CTGAGTTTTCTCTTCCCAT","0","0","0.8123851","-0.48946633","-0.0027726266"
"TGGGAAGAGAAAACTCAGG::CCTGAGTTTTCTCTTCCCA","0","0","0.79839207","-0.37846788","-0.0070807955"
"GGGAAGAGAAAACTCAGGA::TCCTGAGTTTTCTCTTCCC","0","0","0.57018997","-0.34370429","0.0055998778"
"GGAAGAGAAAACTCAGGAG::CTCCTGAGTTTTCTCTTCC","0","0","0.59544183","-0.31407518","-0.044494775"
"GAAGAGAAAACTCAGGAGG::CCTCCTGAGTTTTCTCTTC","0","0","0.65306702","-0.27369503","0.19888549"
"AAGAGAAAACTCAGGAGGT::ACCTCCTGAGTTTTCTCTT","0","0","0.73670363","-0.42989065","0.10977677"
"AGAGAAAACTCAGGAGGTG::CACCTCCTGAGTTTTCTCT","0","0","0.66228344","-0.53519","-0.19966068"
"GAGAAAACTCAGGAGGTGG::CCACCTCCTGAGTTTTCTC","0","0","0.71584623","-0.82546057","-0.20832867"
"AGAAAACTCAGGAGGTGGA::TCCACCTCCTGAGTTTTCT","0","0","0.60644126","-0.83576073","-0.39983608"
"GAAAACTCAGGAGGTGGAG::CTCCACCTCCTGAGTTTTC","0","0","0.66215211","-0.9087951","-0.50460372"
"AAAACTCAGGAGGTGGAGT::ACTCCACCTCCTGAGTTTT","0","0","0.72931915","-0.99026219","-0.73582823"
"AAACTCAGGAGGTGGAGTC::GACTCCACCTCCTGAGTTT","0","0","0.8334378","-0.91664816","-0.71685578"
"AACTCAGGAGGTGGAGTCG::CGACTCCACCTCCTGAGTT","0","0","0.74533812","-0.80699155","-0.61393752"
"ACTCAGGAGGTGGAGTCGA::TCGACTCCACCTCCTGAGT","0","0","0.62164295","-0.89357785","-0.65382255"
"CTCAGGAGGTGGAGTCGAA::TTCGACTCCACCTCCTGAG","0","0","0.48878288","-0.87232838","-0.58929415"
"TCAGGAGGTGGAGTCGAAG::CTTCGACTCCACCTCCTGA","0","0","0.82982855","-0.81767079","-0.41987896"
"CAGGAGGTGGAGTCGAAGG::CCTTCGACTCCACCTCCTG","0","0","0.74079599","-0.77323097","-0.48881303"
"AGGAGGTGGAGTCGAAGGG::CCCTTCGACTCCACCTCCT","0","0","0.70795365","-0.76811001","-0.4802888"
"GGAGGTGGAGTCGAAGGGT::ACCCTTCGACTCCACCTCC","0","0","0.60092919","-0.69514095","-0.37802578"
"GAGGTGGAGTCGAAGGGTT::AACCCTTCGACTCCACCTC","0","0","0.55141838","-0.84579776","-0.37168241"
"AGGTGGAGTCGAAGGGTTA::TAACCCTTCGACTCCACCT","0","0","0.60762675","-0.85490423","-0.3250597"
"GGTGGAGTCGAAGGGTTAG::CTAACCCTTCGACTCCACC","0","0","0.60786329","-0.78274115","-0.28085764"
"GTGGAGTCGAAGGGTTAGG::CCTAACCCTTCGACTCCAC","0","0","0.70461249","-0.69377988","-0.33090607"
"TGGAGTCGAAGGGTTAGGA::TCCTAACCCTTCGACTCCA","0","0","0.76089038","-0.71856269","-0.30372074"
"GGAGTCGAAGGGTTAGGAT::ATCCTAACCCTTCGACTCC","0","0","0.5284919","-0.7077297","-0.2479485"
"GAGTCGAAGGGTTAGGATT::AATCCTAACCCTTCGACTC","0","0","0.61236711","-0.71042202","-0.32164711"
"AGTCGAAGGGTTAGGATTG::CAATCCTAACCCTTCGACT","0","0","0.76415828","-0.79402776","-0.35742621"
"GTCGAAGGGTTAGGATTGC::GCAATCCTAACCCTTCGAC","0","0","0.64669442","-0.95115952","-0.58521902"
"TCGAAGGGTTAGGATTGCA::TGCAATCCTAACCCTTCGA","0","0","0.74115284","-1.0040736","-0.60468938"
"CGAAGGGTTAGGATTGCAA::TTGCAATCCTAACCCTTCG","0","0","0.55369257","-1.0739656","-0.68678972"
"GAAGGGTTAGGATTGCAAA::TTTGCAATCCTAACCCTTC","0","0","0.54452021","-1.0402833","-0.83404006"
"AAGGGTTAGGATTGCAAAG::CTTTGCAATCCTAACCCTT","0","0","0.73823226","-0.97602019","-0.71277609"
"AGGGTTAGGATTGCAAAGA::TCTTTGCAATCCTAACCCT","0","0","0.66465907","-0.87434593","-0.44509617"
"GGGTTAGGATTGCAAAGAC::GTCTTTGCAATCCTAACCC","0","0","0.54697422","-0.82488723","-0.52063914"
"GGTTAGGATTGCAAAGACT::AGTCTTTGCAATCCTAACC","0","0","0.59372069","-0.82874656","-0.55587145"
"GTTAGGATTGCAAAGACTT::AAGTCTTTGCAATCCTAAC","0","0","0.71160622","-0.85880925","-0.5518596"
"TTAGGATTGCAAAGACTTG::CAAGTCTTTGCAATCCTAA","0","0","0.92032689","-1.0235486","-0.36478063"
"TAGGATTGCAAAGACTTGG::CCAAGTCTTTGCAATCCTA","0","0","1.0070529","-1.0294114","-0.27352207"
"AGGATTGCAAAGACTTGGA::TCCAAGTCTTTGCAATCCT","0","0","0.69451341","-1.1047845","-0.23639006"
"GGATTGCAAAGACTTGGAT::ATCCAAGTCTTTGCAATCC","0","0","0.47247844","-0.99177875","-0.20295647"
"GATTGCAAAGACTTGGATA::TATCCAAGTCTTTGCAATC","0","0","0.56585186","-0.87028807","0.090949995"
"ATTGCAAAGACTTGGATAC::GTATCCAAGTCTTTGCAAT","0","0","0.80096855","-0.65004865","0.10457911"
"TTGCAAAGACTTGGATACA::TGTATCCAAGTCTTTGCAA","0","0","0.75495692","-0.65908337","0.15230056"
"TGCAAAGACTTGGATACAT::ATGTATCCAAGTCTTTGCA","0","0","0.72184825","-0.47246912","0.20015385"
"GCAAAGACTTGGATACATT::AATGTATCCAAGTCTTTGC","0","0","0.53289292","-0.41929956","0.27453607"
"CAAAGACTTGGATACATTC::GAATGTATCCAAGTCTTTG","0","0","0.77707492","-0.33877278","0.42275438"
"AAAGACTTGGATACATTCT::AGAATGTATCCAAGTCTTT","0","0","0.8750282","-0.30532574","0.50774061"
"AAGACTTGGATACATTCTA::TAGAATGTATCCAAGTCTT","0","0","0.81053537","-0.38120254","0.36218783"
"AGACTTGGATACATTCTAG::CTAGAATGTATCCAAGTCT","0","0","0.80890253","-0.52092435","0.31552013"
"GACTTGGATACATTCTAGA::TCTAGAATGTATCCAAGTC","0","0","0.65884933","-0.41385133","0.25130227"
"ACTTGGATACATTCTAGAA::TTCTAGAATGTATCCAAGT","0","0","0.6476896","-0.22848226","0.14402499"
"CTTGGATACATTCTAGAAG::CTTCTAGAATGTATCCAAG","0","0","0.78320689","-0.064696792","0.1762606"
"TTGGATACATTCTAGAAGA::TCTTCTAGAATGTATCCAA","0","0","0.86339601","0.094338494","0.15431728"
"TGGATACATTCTAGAAGAA::TTCTTCTAGAATGTATCCA","0","0","0.57921829","0.18999523","0.29639932"
"GGATACATTCTAGAAGAAA::TTTCTTCTAGAATGTATCC","0","0","0.44229378","0.12686715","0.30568975"
"GATACATTCTAGAAGAAAT::ATTTCTTCTAGAATGTATC","1","0","0.57345572","-0.028791076","0.22842213"
"ATACATTCTAGAAGAAATG::CATTTCTTCTAGAATGTAT","0","0","0.87703794","-0.034013933","0.28510408"
"TACATTCTAGAAGAAATGA::TCATTTCTTCTAGAATGTA","0","0","0.77350168","0.15366991","0.53251481"
"ACATTCTAGAAGAAATGAA::TTCATTTCTTCTAGAATGT","0","0","0.59493205","0.082068622","0.63560962"
"CATTCTAGAAGAAATGAAT::ATTCATTTCTTCTAGAATG","0","0","0.58158705","0.014020359","0.73424566"
"ATTCTAGAAGAAATGAATC::GATTCATTTCTTCTAGAAT","0","0","0.87635404","-0.13763406","0.68705183"
"TTCTAGAAGAAATGAATCG::CGATTCATTTCTTCTAGAA","0","0","0.95174071","-0.27935195","0.54553353"
"TCTAGAAGAAATGAATCGG::CCGATTCATTTCTTCTAGA","0","0","0.88992958","-0.2651028","0.44989439"
"CTAGAAGAAATGAATCGGG::CCCGATTCATTTCTTCTAG","0","0","0.80420671","-0.20912578","0.48281492"
"TAGAAGAAATGAATCGGGC::GCCCGATTCATTTCTTCTA","0","0","0.9249624","-0.23906657","0.58638943"
"AGAAGAAATGAATCGGGCA::TGCCCGATTCATTTCTTCT","0","0","0.66272351","-0.4673802","0.57295164"
"GAAGAAATGAATCGGGCAC::GTGCCCGATTCATTTCTTC","0","0","0.62304568","-0.48606973","0.36870505"
"AAGAAATGAATCGGGCACC::GGTGCCCGATTCATTTCTT","0","0","0.81829332","-0.67036244","0.33036974"
"AGAAATGAATCGGGCACCA::TGGTGCCCGATTCATTTCT","0","0","0.61971004","-0.73239491","0.11942955"
"GAAATGAATCGGGCACCAG::CTGGTGCCCGATTCATTTC","0","0","0.67110226","-0.87204789","0.14289675"
"AAATGAATCGGGCACCAGG::CCTGGTGCCCGATTCATTT","0","0","0.8500529","-1.0345549","-0.063212817"
"AATGAATCGGGCACCAGGA::TCCTGGTGCCCGATTCATT","0","0","0.74535094","-1.1856986","-0.17143855"
"ATGAATCGGGCACCAGGAG::CTCCTGGTGCCCGATTCAT","0","0","0.72343517","-1.3846253","-0.34931255"
"TGAATCGGGCACCAGGAGG::CCTCCTGGTGCCCGATTCA","0","0","0.81134435","-1.4181697","-0.44724398"
"GAATCGGGCACCAGGAGGA::TCCTCCTGGTGCCCGATTC","0","0","0.59999749","-1.4053453","-0.60456919"
"AATCGGGCACCAGGAGGAA::TTCCTCCTGGTGCCCGATT","0","0","0.50918597","-1.4448327","-0.80401374"
"ATCGGGCACCAGGAGGAAA::TTTCCTCCTGGTGCCCGAT","0","0","0.49740911","-1.5297118","-0.65803283"
"TCGGGCACCAGGAGGAAAG::CTTTCCTCCTGGTGCCCGA","0","0","0.70555857","-1.4090246","-0.6423512"
"CGGGCACCAGGAGGAAAGA::TCTTTCCTCCTGGTGCCCG","0","0","0.34840673","-1.3409163","-0.3797564"
"GGGCACCAGGAGGAAAGAT::ATCTTTCCTCCTGGTGCCC","0","0","0.35711801","-1.314568","-0.17782576"
"GGCACCAGGAGGAAAGATG::CATCTTTCCTCCTGGTGCC","0","0","0.53086075","-1.1683812","0.021910758"
"GCACCAGGAGGAAAGATGT::ACATCTTTCCTCCTGGTGC","0","0","0.51020605","-1.1812724","0.067062637"
"CACCAGGAGGAAAGATGTA::TACATCTTTCCTCCTGGTG","0","0","0.49919653","-1.1250618","0.1032813"
"ACCAGGAGGAAAGATGTAC::GTACATCTTTCCTCCTGGT","0","0","0.70293351","-1.0924389","0.1649481"
"CCAGGAGGAAAGATGTACG::CGTACATCTTTCCTCCTGG","0","0","0.65136206","-0.96962874","0.04024452"
"CAGGAGGAAAGATGTACGC::GCGTACATCTTTCCTCCTG","0","0","0.72049312","-0.5981279","0.092399621"
"AGGAGGAAAGATGTACGCA::TGCGTACATCTTTCCTCCT","0","0","0.59738522","-0.43173425","0.097788614"
"GGAGGAAAGATGTACGCAG::CTGCGTACATCTTTCCTCC","0","0","0.61339916","-0.36483176","0.050117576"
"GAGGAAAGATGTACGCAGA::TCTGCGTACATCTTTCCTC","0","0","0.49825541","-0.34681017","0.12521957"
"AGGAAAGATGTACGCAGAT::ATCTGCGTACATCTTTCCT","0","0","0.56832143","-0.25782138","0.21469971"
"GGAAAGATGTACGCAGATG::CATCTGCGTACATCTTTCC","0","0","0.53463742","-0.11039339","0.52976316"
"GAAAGATGTACGCAGATGA::TCATCTGCGTACATCTTTC","0","0","0.58563912","0.046512584","0.51583075"
"AAAGATGTACGCAGATGAC::GTCATCTGCGTACATCTTT","0","0","0.69986051","-0.024429172","0.44340516"
"AAGATGTACGCAGATGACA::TGTCATCTGCGTACATCTT","0","0","0.73623355","-0.10793753","0.20816303"
"AGATGTACGCAGATGACAC::GTGTCATCTGCGTACATCT","0","0","0.77827174","0.014806575","-0.13737745"
"GATGTACGCAGATGACACT::AGTGTCATCTGCGTACATC","0","0","0.60857704","-0.11019286","-0.40964567"
"ATGTACGCAGATGACACTG::CAGTGTCATCTGCGTACAT","0","0","0.85781791","-0.16266684","-0.58525224"
"TGTACGCAGATGACACTGC::GCAGTGTCATCTGCGTACA","0","0","0.84239475","-0.27334418","-0.77122073"
"GTACGCAGATGACACTGCT::AGCAGTGTCATCTGCGTAC","0","0","0.70071357","0.029469683","-0.68836263"
"TACGCAGATGACACTGCTG::CAGCAGTGTCATCTGCGTA","0","0","0.87954761","-0.2015571","-0.87810239"
"ACGCAGATGACACTGCTGG::CCAGCAGTGTCATCTGCGT","0","0","0.8090463","-0.38925247","-0.88753551"
"CGCAGATGACACTGCTGGC::GCCAGCAGTGTCATCTGCG","0","0","0.60952403","-0.46091764","-0.90929802"
"GCAGATGACACTGCTGGCT::AGCCAGCAGTGTCATCTGC","0","0","0.69873147","-0.40149951","-0.62685477"
"CAGATGACACTGCTGGCTG::CAGCCAGCAGTGTCATCTG","0","0","0.78887045","-0.33996296","-0.61652648"
"AGATGACACTGCTGGCTGG::CCAGCCAGCAGTGTCATCT","0","0","0.68267933","-0.32243546","-0.64561402"
"GATGACACTGCTGGCTGGG::CCCAGCCAGCAGTGTCATC","0","0","0.72305034","-0.60006232","-0.80946862"
"ATGACACTGCTGGCTGGGA::TCCCAGCCAGCAGTGTCAT","0","0","0.71866217","-0.77518562","-0.97953311"
"TGACACTGCTGGCTGGGAC::GTCCCAGCCAGCAGTGTCA","0","0","0.89238133","-0.85036701","-1.0908715"
"GACACTGCTGGCTGGGACA::TGTCCCAGCCAGCAGTGTC","0","0","0.73372591","-0.67188721","-1.0064067"
"ACACTGCTGGCTGGGACAC::GTGTCCCAGCCAGCAGTGT","0","0","0.78068464","-0.67188721","-1.0064067"
"CACTGCTGGCTGGGACACC::GGTGTCCCAGCCAGCAGTG","0","0","0.74365894","-0.64510086","-1.0428945"
"ACTGCTGGCTGGGACACCC::GGGTGTCCCAGCCAGCAGT","0","0","0.79989698","-0.60222108","-0.92945482"
"CTGCTGGCTGGGACACCCG::CGGGTGTCCCAGCCAGCAG","0","0","0.79842107","-0.53697852","-0.90590454"
"TGCTGGCTGGGACACCCGC::GCGGGTGTCCCAGCCAGCA","0","0","0.79868375","-0.84230214","-1.0344555"
"GCTGGCTGGGACACCCGCA::TGCGGGTGTCCCAGCCAGC","0","0","0.61046731","-0.65637078","-0.92515232"
"CTGGCTGGGACACCCGCAT::ATGCGGGTGTCCCAGCCAG","0","0","0.69529477","-0.66598773","-0.92182288"
"TGGCTGGGACACCCGCATT::AATGCGGGTGTCCCAGCCA","0","0","0.71467011","-0.66075518","-0.87060059"
"GGCTGGGACACCCGCATTA::TAATGCGGGTGTCCCAGCC","0","0","0.53116968","-0.72897626","-1.097492"
"GCTGGGACACCCGCATTAG::CTAATGCGGGTGTCCCAGC","0","0","0.59426132","-0.76742956","-1.2401641"
"CTGGGACACCCGCATTAGT::ACTAATGCGGGTGTCCCAG","0","0","0.68651776","-0.69514671","-1.1162059"
"TGGGACACCCGCATTAGTA::TACTAATGCGGGTGTCCCA","0","0","0.81774452","-0.463396","-1.1048195"
"GGGACACCCGCATTAGTAA::TTACTAATGCGGGTGTCCC","0","0","0.50102646","-0.48623687","-1.175292"
"GGACACCCGCATTAGTAAG::CTTACTAATGCGGGTGTCC","0","0","0.6291111","-0.52133093","-0.8378881"
"GACACCCGCATTAGTAAGT::ACTTACTAATGCGGGTGTC","0","0","0.69395748","-0.75230051","-0.90520937"
"ACACCCGCATTAGTAAGTT::AACTTACTAATGCGGGTGT","0","0","0.67216089","-0.6115731","-0.65283548"
"CACCCGCATTAGTAAGTTT::AAACTTACTAATGCGGGTG","0","0","0.55531391","-0.58594399","-0.54311604"
"ACCCGCATTAGTAAGTTTG::CAAACTTACTAATGCGGGT","0","0","0.78173609","-0.47499824","-0.39186125"
"CCCGCATTAGTAAGTTTGA::TCAAACTTACTAATGCGGG","0","0","0.49682103","-0.45756391","-0.25988744"
"CCGCATTAGTAAGTTTGAT::ATCAAACTTACTAATGCGG","0","0","0.54610333","-0.33082756","-0.052312654"
"CGCATTAGTAAGTTTGATC::GATCAAACTTACTAATGCG","0","0","0.74377974","-0.21344476","0.077874589"
"GCATTAGTAAGTTTGATCT::AGATCAAACTTACTAATGC","0","0","0.64806539","-0.18537236","0.08423179"
"CATTAGTAAGTTTGATCTG::CAGATCAAACTTACTAATG","0","0","0.67977122","-0.16535267","0.11181683"
"ATTAGTAAGTTTGATCTGG::CCAGATCAAACTTACTAAT","0","0","0.90640877","0.0010937741","0.26945294"
"TTAGTAAGTTTGATCTGGA::TCCAGATCAAACTTACTAA","0","0","0.84896219","-0.0067628073","0.26436971"
"TAGTAAGTTTGATCTGGAG::CTCCAGATCAAACTTACTA","0","0","0.85021996","-0.089172472","0.1900509"
"AGTAAGTTTGATCTGGAGA::TCTCCAGATCAAACTTACT","0","0","0.70173387","-0.020383082","0.27957199"
"GTAAGTTTGATCTGGAGAA::TTCTCCAGATCAAACTTAC","0","0","0.63536799","0.10871484","0.54017397"
"TAAGTTTGATCTGGAGAAT::ATTCTCCAGATCAAACTTA","0","0","0.72587103","0.3359153","0.51668659"
"AAGTTTGATCTGGAGAATG::CATTCTCCAGATCAAACTT","0","0","0.81375471","0.53510579","0.60837919"
"AGTTTGATCTGGAGAATGA::TCATTCTCCAGATCAAACT","0","0","0.63320863","0.45515003","0.67161281"
"GTTTGATCTGGAGAATGAA::TTCATTCTCCAGATCAAAC","0","0","0.55128741","0.50414442","0.77575862"
"TTTGATCTGGAGAATGAAG::CTTCATTCTCCAGATCAAA","0","0","0.88119565","0.55120935","0.81087562"
"TTGATCTGGAGAATGAAGC::GCTTCATTCTCCAGATCAA","0","0","1.0329964","0.50405905","0.78263682"
"TGATCTGGAGAATGAAGCT::AGCTTCATTCTCCAGATCA","0","0","0.81993579","0.55726764","0.85007147"
"GATCTGGAGAATGAAGCTC::GAGCTTCATTCTCCAGATC","0","0","0.7298727","0.42740128","0.72596148"
"ATCTGGAGAATGAAGCTCT::AGAGCTTCATTCTCCAGAT","0","0","0.86577362","0.36799101","0.65373129"
"TCTGGAGAATGAAGCTCTG::CAGAGCTTCATTCTCCAGA","0","0","0.78611345","0.52394266","0.53589274"
"CTGGAGAATGAAGCTCTGA::TCAGAGCTTCATTCTCCAG","0","0","0.64332618","0.23836663","0.24829069"
"TGGAGAATGAAGCTCTGAT::ATCAGAGCTTCATTCTCCA","0","0","0.76569546","0.19254949","0.29705256"
"GGAGAATGAAGCTCTGATT::AATCAGAGCTTCATTCTCC","0","0","0.59093028","0.24178106","0.38768594"
"GAGAATGAAGCTCTGATTA::TAATCAGAGCTTCATTCTC","0","0","0.62862518","0.29345373","0.33464297"
"AGAATGAAGCTCTGATTAC::GTAATCAGAGCTTCATTCT","0","0","0.74006851","0.22038547","0.13479385"
"GAATGAAGCTCTGATTACC::GGTAATCAGAGCTTCATTC","0","0","0.75805698","0.17643394","0.024934332"
"AATGAAGCTCTGATTACCA::TGGTAATCAGAGCTTCATT","0","0","0.82412041","0.069451758","-0.10293639"
"ATGAAGCTCTGATTACCAA::TTGGTAATCAGAGCTTCAT","0","0","0.70533872","0.0076788105","-0.17897132"
"TGAAGCTCTGATTACCAAC::GTTGGTAATCAGAGCTTCA","0","0","0.97095321","-0.010017512","-0.28687861"
"GAAGCTCTGATTACCAACC::GGTTGGTAATCAGAGCTTC","0","0","0.88177339","-0.13886441","-0.49340201"
"AAGCTCTGATTACCAACCA::TGGTTGGTAATCAGAGCTT","0","0","0.79869933","-0.084184242","-0.54300241"
"AGCTCTGATTACCAACCAA::TTGGTTGGTAATCAGAGCT","0","0","0.61276952","-0.077038519","-0.59140386"
"GCTCTGATTACCAACCAAA::TTTGGTTGGTAATCAGAGC","0","0","0.54002786","0.12235935","-0.54527986"
"CTCTGATTACCAACCAAAT::ATTTGGTTGGTAATCAGAG","0","0","0.61925739","0.13918127","-0.5028091"
"TCTGATTACCAACCAAATG::CATTTGGTTGGTAATCAGA","0","0","0.85560676","0.027303541","-0.34268227"
"CTGATTACCAACCAAATGG::CCATTTGGTTGGTAATCAG","0","0","0.86008023","0.1546747","-0.063880209"
"TGATTACCAACCAAATGGA::TCCATTTGGTTGGTAATCA","0","0","0.71156171","0.21145762","0.15594805"
"GATTACCAACCAAATGGAG::CTCCATTTGGTTGGTAATC","0","1","0.59008832","0.15837641","0.071281331"
"ATTACCAACCAAATGGAGG::CCTCCATTTGGTTGGTAAT","0","0","0.85715206","0.085332483","0.037073474"
"TTACCAACCAAATGGAGGA::TCCTCCATTTGGTTGGTAA","0","0","0.84756655","0.086950167","0.031344656"
"TACCAACCAAATGGAGGAA::TTCCTCCATTTGGTTGGTA","0","0","0.60730453","-0.081410035","-0.14259439"
"ACCAACCAAATGGAGGAAG::CTTCCTCCATTTGGTTGGT","0","0","0.61688045","-0.091722725","-0.35541266"
"CCAACCAAATGGAGGAAGG::CCTTCCTCCATTTGGTTGG","0","0","0.59151138","-0.17005702","-0.54496061"
"CAACCAAATGGAGGAAGGG::CCCTTCCTCCATTTGGTTG","0","0","0.70429249","-0.2681292","-0.56066588"
"AACCAAATGGAGGAAGGGC::GCCCTTCCTCCATTTGGTT","0","0","0.77221003","-0.40391984","-0.52402079"
"ACCAAATGGAGGAAGGGCA::TGCCCTTCCTCCATTTGGT","0","0","0.60632212","-0.49472263","-0.58740899"
"CCAAATGGAGGAAGGGCAC::GTGCCCTTCCTCCATTTGG","0","0","0.57071384","-0.57713637","-0.69748897"
"CAAATGGAGGAAGGGCACA::TGTGCCCTTCCTCCATTTG","0","0","0.58793699","-0.73524165","-0.77081499"
"AAATGGAGGAAGGGCACAG::CTGTGCCCTTCCTCCATTT","0","0","0.74838352","-0.86256955","-0.93391613"
"AATGGAGGAAGGGCACAGA::TCTGTGCCCTTCCTCCATT","0","0","0.64428769","-0.98700406","-0.90688069"
"ATGGAGGAAGGGCACAGAA::TTCTGTGCCCTTCCTCCAT","0","0","0.59480885","-0.91184258","-1.0937033"
"TGGAGGAAGGGCACAGAAC::GTTCTGTGCCCTTCCTCCA","0","0","0.74953162","-0.963937","-1.4277078"
"GGAGGAAGGGCACAGAACT::AGTTCTGTGCCCTTCCTCC","0","0","0.55324289","-0.87318663","-1.3249857"
"GAGGAAGGGCACAGAACTC::GAGTTCTGTGCCCTTCCTC","0","0","0.65265545","-0.81262086","-1.3298918"
"AGGAAGGGCACAGAACTCT::AGAGTTCTGTGCCCTTCCT","0","0","0.71746809","-0.70087254","-1.3181174"
"GGAAGGGCACAGAACTCTG::CAGAGTTCTGTGCCCTTCC","0","0","0.65051991","-0.4373825","-1.260459"
"GAAGGGCACAGAACTCTGG::CCAGAGTTCTGTGCCCTTC","0","0","0.69193421","-0.23124377","-0.85637923"
"AAGGGCACAGAACTCTGGC::GCCAGAGTTCTGTGCCCTT","0","0","0.83252286","-0.26526067","-0.85711156"
"AGGGCACAGAACTCTGGCG::CGCCAGAGTTCTGTGCCCT","0","0","0.67817309","-0.14899091","-0.88504864"
"GGGCACAGAACTCTGGCGT::ACGCCAGAGTTCTGTGCCC","0","0","0.60256488","0.017317601","-0.84316936"
"GGCACAGAACTCTGGCGTT::AACGCCAGAGTTCTGTGCC","0","0","0.44274121","0.22204941","-0.7513313"
"GCACAGAACTCTGGCGTTG::CAACGCCAGAGTTCTGTGC","0","0","0.60015042","0.27634641","-0.79694496"
"CACAGAACTCTGGCGTTGG::CCAACGCCAGAGTTCTGTG","0","0","0.7271064","0.25308535","-0.66390923"
"ACAGAACTCTGGCGTTGGC::GCCAACGCCAGAGTTCTGT","0","0","0.65823473","0.40893329","-0.22136117"
"CAGAACTCTGGCGTTGGCC::GGCCAACGCCAGAGTTCTG","0","0","0.73073341","0.57308973","-0.17913292"
"AGAACTCTGGCGTTGGCCG::CGGCCAACGCCAGAGTTCT","0","0","0.74426055","0.41087583","-0.15916882"
"GAACTCTGGCGTTGGCCGT::ACGGCCAACGCCAGAGTTC","0","0","0.56542928","0.40882481","0.0308844"
"AACTCTGGCGTTGGCCGTG::CACGGCCAACGCCAGAGTT","0","0","0.68798265","0.22162606","-0.10914485"
"ACTCTGGCGTTGGCCGTGA::TCACGGCCAACGCCAGAGT","0","0","0.55718466","0.2037751","-0.10078789"
"CTCTGGCGTTGGCCGTGAT::ATCACGGCCAACGCCAGAG","0","0","0.4460611","0.23237405","-0.084539469"
"TCTGGCGTTGGCCGTGATT::AATCACGGCCAACGCCAGA","0","0","0.68314052","0.05431085","0.072892132"
"CTGGCGTTGGCCGTGATTA::TAATCACGGCCAACGCCAG","0","0","0.61333334","-0.048696847","-0.053532263"
"TGGCGTTGGCCGTGATTAA::TTAATCACGGCCAACGCCA","0","0","0.56830287","-0.055474008","0.061995981"
"GGCGTTGGCCGTGATTAAA::TTTAATCACGGCCAACGCC","0","0","0.41524584","0.066720013","0.24002508"
"GCGTTGGCCGTGATTAAAT::ATTTAATCACGGCCAACGC","0","0","0.50414419","0.055414307","0.27043278"
"CGTTGGCCGTGATTAAATA::TATTTAATCACGGCCAACG","0","0","0.462921","0.0057997365","0.39065757"
"GTTGGCCGTGATTAAATAC::GTATTTAATCACGGCCAAC","0","0","0.65135115","-0.13777916","0.4725216"
"TTGGCCGTGATTAAATACA::TGTATTTAATCACGGCCAA","0","0","0.84229723","-0.16956344","0.35434105"
"TGGCCGTGATTAAATACAC::GTGTATTTAATCACGGCCA","0","0","0.83142572","-0.20916291","0.23408073"
"GGCCGTGATTAAATACACA::TGTGTATTTAATCACGGCC","0","0","0.54796781","-0.23577584","0.18776716"
"GCCGTGATTAAATACACAT::ATGTGTATTTAATCACGGC","0","0","0.62145552","-0.22233939","0.16635826"
"CCGTGATTAAATACACATA::TATGTGTATTTAATCACGG","0","0","0.54660862","-0.15469837","0.13628777"
"CGTGATTAAATACACATAC::GTATGTGTATTTAATCACG","0","0","0.67603896","-0.047495446","0.12470549"
"GTGATTAAATACACATACC::GGTATGTGTATTTAATCAC","0","0","0.74301217","-0.12473363","0.1334642"
"TGATTAAATACACATACCA::TGGTATGTGTATTTAATCA","0","0","0.78984928","-0.22216748","0.14124528"
"GATTAAATACACATACCAA::TTGGTATGTGTATTTAATC","0","0","0.46062266","-0.16982058","0.1546573"
"ATTAAATACACATACCAAA::TTTGGTATGTGTATTTAAT","0","0","0.60288212","-0.07643857","0.09328093"
"TTAAATACACATACCAAAA::TTTTGGTATGTGTATTTAA","0","0","0.67908423","-0.12276881","-0.043891987"
"TAAATACACATACCAAAAC::GTTTTGGTATGTGTATTTA","0","0","0.79848492","-0.43119634","-0.15167461"
"AAATACACATACCAAAACA::TGTTTTGGTATGTGTATTT","0","0","0.66477437","-0.44375402","0.11483943"
"AATACACATACCAAAACAA::TTGTTTTGGTATGTGTATT","0","0","0.55843625","-0.43168359","0.16347381"
"ATACACATACCAAAACAAA::TTTGTTTTGGTATGTGTAT","0","0","0.5306776","-0.28206719","0.32466839"
"TACACATACCAAAACAAAG::CTTTGTTTTGGTATGTGTA","0","0","0.76276154","-0.10051376","0.49784594"
"ACACATACCAAAACAAAGT::ACTTTGTTTTGGTATGTGT","0","0","0.68457143","-0.1211401","0.32856159"
"CACATACCAAAACAAAGTG::CACTTTGTTTTGGTATGTG","0","0","0.68423256","-0.17580697","0.1591505"
"ACATACCAAAACAAAGTGG::CCACTTTGTTTTGGTATGT","0","0","0.66907072","-0.20319675","0.1322713"
"CATACCAAAACAAAGTGGT::ACCACTTTGTTTTGGTATG","0","0","0.64779087","-0.31195137","0.06585026"
"ATACCAAAACAAAGTGGTG::CACCACTTTGTTTTGGTAT","0","0","0.78996191","-0.3667608","0.060342918"
"TACCAAAACAAAGTGGTGA::TCACCACTTTGTTTTGGTA","0","0","0.81070639","-0.32222037","0.09674326"
"ACCAAAACAAAGTGGTGAA::TTCACCACTTTGTTTTGGT","0","1","0.53827872","-0.26973578","0.082102666"
"CCAAAACAAAGTGGTGAAG::CTTCACCACTTTGTTTTGG","0","0","0.50880525","-0.22578299","0.12850928"
"CAAAACAAAGTGGTGAAGG::CCTTCACCACTTTGTTTTG","0","0","0.73994402","-0.35470375","0.12173185"
"AAAACAAAGTGGTGAAGGT::ACCTTCACCACTTTGTTTT","0","0","0.71808408","-0.27492339","0.14674134"
"AAACAAAGTGGTGAAGGTT::AACCTTCACCACTTTGTTT","0","0","0.73775545","-0.13629557","0.1309024"
"AACAAAGTGGTGAAGGTTC::GAACCTTCACCACTTTGTT","0","0","0.87757393","-0.19908297","-0.10625049"
"ACAAAGTGGTGAAGGTTCT::AGAACCTTCACCACTTTGT","0","0","0.74470367","-0.36633185","-0.28480211"
"CAAAGTGGTGAAGGTTCTC::GAGAACCTTCACCACTTTG","0","0","0.77376262","-0.28331358","-0.42820836"
"AAAGTGGTGAAGGTTCTCA::TGAGAACCTTCACCACTTT","0","0","0.77600153","-0.38048985","-0.46700478"
"AAGTGGTGAAGGTTCTCAG::CTGAGAACCTTCACCACTT","0","0","0.82674357","-0.41547693","-0.5341718"
"AGTGGTGAAGGTTCTCAGA::TCTGAGAACCTTCACCACT","0","0","0.65983246","-0.55030913","-0.59401971"
"GTGGTGAAGGTTCTCAGAC::GTCTGAGAACCTTCACCAC","1","0","0.71794748","-0.48742532","-0.58231916"
"TGGTGAAGGTTCTCAGACC::GGTCTGAGAACCTTCACCA","0","0","0.84637572","-0.4812288","-0.46154019"
"GGTGAAGGTTCTCAGACCA::TGGTCTGAGAACCTTCACC","0","0","0.54789275","-0.42982704","-0.31196458"
"GTGAAGGTTCTCAGACCAG::CTGGTCTGAGAACCTTCAC","0","0","0.67218013","-0.54443328","-0.23888967"
"TGAAGGTTCTCAGACCAGC::GCTGGTCTGAGAACCTTCA","0","0","0.88541856","-0.63589339","-0.20214652"
"GAAGGTTCTCAGACCAGCT::AGCTGGTCTGAGAACCTTC","0","0","0.75823765","-0.7054142","-0.39904371"
"AAGGTTCTCAGACCAGCTG::CAGCTGGTCTGAGAACCTT","0","0","0.83298994","-0.81587475","-0.29887395"
"AGGTTCTCAGACCAGCTGA::TCAGCTGGTCTGAGAACCT","0","0","0.66843202","-0.67731575","-0.15549068"
"GGTTCTCAGACCAGCTGAA::TTCAGCTGGTCTGAGAACC","0","0","0.42382262","-0.58224662","-0.12513883"
"GTTCTCAGACCAGCTGAAG::CTTCAGCTGGTCTGAGAAC","0","0","0.64195582","-0.37602253","-0.068811288"
"TTCTCAGACCAGCTGAAGG::CCTTCAGCTGGTCTGAGAA","0","0","0.88093247","-0.18522608","-0.12508293"
"TCTCAGACCAGCTGAAGGA::TCCTTCAGCTGGTCTGAGA","0","0","0.73989269","-0.12341363","0.06573383"
"CTCAGACCAGCTGAAGGAG::CTCCTTCAGCTGGTCTGAG","0","0","0.60312277","-0.2027214","0.026875578"
"TCAGACCAGCTGAAGGAGG::CCTCCTTCAGCTGGTCTGA","0","0","0.78118305","-0.14834343","0.10127384"
"CAGACCAGCTGAAGGAGGA::TCCTCCTTCAGCTGGTCTG","0","0","0.64657937","-0.094502949","0.15030345"
"AGACCAGCTGAAGGAGGAA::TTCCTCCTTCAGCTGGTCT","0","0","0.58119181","-0.15024793","0.031567013"
"GACCAGCTGAAGGAGGAAA::TTTCCTCCTTCAGCTGGTC","0","0","0.50321098","-0.21560137","0.099492157"
"ACCAGCTGAAGGAGGAAAA::TTTTCCTCCTTCAGCTGGT","0","0","0.55248156","-0.13077988","0.20670375"
"CCAGCTGAAGGAGGAAAAA::TTTTTCCTCCTTCAGCTGG","0","0","0.42572033","0.37597698","0.37043358"
"CAGCTGAAGGAGGAAAAAC::GTTTTTCCTCCTTCAGCTG","0","0","0.68371483","0.31038127","0.4143704"
"AGCTGAAGGAGGAAAAACA::TGTTTTTCCTCCTTCAGCT","0","0","0.69137582","0.24301367","0.78569162"
"GCTGAAGGAGGAAAAACAG::CTGTTTTTCCTCCTTCAGC","0","0","0.62948184","0.21621033","1.0568155"
"CTGAAGGAGGAAAAACAGT::ACTGTTTTTCCTCCTTCAG","0","1","0.72052672","-0.12926365","0.88790563"
"TGAAGGAGGAAAAACAGTT::AACTGTTTTTCCTCCTTCA","0","1","0.86795325","-0.31754166","0.79344644"
"GAAGGAGGAAAAACAGTTA::TAACTGTTTTTCCTCCTTC","0","1","0.64822214","-0.41832096","0.63493869"
"AAGGAGGAAAAACAGTTAT::ATAACTGTTTTTCCTCCTT","0","0","0.71504241","-0.43837923","0.61288797"
"AGGAGGAAAAACAGTTATG::CATAACTGTTTTTCCTCCT","0","0","0.78627442","-0.57810943","0.3872727"
"GGAGGAAAAACAGTTATGG::CCATAACTGTTTTTCCTCC","0","0","0.7201444","-0.55363631","0.4366294"
"GAGGAAAAACAGTTATGGA::TCCATAACTGTTTTTCCTC","0","0","0.6068839","-0.50124585","0.65869987"
"AGGAAAAACAGTTATGGAC::GTCCATAACTGTTTTTCCT","0","0","0.8086802","-0.41705466","0.71350323"
"GGAAAAACAGTTATGGACA::TGTCCATAACTGTTTTTCC","0","0","0.63383079","-0.2138109","0.94926154"
"GAAAAACAGTTATGGACAT::ATGTCCATAACTGTTTTTC","0","0","0.56740746","0.053330469","0.93403296"
"AAAAACAGTTATGGACATC::GATGTCCATAACTGTTTTT","0","0","0.83413572","-0.0084436898","0.71342897"
"AAAACAGTTATGGACATCA::TGATGTCCATAACTGTTTT","0","0","0.87554082","-0.36857715","0.44214036"
"AAACAGTTATGGACATCAT::ATGATGTCCATAACTGTTT","0","0","0.76312878","-0.22610431","0.44238567"
"AACAGTTATGGACATCATT::AATGATGTCCATAACTGTT","0","0","0.81948422","-0.068766252","0.26518382"
"ACAGTTATGGACATCATTT::AAATGATGTCCATAACTGT","0","0","0.7916777","0.082175677","0.0037140639"
"CAGTTATGGACATCATTTC::GAAATGATGTCCATAACTG","0","0","0.74627498","0.30936821","0.025458491"
"AGTTATGGACATCATTTCA::TGAAATGATGTCCATAACT","0","0","0.65742157","0.32400994","0.16563647"
"GTTATGGACATCATTTCAA::TTGAAATGATGTCCATAAC","0","0","0.58547116","0.38392803","0.32532066"
"TTATGGACATCATTTCAAG::CTTGAAATGATGTCCATAA","0","0","0.83960697","0.34862246","0.31003854"
"TATGGACATCATTTCAAGA::TCTTGAAATGATGTCCATA","0","0","0.73535859","0.28434533","0.4198334"
"ATGGACATCATTTCAAGAC::GTCTTGAAATGATGTCCAT","0","0","0.8342725","0.37398613","0.39684494"
"TGGACATCATTTCAAGACA::TGTCTTGAAATGATGTCCA","0","0","0.681547","0.52528432","0.18028486"
"GGACATCATTTCAAGACAA::TTGTCTTGAAATGATGTCC","0","0","0.41029375","0.49374065","0.25222854"
"GACATCATTTCAAGACAAG::CTTGTCTTGAAATGATGTC","0","0","0.52582586","0.44316477","0.17839931"
"ACATCATTTCAAGACAAGA::TCTTGTCTTGAAATGATGT","0","0","0.56346685","0.27325527","0.15184366"
"CATCATTTCAAGACAAGAC::GTCTTGTCTTGAAATGATG","0","0","0.66101939","0.33871263","0.19950821"
"ATCATTTCAAGACAAGACC::GGTCTTGTCTTGAAATGAT","0","0","0.84210264","0.28332621","0.29027385"
"TCATTTCAAGACAAGACCA::TGGTCTTGTCTTGAAATGA","0","0","0.68287307","0.26737303","0.34956349"
"CATTTCAAGACAAGACCAG::CTGGTCTTGTCTTGAAATG","0","0","0.58044261","0.040331622","0.33079918"
"ATTTCAAGACAAGACCAGA::TCTGGTCTTGTCTTGAAAT","1","0","0.61631235","0.10922416","0.42279393"
"TTTCAAGACAAGACCAGAG::CTCTGGTCTTGTCTTGAAA","0","0","0.83900994","-0.059940445","0.6375226"
"TTCAAGACAAGACCAGAGA::TCTCTGGTCTTGTCTTGAA","0","0","0.74021483","0.1445426","0.6432675"
"TCAAGACAAGACCAGAGAG::CTCTCTGGTCTTGTCTTGA","0","0","0.71509374","0.12214099","0.35912007"
"CAAGACAAGACCAGAGAGG::CCTCTCTGGTCTTGTCTTG","0","0","0.71417505","-0.011678776","0.40594884"
"AAGACAAGACCAGAGAGGG::CCCTCTCTGGTCTTGTCTT","0","1","0.82793883","-0.12652519","0.27454508"
"AGACAAGACCAGAGAGGGA::TCCCTCTCTGGTCTTGTCT","0","0","0.62865944","-0.35948812","0.11532794"
"GACAAGACCAGAGAGGGAG::CTCCCTCTCTGGTCTTGTC","0","0","0.75366595","-0.65575928","0.11857655"
"ACAAGACCAGAGAGGGAGT::ACTCCCTCTCTGGTCTTGT","0","0","0.65774094","-0.63523053","-0.0048576636"
"CAAGACCAGAGAGGGAGTG::CACTCCCTCTCTGGTCTTG","0","0","0.66251784","-0.77358307","-0.025929728"
"AAGACCAGAGAGGGAGTGG::CCACTCCCTCTCTGGTCTT","0","0","0.77099084","-0.83833046","-0.14011166"
"AGACCAGAGAGGGAGTGGA::TCCACTCCCTCTCTGGTCT","0","0","0.63920683","-0.90195195","-0.2015699"
"GACCAGAGAGGGAGTGGAC::GTCCACTCCCTCTCTGGTC","0","0","0.63116551","-0.86088086","-0.27415053"
"ACCAGAGAGGGAGTGGACA::TGTCCACTCCCTCTCTGGT","0","0","0.66891431","-0.71855289","-0.26818398"
"CCAGAGAGGGAGTGGACAA::TTGTCCACTCCCTCTCTGG","0","0","0.55572108","-0.63198702","-0.30454493"
"CAGAGAGGGAGTGGACAAG::CTTGTCCACTCCCTCTCTG","0","0","0.69692769","-0.69339673","-0.4542673"
"AGAGAGGGAGTGGACAAGT::ACTTGTCCACTCCCTCTCT","0","0","0.76195695","-0.45065867","-0.80323545"
"GAGAGGGAGTGGACAAGTT::AACTTGTCCACTCCCTCTC","0","0","0.62470503","-0.38540633","-0.77406829"
"AGAGGGAGTGGACAAGTTG::CAACTTGTCCACTCCCTCT","0","0","0.77677964","-0.38291495","-0.54018413"
"GAGGGAGTGGACAAGTTGT::ACAACTTGTCCACTCCCTC","0","0","0.72608294","-0.1631139","-0.57032481"
"AGGGAGTGGACAAGTTGTC::GACAACTTGTCCACTCCCT","0","0","0.8134101","-0.0018982055","-0.56421725"
"GGGAGTGGACAAGTTGTCA::TGACAACTTGTCCACTCCC","0","0","0.63488766","0.12461924","-0.50578021"
"GGAGTGGACAAGTTGTCAC::GTGACAACTTGTCCACTCC","0","0","0.74756506","0.19798147","-0.42505314"
"GAGTGGACAAGTTGTCACT::AGTGACAACTTGTCCACTC","0","0","0.74051827","0.21575503","-0.33268765"
"AGTGGACAAGTTGTCACTT::AAGTGACAACTTGTCCACT","0","0","0.75310842","0.20705646","-0.32530056"
"GTGGACAAGTTGTCACTTA::TAAGTGACAACTTGTCCAC","0","0","0.69310721","0.31675097","-0.38550682"
"TGGACAAGTTGTCACTTAT::ATAAGTGACAACTTGTCCA","0","0","0.81745729","0.40681425","-0.38156733"
"GGACAAGTTGTCACTTATG::CATAAGTGACAACTTGTCC","0","0","0.73929058","0.43358794","-0.42312769"
"GACAAGTTGTCACTTATGC::GCATAAGTGACAACTTGTC","0","0","0.83363492","0.24586246","-0.5662892"
"ACAAGTTGTCACTTATGCT::AGCATAAGTGACAACTTGT","0","0","0.90546346","0.26788522","-0.62179733"
"CAAGTTGTCACTTATGCTC::GAGCATAAGTGACAACTTG","0","0","0.90563651","0.15134298","-0.61588838"
"AAGTTGTCACTTATGCTCT::AGAGCATAAGTGACAACTT","0","0","0.90167494","0.019038574","-0.51319244"
"AGTTGTCACTTATGCTCTC::GAGAGCATAAGTGACAACT","0","0","0.7993598","-0.34705991","-0.56562488"
"GTTGTCACTTATGCTCTCA::TGAGAGCATAAGTGACAAC","0","0","0.72145607","-0.38736824","-0.61080919"
"TTGTCACTTATGCTCTCAA::TTGAGAGCATAAGTGACAA","0","0","0.79853062","-0.46247464","-0.63227169"
"TGTCACTTATGCTCTCAAC::GTTGAGAGCATAAGTGACA","0","0","0.85282431","-0.5419553","-0.67735347"
"GTCACTTATGCTCTCAACA::TGTTGAGAGCATAAGTGAC","0","0","0.78040773","-0.61264865","-0.69341202"
"TCACTTATGCTCTCAACAC::GTGTTGAGAGCATAAGTGA","0","0","0.94084273","-0.56017855","-0.90112516"
"CACTTATGCTCTCAACACA::TGTGTTGAGAGCATAAGTG","0","0","0.72243022","-0.51608209","-0.86743058"
"ACTTATGCTCTCAACACAT::ATGTGTTGAGAGCATAAGT","0","0","0.79723583","-0.50195622","-0.88749008"
"CTTATGCTCTCAACACATT::AATGTGTTGAGAGCATAAG","0","0","0.73526254","-0.54813045","-0.80273345"
"TTATGCTCTCAACACATTC::GAATGTGTTGAGAGCATAA","0","0","1.075446","-0.51896783","-0.65563011"
"TATGCTCTCAACACATTCA::TGAATGTGTTGAGAGCATA","0","0","0.88484085","-0.47710512","-0.704916"
"ATGCTCTCAACACATTCAC::GTGAATGTGTTGAGAGCAT","0","0","0.86519389","-0.46417535","-0.63227727"
"TGCTCTCAACACATTCACC::GGTGAATGTGTTGAGAGCA","0","0","0.86350024","-0.43020809","-0.64939571"
"GCTCTCAACACATTCACCA::TGGTGAATGTGTTGAGAGC","0","0","0.63873127","-0.46560526","-0.73662931"
"CTCTCAACACATTCACCAA::TTGGTGAATGTGTTGAGAG","0","0","0.53019037","-0.40360042","-0.60451791"
"TCTCAACACATTCACCAAC::GTTGGTGAATGTGTTGAGA","0","0","0.75516117","-0.23213902","-0.68048948"
"CTCAACACATTCACCAACT::AGTTGGTGAATGTGTTGAG","0","0","0.74371296","-0.17252078","-0.64510989"
"TCAACACATTCACCAACTT::AAGTTGGTGAATGTGTTGA","0","0","0.70523878","-0.069844354","-0.34386775"
"CAACACATTCACCAACTTG::CAAGTTGGTGAATGTGTTG","0","0","0.77994131","-0.20897426","-0.12415978"
"AACACATTCACCAACTTGG::CCAAGTTGGTGAATGTGTT","0","0","0.89030487","-0.20196536","0.074852565"
"ACACATTCACCAACTTGGT::ACCAAGTTGGTGAATGTGT","0","0","0.75945166","-0.16883142","0.27983745"
"CACATTCACCAACTTGGTG::CACCAAGTTGGTGAATGTG","0","0","0.750554","-0.29699573","0.12087467"
"ACATTCACCAACTTGGTGG::CCACCAAGTTGGTGAATGT","0","0","0.88207997","-0.38081847","0.21336565"
"CATTCACCAACTTGGTGGT::ACCACCAAGTTGGTGAATG","0","0","0.59555512","-0.40350861","0.17313088"
"ATTCACCAACTTGGTGGTG::CACCACCAAGTTGGTGAAT","0","0","0.72299221","-0.51286631","0.052114947"
"TTCACCAACTTGGTGGTGC::GCACCACCAAGTTGGTGAA","0","0","0.94438669","-0.53149633","0.054514854"
"TCACCAACTTGGTGGTGCA::TGCACCACCAAGTTGGTGA","0","0","0.7309344","-0.5994278","-3.7017135e-05"
"CACCAACTTGGTGGTGCAG::CTGCACCACCAAGTTGGTG","0","0","0.58105971","-0.71145057","0.032268866"
"ACCAACTTGGTGGTGCAGC::GCTGCACCACCAAGTTGGT","0","0","0.81175957","-0.72975925","-0.031209817"
"CCAACTTGGTGGTGCAGCT::AGCTGCACCACCAAGTTGG","0","0","0.70236005","-0.74008848","-0.15552709"
"CAACTTGGTGGTGCAGCTT::AAGCTGCACCACCAAGTTG","0","0","0.69986117","-0.56485281","-0.013436717"
"AACTTGGTGGTGCAGCTTA::TAAGCTGCACCACCAAGTT","0","0","0.70941905","-0.60371832","-0.0085869276"
"ACTTGGTGGTGCAGCTTAT::ATAAGCTGCACCACCAAGT","0","0","0.64980183","-0.63779373","-0.27746834"
"CTTGGTGGTGCAGCTTATC::GATAAGCTGCACCACCAAG","0","0","0.82557506","-0.32127759","-0.40604347"
"TTGGTGGTGCAGCTTATCC::GGATAAGCTGCACCACCAA","0","0","0.97624039","-0.088345988","-0.40580396"
"TGGTGGTGCAGCTTATCCG::CGGATAAGCTGCACCACCA","0","0","0.93351197","-0.18698741","-0.46119686"
"GGTGGTGCAGCTTATCCGG::CCGGATAAGCTGCACCACC","0","0","0.69503803","-0.066030355","-0.26475507"
"GTGGTGCAGCTTATCCGGA::TCCGGATAAGCTGCACCAC","0","0","0.60280937","0.27611687","-0.23149639"
"TGGTGCAGCTTATCCGGAA::TTCCGGATAAGCTGCACCA","0","0","0.71169232","0.30340603","-0.22244333"
"GGTGCAGCTTATCCGGAAC::GTTCCGGATAAGCTGCACC","0","0","0.65335668","0.28198166","-0.19282374"
"GTGCAGCTTATCCGGAACA::TGTTCCGGATAAGCTGCAC","0","0","0.71353777","0.25401502","-0.19010842"
"TGCAGCTTATCCGGAACAT::ATGTTCCGGATAAGCTGCA","0","0","0.74095886","0.19319453","-0.25259619"
"GCAGCTTATCCGGAACATG::CATGTTCCGGATAAGCTGC","0","0","0.68694059","0.32217598","-0.3125841"
"CAGCTTATCCGGAACATGG::CCATGTTCCGGATAAGCTG","0","0","0.86827374","0.37240504","-0.26102698"
"AGCTTATCCGGAACATGGA::TCCATGTTCCGGATAAGCT","0","0","0.72390478","0.36650513","0.0018382096"
"GCTTATCCGGAACATGGAA::TTCCATGTTCCGGATAAGC","0","0","0.46048482","0.051768227","0.0077838335"
"CTTATCCGGAACATGGAAG::CTTCCATGTTCCGGATAAG","0","0","0.75094062","-0.039882115","-0.29817764"
"TTATCCGGAACATGGAAGC::GCTTCCATGTTCCGGATAA","0","0","0.96343923","-0.21619182","-0.20190634"
"TATCCGGAACATGGAAGCT::AGCTTCCATGTTCCGGATA","0","0","0.83816751","-0.27523975","-0.015762754"
"ATCCGGAACATGGAAGCTG::CAGCTTCCATGTTCCGGAT","0","0","0.86726155","-0.50374518","-0.063289867"
"TCCGGAACATGGAAGCTGA::TCAGCTTCCATGTTCCGGA","0","0","0.7062585","-0.27637775","0.034498795"
"CCGGAACATGGAAGCTGAG::CTCAGCTTCCATGTTCCGG","0","0","0.60780395","-0.44520539","-0.20026413"
"CGGAACATGGAAGCTGAGG::CCTCAGCTTCCATGTTCCG","0","0","0.73401007","-0.77744109","-0.38354479"
"GGAACATGGAAGCTGAGGA::TCCTCAGCTTCCATGTTCC","0","0","0.66883083","-0.82808669","-0.40294019"
"GAACATGGAAGCTGAGGAA::TTCCTCAGCTTCCATGTTC","0","0","0.59892308","-0.82344863","-0.51775236"
"AACATGGAAGCTGAGGAAG::CTTCCTCAGCTTCCATGTT","0","1","0.79233313","-0.83491795","-0.64872532"
"ACATGGAAGCTGAGGAAGT::ACTTCCTCAGCTTCCATGT","0","0","0.6771983","-0.53491635","-0.44703714"
"CATGGAAGCTGAGGAAGTG::CACTTCCTCAGCTTCCATG","0","0","0.65982138","-0.581037","-0.49472434"
"ATGGAAGCTGAGGAAGTGT::ACACTTCCTCAGCTTCCAT","0","0","0.78185269","-0.62285985","-0.4784078"
"TGGAAGCTGAGGAAGTGTT::AACACTTCCTCAGCTTCCA","0","0","0.7171994","-0.80523367","-0.63009438"
"GGAAGCTGAGGAAGTGTTA::TAACACTTCCTCAGCTTCC","0","0","0.56372118","-0.55941947","-0.84641254"
"GAAGCTGAGGAAGTGTTAG::CTAACACTTCCTCAGCTTC","0","0","0.72530355","-0.57516397","-0.7017542"
"AAGCTGAGGAAGTGTTAGA::TCTAACACTTCCTCAGCTT","0","0","0.70746701","-0.50430473","-0.77421518"
"AGCTGAGGAAGTGTTAGAG::CTCTAACACTTCCTCAGCT","0","0","0.72654615","-0.71575711","-0.99984377"
"GCTGAGGAAGTGTTAGAGA::TCTCTAACACTTCCTCAGC","0","1","0.52877209","-0.50784893","-0.99493917"
"CTGAGGAAGTGTTAGAGAT::ATCTCTAACACTTCCTCAG","0","0","0.64040747","-0.60514296","-0.98411485"
"TGAGGAAGTGTTAGAGATG::CATCTCTAACACTTCCTCA","0","0","0.79024012","-0.51085674","-0.80134926"
"GAGGAAGTGTTAGAGATGC::GCATCTCTAACACTTCCTC","0","0","0.7225765","-0.35679426","-0.77370039"
"AGGAAGTGTTAGAGATGCA::TGCATCTCTAACACTTCCT","0","0","0.58558116","-0.38349275","-0.83371296"
"GGAAGTGTTAGAGATGCAA::TTGCATCTCTAACACTTCC","1","0","0.56477026","-0.37398274","-0.76845966"
"GAAGTGTTAGAGATGCAAG::CTTGCATCTCTAACACTTC","0","0","0.66276752","-0.34982312","-0.54088923"
"AAGTGTTAGAGATGCAAGA::TCTTGCATCTCTAACACTT","0","0","0.70791576","-0.49586017","-0.58505436"
"AGTGTTAGAGATGCAAGAC::GTCTTGCATCTCTAACACT","0","0","0.72399433","-0.45948325","-0.51898168"
"GTGTTAGAGATGCAAGACT::AGTCTTGCATCTCTAACAC","0","0","0.66345291","-0.53390838","-0.48999037"
"TGTTAGAGATGCAAGACTT::AAGTCTTGCATCTCTAACA","0","0","0.75145866","-0.48395917","-0.46394109"
"GTTAGAGATGCAAGACTTA::TAAGTCTTGCATCTCTAAC","0","0","0.5568093","-0.58961312","-0.458683"
"TTAGAGATGCAAGACTTAT::ATAAGTCTTGCATCTCTAA","0","0","0.86156712","-0.52529827","-0.47137882"
"TAGAGATGCAAGACTTATG::CATAAGTCTTGCATCTCTA","0","0","0.93561275","-0.4710119","-0.47479488"
"AGAGATGCAAGACTTATGG::CCATAAGTCTTGCATCTCT","0","0","0.79794065","-0.43129077","-0.43723638"
"GAGATGCAAGACTTATGGT::ACCATAAGTCTTGCATCTC","0","0","0.56716926","-0.58754896","-0.57334797"
"AGATGCAAGACTTATGGTT::AACCATAAGTCTTGCATCT","0","0","0.65303976","-0.7007511","-0.72851349"
"GATGCAAGACTTATGGTTG::CAACCATAAGTCTTGCATC","0","0","0.66645894","-0.78594087","-0.87766737"
"ATGCAAGACTTATGGTTGT::ACAACCATAAGTCTTGCAT","0","0","0.72150942","-0.71935763","-0.87774938"
"TGCAAGACTTATGGTTGTT::AACAACCATAAGTCTTGCA","0","0","0.64346576","-0.43167197","-0.72492569"
"GCAAGACTTATGGTTGTTG::CAACAACCATAAGTCTTGC","0","0","0.63553616","-0.44034176","-0.70603043"
"CAAGACTTATGGTTGTTGA::TCAACAACCATAAGTCTTG","0","0","0.65807729","-0.49612155","-0.69847659"
"AAGACTTATGGTTGTTGAG::CTCAACAACCATAAGTCTT","0","0","0.79973665","-0.55843418","-0.76818428"
"AGACTTATGGTTGTTGAGG::CCTCAACAACCATAAGTCT","0","0","0.84498514","-0.75319736","-0.86063139"
"GACTTATGGTTGTTGAGGA::TCCTCAACAACCATAAGTC","0","0","0.60083332","-0.66125086","-0.88808735"
"ACTTATGGTTGTTGAGGAA::TTCCTCAACAACCATAAGT","0","0","0.57675414","-0.65728677","-1.0951516"
"CTTATGGTTGTTGAGGAAG::CTTCCTCAACAACCATAAG","0","0","0.76283488","-0.72328418","-1.2410031"
"TTATGGTTGTTGAGGAAGC::GCTTCCTCAACAACCATAA","0","0","0.91985957","-0.89091326","-1.1457595"
"TATGGTTGTTGAGGAAGCC::GGCTTCCTCAACAACCATA","0","0","0.89992352","-1.0470996","-1.2117414"
"ATGGTTGTTGAGGAAGCCA::TGGCTTCCTCAACAACCAT","0","0","0.78966495","-0.79445897","-1.1720476"
"TGGTTGTTGAGGAAGCCAG::CTGGCTTCCTCAACAACCA","0","0","0.82850762","-0.84434416","-1.1021591"
"GGTTGTTGAGGAAGCCAGA::TCTGGCTTCCTCAACAACC","0","0","0.54452997","-0.69962575","-0.8931085"
"GTTGTTGAGGAAGCCAGAG::CTCTGGCTTCCTCAACAAC","0","0","0.71284584","-0.72920005","-0.69400454"
"TTGTTGAGGAAGCCAGAGA::TCTCTGGCTTCCTCAACAA","0","0","0.78303086","-0.65946294","-0.56982418"
"TGTTGAGGAAGCCAGAGAA::TTCTCTGGCTTCCTCAACA","1","0","0.65711957","-0.83423354","-0.4704318"
"GTTGAGGAAGCCAGAGAAA::TTTCTCTGGCTTCCTCAAC","0","0","0.47221458","-0.71926057","-0.34085871"
"TTGAGGAAGCCAGAGAAAG::CTTTCTCTGGCTTCCTCAA","0","0","0.83047259","-0.55105156","-0.33154941"
"TGAGGAAGCCAGAGAAAGT::ACTTTCTCTGGCTTCCTCA","0","0","0.70046738","-0.47007985","-0.33551228"
"GAGGAAGCCAGAGAAAGTG::CACTTTCTCTGGCTTCCTC","1","0","0.70899424","-0.2919378","-0.3070376"
"AGGAAGCCAGAGAAAGTGA::TCACTTTCTCTGGCTTCCT","0","1","0.56022245","-0.15062078","-0.21829104"
"GGAAGCCAGAGAAAGTGAC::GTCACTTTCTCTGGCTTCC","0","0","0.57626348","-0.006596028","-0.067072939"
"GAAGCCAGAGAAAGTGACC::GGTCACTTTCTCTGGCTTC","0","0","0.68745365","0.076211703","0.36561314"
"AAGCCAGAGAAAGTGACCA::TGGTCACTTTCTCTGGCTT","0","0","0.747439","0.15466562","0.41338756"
"AGCCAGAGAAAGTGACCAG::CTGGTCACTTTCTCTGGCT","0","0","0.63661399","0.17135047","0.65541941"
"GCCAGAGAAAGTGACCAGA::TCTGGTCACTTTCTCTGGC","0","0","0.47367595","0.14537123","0.7717688"
"CCAGAGAAAGTGACCAGAT::ATCTGGTCACTTTCTCTGG","0","0","0.55141511","0.21094477","0.78411335"
"CAGAGAAAGTGACCAGATG::CATCTGGTCACTTTCTCTG","0","0","0.64082705","0.052293621","0.7350371"
"AGAGAAAGTGACCAGATGG::CCATCTGGTCACTTTCTCT","0","1","0.77818441","0.23493886","0.57377062"
"GAGAAAGTGACCAGATGGT::ACCATCTGGTCACTTTCTC","0","1","0.65854013","0.081266109","0.44726933"
"AGAAAGTGACCAGATGGTT::AACCATCTGGTCACTTTCT","0","0","0.66379969","0.068419233","0.27724614"
"GAAAGTGACCAGATGGTTG::CAACCATCTGGTCACTTTC","0","0","0.75004438","-0.032380621","0.19917258"
"AAAGTGACCAGATGGTTGC::GCAACCATCTGGTCACTTT","0","0","0.86597479","-0.21425819","0.18592502"
"AAGTGACCAGATGGTTGCA::TGCAACCATCTGGTCACTT","0","0","0.58989389","-0.29888923","0.12028706"
"AGTGACCAGATGGTTGCAG::CTGCAACCATCTGGTCACT","0","0","0.6947593","-0.39615286","0.22536562"
"GTGACCAGATGGTTGCAGA::TCTGCAACCATCTGGTCAC","0","0","0.56690614","-0.4330657","0.28247927"
"TGACCAGATGGTTGCAGAG::CTCTGCAACCATCTGGTCA","0","0","0.73250355","-0.5990203","0.48076195"
"GACCAGATGGTTGCAGAGC::GCTCTGCAACCATCTGGTC","0","0","0.66562513","-0.68531181","0.32004044"
"ACCAGATGGTTGCAGAGCA::TGCTCTGCAACCATCTGGT","0","0","0.5935971","-0.6562667","0.20630297"
"CCAGATGGTTGCAGAGCAA::TTGCTCTGCAACCATCTGG","0","0","0.43939846","-0.58292634","0.077526637"
"CAGATGGTTGCAGAGCAAT::ATTGCTCTGCAACCATCTG","0","0","0.60967689","-0.86398741","-0.1402065"
"AGATGGTTGCAGAGCAATG::CATTGCTCTGCAACCATCT","0","0","0.69879879","-0.84280742","-0.075331456"
"GATGGTTGCAGAGCAATGG::CCATTGCTCTGCAACCATC","0","0","0.74299111","-0.8491539","-0.034590312"
"ATGGTTGCAGAGCAATGGA::TCCATTGCTCTGCAACCAT","0","0","0.69451891","-0.89024235","0.14840869"
"TGGTTGCAGAGCAATGGAT::ATCCATTGCTCTGCAACCA","1","0","0.65040144","-0.79415672","0.29034726"
"GGTTGCAGAGCAATGGATG::CATCCATTGCTCTGCAACC","1","0","0.58170017","-0.72177763","0.31507051"
"GTTGCAGAGCAATGGATGG::CCATCCATTGCTCTGCAAC","0","0","0.62406923","-0.55795465","0.36659264"
"TTGCAGAGCAATGGATGGG::CCCATCCATTGCTCTGCAA","0","0","0.81155953","-0.60177289","0.37703488"
"TGCAGAGCAATGGATGGGA::TCCCATCCATTGCTCTGCA","0","0","0.67796898","-0.62398143","0.38312415"
"GCAGAGCAATGGATGGGAT::ATCCCATCCATTGCTCTGC","0","0","0.41080311","-0.54454998","0.34465379"
"CAGAGCAATGGATGGGATA::TATCCCATCCATTGCTCTG","0","0","0.57920063","-0.45285342","0.46892376"
"AGAGCAATGGATGGGATAG::CTATCCCATCCATTGCTCT","0","0","0.7086576","-0.34105232","0.37363744"
"GAGCAATGGATGGGATAGA::TCTATCCCATCCATTGCTC","0","0","0.57925826","-0.2550713","0.4366931"
"AGCAATGGATGGGATAGAC::GTCTATCCCATCCATTGCT","0","0","0.7162065","-0.26080266","0.49370324"
"GCAATGGATGGGATAGACT::AGTCTATCCCATCCATTGC","0","0","0.61591767","-0.37798328","0.48217404"
"CAATGGATGGGATAGACTC::GAGTCTATCCCATCCATTG","0","0","0.7822367","-0.20516426","0.46854298"
"AATGGATGGGATAGACTCA::TGAGTCTATCCCATCCATT","0","0","0.68734704","-0.25456641","0.28978822"
"ATGGATGGGATAGACTCAA::TTGAGTCTATCCCATCCAT","0","0","0.76398501","-0.27333672","0.025207591"
"TGGATGGGATAGACTCAAA::TTTGAGTCTATCCCATCCA","0","0","0.64509639","-0.25888977","-0.24542942"
"GGATGGGATAGACTCAAAC::GTTTGAGTCTATCCCATCC","0","0","0.69140107","-0.25039647","-0.24473885"
"GATGGGATAGACTCAAACG::CGTTTGAGTCTATCCCATC","0","0","0.74881326","-0.15828302","-0.13159706"
"ATGGGATAGACTCAAACGA::TCGTTTGAGTCTATCCCAT","0","0","0.74388452","-0.19436927","-0.18097453"
"TGGGATAGACTCAAACGAA::TTCGTTTGAGTCTATCCCA","0","0","0.64145152","-0.10270606","-0.15563692"
"GGGATAGACTCAAACGAAT::ATTCGTTTGAGTCTATCCC","0","0","0.49527815","0.004003631","-0.046500694"
"GGATAGACTCAAACGAATG::CATTCGTTTGAGTCTATCC","0","0","0.64343937","0.095390406","0.045306814"
"GATAGACTCAAACGAATGG::CCATTCGTTTGAGTCTATC","0","0","0.65226785","0.0080759004","0.039677712"
"ATAGACTCAAACGAATGGC::GCCATTCGTTTGAGTCTAT","0","0","0.84984253","0.11108267","-0.081697129"
"TAGACTCAAACGAATGGCG::CGCCATTCGTTTGAGTCTA","0","0","0.83340989","0.11366424","-0.22301678"
"AGACTCAAACGAATGGCGG::CCGCCATTCGTTTGAGTCT","0","0","0.66605905","0.085562943","-0.28024176"
"GACTCAAACGAATGGCGGT::ACCGCCATTCGTTTGAGTC","0","0","0.4960372","0.14877791","-0.21436513"
"ACTCAAACGAATGGCGGTC::GACCGCCATTCGTTTGAGT","0","0","0.64342865","0.11562597","-0.12290962"
"CTCAAACGAATGGCGGTCA::TGACCGCCATTCGTTTGAG","0","0","0.49726725","0.31773153","-0.012493893"
"TCAAACGAATGGCGGTCAG::CTGACCGCCATTCGTTTGA","0","0","0.62318676","0.40399869","0.18551002"
"CAAACGAATGGCGGTCAGT::ACTGACCGCCATTCGTTTG","0","0","0.59755388","0.28271834","0.14890459"
"AAACGAATGGCGGTCAGTG::CACTGACCGCCATTCGTTT","0","0","0.77711947","0.010973645","-0.0086241259"
"AACGAATGGCGGTCAGTGG::CCACTGACCGCCATTCGTT","0","0","0.70161442","-0.23656115","-0.14000528"
"ACGAATGGCGGTCAGTGGA::TCCACTGACCGCCATTCGT","0","0","0.58503558","-0.29526446","-0.19424792"
"CGAATGGCGGTCAGTGGAG::CTCCACTGACCGCCATTCG","0","0","0.53741956","-0.31720176","-0.27142456"
"GAATGGCGGTCAGTGGAGA::TCTCCACTGACCGCCATTC","0","0","0.4469069","-0.2843683","-0.25631067"
"AATGGCGGTCAGTGGAGAT::ATCTCCACTGACCGCCATT","0","0","0.58780803","-0.27995268","-0.24978963"
"ATGGCGGTCAGTGGAGATG::CATCTCCACTGACCGCCAT","0","0","0.70124679","-0.27431065","-0.28085"
"TGGCGGTCAGTGGAGATGA::TCATCTCCACTGACCGCCA","0","0","0.66569581","-0.31092275","-0.14191145"
"GGCGGTCAGTGGAGATGAC::GTCATCTCCACTGACCGCC","0","0","0.40329296","-0.32103661","-0.14465209"
"GCGGTCAGTGGAGATGACT::AGTCATCTCCACTGACCGC","0","0","0.60823929","-0.30213841","-0.16928071"
"CGGTCAGTGGAGATGACTG::CAGTCATCTCCACTGACCG","0","0","0.68184286","-0.16652337","-0.19978137"
"GGTCAGTGGAGATGACTGC::GCAGTCATCTCCACTGACC","0","0","0.62340182","-0.30020817","-0.31505709"
"GTCAGTGGAGATGACTGCG::CGCAGTCATCTCCACTGAC","0","0","0.69858499","-0.55614603","-0.35475547"
"TCAGTGGAGATGACTGCGT::ACGCAGTCATCTCCACTGA","0","0","0.82000168","-0.67363993","-0.38133263"
"CAGTGGAGATGACTGCGTT::AACGCAGTCATCTCCACTG","0","0","0.55841066","-0.55389708","-0.25896577"
"AGTGGAGATGACTGCGTTG::CAACGCAGTCATCTCCACT","0","0","0.69300754","-0.34489719","-0.26044448"
"GTGGAGATGACTGCGTTGT::ACAACGCAGTCATCTCCAC","0","0","0.63518472","-0.17961085","-0.27371466"
"TGGAGATGACTGCGTTGTG::CACAACGCAGTCATCTCCA","0","0","0.70263701","-0.17194972","-0.090365682"
"GGAGATGACTGCGTTGTGA::TCACAACGCAGTCATCTCC","0","0","0.54549345","-0.176621","-0.13942712"
"GAGATGACTGCGTTGTGAA::TTCACAACGCAGTCATCTC","0","0","0.54889095","-0.18439346","-0.25077972"
"AGATGACTGCGTTGTGAAG::CTTCACAACGCAGTCATCT","0","0","0.61840106","-0.170256","-0.22065842"
"GATGACTGCGTTGTGAAGC::GCTTCACAACGCAGTCATC","0","0","0.79278119","-0.28605999","-0.31510018"
"ATGACTGCGTTGTGAAGCC::GGCTTCACAACGCAGTCAT","0","0","0.84780973","-0.47435068","-0.52757175"
"TGACTGCGTTGTGAAGCCA::TGGCTTCACAACGCAGTCA","0","0","0.73625456","-0.28614681","-0.40965771"
"GACTGCGTTGTGAAGCCAA::TTGGCTTCACAACGCAGTC","0","0","0.59013588","-0.01833761","-0.30394148"
"ACTGCGTTGTGAAGCCAAT::ATTGGCTTCACAACGCAGT","0","0","0.63306474","0.0089639168","-0.26953216"
"CTGCGTTGTGAAGCCAATC::GATTGGCTTCACAACGCAG","0","0","0.83290839","0.14540471","-0.3335388"
"TGCGTTGTGAAGCCAATCG::CGATTGGCTTCACAACGCA","0","0","0.94501689","0.21260909","-0.34358525"
"GCGTTGTGAAGCCAATCGA::TCGATTGGCTTCACAACGC","0","0","0.57942609","0.23767464","-0.47291426"
"CGTTGTGAAGCCAATCGAT::ATCGATTGGCTTCACAACG","0","0","0.57246209","0.1121806","-0.51781557"
"GTTGTGAAGCCAATCGATG::CATCGATTGGCTTCACAAC","0","0","0.76150075","0.0259495","-0.48847153"
"TTGTGAAGCCAATCGATGA::TCATCGATTGGCTTCACAA","0","0","0.86449253","0.013064423","-0.32065718"
"TGTGAAGCCAATCGATGAT::ATCATCGATTGGCTTCACA","0","0","0.68833733","0.043095347","-0.42712872"
"GTGAAGCCAATCGATGATA::TATCATCGATTGGCTTCAC","0","0","0.62043719","0.064307686","-0.34123226"
"TGAAGCCAATCGATGATAG::CTATCATCGATTGGCTTCA","0","0","0.82642836","0.065026423","-0.19090953"
"GAAGCCAATCGATGATAGG::CCTATCATCGATTGGCTTC","0","0","0.70119708","-0.096705668","-0.35671679"
"AAGCCAATCGATGATAGGT::ACCTATCATCGATTGGCTT","0","0","0.85483837","-0.01456086","-0.38823427"
"AGCCAATCGATGATAGGTT::AACCTATCATCGATTGGCT","0","0","0.71678812","0.12388156","-0.27499578"
"GCCAATCGATGATAGGTTT::AAACCTATCATCGATTGGC","0","0","0.46871647","-0.026811041","-0.38480465"
"CCAATCGATGATAGGTTTG::CAAACCTATCATCGATTGG","0","0","0.64863084","-0.21952299","-0.33045308"
"CAATCGATGATAGGTTTGC::GCAAACCTATCATCGATTG","0","0","0.74924348","-0.33523926","-0.33898599"
"AATCGATGATAGGTTTGCA::TGCAAACCTATCATCGATT","0","0","0.73353426","-0.42478739","-0.26153447"
"ATCGATGATAGGTTTGCAC::GTGCAAACCTATCATCGAT","0","0","0.91017261","-0.4475825","-0.38438918"
"TCGATGATAGGTTTGCACA::TGTGCAAACCTATCATCGA","0","0","0.85411754","-0.43660157","-0.45461695"
"CGATGATAGGTTTGCACAT::ATGTGCAAACCTATCATCG","0","0","0.55065304","-0.45605671","-0.46412556"
"GATGATAGGTTTGCACATG::CATGTGCAAACCTATCATC","0","0","0.68112911","-0.37211794","-0.43576014"
"ATGATAGGTTTGCACATGC::GCATGTGCAAACCTATCAT","0","1","0.91622731","-0.46868301","-0.50692606"
"TGATAGGTTTGCACATGCC::GGCATGTGCAAACCTATCA","0","0","0.87227055","-0.55457157","-0.58938732"
"GATAGGTTTGCACATGCCC::GGGCATGTGCAAACCTATC","0","0","0.76393619","-0.59068501","-0.73803725"
"ATAGGTTTGCACATGCCCT::AGGGCATGTGCAAACCTAT","0","0","0.87082109","-0.63947388","-0.98058022"
"TAGGTTTGCACATGCCCTC::GAGGGCATGTGCAAACCTA","0","0","0.89220674","-0.62775741","-1.0413424"
"AGGTTTGCACATGCCCTCA::TGAGGGCATGTGCAAACCT","0","0","0.60560454","-0.7071906","-1.1998829"
"GGTTTGCACATGCCCTCAG::CTGAGGGCATGTGCAAACC","0","0","0.55744656","-0.75777012","-1.2815363"
"GTTTGCACATGCCCTCAGG::CCTGAGGGCATGTGCAAAC","0","0","0.61578519","-0.81945111","-1.2060524"
"TTTGCACATGCCCTCAGGT::ACCTGAGGGCATGTGCAAA","0","0","0.74463993","-0.91652176","-1.2855895"
"TTGCACATGCCCTCAGGTT::AACCTGAGGGCATGTGCAA","0","0","0.7204312","-0.85272317","-1.3082805"
"TGCACATGCCCTCAGGTTC::GAACCTGAGGGCATGTGCA","0","0","0.74933352","-0.84353356","-1.1551874"
"GCACATGCCCTCAGGTTCT::AGAACCTGAGGGCATGTGC","0","0","0.54303673","-0.94527888","-1.0216114"
"CACATGCCCTCAGGTTCTT::AAGAACCTGAGGGCATGTG","0","0","0.45504818","-0.81395787","-0.92092277"
"ACATGCCCTCAGGTTCTTG::CAAGAACCTGAGGGCATGT","0","0","0.65722037","-0.68470349","-0.92008873"
"CATGCCCTCAGGTTCTTGA::TCAAGAACCTGAGGGCATG","0","0","0.54915826","-0.81846779","-0.90197234"
"ATGCCCTCAGGTTCTTGAA::TTCAAGAACCTGAGGGCAT","0","0","0.59824612","-0.63071803","-0.85582048"
"TGCCCTCAGGTTCTTGAAT::ATTCAAGAACCTGAGGGCA","0","0","0.62935346","-0.66528431","-0.70992466"
"GCCCTCAGGTTCTTGAATG::CATTCAAGAACCTGAGGGC","0","0","0.53050047","-0.51734002","-0.47986643"
"CCCTCAGGTTCTTGAATGA::TCATTCAAGAACCTGAGGG","0","0","0.40376866","-0.35328967","-0.18259327"
"CCTCAGGTTCTTGAATGAC::GTCATTCAAGAACCTGAGG","0","0","0.58660774","-0.30646594","-0.14945611"
"CTCAGGTTCTTGAATGACA::TGTCATTCAAGAACCTGAG","0","0","0.72622125","-0.28068334","0.0044509767"
"TCAGGTTCTTGAATGACAT::ATGTCATTCAAGAACCTGA","0","0","0.87742926","-0.066290511","0.21797015"
"CAGGTTCTTGAATGACATG::CATGTCATTCAAGAACCTG","0","0","0.69153507","-0.017333157","0.17526982"
"AGGTTCTTGAATGACATGG::CCATGTCATTCAAGAACCT","0","0","0.86230337","-0.043706243","0.077572654"
"GGTTCTTGAATGACATGGG::CCCATGTCATTCAAGAACC","0","0","0.7130536","-0.16052842","0.10978309"
"GTTCTTGAATGACATGGGA::TCCCATGTCATTCAAGAAC","0","0","0.61552514","-0.19512976","-0.028365873"
"TTCTTGAATGACATGGGAA::TTCCCATGTCATTCAAGAA","0","0","0.7723085","-0.15752593","-0.011373477"
"TCTTGAATGACATGGGAAA::TTTCCCATGTCATTCAAGA","1","0","0.66753692","-0.37895187","0.15060064"
"CTTGAATGACATGGGAAAA::TTTTCCCATGTCATTCAAG","0","0","0.49514719","-0.37604002","0.36715385"
"TTGAATGACATGGGAAAAG::CTTTTCCCATGTCATTCAA","0","0","0.84656786","-0.33583155","0.5359041"
"TGAATGACATGGGAAAAGT::ACTTTTCCCATGTCATTCA","0","0","0.74026379","-0.4936963","0.43713699"
"GAATGACATGGGAAAAGTT::AACTTTTCCCATGTCATTC","0","0","0.53545317","-0.19762721","0.44098391"
"AATGACATGGGAAAAGTTA::TAACTTTTCCCATGTCATT","0","0","0.71636444","-0.25866642","0.32475444"
"ATGACATGGGAAAAGTTAG::CTAACTTTTCCCATGTCAT","0","0","0.86613974","-0.38984195","0.12379152"
"TGACATGGGAAAAGTTAGG::CCTAACTTTTCCCATGTCA","0","0","0.86918631","-0.46543152","0.19849027"
"GACATGGGAAAAGTTAGGA::TCCTAACTTTTCCCATGTC","0","0","0.64724255","-0.43613058","0.14870514"
"ACATGGGAAAAGTTAGGAA::TTCCTAACTTTTCCCATGT","0","0","0.54778842","-0.68764782","-0.13880109"
"CATGGGAAAAGTTAGGAAA::TTTCCTAACTTTTCCCATG","0","0","0.47467509","-0.76494717","0.073798404"
"ATGGGAAAAGTTAGGAAAG::CTTTCCTAACTTTTCCCAT","0","0","0.67107558","-0.64089599","0.15500645"
"TGGGAAAAGTTAGGAAAGA::TCTTTCCTAACTTTTCCCA","1","0","0.58610311","-0.50760805","0.3576133"
"GGGAAAAGTTAGGAAAGAC::GTCTTTCCTAACTTTTCCC","0","0","0.55601321","-0.34946781","0.42171802"
"GGAAAAGTTAGGAAAGACA::TGTCTTTCCTAACTTTTCC","0","0","0.55999713","-0.045702813","0.38042207"
"GAAAAGTTAGGAAAGACAC::GTGTCTTTCCTAACTTTTC","0","0","0.71107299","0.086617512","0.04965239"
"AAAAGTTAGGAAAGACACA::TGTGTCTTTCCTAACTTTT","0","0","0.699721","0.066224394","-0.053271156"
"AAAGTTAGGAAAGACACAC::GTGTGTCTTTCCTAACTTT","0","0","0.92911592","0.070193535","-0.24170117"
"AAGTTAGGAAAGACACACA::TGTGTGTCTTTCCTAACTT","0","0","0.77950097","0.20272373","-0.077898123"
"AGTTAGGAAAGACACACAG::CTGTGTGTCTTTCCTAACT","0","0","0.77870822","-0.091712044","-0.34260337"
"GTTAGGAAAGACACACAGG::CCTGTGTGTCTTTCCTAAC","0","0","0.76540248","-0.10831508","-0.39460637"
"TTAGGAAAGACACACAGGA::TCCTGTGTGTCTTTCCTAA","0","0","0.90208246","-0.18612687","-0.402652"
"TAGGAAAGACACACAGGAG::CTCCTGTGTGTCTTTCCTA","0","0","0.88596512","-0.19783382","-0.44915648"
"AGGAAAGACACACAGGAGT::ACTCCTGTGTGTCTTTCCT","0","0","0.75015784","-0.17032205","-0.45577682"
"GGAAAGACACACAGGAGTG::CACTCCTGTGTGTCTTTCC","0","0","0.69282241","-0.14730863","-0.30578643"
"GAAAGACACACAGGAGTGG::CCACTCCTGTGTGTCTTTC","0","0","0.71315054","-0.13988775","-0.47836455"
"AAAGACACACAGGAGTGGA::TCCACTCCTGTGTGTCTTT","0","0","0.76988845","-0.24414516","-0.56034313"
"AAGACACACAGGAGTGGAA::TTCCACTCCTGTGTGTCTT","0","0","0.64868203","-0.395882","-0.6858266"
"AGACACACAGGAGTGGAAA::TTTCCACTCCTGTGTGTCT","0","1","0.63828804","-0.53252532","-0.53396518"
"GACACACAGGAGTGGAAAC::GTTTCCACTCCTGTGTGTC","0","0","0.66033451","-0.77936804","-0.63375369"
"ACACACAGGAGTGGAAACC::GGTTTCCACTCCTGTGTGT","0","0","0.83656711","-0.89981367","-0.4321755"
"CACACAGGAGTGGAAACCC::GGGTTTCCACTCCTGTGTG","0","0","0.77890889","-1.0647338","-0.74545062"
"ACACAGGAGTGGAAACCCT::AGGGTTTCCACTCCTGTGT","0","0","0.72498814","-0.95260478","-0.72840655"
"CACAGGAGTGGAAACCCTC::GAGGGTTTCCACTCCTGTG","0","0","0.78851399","-1.0319209","-0.90129235"
"ACAGGAGTGGAAACCCTCG::CGAGGGTTTCCACTCCTGT","0","0","0.82934725","-0.9937019","-0.75932279"
"CAGGAGTGGAAACCCTCGA::TCGAGGGTTTCCACTCCTG","0","0","0.66876103","-1.0207723","-0.69088354"
"AGGAGTGGAAACCCTCGAC::GTCGAGGGTTTCCACTCCT","0","0","0.75535189","-0.99652469","-0.67734864"
"GGAGTGGAAACCCTCGACT::AGTCGAGGGTTTCCACTCC","0","0","0.68882483","-0.84392314","-0.545321"
"GAGTGGAAACCCTCGACTG::CAGTCGAGGGTTTCCACTC","0","0","0.72753051","-0.79118642","-0.4984986"
"AGTGGAAACCCTCGACTGG::CCAGTCGAGGGTTTCCACT","0","0","0.67736398","-0.77743494","-0.62353526"
"GTGGAAACCCTCGACTGGA::TCCAGTCGAGGGTTTCCAC","0","0","0.61608691","-0.66952999","-0.65253465"
"TGGAAACCCTCGACTGGAT::ATCCAGTCGAGGGTTTCCA","0","0","0.65802863","-0.56250577","-0.51768972"
"GGAAACCCTCGACTGGATG::CATCCAGTCGAGGGTTTCC","0","0","0.59277268","-0.36451701","-0.65948165"
"GAAACCCTCGACTGGATGG::CCATCCAGTCGAGGGTTTC","0","0","0.67649619","-0.17428926","-0.75454363"
"AAACCCTCGACTGGATGGA::TCCATCCAGTCGAGGGTTT","0","0","0.68239914","-0.060726716","-0.40809926"
"AACCCTCGACTGGATGGAG::CTCCATCCAGTCGAGGGTT","0","0","0.65162282","-0.04417708","-0.48024095"
"ACCCTCGACTGGATGGAGC::GCTCCATCCAGTCGAGGGT","0","0","0.68674312","-0.14976348","-0.29481755"
"CCCTCGACTGGATGGAGCA::TGCTCCATCCAGTCGAGGG","0","0","0.49078052","-0.22465076","-0.33231531"
"CCTCGACTGGATGGAGCAA::TTGCTCCATCCAGTCGAGG","0","0","0.37898524","-0.23707948","-0.25899592"
"CTCGACTGGATGGAGCAAT::ATTGCTCCATCCAGTCGAG","0","0","0.67045262","-0.31827788","-0.27053931"
"TCGACTGGATGGAGCAATT::AATTGCTCCATCCAGTCGA","0","0","0.75351218","-0.2462796","-0.17311109"
"CGACTGGATGGAGCAATTG::CAATTGCTCCATCCAGTCG","0","0","0.63897774","-0.088644179","-0.090960955"
"GACTGGATGGAGCAATTGG::CCAATTGCTCCATCCAGTC","0","0","0.6510576","-0.14337341","-0.12831957"
"ACTGGATGGAGCAATTGGG::CCCAATTGCTCCATCCAGT","0","0","0.79849127","-0.32538112","-0.14468511"
"CTGGATGGAGCAATTGGGA::TCCCAATTGCTCCATCCAG","0","0","0.69267752","-0.38673392","-0.084020699"
"TGGATGGAGCAATTGGGAA::TTCCCAATTGCTCCATCCA","0","0","0.65455728","-0.528561","0.0086124478"
"GGATGGAGCAATTGGGAAG::CTTCCCAATTGCTCCATCC","0","0","0.54395177","-0.66367045","-0.3269325"
"GATGGAGCAATTGGGAAGA::TCTTCCCAATTGCTCCATC","0","0","0.54408432","-0.63340143","-0.21891732"
"ATGGAGCAATTGGGAAGAA::TTCTTCCCAATTGCTCCAT","0","0","0.50530647","-0.72728485","-0.12771869"
"TGGAGCAATTGGGAAGAAG::CTTCTTCCCAATTGCTCCA","0","0","0.71331619","-0.77131651","-0.15168198"
"GGAGCAATTGGGAAGAAGT::ACTTCTTCCCAATTGCTCC","0","0","0.59372598","-0.60791031","-0.014522529"
"GAGCAATTGGGAAGAAGTC::GACTTCTTCCCAATTGCTC","0","0","0.70822538","-0.44590332","-0.13494293"
"AGCAATTGGGAAGAAGTCC::GGACTTCTTCCCAATTGCT","0","0","0.80016211","-0.46158866","-0.057164853"
"GCAATTGGGAAGAAGTCCC::GGGACTTCTTCCCAATTGC","0","0","0.69265262","-0.5987234","-0.094010233"
"CAATTGGGAAGAAGTCCCG::CGGGACTTCTTCCCAATTG","0","0","0.75728917","-0.54388061","-0.091539036"
"AATTGGGAAGAAGTCCCGT::ACGGGACTTCTTCCCAATT","0","0","0.76465085","-0.65300396","-0.29066884"
"ATTGGGAAGAAGTCCCGTT::AACGGGACTTCTTCCCAAT","0","0","0.74518997","-0.80290464","-0.42603398"
"TTGGGAAGAAGTCCCGTTC::GAACGGGACTTCTTCCCAA","0","0","0.90601829","-0.85957684","-0.53211271"
"TGGGAAGAAGTCCCGTTCT::AGAACGGGACTTCTTCCCA","0","0","0.75202608","-0.86023423","-0.51353422"
"GGGAAGAAGTCCCGTTCTG::CAGAACGGGACTTCTTCCC","0","0","0.5487429","-0.76577839","-0.35907951"
"GGAAGAAGTCCCGTTCTGC::GCAGAACGGGACTTCTTCC","0","0","0.65613411","-0.59761834","-0.36042653"
"GAAGAAGTCCCGTTCTGCT::AGCAGAACGGGACTTCTTC","0","0","0.68559532","-0.27913255","-0.031221966"
"AAGAAGTCCCGTTCTGCTC::GAGCAGAACGGGACTTCTT","0","0","0.88875888","-0.41619096","-0.10924499"
"AGAAGTCCCGTTCTGCTCC::GGAGCAGAACGGGACTTCT","0","0","0.83769674","-0.3596521","-0.34022412"
"GAAGTCCCGTTCTGCTCCC::GGGAGCAGAACGGGACTTC","0","0","0.63101861","-0.38094502","-0.59955512"
"AAGTCCCGTTCTGCTCCCA::TGGGAGCAGAACGGGACTT","0","0","0.6299204","-0.5708297","-0.83020127"
"AGTCCCGTTCTGCTCCCAC::GTGGGAGCAGAACGGGACT","0","0","0.67807973","-0.77233324","-0.83686405"
"GTCCCGTTCTGCTCCCACC::GGTGGGAGCAGAACGGGAC","0","0","0.66650804","-0.7075547","-1.0243767"
"TCCCGTTCTGCTCCCACCA::TGGTGGGAGCAGAACGGGA","1","0","0.73878064","-0.60499847","-1.0312444"
"CCCGTTCTGCTCCCACCAC::GTGGTGGGAGCAGAACGGG","1","0","0.50501024","-0.57211792","-1.0295799"
"CCGTTCTGCTCCCACCACT::AGTGGTGGGAGCAGAACGG","0","0","0.65206577","-0.55951782","-1.0135113"
"CGTTCTGCTCCCACCACTT::AAGTGGTGGGAGCAGAACG","0","0","0.59212604","-0.5845512","-0.91802696"
"GTTCTGCTCCCACCACTTC::GAAGTGGTGGGAGCAGAAC","0","0","0.69311142","-0.44983927","-0.76871646"
"TTCTGCTCCCACCACTTCA::TGAAGTGGTGGGAGCAGAA","0","0","0.7932194","-0.17103033","-0.65045171"
"TCTGCTCCCACCACTTCAA::TTGAAGTGGTGGGAGCAGA","0","0","0.64391033","-0.075041105","-0.59715235"
"CTGCTCCCACCACTTCAAC::GTTGAAGTGGTGGGAGCAG","0","0","0.64202473","-0.16113982","-0.68265769"
"TGCTCCCACCACTTCAACA::TGTTGAAGTGGTGGGAGCA","0","0","0.73969456","-0.50406982","-0.8460555"
"GCTCCCACCACTTCAACAA::TTGTTGAAGTGGTGGGAGC","0","0","0.48604561","-0.44055569","-0.68271814"
"CTCCCACCACTTCAACAAG::CTTGTTGAAGTGGTGGGAG","0","0","0.55072006","-0.39241795","-0.56779514"
"TCCCACCACTTCAACAAGC::GCTTGTTGAAGTGGTGGGA","0","0","0.75472698","-0.26878867","-0.58422158"
"CCCACCACTTCAACAAGCT::AGCTTGTTGAAGTGGTGGG","0","0","0.62372722","-0.073719095","-0.28114122"
"CCACCACTTCAACAAGCTG::CAGCTTGTTGAAGTGGTGG","0","0","0.63731533","0.023215956","-0.124474"
"CACCACTTCAACAAGCTGT::ACAGCTTGTTGAAGTGGTG","0","0","0.76689783","-0.094418094","0.043815376"
"ACCACTTCAACAAGCTGTA::TACAGCTTGTTGAAGTGGT","0","0","0.69394277","-0.18153307","0.036077554"
"CCACTTCAACAAGCTGTAC::GTACAGCTTGTTGAAGTGG","0","0","0.63277248","-0.16965986","0.0760633"
"CACTTCAACAAGCTGTACC::GGTACAGCTTGTTGAAGTG","0","0","0.89827353","-0.16864769","0.078308614"
"ACTTCAACAAGCTGTACCT::AGGTACAGCTTGTTGAAGT","0","0","0.81081741","-0.071711723","0.014288844"
"CTTCAACAAGCTGTACCTC::GAGGTACAGCTTGTTGAAG","0","0","0.7356413","-0.17620625","-0.15795356"
"TTCAACAAGCTGTACCTCA::TGAGGTACAGCTTGTTGAA","0","0","0.88755355","-0.41477093","-0.43520335"
"TCAACAAGCTGTACCTCAA::TTGAGGTACAGCTTGTTGA","0","0","0.73181524","-0.50466419","-0.66894262"
"CAACAAGCTGTACCTCAAG::CTTGAGGTACAGCTTGTTG","0","0","0.75294474","-0.48609144","-0.68014011"
"AACAAGCTGTACCTCAAGG::CCTTGAGGTACAGCTTGTT","0","0","0.86498987","-0.45235742","-0.57535791"
"ACAAGCTGTACCTCAAGGA::TCCTTGAGGTACAGCTTGT","0","0","0.76187991","-0.31511811","-0.57269502"
"CAAGCTGTACCTCAAGGAT::ATCCTTGAGGTACAGCTTG","0","0","0.59359045","-0.42953286","-0.54609055"
"AAGCTGTACCTCAAGGATG::CATCCTTGAGGTACAGCTT","0","0","0.8455083","-0.48305334","-0.48352324"
"AGCTGTACCTCAAGGATGG::CCATCCTTGAGGTACAGCT","0","0","0.70285851","-0.51407072","-0.65384963"
"GCTGTACCTCAAGGATGGG::CCCATCCTTGAGGTACAGC","0","0","0.44724523","-0.55858213","-0.6809528"
"CTGTACCTCAAGGATGGGA::TCCCATCCTTGAGGTACAG","0","0","0.57764526","-0.61427614","-0.76287501"
"TGTACCTCAAGGATGGGAG::CTCCCATCCTTGAGGTACA","0","0","0.79217353","-0.53939011","-0.68903273"
"GTACCTCAAGGATGGGAGA::TCTCCCATCCTTGAGGTAC","0","0","0.46343032","-0.47355237","-0.61882197"
"TACCTCAAGGATGGGAGAT::ATCTCCCATCCTTGAGGTA","0","0","0.65018431","-0.32722101","-0.42029209"
"ACCTCAAGGATGGGAGATC::GATCTCCCATCCTTGAGGT","0","0","0.62070765","-0.3403897","-0.30536034"
"CCTCAAGGATGGGAGATCC::GGATCTCCCATCCTTGAGG","0","0","0.55797217","-0.30148681","-0.26803516"
"CTCAAGGATGGGAGATCCA::TGGATCTCCCATCCTTGAG","0","0","0.58273834","-0.14035191","-0.023232355"
"TCAAGGATGGGAGATCCAT::ATGGATCTCCCATCCTTGA","1","0","0.72662148","0.079533017","0.12019414"
"CAAGGATGGGAGATCCATT::AATGGATCTCCCATCCTTG","0","0","0.62675708","0.25401389","0.22027484"
"AAGGATGGGAGATCCATTG::CAATGGATCTCCCATCCTT","1","0","0.85879238","0.39613802","0.23627755"
"AGGATGGGAGATCCATTGT::ACAATGGATCTCCCATCCT","1","0","0.62737167","0.11438463","0.016559084"
"GGATGGGAGATCCATTGTG::CACAATGGATCTCCCATCC","1","0","0.54739244","0.11617591","0.10169994"
"GATGGGAGATCCATTGTGG::CCACAATGGATCTCCCATC","0","0","0.63319042","-0.073575536","0.084164504"
"ATGGGAGATCCATTGTGGT::ACCACAATGGATCTCCCAT","0","0","0.69842081","-0.2119388","-0.00829945"
"TGGGAGATCCATTGTGGTC::GACCACAATGGATCTCCCA","0","0","0.7722612","-0.023596586","-0.056434583"
"GGGAGATCCATTGTGGTCC::GGACCACAATGGATCTCCC","0","0","0.70062248","0.0091339119","-0.04735933"
"GGAGATCCATTGTGGTCCC::GGGACCACAATGGATCTCC","0","0","0.53063211","-0.086484627","-0.10103806"
"GAGATCCATTGTGGTCCCT::AGGGACCACAATGGATCTC","0","0","0.54415506","-0.23897776","-0.28619017"
"AGATCCATTGTGGTCCCTT::AAGGGACCACAATGGATCT","0","0","0.70275448","-0.37851326","-0.46945361"
"GATCCATTGTGGTCCCTTG::CAAGGGACCACAATGGATC","0","0","0.6604523","-0.37157708","-0.57109456"
"ATCCATTGTGGTCCCTTGC::GCAAGGGACCACAATGGAT","0","0","0.88358534","-0.43963408","-0.57580509"
"TCCATTGTGGTCCCTTGCC::GGCAAGGGACCACAATGGA","0","0","0.82517151","-0.55724354","-0.64887819"
"CCATTGTGGTCCCTTGCCG::CGGCAAGGGACCACAATGG","0","0","0.68419939","-0.79599314","-0.65498668"
"CATTGTGGTCCCTTGCCGC::GCGGCAAGGGACCACAATG","0","0","0.72356569","-1.0077753","-0.70222132"
"ATTGTGGTCCCTTGCCGCC::GGCGGCAAGGGACCACAAT","0","0","0.75092413","-1.1459995","-0.75642029"
"TTGTGGTCCCTTGCCGCCA::TGGCGGCAAGGGACCACAA","0","0","0.77699245","-1.0959073","-0.69425338"
"TGTGGTCCCTTGCCGCCAC::GTGGCGGCAAGGGACCACA","0","0","0.7167844","-0.90342844","-0.90936485"
"GTGGTCCCTTGCCGCCACC::GGTGGCGGCAAGGGACCAC","0","0","0.61109706","-0.71108347","-1.0153545"
"TGGTCCCTTGCCGCCACCA::TGGTGGCGGCAAGGGACCA","0","0","0.65750934","-0.74200829","-1.0286071"
"GGTCCCTTGCCGCCACCAA::TTGGTGGCGGCAAGGGACC","0","0","0.39110521","-0.74580399","-0.93867253"
"GTCCCTTGCCGCCACCAAG::CTTGGTGGCGGCAAGGGAC","0","0","0.6277245","-0.55506329","-0.93993752"
"TCCCTTGCCGCCACCAAGA::TCTTGGTGGCGGCAAGGGA","0","0","0.70220609","-0.39788732","-0.81511609"
"CCCTTGCCGCCACCAAGAT::ATCTTGGTGGCGGCAAGGG","0","0","0.45649908","-0.32536393","-0.49556789"
"CCTTGCCGCCACCAAGATG::CATCTTGGTGGCGGCAAGG","0","0","0.55817899","-0.2788886","-0.28065088"
"CTTGCCGCCACCAAGATGA::TCATCTTGGTGGCGGCAAG","0","0","0.66075354","-0.23117914","-0.13419926"
"TTGCCGCCACCAAGATGAA::TTCATCTTGGTGGCGGCAA","0","0","0.57991156","-0.16344445","-0.023065228"
"TGCCGCCACCAAGATGAAC::GTTCATCTTGGTGGCGGCA","0","0","0.67002269","0.11750879","0.049355399"
"GCCGCCACCAAGATGAACT::AGTTCATCTTGGTGGCGGC","0","0","0.63652177","0.23034074","0.094383123"
"CCGCCACCAAGATGAACTG::CAGTTCATCTTGGTGGCGG","0","0","0.56759608","0.19551827","0.046442581"
"CGCCACCAAGATGAACTGA::TCAGTTCATCTTGGTGGCG","0","0","0.38776857","0.14261655","0.036345132"
"GCCACCAAGATGAACTGAT::ATCAGTTCATCTTGGTGGC","0","0","0.52198386","0.18992075","-0.017703194"
"CCACCAAGATGAACTGATT::AATCAGTTCATCTTGGTGG","0","0","0.52921246","0.028125747","0.14684098"
"CACCAAGATGAACTGATTG::CAATCAGTTCATCTTGGTG","0","0","0.72687231","-0.18788965","0.2946318"
"ACCAAGATGAACTGATTGG::CCAATCAGTTCATCTTGGT","0","0","0.74147733","-0.072630977","0.4405462"
"CCAAGATGAACTGATTGGC::GCCAATCAGTTCATCTTGG","0","0","0.6993708","-0.10152877","0.63188819"
"CAAGATGAACTGATTGGCC::GGCCAATCAGTTCATCTTG","0","0","0.76319355","-0.12613207","0.83264661"
"AAGATGAACTGATTGGCCG::CGGCCAATCAGTTCATCTT","0","0","0.88533757","-0.17672756","0.77225195"
"AGATGAACTGATTGGCCGA::TCGGCCAATCAGTTCATCT","0","0","0.62606624","-0.14461682","0.5185393"
"GATGAACTGATTGGCCGAG::CTCGGCCAATCAGTTCATC","0","0","0.5850467","-0.055375277","0.31168735"
"ATGAACTGATTGGCCGAGC::GCTCGGCCAATCAGTTCAT","0","0","0.84942652","-0.0065571681","0.10658838"
"TGAACTGATTGGCCGAGCT::AGCTCGGCCAATCAGTTCA","0","0","0.87148175","-0.13746103","-0.010090876"
"GAACTGATTGGCCGAGCTC::GAGCTCGGCCAATCAGTTC","0","0","0.72662038","-0.41070973","-0.18870499"
"AACTGATTGGCCGAGCTCG::CGAGCTCGGCCAATCAGTT","0","0","0.85492344","-0.5616069","-0.15318311"
"ACTGATTGGCCGAGCTCGC::GCGAGCTCGGCCAATCAGT","0","0","0.75076848","-0.52939456","-0.12810204"
"CTGATTGGCCGAGCTCGCG::CGCGAGCTCGGCCAATCAG","0","0","0.72969213","-0.31787758","-0.007920342"
"TGATTGGCCGAGCTCGCGT::ACGCGAGCTCGGCCAATCA","0","0","0.81424373","-0.20169679","0.038642863"
"GATTGGCCGAGCTCGCGTC::GACGCGAGCTCGGCCAATC","0","0","0.63747912","-0.052823205","0.12064679"
"ATTGGCCGAGCTCGCGTCT::AGACGCGAGCTCGGCCAAT","0","0","0.69990557","0.21142251","0.19377149"
"TTGGCCGAGCTCGCGTCTC::GAGACGCGAGCTCGGCCAA","0","0","0.75945401","0.21058008","0.19803533"
"TGGCCGAGCTCGCGTCTCA::TGAGACGCGAGCTCGGCCA","0","0","0.61011983","0.17507923","-0.051412408"
"GGCCGAGCTCGCGTCTCAC::GTGAGACGCGAGCTCGGCC","0","0","0.47111413","0.08106985","-0.29760583"
"GCCGAGCTCGCGTCTCACC::GGTGAGACGCGAGCTCGGC","0","0","0.56441172","0.19708679","-0.29697843"
"CCGAGCTCGCGTCTCACCA::TGGTGAGACGCGAGCTCGG","0","0","0.58181595","0.14323084","-0.31733588"
"CGAGCTCGCGTCTCACCAG::CTGGTGAGACGCGAGCTCG","0","0","0.52776313","-0.090112769","-0.15471908"
"GAGCTCGCGTCTCACCAGG::CCTGGTGAGACGCGAGCTC","0","0","0.66883968","-0.4224703","-0.18529434"
"AGCTCGCGTCTCACCAGGG::CCCTGGTGAGACGCGAGCT","0","0","0.64992237","-0.41120008","-0.03546607"
"GCTCGCGTCTCACCAGGGG::CCCCTGGTGAGACGCGAGC","0","0","0.51094499","-0.5312048","0.096155749"
"CTCGCGTCTCACCAGGGGC::GCCCCTGGTGAGACGCGAG","0","0","0.62893918","-0.48875121","-0.0050818654"
"TCGCGTCTCACCAGGGGCA::TGCCCCTGGTGAGACGCGA","0","0","0.60506083","-0.57033135","-0.010609696"
"CGCGTCTCACCAGGGGCAG::CTGCCCCTGGTGAGACGCG","0","0","0.39020154","-0.82437549","-0.33325242"
"GCGTCTCACCAGGGGCAGG::CCTGCCCCTGGTGAGACGC","0","0","0.42053401","-1.0178676","-0.11755554"
"CGTCTCACCAGGGGCAGGA::TCCTGCCCCTGGTGAGACG","0","0","0.4307686","-1.2529589","-0.30377884"
"GTCTCACCAGGGGCAGGAT::ATCCTGCCCCTGGTGAGAC","0","0","0.38474871","-1.3900265","-0.3446768"
"TCTCACCAGGGGCAGGATG::CATCCTGCCCCTGGTGAGA","0","0","0.63129527","-1.3629006","-0.44023697"
"CTCACCAGGGGCAGGATGG::CCATCCTGCCCCTGGTGAG","0","0","0.59553779","-1.2854264","-0.41590419"
"TCACCAGGGGCAGGATGGA::TCCATCCTGCCCCTGGTGA","0","0","0.52862104","-1.2413773","-0.10290005"
"CACCAGGGGCAGGATGGAG::CTCCATCCTGCCCCTGGTG","0","0","0.52142372","-1.3151238","-0.13096489"
"ACCAGGGGCAGGATGGAGC::GCTCCATCCTGCCCCTGGT","0","0","0.71521782","-1.3453722","-0.035835405"
"CCAGGGGCAGGATGGAGCA::TGCTCCATCCTGCCCCTGG","0","0","0.46897002","-1.2268731","-0.17235344"
"CAGGGGCAGGATGGAGCAT::ATGCTCCATCCTGCCCCTG","0","0","0.44991035","-0.99098861","-0.054464467"
"AGGGGCAGGATGGAGCATC::GATGCTCCATCCTGCCCCT","0","0","0.6916989","-0.98504662","-0.17545134"
"GGGGCAGGATGGAGCATCC::GGATGCTCCATCCTGCCCC","0","0","0.54433777","-0.85717867","-0.15547574"
"GGGCAGGATGGAGCATCCG::CGGATGCTCCATCCTGCCC","0","0","0.63248533","-0.83719616","-0.16436224"
"GGCAGGATGGAGCATCCGG::CCGGATGCTCCATCCTGCC","0","0","0.60962926","-0.61411534","0.083441652"
"GCAGGATGGAGCATCCGGG::CCCGGATGCTCCATCCTGC","0","0","0.67607332","-0.54715055","0.34701278"
"CAGGATGGAGCATCCGGGA::TCCCGGATGCTCCATCCTG","0","0","0.63178496","-0.50362571","0.020143395"
"AGGATGGAGCATCCGGGAG::CTCCCGGATGCTCCATCCT","0","0","0.65762689","-0.50632281","0.051037658"
"GGATGGAGCATCCGGGAGA::TCTCCCGGATGCTCCATCC","0","0","0.5154069","-0.44281788","0.087431278"
"GATGGAGCATCCGGGAGAC::GTCTCCCGGATGCTCCATC","0","0","0.57725973","-0.43188211","0.15519937"
"ATGGAGCATCCGGGAGACT::AGTCTCCCGGATGCTCCAT","0","0","0.65853659","-0.6850025","0.071616153"
"TGGAGCATCCGGGAGACTG::CAGTCTCCCGGATGCTCCA","0","0","0.82510105","-0.69548608","-0.14153311"
"GGAGCATCCGGGAGACTGC::GCAGTCTCCCGGATGCTCC","0","0","0.64506603","-0.79374982","-0.19880861"
"GAGCATCCGGGAGACTGCC::GGCAGTCTCCCGGATGCTC","0","0","0.66370093","-0.92567728","-0.35583746"
"AGCATCCGGGAGACTGCCT::AGGCAGTCTCCCGGATGCT","0","0","0.64270835","-1.0368692","-0.43484543"
"GCATCCGGGAGACTGCCTG::CAGGCAGTCTCCCGGATGC","0","0","0.60405095","-1.0804893","-0.53404319"
"CATCCGGGAGACTGCCTGT::ACAGGCAGTCTCCCGGATG","0","0","0.57080415","-1.0763116","-0.52938783"
"ATCCGGGAGACTGCCTGTC::GACAGGCAGTCTCCCGGAT","0","0","0.72244307","-1.0403684","-0.52096849"
"TCCGGGAGACTGCCTGTCT::AGACAGGCAGTCTCCCGGA","0","0","0.72611756","-1.0310007","-0.3314103"
"CCGGGAGACTGCCTGTCTT::AAGACAGGCAGTCTCCCGG","0","0","0.51571524","-1.1246928","-0.45577974"
"CGGGAGACTGCCTGTCTTG::CAAGACAGGCAGTCTCCCG","0","0","0.57340757","-0.99898554","-0.50289601"
"GGGAGACTGCCTGTCTTGC::GCAAGACAGGCAGTCTCCC","0","0","0.57805207","-0.9784559","-0.43365531"
"GGAGACTGCCTGTCTTGCA::TGCAAGACAGGCAGTCTCC","0","0","0.60066186","-0.9867036","-0.49679103"
"GAGACTGCCTGTCTTGCAA::TTGCAAGACAGGCAGTCTC","0","0","0.60135863","-1.0836965","-0.63870213"
"AGACTGCCTGTCTTGCAAA::TTTGCAAGACAGGCAGTCT","0","0","0.63912478","-1.1239547","-0.73083156"
"GACTGCCTGTCTTGCAAAA::TTTTGCAAGACAGGCAGTC","0","0","0.44895998","-0.98199054","-0.76986429"
"ACTGCCTGTCTTGCAAAAT::ATTTTGCAAGACAGGCAGT","0","0","0.66229662","-0.92620024","-0.67856083"
"CTGCCTGTCTTGCAAAATC::GATTTTGCAAGACAGGCAG","0","0","0.74929483","-0.7440636","-0.5919317"
"TGCCTGTCTTGCAAAATCA::TGATTTTGCAAGACAGGCA","0","0","0.75177057","-0.43845054","-0.45601777"
"GCCTGTCTTGCAAAATCAT::ATGATTTTGCAAGACAGGC","0","0","0.46765448","-0.34101895","-0.32386024"
"CCTGTCTTGCAAAATCATA::TATGATTTTGCAAGACAGG","0","0","0.53423232","-0.42245699","-0.26595523"
"CTGTCTTGCAAAATCATAT::ATATGATTTTGCAAGACAG","0","0","0.74013731","-0.26883919","-0.3536577"
"TGTCTTGCAAAATCATATG::CATATGATTTTGCAAGACA","0","0","0.86373056","-0.34788433","-0.33753599"
"GTCTTGCAAAATCATATGC::GCATATGATTTTGCAAGAC","0","0","0.72653147","-0.40443511","-0.59475852"
"TCTTGCAAAATCATATGCG::CGCATATGATTTTGCAAGA","0","0","0.87142264","-0.38881344","-0.5913304"
"CTTGCAAAATCATATGCGC::GCGCATATGATTTTGCAAG","0","0","0.71081575","-0.49366631","-0.58315597"
"TTGCAAAATCATATGCGCA::TGCGCATATGATTTTGCAA","0","0","0.82148847","-0.48613713","-0.60012866"
"TGCAAAATCATATGCGCAG::CTGCGCATATGATTTTGCA","0","0","0.82646194","-0.41254205","-0.60476533"
"GCAAAATCATATGCGCAGA::TCTGCGCATATGATTTTGC","0","0","0.47861303","-0.33022587","-0.44957417"
"CAAAATCATATGCGCAGAT::ATCTGCGCATATGATTTTG","0","0","0.61428311","-0.35147342","-0.37162333"
"AAAATCATATGCGCAGATG::CATCTGCGCATATGATTTT","0","0","0.79273223","-0.309085","-0.14820553"
"AAATCATATGCGCAGATGT::ACATCTGCGCATATGATTT","0","0","0.78701068","-0.42540768","-0.23996983"
"AATCATATGCGCAGATGTG::CACATCTGCGCATATGATT","0","0","0.77545529","-0.49311226","-0.30527495"
"ATCATATGCGCAGATGTGG::CCACATCTGCGCATATGAT","0","0","0.86818145","-0.67453676","-0.35647501"
"TCATATGCGCAGATGTGGC::GCCACATCTGCGCATATGA","0","0","0.85871994","-0.77210911","-0.20996723"
"CATATGCGCAGATGTGGCA::TGCCACATCTGCGCATATG","0","0","0.59695968","-0.70067465","-0.28440854"
"ATATGCGCAGATGTGGCAG::CTGCCACATCTGCGCATAT","0","0","0.78200708","-0.92251413","-0.44718905"
"TATGCGCAGATGTGGCAGC::GCTGCCACATCTGCGCATA","0","0","0.79912105","-0.93703157","-0.67548854"
"ATGCGCAGATGTGGCAGCT::AGCTGCCACATCTGCGCAT","0","0","0.6775375","-0.81426417","-0.67949981"
"TGCGCAGATGTGGCAGCTC::GAGCTGCCACATCTGCGCA","0","0","0.73235607","-0.85835544","-0.80691736"
"GCGCAGATGTGGCAGCTCC::GGAGCTGCCACATCTGCGC","0","0","0.60372876","-0.78848459","-0.88888335"
"CGCAGATGTGGCAGCTCCT::AGGAGCTGCCACATCTGCG","0","0","0.53213321","-0.79355395","-0.9187893"
"GCAGATGTGGCAGCTCCTT::AAGGAGCTGCCACATCTGC","0","0","0.51761551","-0.60532559","-0.66987203"
"CAGATGTGGCAGCTCCTTT::AAAGGAGCTGCCACATCTG","0","0","0.59829271","-0.74511482","-0.6290558"
"AGATGTGGCAGCTCCTTTA::TAAAGGAGCTGCCACATCT","0","0","0.66257036","-0.82980162","-0.68524073"
"GATGTGGCAGCTCCTTTAT::ATAAAGGAGCTGCCACATC","0","0","0.55019346","-0.82580143","-0.87732982"
"ATGTGGCAGCTCCTTTATT::AATAAAGGAGCTGCCACAT","0","0","0.67814257","-0.67900243","-0.85496332"
"TGTGGCAGCTCCTTTATTT::AAATAAAGGAGCTGCCACA","0","0","0.78871825","-0.49574449","-0.77092012"
"GTGGCAGCTCCTTTATTTC::GAAATAAAGGAGCTGCCAC","0","0","0.64956008","-0.28509802","-0.77897874"
"TGGCAGCTCCTTTATTTCC::GGAAATAAAGGAGCTGCCA","0","0","0.83061577","-0.043911206","-1.0370764"
"GGCAGCTCCTTTATTTCCA::TGGAAATAAAGGAGCTGCC","0","0","0.54453543","0.1179083","-1.0471607"
"GCAGCTCCTTTATTTCCAC::GTGGAAATAAAGGAGCTGC","0","0","0.60755969","0.17704917","-0.83287338"
"CAGCTCCTTTATTTCCACA::TGTGGAAATAAAGGAGCTG","0","0","0.63963229","0.22175292","-0.82681465"
"AGCTCCTTTATTTCCACAG::CTGTGGAAATAAAGGAGCT","0","0","0.82305582","0.072761476","-0.94266757"
"GCTCCTTTATTTCCACAGA::TCTGTGGAAATAAAGGAGC","0","0","0.53390054","0.049988963","-0.7586102"
"CTCCTTTATTTCCACAGAA::TTCTGTGGAAATAAAGGAG","0","0","0.63749149","0.11015244","-0.66817937"
"TCCTTTATTTCCACAGAAG::CTTCTGTGGAAATAAAGGA","0","0","0.84098221","0.14010687","-0.42706258"
"CCTTTATTTCCACAGAAGA::TCTTCTGTGGAAATAAAGG","0","0","0.58241483","0.063450698","-0.51283987"
"CTTTATTTCCACAGAAGAG::CTCTTCTGTGGAAATAAAG","0","1","0.7479541","0.22000014","-0.42677728"
"TTTATTTCCACAGAAGAGA::TCTCTTCTGTGGAAATAAA","0","1","0.90882194","0.45797983","-0.32376989"
"TTATTTCCACAGAAGAGAC::GTCTCTTCTGTGGAAATAA","0","0","0.92770868","0.52911936","-0.22879326"
"TATTTCCACAGAAGAGACC::GGTCTCTTCTGTGGAAATA","0","0","0.89826464","0.36842559","-0.19427817"
"ATTTCCACAGAAGAGACCT::AGGTCTCTTCTGTGGAAAT","0","0","0.82631509","0.11213771","-0.16182382"
"TTTCCACAGAAGAGACCTT::AAGGTCTCTTCTGTGGAAA","0","0","0.74108071","-0.023003124","-0.052235114"
"TTCCACAGAAGAGACCTTC::GAAGGTCTCTTCTGTGGAA","0","0","0.89001385","-0.20937785","0.093453615"
"TCCACAGAAGAGACCTTCG::CGAAGGTCTCTTCTGTGGA","0","0","0.82594156","-0.23334189","0.22402307"
"CCACAGAAGAGACCTTCGA::TCGAAGGTCTCTTCTGTGG","0","0","0.54592074","-0.16698441","0.24545412"
"CACAGAAGAGACCTTCGAC::GTCGAAGGTCTCTTCTGTG","0","0","0.65645932","-0.18412868","0.33766204"
"ACAGAAGAGACCTTCGACT::AGTCGAAGGTCTCTTCTGT","0","0","0.77734394","0.00023322128","0.62017681"
"CAGAAGAGACCTTCGACTG::CAGTCGAAGGTCTCTTCTG","0","0","0.75181347","0.080177059","0.5265746"
"AGAAGAGACCTTCGACTGA::TCAGTCGAAGGTCTCTTCT","0","0","0.62482648","-0.12043937","0.49558228"
"GAAGAGACCTTCGACTGAT::ATCAGTCGAAGGTCTCTTC","0","0","0.63996953","-0.15615417","0.29941151"
"AAGAGACCTTCGACTGATG::CATCAGTCGAAGGTCTCTT","0","0","0.77658621","-0.27965867","0.23601833"
"AGAGACCTTCGACTGATGG::CCATCAGTCGAAGGTCTCT","0","0","0.77217661","-0.22542975","0.068633679"
"GAGACCTTCGACTGATGGC::GCCATCAGTCGAAGGTCTC","0","0","0.69658603","-0.27008471","-0.018421144"
"AGACCTTCGACTGATGGCT::AGCCATCAGTCGAAGGTCT","0","0","0.80551241","-0.27671162","0.15183094"
"GACCTTCGACTGATGGCTA::TAGCCATCAGTCGAAGGTC","0","0","0.57087227","-0.18039637","0.19146717"
"ACCTTCGACTGATGGCTAA::TTAGCCATCAGTCGAAGGT","0","0","0.52697971","-0.11853908","0.16655853"
"CCTTCGACTGATGGCTAAT::ATTAGCCATCAGTCGAAGG","0","0","0.5170425","-0.14265902","0.14517613"
"CTTCGACTGATGGCTAATG::CATTAGCCATCAGTCGAAG","0","0","0.70528609","-0.11131282","0.09199073"
"TTCGACTGATGGCTAATGC::GCATTAGCCATCAGTCGAA","0","0","0.87839326","-0.21462382","0.096880452"
"TCGACTGATGGCTAATGCC::GGCATTAGCCATCAGTCGA","0","0","0.86337959","-0.26041695","0.023474507"
"CGACTGATGGCTAATGCCA::TGGCATTAGCCATCAGTCG","0","0","0.57771361","-0.31189049","0.011518134"
"GACTGATGGCTAATGCCAT::ATGGCATTAGCCATCAGTC","0","0","0.5743109","-0.42984132","0.01286929"
"ACTGATGGCTAATGCCATT::AATGGCATTAGCCATCAGT","0","0","0.60199015","-0.305104","0.026953719"
"CTGATGGCTAATGCCATTT::AAATGGCATTAGCCATCAG","0","0","0.60770233","-0.14490061","0.14286867"
"TGATGGCTAATGCCATTTG::CAAATGGCATTAGCCATCA","0","0","0.69318116","-0.14882222","0.19925234"
"GATGGCTAATGCCATTTGC::GCAAATGGCATTAGCCATC","0","0","0.60870682","-0.18445377","0.20846631"
"ATGGCTAATGCCATTTGCT::AGCAAATGGCATTAGCCAT","0","0","0.78416789","-0.29351364","0.1220049"
"TGGCTAATGCCATTTGCTC::GAGCAAATGGCATTAGCCA","0","0","0.77009983","-0.44461263","0.15614217"
"GGCTAATGCCATTTGCTCG::CGAGCAAATGGCATTAGCC","0","0","0.65255104","-0.59445476","0.06887097"
"GCTAATGCCATTTGCTCGG::CCGAGCAAATGGCATTAGC","0","0","0.62860459","-0.70657037","0.099950443"
"CTAATGCCATTTGCTCGGC::GCCGAGCAAATGGCATTAG","0","0","0.66066166","-0.72169798","0.058929992"
"TAATGCCATTTGCTCGGCT::AGCCGAGCAAATGGCATTA","0","0","0.79807783","-0.69447435","-0.011307928"
"AATGCCATTTGCTCGGCTG::CAGCCGAGCAAATGGCATT","0","0","0.77578804","-0.60254169","0.069164287"
"ATGCCATTTGCTCGGCTGT::ACAGCCGAGCAAATGGCAT","0","0","0.7257853","-0.6420139","0.075273201"
"TGCCATTTGCTCGGCTGTG::CACAGCCGAGCAAATGGCA","0","0","0.70288169","-0.7715406","0.049331915"
"GCCATTTGCTCGGCTGTGC::GCACAGCCGAGCAAATGGC","0","0","0.62119483","-0.78259462","0.092001099"
"CCATTTGCTCGGCTGTGCC::GGCACAGCCGAGCAAATGG","0","0","0.70192175","-0.79070864","-0.030647458"
"CATTTGCTCGGCTGTGCCA::TGGCACAGCCGAGCAAATG","0","0","0.59400278","-1.0615647","-0.084467356"
"ATTTGCTCGGCTGTGCCAG::CTGGCACAGCCGAGCAAAT","0","0","0.79090694","-1.1889638","-0.14979431"
"TTTGCTCGGCTGTGCCAGT::ACTGGCACAGCCGAGCAAA","0","0","0.75496326","-1.3009988","-0.23043453"
"TTGCTCGGCTGTGCCAGTT::AACTGGCACAGCCGAGCAA","0","0","0.7470721","-1.3440981","-0.33930677"
"TGCTCGGCTGTGCCAGTTG::CAACTGGCACAGCCGAGCA","0","0","0.75443743","-1.2740009","-0.23658817"
"GCTCGGCTGTGCCAGTTGA::TCAACTGGCACAGCCGAGC","0","0","0.46596989","-1.3109939","-0.27653778"
"CTCGGCTGTGCCAGTTGAC::GTCAACTGGCACAGCCGAG","0","0","0.66906117","-1.3179338","-0.38812492"
"TCGGCTGTGCCAGTTGACT::AGTCAACTGGCACAGCCGA","0","0","0.87377775","-1.2602772","-0.56026085"
"CGGCTGTGCCAGTTGACTG::CAGTCAACTGGCACAGCCG","0","0","0.68513762","-1.1717451","-0.53819096"
"GGCTGTGCCAGTTGACTGG::CCAGTCAACTGGCACAGCC","0","0","0.60992986","-1.1736435","-0.6335917"
"GCTGTGCCAGTTGACTGGG::CCCAGTCAACTGGCACAGC","0","0","0.58955288","-1.517549","-0.75366606"
"CTGTGCCAGTTGACTGGGT::ACCCAGTCAACTGGCACAG","0","0","0.64103341","-1.6797393","-0.71075886"
"TGTGCCAGTTGACTGGGTA::TACCCAGTCAACTGGCACA","0","0","0.73907608","-1.5580687","-0.59110137"
"GTGCCAGTTGACTGGGTAC::GTACCCAGTCAACTGGCAC","0","0","0.63943749","-1.5308838","-0.63688295"
"TGCCAGTTGACTGGGTACC::GGTACCCAGTCAACTGGCA","0","0","0.78752871","-1.5390566","-0.70975468"
"GCCAGTTGACTGGGTACCA::TGGTACCCAGTCAACTGGC","0","0","0.51226928","-1.4582121","-0.70198746"
"CCAGTTGACTGGGTACCAA::TTGGTACCCAGTCAACTGG","0","0","0.51766129","-1.3237953","-0.63452315"
"CAGTTGACTGGGTACCAAC::GTTGGTACCCAGTCAACTG","0","0","0.79977624","-1.1710418","-0.61521957"
"AGTTGACTGGGTACCAACT::AGTTGGTACCCAGTCAACT","0","0","0.8072743","-1.0111914","-0.49128369"
"GTTGACTGGGTACCAACTG::CAGTTGGTACCCAGTCAAC","0","0","0.8233462","-1.1394695","-0.65906441"
"TTGACTGGGTACCAACTGG::CCAGTTGGTACCCAGTCAA","0","0","0.96220677","-1.0192677","-0.70318214"
"TGACTGGGTACCAACTGGG::CCCAGTTGGTACCCAGTCA","0","0","0.9301603","-1.097715","-0.67327558"
"GACTGGGTACCAACTGGGA::TCCCAGTTGGTACCCAGTC","0","0","0.60206245","-1.2000329","-0.68306423"
"ACTGGGTACCAACTGGGAG::CTCCCAGTTGGTACCCAGT","0","0","0.73538718","-1.3279737","-0.69901075"
"CTGGGTACCAACTGGGAGA::TCTCCCAGTTGGTACCCAG","0","0","0.72471794","-1.358386","-0.58027782"
"TGGGTACCAACTGGGAGAA::TTCTCCCAGTTGGTACCCA","0","0","0.59740075","-1.1902532","-0.4809341"
"GGGTACCAACTGGGAGAAC::GTTCTCCCAGTTGGTACCC","0","0","0.49133829","-0.97677903","-0.68463753"
"GGTACCAACTGGGAGAACC::GGTTCTCCCAGTTGGTACC","0","0","0.71388471","-0.8406225","-0.78390637"
"GTACCAACTGGGAGAACCA::TGGTTCTCCCAGTTGGTAC","0","0","0.67856992","-0.79840147","-0.74540566"
"TACCAACTGGGAGAACCAC::GTGGTTCTCCCAGTTGGTA","0","0","0.76833111","-0.81005357","-0.70297057"
"ACCAACTGGGAGAACCACC::GGTGGTTCTCCCAGTTGGT","0","0","0.76027565","-0.69747592","-0.81944605"
"CCAACTGGGAGAACCACCT::AGGTGGTTCTCCCAGTTGG","0","0","0.75292445","-0.86257432","-0.97203718"
"CAACTGGGAGAACCACCTG::CAGGTGGTTCTCCCAGTTG","0","0","0.77645647","-0.86539002","-0.96550594"
"AACTGGGAGAACCACCTGG::CCAGGTGGTTCTCCCAGTT","0","0","0.84866947","-1.0498928","-1.2245455"
"ACTGGGAGAACCACCTGGT::ACCAGGTGGTTCTCCCAGT","0","0","0.75768615","-0.87310507","-1.2546465"
"CTGGGAGAACCACCTGGTC::GACCAGGTGGTTCTCCCAG","0","0","0.71227358","-0.7456916","-1.1441071"
"TGGGAGAACCACCTGGTCA::TGACCAGGTGGTTCTCCCA","0","0","0.76887733","-0.29851396","-1.0742734"
"GGGAGAACCACCTGGTCAA::TTGACCAGGTGGTTCTCCC","0","0","0.53217831","-0.17096626","-1.1045375"
"GGAGAACCACCTGGTCAAT::ATTGACCAGGTGGTTCTCC","0","0","0.42072099","0.1150355","-1.0378044"
"GAGAACCACCTGGTCAATC::GATTGACCAGGTGGTTCTC","0","0","0.75187975","0.087652292","-1.237511"
"AGAACCACCTGGTCAATCC::GGATTGACCAGGTGGTTCT","0","0","0.84253857","-0.035580504","-1.365934"
"GAACCACCTGGTCAATCCA::TGGATTGACCAGGTGGTTC","0","0","0.59011013","0.022522567","-1.1410537"
"AACCACCTGGTCAATCCAT::ATGGATTGACCAGGTGGTT","0","0","0.64618563","0.15361979","-1.0156267"
"ACCACCTGGTCAATCCATG::CATGGATTGACCAGGTGGT","0","0","0.67766887","0.12112502","-1.0434744"
"CCACCTGGTCAATCCATGG::CCATGGATTGACCAGGTGG","0","0","0.65938196","0.13009948","-1.0819274"
"CACCTGGTCAATCCATGGA::TCCATGGATTGACCAGGTG","0","0","0.61059355","0.11532452","-0.73001623"
"ACCTGGTCAATCCATGGAA::TTCCATGGATTGACCAGGT","0","0","0.57807674","0.086996964","-0.54027186"
"CCTGGTCAATCCATGGAAA::TTTCCATGGATTGACCAGG","0","0","0.36887357","-0.029624721","-0.38438921"
"CTGGTCAATCCATGGAAAG::CTTTCCATGGATTGACCAG","0","0","0.65652683","0.17691868","-0.15982698"
"TGGTCAATCCATGGAAAGG::CCTTTCCATGGATTGACCA","0","0","0.73691744","0.17598846","-0.16796355"
"GGTCAATCCATGGAAAGGG::CCCTTTCCATGGATTGACC","0","0","0.63460489","0.021629214","-0.16922735"
"GTCAATCCATGGAAAGGGA::TCCCTTTCCATGGATTGAC","0","0","0.47548167","-0.27908074","-0.3244278"
"TCAATCCATGGAAAGGGAG::CTCCCTTTCCATGGATTGA","0","0","0.7525594","-0.37205317","-0.22697006"
"CAATCCATGGAAAGGGAGA::TCTCCCTTTCCATGGATTG","0","0","0.56814237","-0.53835188","-0.21894545"
"AATCCATGGAAAGGGAGAA::TTCTCCCTTTCCATGGATT","0","0","0.60638234","-0.5331936","0.065392371"
"ATCCATGGAAAGGGAGAAT::ATTCTCCCTTTCCATGGAT","0","0","0.60144508","-0.2779351","0.2272067"
"TCCATGGAAAGGGAGAATG::CATTCTCCCTTTCCATGGA","0","0","0.74614931","-0.25710694","0.25826858"
"CCATGGAAAGGGAGAATGG::CCATTCTCCCTTTCCATGG","0","0","0.54092033","-0.44173424","0.38146086"
"CATGGAAAGGGAGAATGGA::TCCATTCTCCCTTTCCATG","0","0","0.57405312","-0.24895211","0.66370154"
"ATGGAAAGGGAGAATGGAT::ATCCATTCTCCCTTTCCAT","0","0","0.71766174","-0.13261901","0.82175151"
"TGGAAAGGGAGAATGGATG::CATCCATTCTCCCTTTCCA","0","0","0.82492048","-0.16504135","0.56978821"
"GGAAAGGGAGAATGGATGA::TCATCCATTCTCCCTTTCC","0","0","0.51147513","0.017259199","0.5569069"
"GAAAGGGAGAATGGATGAC::GTCATCCATTCTCCCTTTC","0","0","0.62683988","0.13202726","0.35791182"
"AAAGGGAGAATGGATGACC::GGTCATCCATTCTCCCTTT","0","1","0.87767573","0.061053606","0.50837952"
"AAGGGAGAATGGATGACCA::TGGTCATCCATTCTCCCTT","0","1","0.73298194","-0.0662962","0.70328403"
"AGGGAGAATGGATGACCAC::GTGGTCATCCATTCTCCCT","0","0","0.67960295","-0.045976814","0.6692053"
"GGGAGAATGGATGACCACT::AGTGGTCATCCATTCTCCC","0","0","0.62094355","0.029751308","0.70050701"
"GGAGAATGGATGACCACTG::CAGTGGTCATCCATTCTCC","0","0","0.72955873","0.033640778","0.52535263"
"GAGAATGGATGACCACTGA::TCAGTGGTCATCCATTCTC","0","0","0.55663162","-0.085156772","0.42060771"
"AGAATGGATGACCACTGAG::CTCAGTGGTCATCCATTCT","0","0","0.77873269","-0.15362093","0.23702333"
"GAATGGATGACCACTGAGG::CCTCAGTGGTCATCCATTC","0","0","0.77361007","-0.44760066","0.0027391148"
"AATGGATGACCACTGAGGA::TCCTCAGTGGTCATCCATT","0","0","0.74839679","-0.60872148","-0.16327389"
"ATGGATGACCACTGAGGAC::GTCCTCAGTGGTCATCCAT","0","0","0.79764511","-0.48693083","-0.16240661"
"TGGATGACCACTGAGGACA::TGTCCTCAGTGGTCATCCA","0","0","0.88034882","-0.41220694","-0.28518254"
"GGATGACCACTGAGGACAT::ATGTCCTCAGTGGTCATCC","0","0","0.5455357","-0.32626145","-0.22229939"
"GATGACCACTGAGGACATG::CATGTCCTCAGTGGTCATC","0","0","0.5893415","-0.34254926","-0.21720036"
"ATGACCACTGAGGACATGC::GCATGTCCTCAGTGGTCAT","0","0","0.96377593","-0.4498887","-0.28727322"
"TGACCACTGAGGACATGCT::AGCATGTCCTCAGTGGTCA","0","0","0.87173324","-0.46689937","-0.21291756"
"GACCACTGAGGACATGCTC::GAGCATGTCCTCAGTGGTC","0","0","0.74556649","-0.53318042","-0.37653589"
"ACCACTGAGGACATGCTCA::TGAGCATGTCCTCAGTGGT","0","0","0.70851894","-0.47478805","-0.57861137"
"CCACTGAGGACATGCTCAT::ATGAGCATGTCCTCAGTGG","0","0","0.60887881","-0.36801311","-0.46856374"
"CACTGAGGACATGCTCATG::CATGAGCATGTCCTCAGTG","0","0","0.67766447","-0.38257722","-0.35059559"
"ACTGAGGACATGCTCATGG::CCATGAGCATGTCCTCAGT","0","0","0.85780288","-0.34523889","-0.26308388"
"CTGAGGACATGCTCATGGT::ACCATGAGCATGTCCTCAG","0","0","0.68917357","-0.26753075","-0.28731887"
"TGAGGACATGCTCATGGTG::CACCATGAGCATGTCCTCA","0","0","0.78145597","-0.26073903","-0.30877716"
"GAGGACATGCTCATGGTGT::ACACCATGAGCATGTCCTC","0","0","0.69086897","-0.22817986","-0.25210067"
"AGGACATGCTCATGGTGTG::CACACCATGAGCATGTCCT","0","0","0.70514959","-0.18723516","-0.22226025"
"GGACATGCTCATGGTGTGG::CCACACCATGAGCATGTCC","0","0","0.60133671","-0.44897941","-0.45043908"
"GACATGCTCATGGTGTGGA::TCCACACCATGAGCATGTC","0","0","0.58124473","-0.59228885","-0.60973077"
"ACATGCTCATGGTGTGGAA::TTCCACACCATGAGCATGT","0","0","0.5440477","-0.88940063","-0.62902855"
"CATGCTCATGGTGTGGAAT::ATTCCACACCATGAGCATG","0","0","0.55924707","-1.0422477","-0.63930227"
"ATGCTCATGGTGTGGAATA::TATTCCACACCATGAGCAT","0","0","0.67694656","-1.019771","-0.56901599"
"TGCTCATGGTGTGGAATAG::CTATTCCACACCATGAGCA","0","0","0.68816833","-0.98012532","-0.57341887"
"GCTCATGGTGTGGAATAGA::TCTATTCCACACCATGAGC","0","0","0.51320199","-0.91809494","-0.50521467"
"CTCATGGTGTGGAATAGAG::CTCTATTCCACACCATGAG","0","0","0.70829476","-1.043347","-0.39644218"
"TCATGGTGTGGAATAGAGT::ACTCTATTCCACACCATGA","0","0","0.82244381","-1.1472656","-0.41294378"
"CATGGTGTGGAATAGAGTG::CACTCTATTCCACACCATG","0","0","0.79282158","-1.1543745","-0.42962474"
"ATGGTGTGGAATAGAGTGT::ACACTCTATTCCACACCAT","0","0","0.7746656","-1.2050952","-0.4009688"
"TGGTGTGGAATAGAGTGTG::CACACTCTATTCCACACCA","0","0","0.84066186","-1.1511799","-0.31872238"
"GGTGTGGAATAGAGTGTGG::CCACACTCTATTCCACACC","0","0","0.57003545","-1.1262482","-0.2508165"
"GTGTGGAATAGAGTGTGGA::TCCACACTCTATTCCACAC","0","0","0.62163552","-0.95666662","-0.22502465"
"TGTGGAATAGAGTGTGGAT::ATCCACACTCTATTCCACA","0","0","0.69398681","-0.90306013","-0.18447958"
"GTGGAATAGAGTGTGGATT::AATCCACACTCTATTCCAC","1","0","0.6298675","-0.8627027","-0.30566173"
"TGGAATAGAGTGTGGATTG::CAATCCACACTCTATTCCA","1","0","0.83659047","-1.0660548","-0.29530929"
"GGAATAGAGTGTGGATTGA::TCAATCCACACTCTATTCC","0","0","0.48623845","-0.86922022","-0.20965719"
"GAATAGAGTGTGGATTGAG::CTCAATCCACACTCTATTC","0","0","0.72173189","-0.85810604","-0.18787828"
"AATAGAGTGTGGATTGAGG::CCTCAATCCACACTCTATT","0","0","0.91949318","-0.99324112","-0.39076519"
"ATAGAGTGTGGATTGAGGA::TCCTCAATCCACACTCTAT","0","0","0.86375428","-1.1018637","-0.47165656"
"TAGAGTGTGGATTGAGGAG::CTCCTCAATCCACACTCTA","0","0","0.85488334","-1.1941604","-0.58452657"
"AGAGTGTGGATTGAGGAGA::TCTCCTCAATCCACACTCT","0","0","0.70960883","-1.0782867","-0.5172655"
"GAGTGTGGATTGAGGAGAA::TTCTCCTCAATCCACACTC","0","0","0.52524152","-1.0286986","-0.43670951"
"AGTGTGGATTGAGGAGAAC::GTTCTCCTCAATCCACACT","0","0","0.69806747","-0.95500275","-0.57913597"
"GTGTGGATTGAGGAGAACG::CGTTCTCCTCAATCCACAC","0","0","0.7623822","-0.89725354","-0.53595964"
"TGTGGATTGAGGAGAACGA::TCGTTCTCCTCAATCCACA","0","0","0.77482598","-0.8190778","-0.51136055"
"GTGGATTGAGGAGAACGAC::GTCGTTCTCCTCAATCCAC","0","0","0.71941519","-0.69877893","-0.49255575"
"TGGATTGAGGAGAACGACC::GGTCGTTCTCCTCAATCCA","0","0","0.93770518","-0.66099874","-0.44423268"
"GGATTGAGGAGAACGACCA::TGGTCGTTCTCCTCAATCC","0","0","0.67469656","-0.7666317","-0.43388219"
"GATTGAGGAGAACGACCAT::ATGGTCGTTCTCCTCAATC","0","0","0.54879734","-0.82397005","-0.32798106"
"ATTGAGGAGAACGACCATA::TATGGTCGTTCTCCTCAAT","0","0","0.79597115","-0.6651612","-0.36762125"
"TTGAGGAGAACGACCATAT::ATATGGTCGTTCTCCTCAA","0","0","0.91302391","-0.63436822","-0.64545802"
"TGAGGAGAACGACCATATG::CATATGGTCGTTCTCCTCA","0","0","0.77953743","-0.62361151","-0.53582308"
"GAGGAGAACGACCATATGG::CCATATGGTCGTTCTCCTC","0","0","0.76177177","-0.51550671","-0.42099035"
"AGGAGAACGACCATATGGA::TCCATATGGTCGTTCTCCT","0","0","0.70795199","-0.39561433","-0.14344083"
"GGAGAACGACCATATGGAG::CTCCATATGGTCGTTCTCC","0","0","0.56064639","-0.36576104","-0.14350734"
"GAGAACGACCATATGGAGG::CCTCCATATGGTCGTTCTC","0","0","0.76902171","-0.39470301","-0.21503754"
"AGAACGACCATATGGAGGA::TCCTCCATATGGTCGTTCT","0","0","0.73242683","-0.4623194","-0.40427886"
"GAACGACCATATGGAGGAC::GTCCTCCATATGGTCGTTC","0","0","0.55675534","-0.33277929","-0.09733948"
"AACGACCATATGGAGGACA::TGTCCTCCATATGGTCGTT","0","0","0.72167805","-0.18110524","0.016270597"
"ACGACCATATGGAGGACAA::TTGTCCTCCATATGGTCGT","0","0","0.56301848","-0.25635669","0.10103608"
"CGACCATATGGAGGACAAG::CTTGTCCTCCATATGGTCG","0","0","0.5643812","-0.1786201","0.13788515"
"GACCATATGGAGGACAAGA::TCTTGTCCTCCATATGGTC","0","0","0.66770332","-0.22652006","0.23805598"
"ACCATATGGAGGACAAGAC::GTCTTGTCCTCCATATGGT","0","0","0.7877543","-0.16358527","0.15538837"
"CCATATGGAGGACAAGACT::AGTCTTGTCCTCCATATGG","0","0","0.66225748","-0.25311725","0.12872176"
"CATATGGAGGACAAGACTC::GAGTCTTGTCCTCCATATG","0","0","0.85250589","-0.2399174","0.11203658"
"ATATGGAGGACAAGACTCC::GGAGTCTTGTCCTCCATAT","0","0","0.91410605","-0.37760871","0.17900894"
"TATGGAGGACAAGACTCCT::AGGAGTCTTGTCCTCCATA","0","0","0.90814999","-0.32753256","0.005159355"
"ATGGAGGACAAGACTCCTG::CAGGAGTCTTGTCCTCCAT","0","0","0.90290285","-0.3278259","-0.10048621"
"TGGAGGACAAGACTCCTGT::ACAGGAGTCTTGTCCTCCA","0","0","0.85617946","-0.44492418","-0.30360456"
"GGAGGACAAGACTCCTGTA::TACAGGAGTCTTGTCCTCC","0","0","0.52432034","-0.56346335","-0.34904051"
"GAGGACAAGACTCCTGTAA::TTACAGGAGTCTTGTCCTC","0","0","0.613022","-0.66869986","-0.36018326"
"AGGACAAGACTCCTGTAAC::GTTACAGGAGTCTTGTCCT","0","0","0.80595586","-0.59459864","-0.28942362"
"GGACAAGACTCCTGTAACA::TGTTACAGGAGTCTTGTCC","0","0","0.62788769","-0.84127932","-0.34374852"
"GACAAGACTCCTGTAACAA::TTGTTACAGGAGTCTTGTC","0","0","0.68207351","-0.92828971","-0.24566591"
"ACAAGACTCCTGTAACAAA::TTTGTTACAGGAGTCTTGT","0","0","0.64652994","-0.85737516","-0.16587203"
"CAAGACTCCTGTAACAAAA::TTTTGTTACAGGAGTCTTG","0","0","0.62968308","-0.95103197","-0.25400051"
"AAGACTCCTGTAACAAAAT::ATTTTGTTACAGGAGTCTT","0","0","0.74365698","-0.8316128","-0.22424005"
"AGACTCCTGTAACAAAATG::CATTTTGTTACAGGAGTCT","0","0","0.77014707","-0.79815369","-0.15213168"
"GACTCCTGTAACAAAATGG::CCATTTTGTTACAGGAGTC","0","0","0.79711947","-0.62829107","0.052056419"
"ACTCCTGTAACAAAATGGA::TCCATTTTGTTACAGGAGT","0","0","0.67151445","-0.60627645","0.32690953"
"CTCCTGTAACAAAATGGAC::GTCCATTTTGTTACAGGAG","0","0","0.73003133","-0.55342132","0.33976455"
"TCCTGTAACAAAATGGACA::TGTCCATTTTGTTACAGGA","0","0","0.85188447","-0.41015424","0.5022894"
"CCTGTAACAAAATGGACAG::CTGTCCATTTTGTTACAGG","0","0","0.69504564","-0.29248337","0.59190927"
"CTGTAACAAAATGGACAGA::TCTGTCCATTTTGTTACAG","0","0","0.5718581","-0.28314798","0.68395339"
"TGTAACAAAATGGACAGAC::GTCTGTCCATTTTGTTACA","0","0","0.89892116","-0.15311708","0.72679345"
"GTAACAAAATGGACAGACA::TGTCTGTCCATTTTGTTAC","0","0","0.6731975","0.15689034","0.75104899"
"TAACAAAATGGACAGACAT::ATGTCTGTCCATTTTGTTA","0","0","0.85833249","0.32942314","0.88536195"
"AACAAAATGGACAGACATT::AATGTCTGTCCATTTTGTT","0","0","0.75492639","0.42977067","0.74488307"
"ACAAAATGGACAGACATTC::GAATGTCTGTCCATTTTGT","0","0","0.85716634","0.50270576","0.66278906"
"CAAAATGGACAGACATTCC::GGAATGTCTGTCCATTTTG","0","0","0.79907442","0.42613413","0.41047971"
"AAAATGGACAGACATTCCC::GGGAATGTCTGTCCATTTT","0","0","0.93968264","0.46578948","0.38192449"
"AAATGGACAGACATTCCCT::AGGGAATGTCTGTCCATTT","0","0","0.87035619","0.24077596","0.14430371"
"AATGGACAGACATTCCCTA::TAGGGAATGTCTGTCCATT","0","0","0.71669513","0.084911775","-0.035195789"
"ATGGACAGACATTCCCTAT::ATAGGGAATGTCTGTCCAT","0","0","0.75526007","0.03325543","-0.25413965"
"TGGACAGACATTCCCTATC::GATAGGGAATGTCTGTCCA","0","0","0.92447579","0.070187969","-0.44667138"
"GGACAGACATTCCCTATCT::AGATAGGGAATGTCTGTCC","0","0","0.71447262","0.11590202","-0.47518665"
"GACAGACATTCCCTATCTA::TAGATAGGGAATGTCTGTC","0","0","0.58172506","-0.021817553","-0.68016022"
"ACAGACATTCCCTATCTAG::CTAGATAGGGAATGTCTGT","0","0","0.81265745","-0.1962313","-0.72645743"
"CAGACATTCCCTATCTAGG::CCTAGATAGGGAATGTCTG","0","0","0.76755527","-0.24624234","-0.8748342"
"AGACATTCCCTATCTAGGA::TCCTAGATAGGGAATGTCT","0","0","0.77818717","-0.25820605","-0.88152263"
"GACATTCCCTATCTAGGAA::TTCCTAGATAGGGAATGTC","0","0","0.56005238","-0.54276947","-1.035836"
"ACATTCCCTATCTAGGAAA::TTTCCTAGATAGGGAATGT","0","0","0.64948614","-0.81429708","-1.0414443"
"CATTCCCTATCTAGGAAAA::TTTTCCTAGATAGGGAATG","0","0","0.41004929","-0.72409996","-0.84274189"
"ATTCCCTATCTAGGAAAAA::TTTTTCCTAGATAGGGAAT","0","0","0.5963893","-0.428785","-0.67510733"
"TTCCCTATCTAGGAAAAAG::CTTTTTCCTAGATAGGGAA","0","0","0.82677149","-0.4273606","-0.40812339"
"TCCCTATCTAGGAAAAAGG::CCTTTTTCCTAGATAGGGA","0","0","0.8395219","-0.33810948","-0.42585184"
"CCCTATCTAGGAAAAAGGG::CCCTTTTTCCTAGATAGGG","0","0","0.57862668","-0.28999294","-0.32385042"
"CCTATCTAGGAAAAAGGGA::TCCCTTTTTCCTAGATAGG","0","0","0.57435421","-0.33122874","-0.33932148"
"CTATCTAGGAAAAAGGGAG::CTCCCTTTTTCCTAGATAG","0","0","0.81350981","-0.38622036","-0.29490603"
"TATCTAGGAAAAAGGGAGG::CCTCCCTTTTTCCTAGATA","0","0","0.8855807","-0.48521541","-0.3224209"
"ATCTAGGAAAAAGGGAGGA::TCCTCCCTTTTTCCTAGAT","0","0","0.7065532","-0.61486688","-0.35728347"
"TCTAGGAAAAAGGGAGGAC::GTCCTCCCTTTTTCCTAGA","0","0","0.76323488","-0.4760502","-0.075627343"
"CTAGGAAAAAGGGAGGACT::AGTCCTCCCTTTTTCCTAG","0","0","0.73727126","-0.33375923","-0.028072278"
"TAGGAAAAAGGGAGGACTT::AAGTCCTCCCTTTTTCCTA","0","0","0.75651797","-0.32007462","0.081872902"
"AGGAAAAAGGGAGGACTTA::TAAGTCCTCCCTTTTTCCT","0","0","0.59201092","-0.25905737","0.024830033"
"GGAAAAAGGGAGGACTTAT::ATAAGTCCTCCCTTTTTCC","0","0","0.56003951","-0.099852035","0.11569037"
"GAAAAAGGGAGGACTTATG::CATAAGTCCTCCCTTTTTC","0","0","0.74914796","0.034368799","-0.075489941"
"AAAAAGGGAGGACTTATGG::CCATAAGTCCTCCCTTTTT","0","0","0.87360834","-0.08002609","-0.24568579"
"AAAAGGGAGGACTTATGGT::ACCATAAGTCCTCCCTTTT","0","0","0.79318801","-0.49850798","-0.56153971"
"AAAGGGAGGACTTATGGTG::CACCATAAGTCCTCCCTTT","0","0","0.83737115","-0.5197582","-0.79658044"
"AAGGGAGGACTTATGGTGT::ACACCATAAGTCCTCCCTT","0","0","0.75135281","-0.74449173","-0.71596951"
"AGGGAGGACTTATGGTGTG::CACACCATAAGTCCTCCCT","0","0","0.64520522","-0.69371904","-0.72920456"
"GGGAGGACTTATGGTGTGG::CCACACCATAAGTCCTCCC","0","0","0.54927279","-0.68898184","-0.64792671"
"GGAGGACTTATGGTGTGGA::TCCACACCATAAGTCCTCC","0","0","0.52124175","-0.62180293","-0.70012894"
"GAGGACTTATGGTGTGGAT::ATCCACACCATAAGTCCTC","0","0","0.53662536","-0.53011916","-0.61716295"
"AGGACTTATGGTGTGGATC::GATCCACACCATAAGTCCT","0","0","0.80871056","-0.4737621","-0.50358431"
"GGACTTATGGTGTGGATCC::GGATCCACACCATAAGTCC","0","0","0.66571865","-0.55976345","-0.69514866"
"GACTTATGGTGTGGATCCC::GGGATCCACACCATAAGTC","0","0","0.57299453","-0.59755529","-0.69808172"
"ACTTATGGTGTGGATCCCT::AGGGATCCACACCATAAGT","0","0","0.72424216","-0.63850054","-0.88309693"
"CTTATGGTGTGGATCCCTT::AAGGGATCCACACCATAAG","0","0","0.61956806","-0.68774385","-0.85505639"
"TTATGGTGTGGATCCCTTA::TAAGGGATCCACACCATAA","0","0","0.78180589","-0.55776838","-0.79308959"
"TATGGTGTGGATCCCTTAT::ATAAGGGATCCACACCATA","0","0","0.77376227","-0.52044266","-0.81424668"
"ATGGTGTGGATCCCTTATA::TATAAGGGATCCACACCAT","0","0","0.69631269","-0.38488991","-0.92653183"
"TGGTGTGGATCCCTTATAG::CTATAAGGGATCCACACCA","0","0","0.76667799","-0.39780753","-0.8754707"
"GGTGTGGATCCCTTATAGG::CCTATAAGGGATCCACACC","0","0","0.56092831","-0.37624909","-0.84272856"
"GTGTGGATCCCTTATAGGG::CCCTATAAGGGATCCACAC","0","0","0.67127515","-0.37200222","-0.88745295"
"TGTGGATCCCTTATAGGGC::GCCCTATAAGGGATCCACA","0","0","0.7966571","-0.48767523","-0.87326988"
"GTGGATCCCTTATAGGGCA::TGCCCTATAAGGGATCCAC","0","0","0.54132339","-0.49773363","-0.89984997"
"TGGATCCCTTATAGGGCAC::GTGCCCTATAAGGGATCCA","0","0","0.70178617","-0.4981049","-0.86911161"
"GGATCCCTTATAGGGCACA::TGTGCCCTATAAGGGATCC","0","0","0.49373668","-0.57945529","-1.047109"
"GATCCCTTATAGGGCACAG::CTGTGCCCTATAAGGGATC","0","0","0.60690124","-0.6607625","-1.2716053"
"ATCCCTTATAGGGCACAGA::TCTGTGCCCTATAAGGGAT","0","0","0.70047356","-0.76710554","-1.1610283"
"TCCCTTATAGGGCACAGAC::GTCTGTGCCCTATAAGGGA","0","0","0.80913434","-0.80102712","-1.1907379"
"CCCTTATAGGGCACAGACC::GGTCTGTGCCCTATAAGGG","0","0","0.6335695","-0.71158617","-0.99569732"
"CCTTATAGGGCACAGACCC::GGGTCTGTGCCCTATAAGG","0","0","0.69919617","-0.63913998","-0.90563914"
"CTTATAGGGCACAGACCCC::GGGGTCTGTGCCCTATAAG","0","0","0.68730673","-0.91716986","-0.99791164"
"TTATAGGGCACAGACCCCG::CGGGGTCTGTGCCCTATAA","0","0","0.93703281","-0.94552558","-0.99738886"
"TATAGGGCACAGACCCCGC::GCGGGGTCTGTGCCCTATA","0","0","0.89617577","-1.0964156","-0.96201534"
"ATAGGGCACAGACCCCGCA::TGCGGGGTCTGTGCCCTAT","0","0","0.67862195","-1.091504","-1.0575963"
"TAGGGCACAGACCCCGCAC::GTGCGGGGTCTGTGCCCTA","0","0","0.81243498","-1.0141587","-1.0434823"
"AGGGCACAGACCCCGCACC::GGTGCGGGGTCTGTGCCCT","0","0","0.61821455","-0.98344137","-0.89677891"
"GGGCACAGACCCCGCACCA::TGGTGCGGGGTCTGTGCCC","0","0","0.44670886","-0.91207914","-0.93548294"
"GGCACAGACCCCGCACCAC::GTGGTGCGGGGTCTGTGCC","0","0","0.47689021","-0.83708919","-0.92073933"
"GCACAGACCCCGCACCACT::AGTGGTGCGGGGTCTGTGC","0","0","0.65132777","-0.87174287","-0.97208062"
"CACAGACCCCGCACCACTT::AAGTGGTGCGGGGTCTGTG","0","0","0.592698","-0.9470946","-0.84860938"
"ACAGACCCCGCACCACTTG::CAAGTGGTGCGGGGTCTGT","0","0","0.68669916","-1.0120759","-0.52990338"
"CAGACCCCGCACCACTTGG::CCAAGTGGTGCGGGGTCTG","0","0","0.655918","-1.0223886","-0.5200519"
"AGACCCCGCACCACTTGGG::CCCAAGTGGTGCGGGGTCT","0","0","0.6854512","-1.1286102","-0.49461807"
"GACCCCGCACCACTTGGGC::GCCCAAGTGGTGCGGGGTC","0","0","0.61749522","-1.2220524","-0.61985679"
"ACCCCGCACCACTTGGGCT::AGCCCAAGTGGTGCGGGGT","0","0","0.62574861","-1.3733285","-0.65646726"
"CCCCGCACCACTTGGGCTG::CAGCCCAAGTGGTGCGGGG","0","0","0.59650756","-1.2159193","-0.48949497"
"CCCGCACCACTTGGGCTGA::TCAGCCCAAGTGGTGCGGG","0","0","0.39927906","-1.0549675","-0.33668353"
"CCGCACCACTTGGGCTGAA::TTCAGCCCAAGTGGTGCGG","0","0","0.37221886","-0.88336203","-0.24713239"
"CGCACCACTTGGGCTGAAA::TTTCAGCCCAAGTGGTGCG","0","0","0.44909266","-0.79767071","-0.22077806"
"GCACCACTTGGGCTGAAAA::TTTTCAGCCCAAGTGGTGC","0","0","0.42381116","-0.75177764","-0.020086072"
"CACCACTTGGGCTGAAAAC::GTTTTCAGCCCAAGTGGTG","0","0","0.64591289","-0.80455878","-0.078932115"
"ACCACTTGGGCTGAAAACA::TGTTTTCAGCCCAAGTGGT","0","0","0.69041888","-0.74616758","0.2918342"
"CCACTTGGGCTGAAAACAT::ATGTTTTCAGCCCAAGTGG","0","0","0.62157585","-0.88571809","0.24334237"
"CACTTGGGCTGAAAACATC::GATGTTTTCAGCCCAAGTG","0","0","0.75292881","-0.83429424","0.3040752"
"ACTTGGGCTGAAAACATCA::TGATGTTTTCAGCCCAAGT","0","0","0.74494835","-0.72995069","0.2855345"
"CTTGGGCTGAAAACATCAA::TTGATGTTTTCAGCCCAAG","0","0","0.58753957","-0.42024563","0.20831389"
"TTGGGCTGAAAACATCAAA::TTTGATGTTTTCAGCCCAA","0","0","0.7406089","-0.28632354","0.043091895"
"TGGGCTGAAAACATCAAAG::CTTTGATGTTTTCAGCCCA","0","0","0.82439968","-0.037969245","0.12230441"
"GGGCTGAAAACATCAAAGA::TCTTTGATGTTTTCAGCCC","0","0","0.49664461","0.12589645","0.42126352"
"GGCTGAAAACATCAAAGAC::GTCTTTGATGTTTTCAGCC","1","0","0.51193516","0.27878999","0.44494751"
"GCTGAAAACATCAAAGACA::TGTCTTTGATGTTTTCAGC","1","0","0.53231662","0.40210674","0.36191768"
"CTGAAAACATCAAAGACAC::GTGTCTTTGATGTTTTCAG","0","0","0.69070806","0.27072487","0.098553178"
"TGAAAACATCAAAGACACA::TGTGTCTTTGATGTTTTCA","0","0","0.62082163","0.24697626","0.17275536"
"GAAAACATCAAAGACACAG::CTGTGTCTTTGATGTTTTC","0","0","0.73695457","0.087992424","0.07132474"
"AAAACATCAAAGACACAGT::ACTGTGTCTTTGATGTTTT","0","0","0.76271639","-0.12903735","-0.18909556"
"AAACATCAAAGACACAGTC::GACTGTGTCTTTGATGTTT","0","0","0.85965993","0.014266687","-0.15113215"
"AACATCAAAGACACAGTCA::TGACTGTGTCTTTGATGTT","0","0","0.72773906","-0.035460104","-0.45853251"
"ACATCAAAGACACAGTCAA::TTGACTGTGTCTTTGATGT","0","0","0.53480826","0.16606579","-0.45759206"
"CATCAAAGACACAGTCAAC::GTTGACTGTGTCTTTGATG","0","0","0.60441231","0.13634014","-0.51370208"
"ATCAAAGACACAGTCAACA::TGTTGACTGTGTCTTTGAT","0","0","0.78839002","0.035536052","-0.58803455"
"TCAAAGACACAGTCAACAT::ATGTTGACTGTGTCTTTGA","0","0","0.78112437","-0.29820628","-0.75508036"
"CAAAGACACAGTCAACATG::CATGTTGACTGTGTCTTTG","0","0","0.76255186","-0.3246975","-0.72357733"
"AAAGACACAGTCAACATGG::CCATGTTGACTGTGTCTTT","0","0","0.94360837","-0.48361307","-0.87043774"
"AAGACACAGTCAACATGGT::ACCATGTTGACTGTGTCTT","0","0","0.75295966","-0.53530958","-1.1838662"
"AGACACAGTCAACATGGTG::CACCATGTTGACTGTGTCT","0","0","0.84453301","-0.65587055","-1.2439726"
"GACACAGTCAACATGGTGC::GCACCATGTTGACTGTGTC","0","0","0.89509441","-0.79391222","-1.3045284"
"ACACAGTCAACATGGTGCG::CGCACCATGTTGACTGTGT","0","0","0.86958069","-0.88445195","-1.1209822"
"CACAGTCAACATGGTGCGC::GCGCACCATGTTGACTGTG","0","0","0.74235888","-0.98194204","-1.2278476"
"ACAGTCAACATGGTGCGCA::TGCGCACCATGTTGACTGT","0","0","0.82136126","-0.902556","-1.0908395"
"CAGTCAACATGGTGCGCAG::CTGCGCACCATGTTGACTG","0","0","0.68690128","-0.76094016","-1.0974135"
"AGTCAACATGGTGCGCAGG::CCTGCGCACCATGTTGACT","0","0","0.73994652","-0.84715857","-0.90050624"
"GTCAACATGGTGCGCAGGA::TCCTGCGCACCATGTTGAC","0","0","0.63556556","-0.86757925","-0.93816004"
"TCAACATGGTGCGCAGGAT::ATCCTGCGCACCATGTTGA","0","0","0.73549973","-0.90911561","-0.81082695"
"CAACATGGTGCGCAGGATC::GATCCTGCGCACCATGTTG","0","0","0.80770995","-0.90387697","-0.6834332"
"AACATGGTGCGCAGGATCA::TGATCCTGCGCACCATGTT","0","0","0.74600989","-0.80592861","-0.49965939"
"ACATGGTGCGCAGGATCAT::ATGATCCTGCGCACCATGT","0","0","0.61808696","-0.60816174","-0.39250545"
"CATGGTGCGCAGGATCATA::TATGATCCTGCGCACCATG","0","0","0.60133218","-0.77101047","-0.40604051"
"ATGGTGCGCAGGATCATAG::CTATGATCCTGCGCACCAT","0","0","0.84888325","-0.82776384","-0.42401149"
"TGGTGCGCAGGATCATAGG::CCTATGATCCTGCGCACCA","0","0","0.80590621","-0.86445355","-0.39513669"
"GGTGCGCAGGATCATAGGT::ACCTATGATCCTGCGCACC","0","0","0.54331882","-0.81981703","-0.32163746"
"GTGCGCAGGATCATAGGTG::CACCTATGATCCTGCGCAC","0","0","0.71500179","-0.95016067","-0.33463501"
"TGCGCAGGATCATAGGTGA::TCACCTATGATCCTGCGCA","0","0","0.67478642","-0.92239148","-0.32401268"
"GCGCAGGATCATAGGTGAT::ATCACCTATGATCCTGCGC","0","0","0.46272459","-0.8138674","-0.33906862"
"CGCAGGATCATAGGTGATG::CATCACCTATGATCCTGCG","0","0","0.65616465","-0.81106769","-0.27402946"
"GCAGGATCATAGGTGATGA::TCATCACCTATGATCCTGC","0","0","0.54714574","-0.75031482","-0.081482668"
"CAGGATCATAGGTGATGAA::TTCATCACCTATGATCCTG","0","0","0.52999989","-0.62794757","-0.23620579"
"AGGATCATAGGTGATGAAG::CTTCATCACCTATGATCCT","0","0","0.76252077","-0.4262056","-0.05758255"
"GGATCATAGGTGATGAAGA::TCTTCATCACCTATGATCC","0","0","0.56787908","-0.30133397","-0.0031652205"
"GATCATAGGTGATGAAGAA::TTCTTCATCACCTATGATC","0","0","0.49611654","-0.30106759","0.076966423"
"ATCATAGGTGATGAAGAAA::TTTCTTCATCACCTATGAT","0","0","0.6622828","-0.30635186","0.063508411"
"TCATAGGTGATGAAGAAAA::TTTTCTTCATCACCTATGA","0","0","0.69551418","-0.23553281","0.22588117"
"CATAGGTGATGAAGAAAAG::CTTTTCTTCATCACCTATG","0","0","0.6137229","-0.16604226","0.44740067"
"ATAGGTGATGAAGAAAAGT::ACTTTTCTTCATCACCTAT","0","0","0.81085486","-0.073324449","0.5427764"
"TAGGTGATGAAGAAAAGTA::TACTTTTCTTCATCACCTA","0","1","0.81904417","-0.19404785","0.6040872"
"AGGTGATGAAGAAAAGTAC::GTACTTTTCTTCATCACCT","0","0","0.7288212","-0.016809607","0.65171163"
"GGTGATGAAGAAAAGTACA::TGTACTTTTCTTCATCACC","0","0","0.51207187","0.049532149","0.70958227"
"GTGATGAAGAAAAGTACAT::ATGTACTTTTCTTCATCAC","0","0","0.58657795","0.13891965","0.64696932"
"TGATGAAGAAAAGTACATG::CATGTACTTTTCTTCATCA","0","0","0.77827882","0.11937598","0.6637768"
"GATGAAGAAAAGTACATGG::CCATGTACTTTTCTTCATC","0","0","0.67783625","0.095212208","0.55180448"
"ATGAAGAAAAGTACATGGA::TCCATGTACTTTTCTTCAT","0","0","0.68337736","0.083505738","0.64447517"
"TGAAGAAAAGTACATGGAC::GTCCATGTACTTTTCTTCA","0","0","0.7858277","0.052994464","0.56492787"
"GAAGAAAAGTACATGGACT::AGTCCATGTACTTTTCTTC","0","0","0.63304005","-0.025691055","0.42065091"
"AAGAAAAGTACATGGACTA::TAGTCCATGTACTTTTCTT","0","0","0.75356413","-0.14550152","0.30765303"
"AGAAAAGTACATGGACTAT::ATAGTCCATGTACTTTTCT","0","0","0.57934492","-0.16777659","0.099039994"
"GAAAAGTACATGGACTATC::GATAGTCCATGTACTTTTC","0","0","0.82002397","-0.10909134","0.027253455"
"AAAAGTACATGGACTATCT::AGATAGTCCATGTACTTTT","0","0","0.89587992","-0.13353445","-0.19140878"
"AAAGTACATGGACTATCTA::TAGATAGTCCATGTACTTT","0","0","0.72975425","-0.093788197","-0.47003594"
"AAGTACATGGACTATCTAT::ATAGATAGTCCATGTACTT","0","0","0.79139312","0.010192265","-0.42999036"
"AGTACATGGACTATCTATC::GATAGATAGTCCATGTACT","0","0","0.87747667","0.29333508","-0.37359795"
"GTACATGGACTATCTATCC::GGATAGATAGTCCATGTAC","0","0","0.84537333","0.30121615","-0.31514202"
"TACATGGACTATCTATCCA::TGGATAGATAGTCCATGTA","0","0","0.88503096","0.3703828","-0.19193761"
"ACATGGACTATCTATCCAC::GTGGATAGATAGTCCATGT","0","0","0.89775813","0.20785975","-0.18238776"
"CATGGACTATCTATCCACC::GGTGGATAGATAGTCCATG","0","0","0.74922039","0.22309226","-0.29898576"
"ATGGACTATCTATCCACCC::GGGTGGATAGATAGTCCAT","0","0","0.94999566","0.22466533","-0.27129963"
"TGGACTATCTATCCACCCA::TGGGTGGATAGATAGTCCA","0","0","0.82289071","0.23171616","-0.66618513"
"GGACTATCTATCCACCCAA::TTGGGTGGATAGATAGTCC","0","0","0.60367406","0.21529952","-0.79760738"
"GACTATCTATCCACCCAAG::CTTGGGTGGATAGATAGTC","0","0","0.64797903","0.27895589","-0.8589281"
"ACTATCTATCCACCCAAGT::ACTTGGGTGGATAGATAGT","0","0","0.77841152","0.43754276","-0.99371309"
"CTATCTATCCACCCAAGTC::GACTTGGGTGGATAGATAG","0","0","0.87733713","0.53512246","-1.0278639"
"TATCTATCCACCCAAGTCC::GGACTTGGGTGGATAGATA","0","0","1.0038509","0.41725895","-1.0931245"
"ATCTATCCACCCAAGTCCG::CGGACTTGGGTGGATAGAT","0","0","0.83047097","0.33822253","-0.99084097"
"TCTATCCACCCAAGTCCGC::GCGGACTTGGGTGGATAGA","0","0","0.79271953","0.3901514","-0.88216298"
"CTATCCACCCAAGTCCGCT::AGCGGACTTGGGTGGATAG","0","0","0.78283431","0.36046786","-0.93370074"
"TATCCACCCAAGTCCGCTA::TAGCGGACTTGGGTGGATA","0","0","0.79468528","0.33627098","-0.90255026"
"ATCCACCCAAGTCCGCTAC::GTAGCGGACTTGGGTGGAT","0","0","0.75262913","0.19860771","-0.93032362"
"TCCACCCAAGTCCGCTACT::AGTAGCGGACTTGGGTGGA","0","0","0.73257422","0.045398477","-1.1556943"
"CCACCCAAGTCCGCTACTT::AAGTAGCGGACTTGGGTGG","0","0","0.57252965","0.12586741","-1.2989004"
"CACCCAAGTCCGCTACTTG::CAAGTAGCGGACTTGGGTG","0","0","0.71562414","-0.098021942","-1.0085626"
"ACCCAAGTCCGCTACTTGG::CCAAGTAGCGGACTTGGGT","0","0","0.734115","-0.12697639","-0.84406786"
"CCCAAGTCCGCTACTTGGG::CCCAAGTAGCGGACTTGGG","0","0","0.68950507","-0.32076142","-0.64596332"
"CCAAGTCCGCTACTTGGGT::ACCCAAGTAGCGGACTTGG","0","0","0.63085144","-0.5204465","-0.45129976"
"CAAGTCCGCTACTTGGGTG::CACCCAAGTAGCGGACTTG","0","0","0.73462382","-0.68501707","-0.4209328"
"AAGTCCGCTACTTGGGTGA::TCACCCAAGTAGCGGACTT","0","0","0.76267477","-0.82082907","-0.21524058"
"AGTCCGCTACTTGGGTGAG::CTCACCCAAGTAGCGGACT","0","0","0.63252334","-0.98779732","-0.11465651"
"GTCCGCTACTTGGGTGAGG::CCTCACCCAAGTAGCGGAC","0","0","0.65967012","-1.1386605","-0.24595978"
"TCCGCTACTTGGGTGAGGA::TCCTCACCCAAGTAGCGGA","0","0","0.76538281","-1.1811086","-0.38278578"
"CCGCTACTTGGGTGAGGAA::TTCCTCACCCAAGTAGCGG","0","0","0.43345056","-1.3103543","-0.53261189"
"CGCTACTTGGGTGAGGAAG::CTTCCTCACCCAAGTAGCG","0","0","0.62367848","-1.4028023","-0.76411045"
"GCTACTTGGGTGAGGAAGG::CCTTCCTCACCCAAGTAGC","0","0","0.66496107","-1.4202486","-0.85849714"
"CTACTTGGGTGAGGAAGGG::CCCTTCCTCACCCAAGTAG","0","0","0.68419102","-1.5274382","-0.97841998"
"TACTTGGGTGAGGAAGGGT::ACCCTTCCTCACCCAAGTA","0","0","0.73403206","-1.4373201","-0.77151935"
"ACTTGGGTGAGGAAGGGTC::GACCCTTCCTCACCCAAGT","0","0","0.76213153","-1.43102","-0.566942"
"CTTGGGTGAGGAAGGGTCC::GGACCCTTCCTCACCCAAG","0","0","0.74314735","-1.350884","-0.7674823"
"TTGGGTGAGGAAGGGTCCA::TGGACCCTTCCTCACCCAA","0","0","0.74305898","-1.2838888","-0.86702495"
"TGGGTGAGGAAGGGTCCAC::GTGGACCCTTCCTCACCCA","0","0","0.72959006","-1.2151848","-0.87095499"
"GGGTGAGGAAGGGTCCACA::TGTGGACCCTTCCTCACCC","0","0","0.57969646","-1.0408298","-1.053396"
"GGTGAGGAAGGGTCCACAC::GTGTGGACCCTTCCTCACC","0","1","0.64910118","-1.0323738","-1.0529098"
"GTGAGGAAGGGTCCACACC::GGTGTGGACCCTTCCTCAC","0","0","0.75908588","-1.0808337","-1.2108045"
"TGAGGAAGGGTCCACACCC::GGGTGTGGACCCTTCCTCA","0","0","0.88529305","-1.0190351","-1.2701796"
"GAGGAAGGGTCCACACCCG::CGGGTGTGGACCCTTCCTC","0","0","0.66014106","-0.93900625","-1.2393908"
"AGGAAGGGTCCACACCCGG::CCGGGTGTGGACCCTTCCT","0","0","0.70545426","-0.84359224","-1.2363026"
"GGAAGGGTCCACACCCGGA::TCCGGGTGTGGACCCTTCC","0","0","0.5633167","-0.58808107","-0.99301134"
"GAAGGGTCCACACCCGGAG::CTCCGGGTGTGGACCCTTC","0","0","0.70972862","-0.4766912","-0.66134384"
"AAGGGTCCACACCCGGAGT::ACTCCGGGTGTGGACCCTT","0","0","0.69118832","-0.53357433","-0.64675383"
"AGGGTCCACACCCGGAGTG::CACTCCGGGTGTGGACCCT","0","0","0.66229421","-0.51528817","-0.60841218"
"GGGTCCACACCCGGAGTGT::ACACTCCGGGTGTGGACCC","0","0","0.51370022","-0.59537813","-0.74856809"
"GGTCCACACCCGGAGTGTT::AACACTCCGGGTGTGGACC","0","0","0.46434559","-0.75212564","-0.74455892"
"GTCCACACCCGGAGTGTTG::CAACACTCCGGGTGTGGAC","0","0","0.6923082","-0.76043084","-0.75195082"
"TCCACACCCGGAGTGTTGT::ACAACACTCCGGGTGTGGA","0","0","0.76468784","-0.69027768","-0.82161988"
"CCACACCCGGAGTGTTGTA::TACAACACTCCGGGTGTGG","0","0","0.5118481","-0.60947897","-0.88794508"
"CACACCCGGAGTGTTGTAA::TTACAACACTCCGGGTGTG","0","0","0.58449525","-0.669027","-0.79394879"
"ACACCCGGAGTGTTGTAAG::CTTACAACACTCCGGGTGT","0","0","0.75886015","-0.72351915","-0.60852119"
"CACCCGGAGTGTTGTAAGC::GCTTACAACACTCCGGGTG","0","0","0.68517881","-0.62974707","-0.44879687"
"ACCCGGAGTGTTGTAAGCA::TGCTTACAACACTCCGGGT","0","0","0.67656823","-0.48819169","-0.093521383"
"CCCGGAGTGTTGTAAGCAC::GTGCTTACAACACTCCGGG","0","0","0.60248543","-0.64553493","-0.11954078"
"CCGGAGTGTTGTAAGCACC::GGTGCTTACAACACTCCGG","0","0","0.7712901","-0.75240578","0.0098527542"
"CGGAGTGTTGTAAGCACCA::TGGTGCTTACAACACTCCG","0","0","0.68385099","-1.00738","-0.14577187"
"GGAGTGTTGTAAGCACCAA::TTGGTGCTTACAACACTCC","0","0","0.54525558","-1.0055734","-0.14859573"
"GAGTGTTGTAAGCACCAAT::ATTGGTGCTTACAACACTC","0","0","0.71794069","-0.9241141","-0.073085165"
"AGTGTTGTAAGCACCAATT::AATTGGTGCTTACAACACT","0","0","0.81163649","-0.81130307","0.02165171"
"GTGTTGTAAGCACCAATTT::AAATTGGTGCTTACAACAC","0","0","0.66672064","-0.79654219","0.20530518"
"TGTTGTAAGCACCAATTTT::AAAATTGGTGCTTACAACA","0","0","0.79636743","-0.55191303","0.27020281"
"GTTGTAAGCACCAATTTTA::TAAAATTGGTGCTTACAAC","0","0","0.64819377","-0.45349384","0.41190052"
"TTGTAAGCACCAATTTTAG::CTAAAATTGGTGCTTACAA","0","0","0.85183218","-0.56540393","0.65060874"
"TGTAAGCACCAATTTTAGT::ACTAAAATTGGTGCTTACA","0","0","0.7914128","-0.52609847","0.79126782"
"GTAAGCACCAATTTTAGTG::CACTAAAATTGGTGCTTAC","0","0","0.83855003","-0.50471134","0.73324915"
"TAAGCACCAATTTTAGTGT::ACACTAAAATTGGTGCTTA","0","0","0.83141378","-0.48514526","0.50876699"
"AAGCACCAATTTTAGTGTT::AACACTAAAATTGGTGCTT","0","0","0.65835628","-0.67117885","0.52060072"
"AGCACCAATTTTAGTGTTG::CAACACTAAAATTGGTGCT","0","0","0.74838604","-0.86466066","0.14041074"
"GCACCAATTTTAGTGTTGT::ACAACACTAAAATTGGTGC","0","0","0.59836603","-0.56842305","0.15488713"
"CACCAATTTTAGTGTTGTC::GACAACACTAAAATTGGTG","0","0","0.72273431","-0.42033855","0.06588277"
"ACCAATTTTAGTGTTGTCA::TGACAACACTAAAATTGGT","0","0","0.80446711","-0.34767681","0.066889981"
"CCAATTTTAGTGTTGTCAG::CTGACAACACTAAAATTGG","0","0","0.75074681","-0.34248918","0.09415428"
"CAATTTTAGTGTTGTCAGG::CCTGACAACACTAAAATTG","0","0","0.7434456","-0.40850288","0.080847783"
"AATTTTAGTGTTGTCAGGC::GCCTGACAACACTAAAATT","0","0","0.9156932","-0.55785523","-0.066484658"
"ATTTTAGTGTTGTCAGGCC::GGCCTGACAACACTAAAAT","0","0","0.856536","-0.43893236","-0.065260697"
"TTTTAGTGTTGTCAGGCCT::AGGCCTGACAACACTAAAA","0","0","0.93228748","-0.41655757","-0.10126114"
"TTTAGTGTTGTCAGGCCTG::CAGGCCTGACAACACTAAA","0","0","0.91960567","-0.46545583","-0.27401115"
"TTAGTGTTGTCAGGCCTGC::GCAGGCCTGACAACACTAA","0","0","0.87332544","-0.19385826","-0.52781826"
"TAGTGTTGTCAGGCCTGCT::AGCAGGCCTGACAACACTA","0","0","0.85420348","0.039707669","-0.50817856"
"AGTGTTGTCAGGCCTGCTA::TAGCAGGCCTGACAACACT","0","0","0.68865634","0.05768626","-0.53979816"
"GTGTTGTCAGGCCTGCTAG::CTAGCAGGCCTGACAACAC","0","0","0.65286956","0.19330264","-0.51474845"
"TGTTGTCAGGCCTGCTAGT::ACTAGCAGGCCTGACAACA","0","0","0.68184426","0.32608076","-0.64016664"
"GTTGTCAGGCCTGCTAGTC::GACTAGCAGGCCTGACAAC","0","0","0.68727768","0.3919719","-0.5955884"
"TTGTCAGGCCTGCTAGTCA::TGACTAGCAGGCCTGACAA","0","0","0.78828581","0.26702232","-0.53705723"
"TGTCAGGCCTGCTAGTCAG::CTGACTAGCAGGCCTGACA","0","0","0.73392338","0.31170397","-0.34775492"
"GTCAGGCCTGCTAGTCAGC::GCTGACTAGCAGGCCTGAC","0","0","0.60856077","0.41048087","-0.073641279"
"TCAGGCCTGCTAGTCAGCC::GGCTGACTAGCAGGCCTGA","0","0","0.77402405","0.38168825","-0.14752524"
"CAGGCCTGCTAGTCAGCCA::TGGCTGACTAGCAGGCCTG","0","0","0.57357685","0.58828367","-0.1227584"
"AGGCCTGCTAGTCAGCCAC::GTGGCTGACTAGCAGGCCT","0","0","0.72611158","0.85444919","-0.18682457"
"GGCCTGCTAGTCAGCCACA::TGTGGCTGACTAGCAGGCC","0","0","0.48794899","0.75466687","-0.42609776"
"GCCTGCTAGTCAGCCACAG::CTGTGGCTGACTAGCAGGC","0","0","0.55139047","0.53686956","-0.66246133"
"CCTGCTAGTCAGCCACAGT::ACTGTGGCTGACTAGCAGG","0","0","0.64718995","0.42570503","-0.63684023"
"CTGCTAGTCAGCCACAGTT::AACTGTGGCTGACTAGCAG","0","0","0.7366819","0.086001989","-0.62369202"
"TGCTAGTCAGCCACAGTTT::AAACTGTGGCTGACTAGCA","0","0","0.7559007","-0.19979479","-0.70676783"
"GCTAGTCAGCCACAGTTTG::CAAACTGTGGCTGACTAGC","0","0","0.62798094","-0.056482641","-0.49121577"
"CTAGTCAGCCACAGTTTGG::CCAAACTGTGGCTGACTAG","0","0","0.77882023","-0.14897827","-0.28728952"
"TAGTCAGCCACAGTTTGGG::CCCAAACTGTGGCTGACTA","0","1","0.88831869","-0.2748413","-0.21515752"
"AGTCAGCCACAGTTTGGGG::CCCCAAACTGTGGCTGACT","0","0","0.67309677","-0.41249916","-0.29572284"
"GTCAGCCACAGTTTGGGGA::TCCCCAAACTGTGGCTGAC","0","0","0.57503614","-0.36510066","-0.24654668"
"TCAGCCACAGTTTGGGGAA::TTCCCCAAACTGTGGCTGA","0","0","0.60046853","-0.54837836","-0.3337427"
"CAGCCACAGTTTGGGGAAA::TTTCCCCAAACTGTGGCTG","0","0","0.37096362","-0.74419417","-0.38587691"
"AGCCACAGTTTGGGGAAAG::CTTTCCCCAAACTGTGGCT","0","0","0.5881908","-0.73655672","-0.47466003"
"GCCACAGTTTGGGGAAAGC::GCTTTCCCCAAACTGTGGC","0","0","0.54037921","-0.87779527","-0.31268073"
"CCACAGTTTGGGGAAAGCT::AGCTTTCCCCAAACTGTGG","0","0","0.66510165","-0.92800494","-0.012234344"
"CACAGTTTGGGGAAAGCTG::CAGCTTTCCCCAAACTGTG","0","0","0.76491987","-0.94523924","0.16788424"
"ACAGTTTGGGGAAAGCTGT::ACAGCTTTCCCCAAACTGT","0","0","0.79450821","-0.91151991","0.36286633"
"CAGTTTGGGGAAAGCTGTG::CACAGCTTTCCCCAAACTG","0","0","0.6799539","-0.9476883","0.34087418"
"AGTTTGGGGAAAGCTGTGC::GCACAGCTTTCCCCAAACT","0","0","0.77460626","-0.97630233","0.42737494"
"GTTTGGGGAAAGCTGTGCA::TGCACAGCTTTCCCCAAAC","0","0","0.56783224","-1.0871203","0.39675849"
"TTTGGGGAAAGCTGTGCAG::CTGCACAGCTTTCCCCAAA","0","0","0.80155785","-1.242428","0.34154396"
"TTGGGGAAAGCTGTGCAGC::GCTGCACAGCTTTCCCCAA","0","0","0.88639068","-1.2923578","0.040201487"
"TGGGGAAAGCTGTGCAGCC::GGCTGCACAGCTTTCCCCA","1","0","0.77381176","-1.0728435","0.13006574"
"GGGGAAAGCTGTGCAGCCT::AGGCTGCACAGCTTTCCCC","0","0","0.56650953","-0.97253879","0.1963922"
"GGGAAAGCTGTGCAGCCTG::CAGGCTGCACAGCTTTCCC","0","0","0.64249828","-0.98837338","0.053609422"
"GGAAAGCTGTGCAGCCTGT::ACAGGCTGCACAGCTTTCC","0","0","0.50959731","-0.94703968","0.033537701"
"GAAAGCTGTGCAGCCTGTA::TACAGGCTGCACAGCTTTC","0","0","0.62716947","-1.0129309","-0.17984672"
"AAAGCTGTGCAGCCTGTAA::TTACAGGCTGCACAGCTTT","0","0","0.67822961","-1.2088718","-0.21502078"
"AAGCTGTGCAGCCTGTAAC::GTTACAGGCTGCACAGCTT","0","0","0.88650893","-1.279266","-0.44144311"
"AGCTGTGCAGCCTGTAACC::GGTTACAGGCTGCACAGCT","0","0","0.78916418","-1.346295","-0.70660689"
"GCTGTGCAGCCTGTAACCC::GGGTTACAGGCTGCACAGC","0","0","0.62709289","-1.2831151","-0.91196896"
"CTGTGCAGCCTGTAACCCC::GGGGTTACAGGCTGCACAG","0","0","0.77114667","-1.3087308","-1.0221206"
"TGTGCAGCCTGTAACCCCC::GGGGGTTACAGGCTGCACA","0","0","0.76926354","-1.2480333","-1.0294091"
"GTGCAGCCTGTAACCCCCC::GGGGGGTTACAGGCTGCAC","0","0","0.65732119","-1.1700077","-1.0426134"
"TGCAGCCTGTAACCCCCCC::GGGGGGGTTACAGGCTGCA","0","0","0.69198857","-1.0095774","-0.94088816"
"GCAGCCTGTAACCCCCCCA::TGGGGGGGTTACAGGCTGC","0","0","0.52416618","-1.0294617","-1.1191219"
"CAGCCTGTAACCCCCCCAG::CTGGGGGGGTTACAGGCTG","0","0","0.56441937","-0.98012881","-1.2478815"
"AGCCTGTAACCCCCCCAGG::CCTGGGGGGGTTACAGGCT","0","0","0.59926653","-1.2341352","-1.4191737"
"GCCTGTAACCCCCCCAGGA::TCCTGGGGGGGTTACAGGC","0","0","0.45359186","-1.2515574","-1.424053"
"CCTGTAACCCCCCCAGGAG::CTCCTGGGGGGGTTACAGG","0","0","0.5008358","-1.2838841","-1.3553494"
"CTGTAACCCCCCCAGGAGA::TCTCCTGGGGGGGTTACAG","0","0","0.52026509","-1.2035765","-1.3095203"
"TGTAACCCCCCCAGGAGAA::TTCTCCTGGGGGGGTTACA","0","0","0.53732541","-1.0696346","-1.1337256"
"GTAACCCCCCCAGGAGAAG::CTTCTCCTGGGGGGGTTAC","0","0","0.53573847","-0.97046815","-0.95779513"
"TAACCCCCCCAGGAGAAGC::GCTTCTCCTGGGGGGGTTA","0","0","0.78281349","-1.0588281","-0.9225334"
"AACCCCCCCAGGAGAAGCT::AGCTTCTCCTGGGGGGGTT","0","0","0.6185797","-1.0051867","-0.69406311"
"ACCCCCCCAGGAGAAGCTG::CAGCTTCTCCTGGGGGGGT","0","0","0.50204596","-1.0515087","-0.5046512"
"CCCCCCCAGGAGAAGCTGG::CCAGCTTCTCCTGGGGGGG","0","0","0.40268574","-0.99786754","-0.48309703"
"CCCCCCAGGAGAAGCTGGG::CCCAGCTTCTCCTGGGGGG","0","0","0.45376052","-1.2925269","-0.53589073"
"CCCCCAGGAGAAGCTGGGA::TCCCAGCTTCTCCTGGGGG","0","0","0.35371475","-1.3782926","-0.56560238"
"CCCCAGGAGAAGCTGGGAA::TTCCCAGCTTCTCCTGGGG","0","0","0.36720541","-1.3615282","-0.44104222"
"CCCAGGAGAAGCTGGGAAA::TTTCCCAGCTTCTCCTGGG","0","0","0.42412865","-1.3547306","-0.13836057"
"CCAGGAGAAGCTGGGAAAC::GTTTCCCAGCTTCTCCTGG","0","1","0.57982758","-1.3814725","-0.00048127686"
"CAGGAGAAGCTGGGAAACC::GGTTTCCCAGCTTCTCCTG","0","0","0.71405169","-1.2181752","0.16245094"
"AGGAGAAGCTGGGAAACCA::TGGTTTCCCAGCTTCTCCT","0","0","0.70954928","-1.1819846","0.19640852"
"GGAGAAGCTGGGAAACCAA::TTGGTTTCCCAGCTTCTCC","0","0","0.56054497","-1.0453233","0.30367573"
"GAGAAGCTGGGAAACCAAG::CTTGGTTTCCCAGCTTCTC","0","0","0.70669909","-0.96007578","0.18154235"
"AGAAGCTGGGAAACCAAGC::GCTTGGTTTCCCAGCTTCT","0","0","0.86506526","-0.83288446","-0.042485103"
"GAAGCTGGGAAACCAAGCT::AGCTTGGTTTCCCAGCTTC","0","0","0.78884844","-0.6343625","0.032329993"
"AAGCTGGGAAACCAAGCTC::GAGCTTGGTTTCCCAGCTT","0","0","0.93361","-0.5681639","-0.093754376"
"AGCTGGGAAACCAAGCTCA::TGAGCTTGGTTTCCCAGCT","0","0","0.7048567","-0.71811578","-0.47777522"
"GCTGGGAAACCAAGCTCAT::ATGAGCTTGGTTTCCCAGC","0","0","0.49463405","-0.61176004","-0.47695757"
"CTGGGAAACCAAGCTCATA::TATGAGCTTGGTTTCCCAG","0","0","0.63146106","-0.70724969","-0.45094977"
"TGGGAAACCAAGCTCATAG::CTATGAGCTTGGTTTCCCA","0","0","0.89472795","-0.54786128","-0.52114585"
"GGGAAACCAAGCTCATAGT::ACTATGAGCTTGGTTTCCC","0","0","0.5849348","-0.49253227","-0.4968731"
"GGAAACCAAGCTCATAGTC::GACTATGAGCTTGGTTTCC","0","0","0.6780365","-0.40696747","-0.54781641"
"GAAACCAAGCTCATAGTCA::TGACTATGAGCTTGGTTTC","0","0","0.67636703","-0.36766019","-0.6888695"
"AAACCAAGCTCATAGTCAG::CTGACTATGAGCTTGGTTT","0","0","0.79200071","-0.23482221","-0.45571957"
"AACCAAGCTCATAGTCAGG::CCTGACTATGAGCTTGGTT","0","0","0.77380961","-0.17874898","-0.4831094"
"ACCAAGCTCATAGTCAGGC::GCCTGACTATGAGCTTGGT","0","0","0.79047783","-0.23567238","-0.50531896"
"CCAAGCTCATAGTCAGGCC::GGCCTGACTATGAGCTTGG","0","0","0.67058166","-0.25059118","-0.45414287"
"CAAGCTCATAGTCAGGCCG::CGGCCTGACTATGAGCTTG","0","0","0.76798673","-0.43460055","-0.38690404"
"AAGCTCATAGTCAGGCCGA::TCGGCCTGACTATGAGCTT","0","0","0.66669598","-0.56522548","-0.3382129"
"AGCTCATAGTCAGGCCGAG::CTCGGCCTGACTATGAGCT","0","0","0.52447064","-0.57300941","-0.59832376"
"GCTCATAGTCAGGCCGAGA::TCTCGGCCTGACTATGAGC","0","0","0.47915505","-0.56409375","-0.52354022"
"CTCATAGTCAGGCCGAGAA::TTCTCGGCCTGACTATGAG","0","0","0.53962498","-0.60183818","-0.27882006"
"TCATAGTCAGGCCGAGAAC::GTTCTCGGCCTGACTATGA","0","0","0.73909208","-0.65097927","-0.47731461"
"CATAGTCAGGCCGAGAACG::CGTTCTCGGCCTGACTATG","0","0","0.69535071","-0.56542066","-0.45488593"
"ATAGTCAGGCCGAGAACGC::GCGTTCTCGGCCTGACTAT","0","0","0.80646472","-0.42715107","-0.27927332"
"TAGTCAGGCCGAGAACGCC::GGCGTTCTCGGCCTGACTA","0","0","0.81931527","-0.35815418","-0.22426587"
"AGTCAGGCCGAGAACGCCA::TGGCGTTCTCGGCCTGACT","0","0","0.62534925","-0.40173197","-0.16469722"
"GTCAGGCCGAGAACGCCAT::ATGGCGTTCTCGGCCTGAC","0","0","0.49126511","-0.3702548","-0.057113808"
"TCAGGCCGAGAACGCCATG::CATGGCGTTCTCGGCCTGA","0","0","0.62956867","-0.53321182","-0.20384692"
"CAGGCCGAGAACGCCATGG::CCATGGCGTTCTCGGCCTG","0","0","0.66516379","-0.57779956","-0.31195428"
"AGGCCGAGAACGCCATGGC::GCCATGGCGTTCTCGGCCT","0","0","0.61838103","-0.37616323","-0.30519612"
"GGCCGAGAACGCCATGGCA::TGCCATGGCGTTCTCGGCC","0","0","0.37979967","-0.47412171","-0.54272841"
"GCCGAGAACGCCATGGCAC::GTGCCATGGCGTTCTCGGC","0","0","0.54287252","-0.41064951","-0.5827806"
"CCGAGAACGCCATGGCACG::CGTGCCATGGCGTTCTCGG","0","0","0.55583923","-0.38864486","-0.55841816"
"CGAGAACGCCATGGCACGG::CCGTGCCATGGCGTTCTCG","0","0","0.4990361","-0.56729681","-0.61808475"
"GAGAACGCCATGGCACGGA::TCCGTGCCATGGCGTTCTC","0","0","0.58087881","-0.53617601","-0.71853276"
"AGAACGCCATGGCACGGAA::TTCCGTGCCATGGCGTTCT","0","0","0.43521394","-0.55174494","-0.87862796"
"GAACGCCATGGCACGGAAG::CTTCCGTGCCATGGCGTTC","0","0","0.53929503","-0.59489137","-0.99212213"
"AACGCCATGGCACGGAAGA::TCTTCCGTGCCATGGCGTT","0","0","0.54046483","-0.46302925","-0.889513"
"ACGCCATGGCACGGAAGAA::TTCTTCCGTGCCATGGCGT","0","0","0.35907662","-0.50171728","-0.82816163"
"CGCCATGGCACGGAAGAAG::CTTCTTCCGTGCCATGGCG","0","0","0.43549326","-0.5111929","-0.67156153"
"GCCATGGCACGGAAGAAGC::GCTTCTTCCGTGCCATGGC","0","0","0.52544316","-0.54715924","-0.66404313"
"CCATGGCACGGAAGAAGCC::GGCTTCTTCCGTGCCATGG","0","0","0.50051217","-0.64225747","-0.88041261"
"CATGGCACGGAAGAAGCCA::TGGCTTCTTCCGTGCCATG","0","0","0.50413973","-0.35054096","-0.78219579"
"ATGGCACGGAAGAAGCCAT::ATGGCTTCTTCCGTGCCAT","0","0","0.56804967","-0.33379101","-0.5847236"
"TGGCACGGAAGAAGCCATG::CATGGCTTCTTCCGTGCCA","0","0","0.66638195","-0.53472653","-0.60207458"
"GGCACGGAAGAAGCCATGC::GCATGGCTTCTTCCGTGCC","0","0","0.53389331","-0.53223368","-0.45490587"
"GCACGGAAGAAGCCATGCT::AGCATGGCTTCTTCCGTGC","0","0","0.51335122","-0.51941355","-0.40845423"
"CACGGAAGAAGCCATGCTG::CAGCATGGCTTCTTCCGTG","0","0","0.64295583","-0.73123677","-0.5957074"
"ACGGAAGAAGCCATGCTGC::GCAGCATGGCTTCTTCCGT","0","0","0.69358387","-0.80934323","-0.5603716"
"CGGAAGAAGCCATGCTGCC::GGCAGCATGGCTTCTTCCG","0","0","0.57710659","-1.0575607","-0.57528819"
"GGAAGAAGCCATGCTGCCT::AGGCAGCATGGCTTCTTCC","0","0","0.59648439","-1.1403056","-0.64365112"
"GAAGAAGCCATGCTGCCTG::CAGGCAGCATGGCTTCTTC","0","0","0.70747061","-1.1312089","-0.48300951"
"AAGAAGCCATGCTGCCTGT::ACAGGCAGCATGGCTTCTT","0","0","0.63892775","-1.2906146","-0.56776417"
"AGAAGCCATGCTGCCTGTG::CACAGGCAGCATGGCTTCT","0","0","0.66814245","-1.4527464","-0.79562741"
"GAAGCCATGCTGCCTGTGA::TCACAGGCAGCATGGCTTC","0","0","0.57668699","-1.5135623","-1.0495956"
"AAGCCATGCTGCCTGTGAG::CTCACAGGCAGCATGGCTT","0","0","0.74036315","-1.5232737","-1.085376"
"AGCCATGCTGCCTGTGAGC::GCTCACAGGCAGCATGGCT","0","0","0.68196805","-1.5254504","-0.94038882"
"GCCATGCTGCCTGTGAGCC::GGCTCACAGGCAGCATGGC","0","0","0.5618485","-1.7157154","-1.015171"
"CCATGCTGCCTGTGAGCCC::GGGCTCACAGGCAGCATGG","0","0","0.61043717","-1.7063651","-1.2280201"
"CATGCTGCCTGTGAGCCCC::GGGGCTCACAGGCAGCATG","0","0","0.62854266","-1.6069359","-1.2328194"
"ATGCTGCCTGTGAGCCCCT::AGGGGCTCACAGGCAGCAT","0","0","0.62285096","-1.5203347","-1.4240534"
"TGCTGCCTGTGAGCCCCTC::GAGGGGCTCACAGGCAGCA","1","0","0.57874778","-1.5476377","-1.5347909"
"GCTGCCTGTGAGCCCCTCA::TGAGGGGCTCACAGGCAGC","0","0","0.46862933","-1.4334185","-1.4725464"
"CTGCCTGTGAGCCCCTCAG::CTGAGGGGCTCACAGGCAG","0","0","0.56827325","-1.3497087","-1.4597534"
"TGCCTGTGAGCCCCTCAGA::TCTGAGGGGCTCACAGGCA","0","0","0.54325702","-1.2354056","-1.4506933"
"GCCTGTGAGCCCCTCAGAG::CTCTGAGGGGCTCACAGGC","0","1","0.42692921","-1.2409277","-1.1518305"
"CCTGTGAGCCCCTCAGAGG::CCTCTGAGGGGCTCACAGG","0","0","0.52126621","-1.3572096","-1.0804687"
"CTGTGAGCCCCTCAGAGGA::TCCTCTGAGGGGCTCACAG","0","0","0.5208212","-1.3618978","-1.1546429"
"TGTGAGCCCCTCAGAGGAC::GTCCTCTGAGGGGCTCACA","0","0","0.61909959","-1.0530369","-0.88971526"
"GTGAGCCCCTCAGAGGACA::TGTCCTCTGAGGGGCTCAC","0","0","0.53041448","-0.87253525","-0.72419798"
"TGAGCCCCTCAGAGGACAC::GTGTCCTCTGAGGGGCTCA","0","0","0.70949794","-0.69957218","-0.89121039"
"GAGCCCCTCAGAGGACACT::AGTGTCCTCTGAGGGGCTC","0","0","0.54389619","-0.64084824","-1.0036261"
"AGCCCCTCAGAGGACACTG::CAGTGTCCTCTGAGGGGCT","0","0","0.64764819","-0.73876022","-1.1503869"
"GCCCCTCAGAGGACACTGA::TCAGTGTCCTCTGAGGGGC","0","0","0.36456893","-0.81154269","-1.0835122"
"CCCCTCAGAGGACACTGAG::CTCAGTGTCCTCTGAGGGG","0","0","0.51730936","-0.90454679","-1.0848325"
"CCCTCAGAGGACACTGAGT::ACTCAGTGTCCTCTGAGGG","0","0","0.54219817","-1.0127199","-0.94597645"
"CCTCAGAGGACACTGAGTC::GACTCAGTGTCCTCTGAGG","0","0","0.72136477","-1.0463578","-0.81790534"
"CTCAGAGGACACTGAGTCA::TGACTCAGTGTCCTCTGAG","0","0","0.59600546","-1.0147344","-0.67057187"
"TCAGAGGACACTGAGTCAA::TTGACTCAGTGTCCTCTGA","0","0","0.75350449","-0.95379152","-0.68511895"
"CAGAGGACACTGAGTCAAA::TTTGACTCAGTGTCCTCTG","0","0","0.61319762","-0.75084621","-0.61425911"
"AGAGGACACTGAGTCAAAA::TTTTGACTCAGTGTCCTCT","0","0","0.61922706","-0.67175001","-0.87962672"
"GAGGACACTGAGTCAAAAA::TTTTTGACTCAGTGTCCTC","0","0","0.621835","-0.10399779","-0.60753517"
"AGGACACTGAGTCAAAAAA::TTTTTTGACTCAGTGTCCT","0","0","0.55790384","0.44998095","-0.22625668"
"GGACACTGAGTCAAAAAAC::GTTTTTTGACTCAGTGTCC","0","0","0.66858668","0.18537669","-0.38117251"
"GACACTGAGTCAAAAAACC::GGTTTTTTGACTCAGTGTC","0","0","0.75000489","0.017818989","-0.40715808"
"ACACTGAGTCAAAAAACCC::GGGTTTTTTGACTCAGTGT","0","0","0.8747544","-0.049821265","-0.40793939"
"CACTGAGTCAAAAAACCCC::GGGGTTTTTTGACTCAGTG","0","0","0.76764489","-0.065749376","-0.41995863"
"ACTGAGTCAAAAAACCCCA::TGGGGTTTTTTGACTCAGT","0","0","0.67631388","-0.09267696","-0.40849088"
"CTGAGTCAAAAAACCCCAC::GTGGGGTTTTTTGACTCAG","0","0","0.69279604","-0.14175459","-0.46004327"
"TGAGTCAAAAAACCCCACG::CGTGGGGTTTTTTGACTCA","0","0","0.86187291","-0.11869314","-0.45916767"
"GAGTCAAAAAACCCCACGC::GCGTGGGGTTTTTTGACTC","0","0","0.74431899","-0.035771346","-0.37207268"
"AGTCAAAAAACCCCACGCG::CGCGTGGGGTTTTTTGACT","0","0","0.65410489","0.044531037","-0.3074065"
"GTCAAAAAACCCCACGCGC::GCGCGTGGGGTTTTTTGAC","0","0","0.62369078","0.10190793","-0.30275025"
"TCAAAAAACCCCACGCGCT::AGCGCGTGGGGTTTTTTGA","0","0","0.74046826","0.04455685","-0.23227505"
"CAAAAAACCCCACGCGCTT::AAGCGCGTGGGGTTTTTTG","0","0","0.58055072","0.0088988164","-0.16572632"
"AAAAAACCCCACGCGCTTG::CAAGCGCGTGGGGTTTTTT","0","0","0.75251289","-0.080137758","0.012064702"
"AAAAACCCCACGCGCTTGG::CCAAGCGCGTGGGGTTTTT","0","0","0.76723793","-0.61836653","-0.19420333"
"AAAACCCCACGCGCTTGGA::TCCAAGCGCGTGGGGTTTT","0","0","0.63249419","-1.121726","-0.45431813"
"AAACCCCACGCGCTTGGAA::TTCCAAGCGCGTGGGGTTT","0","0","0.56944978","-1.1082918","-0.35055104"
"AACCCCACGCGCTTGGAAG::CTTCCAAGCGCGTGGGGTT","0","0","0.72000551","-1.1053189","-0.65774993"
"ACCCCACGCGCTTGGAAGC::GCTTCCAAGCGCGTGGGGT","0","0","0.63584658","-1.2010204","-0.47017755"
"CCCCACGCGCTTGGAAGCG::CGCTTCCAAGCGCGTGGGG","0","0","0.51752681","-1.1158535","-0.34153891"
"CCCACGCGCTTGGAAGCGC::GCGCTTCCAAGCGCGTGGG","0","0","0.55648916","-1.0418869","-0.2306369"
"CCACGCGCTTGGAAGCGCA::TGCGCTTCCAAGCGCGTGG","0","0","0.57412507","-0.91662876","-0.17259455"
"CACGCGCTTGGAAGCGCAG::CTGCGCTTCCAAGCGCGTG","0","0","0.61355524","-0.8614973","-0.20333383"
"ACGCGCTTGGAAGCGCAGG::CCTGCGCTTCCAAGCGCGT","0","0","0.72477498","-0.9699278","-0.037903392"
"CGCGCTTGGAAGCGCAGGA::TCCTGCGCTTCCAAGCGCG","0","0","0.50188384","-1.0743389","-0.17968644"
"GCGCTTGGAAGCGCAGGAT::ATCCTGCGCTTCCAAGCGC","0","0","0.49597083","-1.1197761","-0.15035027"
"CGCTTGGAAGCGCAGGATG::CATCCTGCGCTTCCAAGCG","0","0","0.55818108","-1.0077722","-0.14484268"
"GCTTGGAAGCGCAGGATGG::CCATCCTGCGCTTCCAAGC","0","0","0.56213838","-0.95854901","-0.10885662"
"CTTGGAAGCGCAGGATGGG::CCCATCCTGCGCTTCCAAG","0","0","0.65893256","-0.97194323","-0.1944899"
"TTGGAAGCGCAGGATGGGA::TCCCATCCTGCGCTTCCAA","0","0","0.735097","-1.0195192","-0.36922852"
"TGGAAGCGCAGGATGGGAA::TTCCCATCCTGCGCTTCCA","0","0","0.63570619","-1.0108549","-0.34522366"
"GGAAGCGCAGGATGGGAAA::TTTCCCATCCTGCGCTTCC","0","0","0.43249775","-0.98095745","-0.31734891"
"GAAGCGCAGGATGGGAAAA::TTTTCCCATCCTGCGCTTC","0","0","0.379498","-0.86601596","0.13744792"
"AAGCGCAGGATGGGAAAAG::CTTTTCCCATCCTGCGCTT","0","0","0.67969032","-0.80992021","0.27182382"
"AGCGCAGGATGGGAAAAGA::TCTTTTCCCATCCTGCGCT","0","0","0.51757854","-0.78669605","0.46768685"
"GCGCAGGATGGGAAAAGAA::TTCTTTTCCCATCCTGCGC","0","0","0.38738208","-0.78220244","0.65207282"
"CGCAGGATGGGAAAAGAAG::CTTCTTTTCCCATCCTGCG","0","0","0.52977884","-0.76642232","0.86112644"
"GCAGGATGGGAAAAGAAGG::CCTTCTTTTCCCATCCTGC","0","0","0.56911963","-0.72383777","0.88652584"
"CAGGATGGGAAAAGAAGGT::ACCTTCTTTTCCCATCCTG","0","0","0.62387306","-0.57982065","0.5965346"
"AGGATGGGAAAAGAAGGTG::CACCTTCTTTTCCCATCCT","0","0","0.70236992","-0.56908259","0.54429468"
"GGATGGGAAAAGAAGGTGG::CCACCTTCTTTTCCCATCC","1","0","0.54793759","-0.68901115","0.57807346"
"GATGGGAAAAGAAGGTGGC::GCCACCTTCTTTTCCCATC","0","0","0.59258462","-0.85712464","0.77238663"
"ATGGGAAAAGAAGGTGGCG::CGCCACCTTCTTTTCCCAT","0","0","0.68418154","-0.90989283","0.67389309"
"TGGGAAAAGAAGGTGGCGA::TCGCCACCTTCTTTTCCCA","0","0","0.60594188","-0.83572885","0.63843935"
"GGGAAAAGAAGGTGGCGAC::GTCGCCACCTTCTTTTCCC","0","0","0.47182983","-0.58070088","0.84133036"
"GGAAAAGAAGGTGGCGACC::GGTCGCCACCTTCTTTTCC","0","0","0.53413385","-0.45457758","0.79591533"
"GAAAAGAAGGTGGCGACCT::AGGTCGCCACCTTCTTTTC","0","0","0.61059313","-0.44759024","0.71041643"
"AAAAGAAGGTGGCGACCTT::AAGGTCGCCACCTTCTTTT","0","0","0.58860543","-0.56969955","0.59108339"
"AAAGAAGGTGGCGACCTTC::GAAGGTCGCCACCTTCTTT","0","0","0.79205768","-0.57263785","0.46148936"
"AAGAAGGTGGCGACCTTCC::GGAAGGTCGCCACCTTCTT","0","0","0.79425358","-0.850475","0.17694974"
"AGAAGGTGGCGACCTTCCC::GGGAAGGTCGCCACCTTCT","0","0","0.69484639","-0.82226563","-0.060609064"
"GAAGGTGGCGACCTTCCCC::GGGGAAGGTCGCCACCTTC","0","0","0.65168793","-0.78190352","-0.24221151"
"AAGGTGGCGACCTTCCCCA::TGGGGAAGGTCGCCACCTT","0","0","0.65449564","-0.92725655","-0.35511342"
"AGGTGGCGACCTTCCCCAC::GTGGGGAAGGTCGCCACCT","0","0","0.5266372","-1.1270278","-0.40557128"
"GGTGGCGACCTTCCCCACC::GGTGGGGAAGGTCGCCACC","0","0","0.56697687","-0.99455702","-0.46081831"
"GTGGCGACCTTCCCCACCC::GGGTGGGGAAGGTCGCCAC","0","0","0.65667664","-0.89076758","-0.59090939"
"TGGCGACCTTCCCCACCCT::AGGGTGGGGAAGGTCGCCA","0","0","0.59550879","-0.71511225","-0.75682923"
"GGCGACCTTCCCCACCCTT::AAGGGTGGGGAAGGTCGCC","0","0","0.41329917","-0.79141519","-0.77401557"
"GCGACCTTCCCCACCCTTC::GAAGGGTGGGGAAGGTCGC","0","0","0.58224368","-0.74740905","-0.64679777"
"CGACCTTCCCCACCCTTCA::TGAAGGGTGGGGAAGGTCG","0","0","0.48988332","-0.76271067","-0.65924233"
"GACCTTCCCCACCCTTCAA::TTGAAGGGTGGGGAAGGTC","0","0","0.45950091","-0.6971765","-0.49693448"
"ACCTTCCCCACCCTTCAAT::ATTGAAGGGTGGGGAAGGT","0","0","0.5721353","-0.40027487","-0.47387812"
"CCTTCCCCACCCTTCAATC::GATTGAAGGGTGGGGAAGG","0","0","0.56747639","-0.36414063","-0.6647689"
"CTTCCCCACCCTTCAATCT::AGATTGAAGGGTGGGGAAG","0","0","0.63743352","-0.29860587","-0.78160734"
"TTCCCCACCCTTCAATCTG::CAGATTGAAGGGTGGGGAA","0","0","0.81749486","-0.0069478605","-0.73157823"
"TCCCCACCCTTCAATCTGG::CCAGATTGAAGGGTGGGGA","0","0","0.64427494","0.13978892","-0.47882098"
"CCCCACCCTTCAATCTGGG::CCCAGATTGAAGGGTGGGG","0","0","0.45677657","-0.16532241","-0.49360421"
"CCCACCCTTCAATCTGGGG::CCCCAGATTGAAGGGTGGG","0","0","0.47650787","-0.22037168","-0.43760937"
"CCACCCTTCAATCTGGGGC::GCCCCAGATTGAAGGGTGG","0","0","0.64125937","-0.11708651","-0.32402056"
"CACCCTTCAATCTGGGGCC::GGCCCCAGATTGAAGGGTG","0","0","0.60296223","-0.28613941","-0.2716934"
"ACCCTTCAATCTGGGGCCT::AGGCCCCAGATTGAAGGGT","0","0","0.47139231","-0.12035085","-0.15558915"
"CCCTTCAATCTGGGGCCTG::CAGGCCCCAGATTGAAGGG","0","0","0.44681798","-0.22982864","-0.25233232"
"CCTTCAATCTGGGGCCTGA::TCAGGCCCCAGATTGAAGG","0","0","0.39296784","-0.15699392","-0.17615631"
"CTTCAATCTGGGGCCTGAA::TTCAGGCCCCAGATTGAAG","0","0","0.50560213","-0.021459134","-0.20959038"
"TTCAATCTGGGGCCTGAAC::GTTCAGGCCCCAGATTGAA","0","0","0.77046075","0.063633893","-0.2516603"
"TCAATCTGGGGCCTGAACT::AGTTCAGGCCCCAGATTGA","0","0","0.87740034","0.042144486","-0.32301067"
"CAATCTGGGGCCTGAACTG::CAGTTCAGGCCCCAGATTG","0","0","0.69245462","-0.23603878","-0.47007365"
"AATCTGGGGCCTGAACTGG::CCAGTTCAGGCCCCAGATT","0","0","0.72485176","-0.28482581","-0.45385449"
"ATCTGGGGCCTGAACTGGA::TCCAGTTCAGGCCCCAGAT","0","0","0.65983773","-0.32177938","-0.54152838"
"TCTGGGGCCTGAACTGGAG::CTCCAGTTCAGGCCCCAGA","0","0","0.75368848","-0.384304","-0.57833227"
"CTGGGGCCTGAACTGGAGA::TCTCCAGTTCAGGCCCCAG","0","0","0.57326866","-0.5156313","-0.67022667"
"TGGGGCCTGAACTGGAGAC::GTCTCCAGTTCAGGCCCCA","0","0","0.69749354","-0.16021854","-0.58531997"
"GGGGCCTGAACTGGAGACT::AGTCTCCAGTTCAGGCCCC","0","0","0.56551869","-0.15266656","-0.52076851"
"GGGCCTGAACTGGAGACTA::TAGTCTCCAGTTCAGGCCC","0","0","0.5212315","-0.1397157","-0.55813882"
"GGCCTGAACTGGAGACTAG::CTAGTCTCCAGTTCAGGCC","0","1","0.51223588","-0.12616259","-0.47509647"
"GCCTGAACTGGAGACTAGC::GCTAGTCTCCAGTTCAGGC","0","0","0.68741365","-0.28502355","-0.47432031"
"CCTGAACTGGAGACTAGCT::AGCTAGTCTCCAGTTCAGG","0","0","0.70681039","-0.23985203","-0.37154108"
"CTGAACTGGAGACTAGCTG::CAGCTAGTCTCCAGTTCAG","0","0","0.89175802","-0.32690118","-0.31837352"
"TGAACTGGAGACTAGCTGT::ACAGCTAGTCTCCAGTTCA","0","0","0.94955512","-0.47732064","-0.33206515"
"GAACTGGAGACTAGCTGTG::CACAGCTAGTCTCCAGTTC","0","0","0.76257286","-0.88549081","-0.51663665"
"AACTGGAGACTAGCTGTGA::TCACAGCTAGTCTCCAGTT","0","0","0.78916709","-1.0083514","-0.66678703"
"ACTGGAGACTAGCTGTGAA::TTCACAGCTAGTCTCCAGT","0","0","0.64952028","-0.90787486","-0.63405704"
"CTGGAGACTAGCTGTGAAT::ATTCACAGCTAGTCTCCAG","0","0","0.7133885","-0.94528664","-0.42053218"
"TGGAGACTAGCTGTGAATC::GATTCACAGCTAGTCTCCA","0","0","0.88220861","-1.030999","-0.2954545"
"GGAGACTAGCTGTGAATCT::AGATTCACAGCTAGTCTCC","0","0","0.67972374","-0.93695907","-0.2564775"
"GAGACTAGCTGTGAATCTC::GAGATTCACAGCTAGTCTC","0","0","0.80851968","-0.85700102","-0.21882337"
"AGACTAGCTGTGAATCTCC::GGAGATTCACAGCTAGTCT","0","0","0.92010157","-0.86561342","-0.23270563"
"GACTAGCTGTGAATCTCCA::TGGAGATTCACAGCTAGTC","0","0","0.66557068","-0.73227015","-0.23072814"
"ACTAGCTGTGAATCTCCAG::CTGGAGATTCACAGCTAGT","0","0","0.84790548","-0.780465","-0.17954823"
"CTAGCTGTGAATCTCCAGC::GCTGGAGATTCACAGCTAG","0","0","0.91738748","-0.76874061","-0.19362139"
"TAGCTGTGAATCTCCAGCA::TGCTGGAGATTCACAGCTA","0","0","0.9591115","-0.94286618","-0.46269548"
"AGCTGTGAATCTCCAGCAG::CTGCTGGAGATTCACAGCT","0","0","0.69097833","-0.89359403","-0.19619419"
"GCTGTGAATCTCCAGCAGA::TCTGCTGGAGATTCACAGC","0","0","0.55386911","-0.81342746","-0.18894613"
"CTGTGAATCTCCAGCAGAG::CTCTGCTGGAGATTCACAG","0","0","0.69794374","-0.85973528","-0.020369986"
"TGTGAATCTCCAGCAGAGG::CCTCTGCTGGAGATTCACA","0","1","0.82722226","-0.82921596","0.046588162"
"GTGAATCTCCAGCAGAGGG::CCCTCTGCTGGAGATTCAC","0","0","0.72425638","-0.87312467","0.090832632"
"TGAATCTCCAGCAGAGGGA::TCCCTCTGCTGGAGATTCA","0","0","0.78642646","-1.0159489","0.01426845"
"GAATCTCCAGCAGAGGGAC::GTCCCTCTGCTGGAGATTC","0","0","0.62110706","-0.99336718","-0.24876987"
"AATCTCCAGCAGAGGGACT::AGTCCCTCTGCTGGAGATT","0","0","0.67858722","-0.90847273","-0.30431293"
"ATCTCCAGCAGAGGGACTA::TAGTCCCTCTGCTGGAGAT","0","0","0.69803058","-0.99482492","-0.34146073"
"TCTCCAGCAGAGGGACTAG::CTAGTCCCTCTGCTGGAGA","0","0","0.68147037","-1.1882874","-0.45474376"
"CTCCAGCAGAGGGACTAGT::ACTAGTCCCTCTGCTGGAG","0","0","0.60177972","-1.259262","-0.57118848"
"TCCAGCAGAGGGACTAGTG::CACTAGTCCCTCTGCTGGA","0","0","0.79587758","-1.3259888","-0.62528709"
"CCAGCAGAGGGACTAGTGG::CCACTAGTCCCTCTGCTGG","0","0","0.63741512","-1.3353737","-0.70065427"
"CAGCAGAGGGACTAGTGGT::ACCACTAGTCCCTCTGCTG","0","0","0.66172646","-1.3133449","-0.71920066"
"AGCAGAGGGACTAGTGGTT::AACCACTAGTCCCTCTGCT","0","0","0.57027083","-1.1126286","-0.5504968"
"GCAGAGGGACTAGTGGTTA::TAACCACTAGTCCCTCTGC","0","0","0.50330555","-1.2515425","-0.77274251"
"CAGAGGGACTAGTGGTTAG::CTAACCACTAGTCCCTCTG","0","0","0.63429545","-1.262811","-0.88428335"
"AGAGGGACTAGTGGTTAGA::TCTAACCACTAGTCCCTCT","0","0","0.64340476","-1.1920861","-1.1098093"
"GAGGGACTAGTGGTTAGAG::CTCTAACCACTAGTCCCTC","0","0","0.65608765","-1.1305924","-1.0961806"
"AGGGACTAGTGGTTAGAGG::CCTCTAACCACTAGTCCCT","0","0","0.75299691","-1.1813074","-1.0951128"
"GGGACTAGTGGTTAGAGGA::TCCTCTAACCACTAGTCCC","0","0","0.63084089","-1.1284598","-1.0315899"
"GGACTAGTGGTTAGAGGAG::CTCCTCTAACCACTAGTCC","0","0","0.58721044","-1.1356417","-0.88347043"
"GACTAGTGGTTAGAGGAGA::TCTCCTCTAACCACTAGTC","0","0","0.61058613","-1.1499709","-0.8301027"
"ACTAGTGGTTAGAGGAGAC::GTCTCCTCTAACCACTAGT","0","0","0.76778012","-1.045442","-0.76925197"
"CTAGTGGTTAGAGGAGACC::GGTCTCCTCTAACCACTAG","0","0","0.83165819","-0.9968369","-0.68936258"
"TAGTGGTTAGAGGAGACCC::GGGTCTCCTCTAACCACTA","0","0","0.95538092","-0.94391713","-0.58954445"
"AGTGGTTAGAGGAGACCCC::GGGGTCTCCTCTAACCACT","0","0","0.73094941","-0.93140265","-0.59268007"
"GTGGTTAGAGGAGACCCCC::GGGGGTCTCCTCTAACCAC","0","0","0.69212709","-0.96037727","-0.64399243"
"TGGTTAGAGGAGACCCCCC::GGGGGGTCTCCTCTAACCA","0","0","0.74062111","-0.95883161","-0.6221182"
"GGTTAGAGGAGACCCCCCG::CGGGGGGTCTCCTCTAACC","0","0","0.63022002","-0.90962378","-0.63438152"
"GTTAGAGGAGACCCCCCGG::CCGGGGGGTCTCCTCTAAC","0","0","0.63539354","-0.82605117","-0.74502249"
"TTAGAGGAGACCCCCCGGA::TCCGGGGGGTCTCCTCTAA","0","0","0.76050102","-0.65443842","-0.6166977"
"TAGAGGAGACCCCCCGGAA::TTCCGGGGGGTCTCCTCTA","0","0","0.686653","-0.6471463","-0.62154175"
"AGAGGAGACCCCCCGGAAA::TTTCCGGGGGGTCTCCTCT","0","0","0.49691394","-0.65771948","-0.47205242"
"GAGGAGACCCCCCGGAAAA::TTTTCCGGGGGGTCTCCTC","0","0","0.48987261","-0.45126055","-0.26402332"
"AGGAGACCCCCCGGAAAAC::GTTTTCCGGGGGGTCTCCT","0","0","0.58116224","-0.50942533","-0.18845127"
"GGAGACCCCCCGGAAAACG::CGTTTTCCGGGGGGTCTCC","0","0","0.52677588","-0.30090513","-0.083385333"
"GAGACCCCCCGGAAAACGC::GCGTTTTCCGGGGGGTCTC","0","0","0.65696828","-0.29357583","-0.063694955"
"AGACCCCCCGGAAAACGCA::TGCGTTTTCCGGGGGGTCT","0","0","0.50163","-0.28778602","-0.13766299"
"GACCCCCCGGAAAACGCAA::TTGCGTTTTCCGGGGGGTC","0","0","0.38455885","-0.27139628","-0.23009934"
"ACCCCCCGGAAAACGCAAA::TTTGCGTTTTCCGGGGGGT","0","0","0.33532177","-0.28625684","-0.28754897"
"CCCCCCGGAAAACGCAAAA::TTTTGCGTTTTCCGGGGGG","0","0","0.26819026","-0.23876995","-0.27479458"
"CCCCCGGAAAACGCAAAAC::GTTTTGCGTTTTCCGGGGG","0","0","0.43786257","-0.25172567","-0.16309424"
"CCCCGGAAAACGCAAAACA::TGTTTTGCGTTTTCCGGGG","0","0","0.42554618","-0.15303702","0.2269906"
"CCCGGAAAACGCAAAACAG::CTGTTTTGCGTTTTCCGGG","0","0","0.48994708","-0.27352018","0.6012543"
"CCGGAAAACGCAAAACAGC::GCTGTTTTGCGTTTTCCGG","0","0","0.6195025","-0.27839765","0.61344512"
"CGGAAAACGCAAAACAGCA::TGCTGTTTTGCGTTTTCCG","0","0","0.56246367","-0.6564839","0.32468641"
"GGAAAACGCAAAACAGCAT::ATGCTGTTTTGCGTTTTCC","0","0","0.49973438","-0.62632152","0.36439768"
"GAAAACGCAAAACAGCATA::TATGCTGTTTTGCGTTTTC","0","0","0.58342777","-0.59117523","0.16010672"
"AAAACGCAAAACAGCATAT::ATATGCTGTTTTGCGTTTT","0","0","0.65549238","-0.56621654","-0.094669975"
"AAACGCAAAACAGCATATT::AATATGCTGTTTTGCGTTT","0","0","0.71206655","-0.33734919","-0.13423411"
"AACGCAAAACAGCATATTG::CAATATGCTGTTTTGCGTT","0","0","0.8158582","-0.67184747","-0.20836451"
"ACGCAAAACAGCATATTGA::TCAATATGCTGTTTTGCGT","0","0","0.68212721","-0.63971849","-0.089875923"
"CGCAAAACAGCATATTGAC::GTCAATATGCTGTTTTGCG","0","0","0.66413908","-0.81667714","-0.041417069"
"GCAAAACAGCATATTGACG::CGTCAATATGCTGTTTTGC","0","0","0.67213162","-0.73331981","-0.040322648"
"CAAAACAGCATATTGACGT::ACGTCAATATGCTGTTTTG","0","0","0.85873488","-0.65663605","-0.020818976"
"AAAACAGCATATTGACGTG::CACGTCAATATGCTGTTTT","0","0","0.82531654","-0.65562312","0.063412363"
"AAACAGCATATTGACGTGG::CCACGTCAATATGCTGTTT","0","0","0.92295666","-0.56457301","-0.0044007658"
"AACAGCATATTGACGTGGG::CCCACGTCAATATGCTGTT","0","0","0.88399379","-0.63961752","-0.45127158"
"ACAGCATATTGACGTGGGA::TCCCACGTCAATATGCTGT","0","0","0.64356514","-0.66685376","-0.84109069"
"CAGCATATTGACGTGGGAA::TTCCCACGTCAATATGCTG","0","0","0.62903996","-0.78483603","-0.76460707"
"AGCATATTGACGTGGGAAA::TTTCCCACGTCAATATGCT","0","0","0.58488213","-0.66738069","-0.41092286"
"GCATATTGACGTGGGAAAG::CTTTCCCACGTCAATATGC","0","0","0.52404834","-0.59268088","-0.40280351"
"CATATTGACGTGGGAAAGA::TCTTTCCCACGTCAATATG","0","0","0.60567415","-0.51090551","-0.097849312"
"ATATTGACGTGGGAAAGAC::GTCTTTCCCACGTCAATAT","0","0","0.81378328","-0.56143264","-0.016734988"
"TATTGACGTGGGAAAGACC::GGTCTTTCCCACGTCAATA","0","0","0.90022155","-0.73535272","0.043838911"
"ATTGACGTGGGAAAGACCA::TGGTCTTTCCCACGTCAAT","0","0","0.79416642","-0.56979313","0.10684721"
"TTGACGTGGGAAAGACCAG::CTGGTCTTTCCCACGTCAA","0","0","0.85383651","-0.729524","0.020300902"
"TGACGTGGGAAAGACCAGA::TCTGGTCTTTCCCACGTCA","0","0","0.74349483","-0.49327232","0.1706025"
"GACGTGGGAAAGACCAGAG::CTCTGGTCTTTCCCACGTC","0","0","0.66602801","-0.65470139","0.3937365"
"ACGTGGGAAAGACCAGAGA::TCTCTGGTCTTTCCCACGT","0","0","0.56517116","-0.61100268","0.49789237"
"CGTGGGAAAGACCAGAGAC::GTCTCTGGTCTTTCCCACG","0","0","0.57473681","-0.50438548","0.53031707"
"GTGGGAAAGACCAGAGACT::AGTCTCTGGTCTTTCCCAC","0","0","0.64534898","-0.61514737","0.55226292"
"TGGGAAAGACCAGAGACTC::GAGTCTCTGGTCTTTCCCA","0","1","0.81529316","-0.48949665","0.63490561"
"GGGAAAGACCAGAGACTCC::GGAGTCTCTGGTCTTTCCC","0","1","0.60532963","-0.42090306","0.68703843"
"GGAAAGACCAGAGACTCCA::TGGAGTCTCTGGTCTTTCC","0","0","0.64904538","-0.3381818","0.6201631"
"GAAAGACCAGAGACTCCAT::ATGGAGTCTCTGGTCTTTC","0","0","0.56944062","-0.035641842","0.53582931"
"AAAGACCAGAGACTCCATG::CATGGAGTCTCTGGTCTTT","0","0","0.77100452","-0.22115902","0.472151"
"AAGACCAGAGACTCCATGA::TCATGGAGTCTCTGGTCTT","0","0","0.73054805","-0.2290762","0.16278187"
"AGACCAGAGACTCCATGAG::CTCATGGAGTCTCTGGTCT","0","0","0.64614689","-0.22124808","0.20920208"
"GACCAGAGACTCCATGAGT::ACTCATGGAGTCTCTGGTC","0","0","0.61929003","-0.24812024","0.12555794"
"ACCAGAGACTCCATGAGTT::AACTCATGGAGTCTCTGGT","0","0","0.64734503","-0.24847942","0.10404861"
"CCAGAGACTCCATGAGTTT::AAACTCATGGAGTCTCTGG","0","0","0.5173512","-0.15231942","-0.0032084404"
"CAGAGACTCCATGAGTTTC::GAAACTCATGGAGTCTCTG","0","0","0.66783559","-0.42715149","-0.22565368"
"AGAGACTCCATGAGTTTCC::GGAAACTCATGGAGTCTCT","0","0","0.81156084","-0.19241784","-0.5023517"
"GAGACTCCATGAGTTTCCA::TGGAAACTCATGGAGTCTC","0","0","0.54156928","-0.22580879","-0.68831898"
"AGACTCCATGAGTTTCCAC::GTGGAAACTCATGGAGTCT","0","0","0.72656524","-0.36430149","-0.74714493"
"GACTCCATGAGTTTCCACC::GGTGGAAACTCATGGAGTC","0","0","0.76186104","-0.14122377","-0.85711125"
"ACTCCATGAGTTTCCACCA::TGGTGGAAACTCATGGAGT","0","0","0.64632225","-0.2402179","-0.86438245"
"CTCCATGAGTTTCCACCAC::GTGGTGGAAACTCATGGAG","0","0","0.6359339","-0.25620906","-0.90298536"
"TCCATGAGTTTCCACCACG::CGTGGTGGAAACTCATGGA","0","0","0.8510122","-0.28813496","-0.91100272"
"CCATGAGTTTCCACCACGC::GCGTGGTGGAAACTCATGG","0","0","0.65655555","-0.47157011","-0.89267996"
"CATGAGTTTCCACCACGCT::AGCGTGGTGGAAACTCATG","0","0","0.70975331","-0.25397954","-0.75021168"
"ATGAGTTTCCACCACGCTG::CAGCGTGGTGGAAACTCAT","0","0","0.91365178","-0.11327562","-0.55534458"
"TGAGTTTCCACCACGCTGG::CCAGCGTGGTGGAAACTCA","0","0","0.96898834","-0.20350898","-0.67897904"
"GAGTTTCCACCACGCTGGC::GCCAGCGTGGTGGAAACTC","0","0","0.61226461","-0.13186203","-0.72617159"
"AGTTTCCACCACGCTGGCC::GGCCAGCGTGGTGGAAACT","0","0","0.67907848","-0.022723357","-0.64709471"
"GTTTCCACCACGCTGGCCG::CGGCCAGCGTGGTGGAAAC","0","0","0.75415305","-0.084567139","-0.63516204"
"TTTCCACCACGCTGGCCGC::GCGGCCAGCGTGGTGGAAA","0","0","0.69842646","0.0040754564","-0.6111901"
"TTCCACCACGCTGGCCGCC::GGCGGCCAGCGTGGTGGAA","0","0","0.70392234","-0.17097839","-0.5400443"
"TCCACCACGCTGGCCGCCA::TGGCGGCCAGCGTGGTGGA","0","0","0.62838478","-0.34636046","-0.38324679"
"CCACCACGCTGGCCGCCAG::CTGGCGGCCAGCGTGGTGG","0","0","0.47343696","-0.33944462","-0.35810326"
"CACCACGCTGGCCGCCAGG::CCTGGCGGCCAGCGTGGTG","0","0","0.63278222","-0.61753335","-0.32470836"
"ACCACGCTGGCCGCCAGGC::GCCTGGCGGCCAGCGTGGT","0","0","0.60935051","-0.640504","-0.28230728"
"CCACGCTGGCCGCCAGGCA::TGCCTGGCGGCCAGCGTGG","0","0","0.44891537","-0.70182163","-0.3311764"
"CACGCTGGCCGCCAGGCAC::GTGCCTGGCGGCCAGCGTG","0","0","0.5963103","-0.66305075","-0.32143675"
"ACGCTGGCCGCCAGGCACA::TGTGCCTGGCGGCCAGCGT","0","0","0.62521161","-0.68582623","-0.51172733"
"CGCTGGCCGCCAGGCACAG::CTGTGCCTGGCGGCCAGCG","0","0","0.45550152","-0.91879649","-0.792744"
"GCTGGCCGCCAGGCACAGA::TCTGTGCCTGGCGGCCAGC","0","0","0.40357823","-1.1339416","-0.82743865"
"CTGGCCGCCAGGCACAGAT::ATCTGTGCCTGGCGGCCAG","0","0","0.60502091","-1.1029066","-0.7385897"
"TGGCCGCCAGGCACAGATC::GATCTGTGCCTGGCGGCCA","0","0","0.71100233","-1.0997948","-0.60928654"
"GGCCGCCAGGCACAGATCG::CGATCTGTGCCTGGCGGCC","0","0","0.53423496","-1.183313","-0.70741534"
"GCCGCCAGGCACAGATCGC::GCGATCTGTGCCTGGCGGC","0","0","0.54943503","-1.0234728","-0.68489043"
"CCGCCAGGCACAGATCGCC::GGCGATCTGTGCCTGGCGG","0","0","0.62946761","-0.99011839","-0.68331587"
"CGCCAGGCACAGATCGCCG::CGGCGATCTGTGCCTGGCG","0","0","0.65428613","-0.95268581","-0.67222834"
"GCCAGGCACAGATCGCCGA::TCGGCGATCTGTGCCTGGC","0","0","0.48347989","-0.90873458","-0.7534317"
"CCAGGCACAGATCGCCGAA::TTCGGCGATCTGTGCCTGG","0","0","0.44063383","-0.88073688","-0.68630144"
"CAGGCACAGATCGCCGAAC::GTTCGGCGATCTGTGCCTG","0","0","0.65284102","-0.61907376","-0.56493995"
"AGGCACAGATCGCCGAACT::AGTTCGGCGATCTGTGCCT","0","0","0.68629226","-0.45683533","-0.4583769"
"GGCACAGATCGCCGAACTT::AAGTTCGGCGATCTGTGCC","0","0","0.50463008","-0.24788688","-0.14884436"
"GCACAGATCGCCGAACTTC::GAAGTTCGGCGATCTGTGC","0","0","0.6879741","-0.11375518","0.011667156"
"CACAGATCGCCGAACTTCG::CGAAGTTCGGCGATCTGTG","0","0","0.75698979","-0.025966544","0.12938738"
"ACAGATCGCCGAACTTCGG::CCGAAGTTCGGCGATCTGT","0","0","0.77365293","0.14632796","0.27060929"
"CAGATCGCCGAACTTCGGC::GCCGAAGTTCGGCGATCTG","0","0","0.77165128","0.15611078","0.15922327"
"AGATCGCCGAACTTCGGCG::CGCCGAAGTTCGGCGATCT","0","0","0.78314371","0.12620399","0.131659"
"GATCGCCGAACTTCGGCGG::CCGCCGAAGTTCGGCGATC","0","0","0.62009785","0.087915009","0.025779341"
"ATCGCCGAACTTCGGCGGC::GCCGCCGAAGTTCGGCGAT","0","0","0.65578084","0.05031075","-0.051245983"
"TCGCCGAACTTCGGCGGCC::GGCCGCCGAAGTTCGGCGA","0","0","0.68820288","-0.034027393","-0.15237899"
"CGCCGAACTTCGGCGGCCG::CGGCCGCCGAAGTTCGGCG","0","0","0.46408827","-0.10276419","-0.11321136"
"GCCGAACTTCGGCGGCCGG::CCGGCCGCCGAAGTTCGGC","0","0","0.37930161","-0.018105312","-0.052398909"
"CCGAACTTCGGCGGCCGGT::ACCGGCCGCCGAAGTTCGG","0","0","0.48554027","0.057718859","-0.00074959386"
"CGAACTTCGGCGGCCGGTG::CACCGGCCGCCGAAGTTCG","0","0","0.5430317","0.013725731","0.077356727"
"GAACTTCGGCGGCCGGTGT::ACACCGGCCGCCGAAGTTC","0","0","0.51175027","-0.15222176","0.032100247"
"AACTTCGGCGGCCGGTGTG::CACACCGGCCGCCGAAGTT","0","0","0.62637162","-0.24564208","-0.09254667"
"ACTTCGGCGGCCGGTGTGG::CCACACCGGCCGCCGAAGT","0","0","0.58928102","-0.46550582","-0.3494753"
"CTTCGGCGGCCGGTGTGGG::CCCACACCGGCCGCCGAAG","0","0","0.49892471","-0.6755571","-0.61479926"
"TTCGGCGGCCGGTGTGGGG::CCCCACACCGGCCGCCGAA","0","0","0.59983234","-0.92812503","-0.72070737"
"TCGGCGGCCGGTGTGGGGA::TCCCCACACCGGCCGCCGA","0","0","0.6193145","-1.01956","-0.64210301"
"CGGCGGCCGGTGTGGGGAA::TTCCCCACACCGGCCGCCG","0","0","0.24210173","-1.0789209","-0.60075932"
"GGCGGCCGGTGTGGGGAAA::TTTCCCCACACCGGCCGCC","0","0","0.20488648","-1.1661301","-0.45655455"
"GCGGCCGGTGTGGGGAAAT::ATTTCCCCACACCGGCCGC","0","0","0.37717965","-1.1887258","-0.32286264"
"CGGCCGGTGTGGGGAAATC::GATTTCCCCACACCGGCCG","0","0","0.46090996","-1.1070367","-0.27546096"
"GGCCGGTGTGGGGAAATCC::GGATTTCCCCACACCGGCC","0","0","0.54312091","-1.2240189","-0.21764635"
"GCCGGTGTGGGGAAATCCA::TGGATTTCCCCACACCGGC","0","0","0.46844918","-1.0802691","-0.13950955"
"CCGGTGTGGGGAAATCCAT::ATGGATTTCCCCACACCGG","0","0","0.53049773","-0.96974736","-0.13877519"
"CGGTGTGGGGAAATCCATG::CATGGATTTCCCCACACCG","0","0","0.60038659","-1.1130138","-0.17785059"
"GGTGTGGGGAAATCCATGG::CCATGGATTTCCCCACACC","0","0","0.63297317","-1.0756832","-0.40968065"
"GTGTGGGGAAATCCATGGT::ACCATGGATTTCCCCACAC","0","0","0.55319635","-0.97311026","-0.43087005"
"TGTGGGGAAATCCATGGTT::AACCATGGATTTCCCCACA","0","0","0.65200127","-0.94776094","-0.43718744"
"GTGGGGAAATCCATGGTTT::AAACCATGGATTTCCCCAC","0","0","0.46903741","-0.7672271","-0.44370206"
"TGGGGAAATCCATGGTTTC::GAAACCATGGATTTCCCCA","0","0","0.63670736","-0.801912","-0.35998495"
"GGGGAAATCCATGGTTTCT::AGAAACCATGGATTTCCCC","0","0","0.45089648","-0.56750241","-0.22923775"
