"qseqid","sseqid","protein","drugs","nod","pident","len","mis","gapopen","qstart","qend","sstart","send","evalue","bitscore"
"975885972","AMA12087.1","Genome polyprotein","DB04473","1","56.41","3427","1443","28","1","3418","1","3385","0","3976"
"975885972","AMA12087.1","Genome polyprotein","DB01693 DB01752","2","55.35","3418","1484","24","3","3416","2","3381","0","3913"
"975885972","AMA12087.1","Genome polyprotein","DB04473","1","49.71","1028","501","10","291","1317","1","1013","0","1089"
"975885972","AMA12087.1","Genome polyprotein","DB04473","1","65.63","646","215","4","1476","2119","1043","1683","0","890"
"975885972","AMA12087.1","Genome polyprotein","DB08644","1","23.99","421","270","14","1535","1932","1065","1458","4.00E-12","70.5"
"975885972","AMA12087.1","Genome polyprotein","DB08701","1","24.76","424","269","14","1536","1936","1070","1466","9.00E-12","69.3"
"975885972","AMA12087.1","Genome polyprotein","DB07238","1","23.52","421","272","14","1535","1932","1065","1458","5.00E-11","66.6"
"975885972","AMA12087.1","Genome polyprotein","DB05868 DB06038 DB06058 DB07582","4","23.52","421","272","14","1535","1932","1065","1458","3.00E-10","64.3"
"975885972","AMA12087.1","Genome polyprotein","DB06913 DB07085 DB07185 DB07273 DB07275 DB07547 DB07770 DB08556","8","23.39","449","291","15","1535","1957","1065","1486","3.00E-10","64.3"
"975885972","AMA12087.1","Genome polyprotein","DB02331 DB03605 DB04005 DB04137 DB04298 DB06974 DB07062 DB07169 DB07199 DB07200 DB07238 DB07414 DB07570 DB08031 DB08278 DB08279 DB08390 DB08481 DB08578 DB08579 DB08580 DB08581 DB08582 DB08701 DB08706 DB08710","26","23.39","449","291","15","1535","1957","1065","1486","4.00E-10","63.9"
"975885972","AMA12087.1","Genome polyprotein","DB01720 DB04005","2","22.84","429","287","13","1522","1932","1056","1458","8.00E-10","62.8"
"975885972","AMA12087.1","Genome polyprotein","DB04137","1","25.69","436","285","18","1635","2044","1840","2262","2.00E-09","61.6"
"975885972","AMA12087.1","Genome polyprotein","DB04137","1","25.26","190","96","6","3055","3233","3614","3768","9.00E-05","46.2"
"975885972","AMA12087.1","Genome polyprotein","DB08747","1","22.82","425","278","13","1535","1936","1065","1462","3.00E-09","60.8"
"975885972","AMA12087.1","Genome polyprotein","DB03388 DB03647","2","22.7","423","279","13","1536","1936","1070","1466","1.00E-08","58.9"
"975885972","AMA12087.1","NS3/4A protein","DB05521 DB08873","2","24.32","444","265","18","1513","1927","26","427","2.00E-07","54.7"
"975885972","AMA12087.1","NH(3)-dependent NAD(+) synthetase","DB04099","1","34.48","87","48","2","968","1045","120","206","0.17","34.3"
"975885972","AMA12087.1","Hepatocyte growth factor","DB02264 DB03959 DB05030 DB05434","4","26.19","84","58","2","1026","1105","152","235","2.2","31.2"
"975885972","AMA12087.1","NS3 protease","DB06290 DB07582","2","24.39","123","75","4","1545","1659","49","161","2.4","30.4"
"975885972","AMA12087.1","Fumarate reductase flavoprotein subunit","DB07669","1","27.22","180","105","9","2488","2645","201","376","8.3","29.6"
"975885970","AMA12086.1","Genome polyprotein","DB04473","1","56.38","3427","1444","28","1","3418","1","3385","0","3974"
"975885970","AMA12086.1","Genome polyprotein","DB01693 DB01752","2","55.32","3418","1485","24","3","3416","2","3381","0","3911"
"975885970","AMA12086.1","Genome polyprotein","DB04473","1","49.71","1028","501","10","291","1317","1","1013","0","1089"
"975885970","AMA12086.1","Genome polyprotein","DB04473","1","65.63","646","215","4","1476","2119","1043","1683","0","890"
"975885970","AMA12086.1","Genome polyprotein","DB08644","1","23.99","421","270","14","1535","1932","1065","1458","4.00E-12","70.5"
"975885970","AMA12086.1","Genome polyprotein","DB08701","1","24.76","424","269","14","1536","1936","1070","1466","9.00E-12","69.3"
"975885970","AMA12086.1","Genome polyprotein","DB07238","1","23.52","421","272","14","1535","1932","1065","1458","5.00E-11","66.6"
"975885970","AMA12086.1","Genome polyprotein","DB05868 DB06038 DB06058 DB07582","4","23.52","421","272","14","1535","1932","1065","1458","2.00E-10","64.3"
"975885970","AMA12086.1","Genome polyprotein","DB06913 DB07085 DB07185 DB07273 DB07275 DB07547 DB07770 DB08556","8","23.39","449","291","15","1535","1957","1065","1486","3.00E-10","64.3"
"975885970","AMA12086.1","Genome polyprotein","DB02331 DB03605 DB04005 DB04137 DB04298 DB06974 DB07062 DB07169 DB07199 DB07200 DB07238 DB07414 DB07570 DB08031 DB08278 DB08279 DB08390 DB08481 DB08578 DB08579 DB08580 DB08581 DB08582 DB08701 DB08706 DB08710","26","23.39","449","291","15","1535","1957","1065","1486","4.00E-10","63.9"
"975885970","AMA12086.1","Genome polyprotein","DB01720 DB04005","2","22.84","429","287","13","1522","1932","1056","1458","8.00E-10","62.8"
"975885970","AMA12086.1","Genome polyprotein","DB04137","1","25.69","436","285","18","1635","2044","1840","2262","2.00E-09","61.6"
"975885970","AMA12086.1","Genome polyprotein","DB04137","1","25.26","190","96","6","3055","3233","3614","3768","9.00E-05","46.2"
"975885970","AMA12086.1","Genome polyprotein","DB08747","1","22.82","425","278","13","1535","1936","1065","1462","3.00E-09","60.8"
"975885970","AMA12086.1","Genome polyprotein","DB03388 DB03647","2","22.7","423","279","13","1536","1936","1070","1466","1.00E-08","58.5"
"975885970","AMA12086.1","NS3/4A protein","DB05521 DB08873","2","24.32","444","265","18","1513","1927","26","427","2.00E-07","54.7"
"975885970","AMA12086.1","NH(3)-dependent NAD(+) synthetase","DB04099","1","34.48","87","48","2","968","1045","120","206","0.17","34.3"
"975885970","AMA12086.1","Hepatocyte growth factor","DB02264 DB03959 DB05030 DB05434","4","26.19","84","58","2","1026","1105","152","235","2.2","31.6"
"975885970","AMA12086.1","NS3 protease","DB06290 DB07582","2","24.39","123","75","4","1545","1659","49","161","2.4","30.4"
"975885970","AMA12086.1","Fumarate reductase flavoprotein subunit","DB07669","1","27.22","180","105","9","2488","2645","201","376","8.4","29.6"
"975885967","AMA12085.1","Genome polyprotein","DB04473","1","56.38","3427","1444","28","1","3418","1","3385","0","3974"
"975885967","AMA12085.1","Genome polyprotein","DB01693 DB01752","2","55.32","3418","1485","24","3","3416","2","3381","0","3911"
"975885967","AMA12085.1","Genome polyprotein","DB04473","1","49.71","1028","501","10","291","1317","1","1013","0","1089"
"975885967","AMA12085.1","Genome polyprotein","DB04473","1","65.63","646","215","4","1476","2119","1043","1683","0","890"
"975885967","AMA12085.1","Genome polyprotein","DB08644","1","23.99","421","270","14","1535","1932","1065","1458","4.00E-12","70.5"
"975885967","AMA12085.1","Genome polyprotein","DB08701","1","24.76","424","269","14","1536","1936","1070","1466","9.00E-12","69.3"
"975885967","AMA12085.1","Genome polyprotein","DB07238","1","23.52","421","272","14","1535","1932","1065","1458","5.00E-11","66.6"
"975885967","AMA12085.1","Genome polyprotein","DB05868 DB06038 DB06058 DB07582","4","23.52","421","272","14","1535","1932","1065","1458","2.00E-10","64.3"
"975885967","AMA12085.1","Genome polyprotein","DB06913 DB07085 DB07185 DB07273 DB07275 DB07547 DB07770 DB08556","8","23.39","449","291","15","1535","1957","1065","1486","3.00E-10","64.3"
"975885967","AMA12085.1","Genome polyprotein","DB02331 DB03605 DB04005 DB04137 DB04298 DB06974 DB07062 DB07169 DB07199 DB07200 DB07238 DB07414 DB07570 DB08031 DB08278 DB08279 DB08390 DB08481 DB08578 DB08579 DB08580 DB08581 DB08582 DB08701 DB08706 DB08710","26","23.39","449","291","15","1535","1957","1065","1486","4.00E-10","63.9"
"975885967","AMA12085.1","Genome polyprotein","DB01720 DB04005","2","22.84","429","287","13","1522","1932","1056","1458","8.00E-10","62.8"
"975885967","AMA12085.1","Genome polyprotein","DB04137","1","25.69","436","285","18","1635","2044","1840","2262","2.00E-09","61.6"
"975885967","AMA12085.1","Genome polyprotein","DB04137","1","25.26","190","96","6","3055","3233","3614","3768","9.00E-05","46.2"
"975885967","AMA12085.1","Genome polyprotein","DB08747","1","22.82","425","278","13","1535","1936","1065","1462","3.00E-09","60.8"
"975885967","AMA12085.1","Genome polyprotein","DB03388 DB03647","2","22.7","423","279","13","1536","1936","1070","1466","1.00E-08","58.5"
"975885967","AMA12085.1","NS3/4A protein","DB05521 DB08873","2","24.32","444","265","18","1513","1927","26","427","2.00E-07","54.7"
"975885967","AMA12085.1","NH(3)-dependent NAD(+) synthetase","DB04099","1","34.48","87","48","2","968","1045","120","206","0.17","34.3"
"975885967","AMA12085.1","Hepatocyte growth factor","DB02264 DB03959 DB05030 DB05434","4","26.19","84","58","2","1026","1105","152","235","2.2","31.6"
"975885967","AMA12085.1","NS3 protease","DB06290 DB07582","2","24.39","123","75","4","1545","1659","49","161","2.4","30.4"
"975885967","AMA12085.1","Fumarate reductase flavoprotein subunit","DB07669","1","27.22","180","105","9","2488","2645","201","376","8.4","29.6"
"975885965","AMA12084.1","Genome polyprotein","DB04473","1","56.41","3427","1443","28","1","3418","1","3385","0","3976"
"975885965","AMA12084.1","Genome polyprotein","DB01693 DB01752","2","55.35","3418","1484","24","3","3416","2","3381","0","3913"
"975885965","AMA12084.1","Genome polyprotein","DB04473","1","49.71","1028","501","10","291","1317","1","1013","0","1089"
"975885965","AMA12084.1","Genome polyprotein","DB04473","1","65.63","646","215","4","1476","2119","1043","1683","0","890"
"975885965","AMA12084.1","Genome polyprotein","DB08644","1","23.99","421","270","14","1535","1932","1065","1458","4.00E-12","70.5"
"975885965","AMA12084.1","Genome polyprotein","DB08701","1","24.76","424","269","14","1536","1936","1070","1466","9.00E-12","69.3"
"975885965","AMA12084.1","Genome polyprotein","DB07238","1","23.52","421","272","14","1535","1932","1065","1458","5.00E-11","66.6"
"975885965","AMA12084.1","Genome polyprotein","DB05868 DB06038 DB06058 DB07582","4","23.52","421","272","14","1535","1932","1065","1458","3.00E-10","64.3"
"975885965","AMA12084.1","Genome polyprotein","DB06913 DB07085 DB07185 DB07273 DB07275 DB07547 DB07770 DB08556","8","23.39","449","291","15","1535","1957","1065","1486","3.00E-10","64.3"
"975885965","AMA12084.1","Genome polyprotein","DB02331 DB03605 DB04005 DB04137 DB04298 DB06974 DB07062 DB07169 DB07199 DB07200 DB07238 DB07414 DB07570 DB08031 DB08278 DB08279 DB08390 DB08481 DB08578 DB08579 DB08580 DB08581 DB08582 DB08701 DB08706 DB08710","26","23.39","449","291","15","1535","1957","1065","1486","4.00E-10","63.9"
"975885965","AMA12084.1","Genome polyprotein","DB01720 DB04005","2","22.84","429","287","13","1522","1932","1056","1458","8.00E-10","62.8"
"975885965","AMA12084.1","Genome polyprotein","DB04137","1","25.69","436","285","18","1635","2044","1840","2262","2.00E-09","61.6"
"975885965","AMA12084.1","Genome polyprotein","DB04137","1","25.26","190","96","6","3055","3233","3614","3768","9.00E-05","46.2"
"975885965","AMA12084.1","Genome polyprotein","DB08747","1","22.82","425","278","13","1535","1936","1065","1462","3.00E-09","60.8"
"975885965","AMA12084.1","Genome polyprotein","DB03388 DB03647","2","22.7","423","279","13","1536","1936","1070","1466","1.00E-08","58.9"
"975885965","AMA12084.1","NS3/4A protein","DB05521 DB08873","2","24.32","444","265","18","1513","1927","26","427","2.00E-07","54.7"
"975885965","AMA12084.1","NH(3)-dependent NAD(+) synthetase","DB04099","1","34.48","87","48","2","968","1045","120","206","0.17","34.3"
"975885965","AMA12084.1","Hepatocyte growth factor","DB02264 DB03959 DB05030 DB05434","4","26.19","84","58","2","1026","1105","152","235","2.2","31.2"
"975885965","AMA12084.1","NS3 protease","DB06290 DB07582","2","24.39","123","75","4","1545","1659","49","161","2.4","30.4"
"975885965","AMA12084.1","Fumarate reductase flavoprotein subunit","DB07669","1","27.22","180","105","9","2488","2645","201","376","8.3","29.6"
"973447411","ALX35662.1","Genome polyprotein","DB04473","1","55.07","641","275","6","1","640","277","905","0","746"
"973447411","ALX35662.1","Genome polyprotein","DB04473","1","51.81","637","296","6","5","640","1","627","0","715"
"973447411","ALX35662.1","Genome polyprotein","DB01693 DB01752","2","51.48","641","300","6","1","640","277","907","0","716"
"973447411","ALX35662.1","Lysine--tRNA ligase","DB00123","1","43.33","30","17","0","272","301","2","31","6.1","27.3"
"973447411","ALX35662.1","Sucrose porin","DB02772","1","31.43","70","31","3","145","214","95","147","6.4","27.3"
"973447411","ALX35662.1","S-methyl-5'-thioadenosine phosphorylase","DB00173 DB02158 DB02281 DB02282 DB02933","5","22.77","101","74","1","293","389","161","261","6.6","26.9"
"973447409","ALX35661.1","Genome polyprotein","DB04473","1","51.19","928","428","12","1","926","1","905","0","978"
"973447409","ALX35661.1","Genome polyprotein","DB01693 DB01752","2","47.73","926","462","10","3","926","2","907","0","946"
"973447409","ALX35661.1","Genome polyprotein","DB04473","1","51.65","637","297","6","291","926","1","627","0","712"
"973447409","ALX35661.1","Sucrose porin","DB02772","1","31.43","70","31","3","431","500","95","147","8.5","27.3"
"973447407","ALX35660.1","Genome polyprotein","DB04473","1","51.19","928","428","12","1","926","1","905","0","978"
"973447407","ALX35660.1","Genome polyprotein","DB01693 DB01752","2","47.84","926","461","10","3","926","2","907","0","949"
"973447407","ALX35660.1","Genome polyprotein","DB04473","1","51.81","637","296","6","291","926","1","627","0","717"
"973447407","ALX35660.1","Sucrose porin","DB02772","1","31.43","70","31","3","431","500","95","147","8.5","27.3"
"973447405","ALX35659.1","Genome polyprotein","DB04473","1","56.35","3427","1445","28","1","3418","1","3385","0","3971"
"973447405","ALX35659.1","Genome polyprotein","DB01693 DB01752","2","55.32","3418","1485","24","3","3416","2","3381","0","3909"
"973447405","ALX35659.1","Genome polyprotein","DB04473","1","49.71","1028","501","10","291","1317","1","1013","0","1090"
"973447405","ALX35659.1","Genome polyprotein","DB04473","1","65.63","646","215","4","1476","2119","1043","1683","0","890"
"973447405","ALX35659.1","Genome polyprotein","DB08644","1","23.99","421","270","14","1535","1932","1065","1458","4.00E-12","70.5"
"973447405","ALX35659.1","Genome polyprotein","DB08701","1","24.76","424","269","14","1536","1936","1070","1466","9.00E-12","69.3"
"973447405","ALX35659.1","Genome polyprotein","DB07238","1","23.29","425","276","14","1535","1936","1065","1462","5.00E-11","66.6"
"973447405","ALX35659.1","Genome polyprotein","DB05868 DB06038 DB06058 DB07582","4","23.52","421","272","14","1535","1932","1065","1458","3.00E-10","64.3"
"973447405","ALX35659.1","Genome polyprotein","DB06913 DB07085 DB07185 DB07273 DB07275 DB07547 DB07770 DB08556","8","23.39","449","291","15","1535","1957","1065","1486","3.00E-10","64.3"
"973447405","ALX35659.1","Genome polyprotein","DB02331 DB03605 DB04005 DB04137 DB04298 DB06974 DB07062 DB07169 DB07199 DB07200 DB07238 DB07414 DB07570 DB08031 DB08278 DB08279 DB08390 DB08481 DB08578 DB08579 DB08580 DB08581 DB08582 DB08701 DB08706 DB08710","26","23.39","449","291","15","1535","1957","1065","1486","4.00E-10","63.9"
"973447405","ALX35659.1","Genome polyprotein","DB01720 DB04005","2","22.84","429","287","13","1522","1932","1056","1458","8.00E-10","62.8"
"973447405","ALX35659.1","Genome polyprotein","DB04137","1","25.69","436","285","18","1635","2044","1840","2262","2.00E-09","62"
"973447405","ALX35659.1","Genome polyprotein","DB04137","1","25.26","190","96","6","3055","3233","3614","3768","9.00E-05","46.2"
"973447405","ALX35659.1","Genome polyprotein","DB08747","1","22.82","425","278","13","1535","1936","1065","1462","3.00E-09","60.8"
"973447405","ALX35659.1","Genome polyprotein","DB03388 DB03647","2","22.7","423","279","13","1536","1936","1070","1466","1.00E-08","58.5"
"973447405","ALX35659.1","NS3/4A protein","DB05521 DB08873","2","24.32","444","265","18","1513","1927","26","427","2.00E-07","54.7"
"973447405","ALX35659.1","NH(3)-dependent NAD(+) synthetase","DB04099","1","34.48","87","48","2","968","1045","120","206","0.17","34.3"
"973447405","ALX35659.1","Hepatocyte growth factor","DB02264 DB03959 DB05030 DB05434","4","26.19","84","58","2","1026","1105","152","235","2.2","31.6"
"973447405","ALX35659.1","NS3 protease","DB06290 DB07582","2","24.39","123","75","4","1545","1659","49","161","2.5","30.4"
"973447405","ALX35659.1","Fumarate reductase flavoprotein subunit","DB07669","1","27.22","180","105","9","2488","2645","201","376","8.3","29.6"
"746657105","AJD79051.1","Genome polyprotein","DB04473","1","72.39","326","88","2","1","325","2960","3284","8.00E-159","493"
"746657105","AJD79051.1","Genome polyprotein","DB01693 DB01752","2","69.85","325","97","1","1","325","2959","3282","4.00E-153","477"
"746657105","AJD79051.1","Genome polyprotein","DB04137","1","25.26","190","96","6","64","242","3614","3768","4.00E-06","45.8"
"746657105","AJD79051.1","Uncharacterized lipoprotein YbbD","DB08357","1","40.48","42","23","1","102","141","280","321","5.2","26.6"
"746657103","AJD79050.1","Genome polyprotein","DB04473","1","72.39","326","88","2","1","325","2960","3284","8.00E-159","493"
"746657103","AJD79050.1","Genome polyprotein","DB01693 DB01752","2","69.85","325","97","1","1","325","2959","3282","4.00E-153","477"
"746657103","AJD79050.1","Genome polyprotein","DB04137","1","25.26","190","96","6","64","242","3614","3768","4.00E-06","45.8"
"746657103","AJD79050.1","Uncharacterized lipoprotein YbbD","DB08357","1","40.48","42","23","1","102","141","280","321","5.2","26.6"
"746657101","AJD79049.1","Genome polyprotein","DB04473","1","72.39","326","88","2","1","325","2960","3284","8.00E-159","493"
"746657101","AJD79049.1","Genome polyprotein","DB01693 DB01752","2","69.85","325","97","1","1","325","2959","3282","4.00E-153","477"
"746657101","AJD79049.1","Genome polyprotein","DB04137","1","25.26","190","96","6","64","242","3614","3768","4.00E-06","45.8"
"746657101","AJD79049.1","Uncharacterized lipoprotein YbbD","DB08357","1","40.48","42","23","1","102","141","280","321","5.2","26.6"
"746657099","AJD79048.1","Genome polyprotein","DB04473","1","72.39","326","88","2","1","325","2960","3284","8.00E-159","493"
"746657099","AJD79048.1","Genome polyprotein","DB01693 DB01752","2","69.85","325","97","1","1","325","2959","3282","4.00E-153","477"
"746657099","AJD79048.1","Genome polyprotein","DB04137","1","25.26","190","96","6","64","242","3614","3768","4.00E-06","45.8"
"746657099","AJD79048.1","Uncharacterized lipoprotein YbbD","DB08357","1","40.48","42","23","1","102","141","280","321","5.2","26.6"
"746657097","AJD79047.1","Genome polyprotein","DB04473","1","72.39","326","88","2","1","325","2960","3284","8.00E-159","493"
"746657097","AJD79047.1","Genome polyprotein","DB01693 DB01752","2","69.85","325","97","1","1","325","2959","3282","4.00E-153","477"
"746657097","AJD79047.1","Genome polyprotein","DB04137","1","25.26","190","96","6","64","242","3614","3768","4.00E-06","45.8"
"746657097","AJD79047.1","Uncharacterized lipoprotein YbbD","DB08357","1","40.48","42","23","1","102","141","280","321","5.2","26.6"
"746657095","AJD79046.1","Genome polyprotein","DB04473","1","72.39","326","88","2","1","325","2960","3284","8.00E-159","493"
"746657095","AJD79046.1","Genome polyprotein","DB01693 DB01752","2","69.85","325","97","1","1","325","2959","3282","4.00E-153","477"
"746657095","AJD79046.1","Genome polyprotein","DB04137","1","25.26","190","96","6","64","242","3614","3768","4.00E-06","45.8"
"746657095","AJD79046.1","Uncharacterized lipoprotein YbbD","DB08357","1","40.48","42","23","1","102","141","280","321","5.2","26.6"
"746657093","AJD79045.1","Genome polyprotein","DB04473","1","72.39","326","88","2","1","325","2960","3284","8.00E-159","493"
"746657093","AJD79045.1","Genome polyprotein","DB01693 DB01752","2","69.85","325","97","1","1","325","2959","3282","4.00E-153","477"
"746657093","AJD79045.1","Genome polyprotein","DB04137","1","25.26","190","96","6","64","242","3614","3768","4.00E-06","45.8"
"746657093","AJD79045.1","Uncharacterized lipoprotein YbbD","DB08357","1","40.48","42","23","1","102","141","280","321","5.2","26.6"
"746657091","AJD79044.1","Genome polyprotein","DB04473","1","72.39","326","88","2","1","325","2960","3284","8.00E-159","493"
"746657091","AJD79044.1","Genome polyprotein","DB01693 DB01752","2","69.85","325","97","1","1","325","2959","3282","4.00E-153","477"
"746657091","AJD79044.1","Genome polyprotein","DB04137","1","25.26","190","96","6","64","242","3614","3768","4.00E-06","45.8"
"746657091","AJD79044.1","Uncharacterized lipoprotein YbbD","DB08357","1","40.48","42","23","1","102","141","280","321","5.2","26.6"
"746657089","AJD79043.1","Genome polyprotein","DB04473","1","72.39","326","88","2","1","325","2960","3284","1.00E-158","493"
"746657089","AJD79043.1","Genome polyprotein","DB01693 DB01752","2","69.85","325","97","1","1","325","2959","3282","2.00E-153","478"
"746657089","AJD79043.1","Genome polyprotein","DB04137","1","25.26","190","96","6","64","242","3614","3768","4.00E-06","46.2"
"746657089","AJD79043.1","Uncharacterized lipoprotein YbbD","DB08357","1","40.48","42","23","1","102","141","280","321","5.3","26.6"
"746657087","AJD79042.1","Genome polyprotein","DB04473","1","72.39","326","88","2","1","325","2960","3284","1.00E-158","493"
"746657087","AJD79042.1","Genome polyprotein","DB01693 DB01752","2","69.85","325","97","1","1","325","2959","3282","4.00E-153","477"
"746657087","AJD79042.1","Genome polyprotein","DB04137","1","25.26","190","96","6","64","242","3614","3768","4.00E-06","46.2"
"746657087","AJD79042.1","Uncharacterized lipoprotein YbbD","DB08357","1","40.48","42","23","1","102","141","280","321","4.7","26.6"
"746657085","AJD79041.1","Genome polyprotein","DB04473","1","72.39","326","88","2","1","325","2960","3284","8.00E-159","493"
"746657085","AJD79041.1","Genome polyprotein","DB01693 DB01752","2","69.85","325","97","1","1","325","2959","3282","4.00E-153","477"
"746657085","AJD79041.1","Genome polyprotein","DB04137","1","25.26","190","96","6","64","242","3614","3768","4.00E-06","45.8"
"746657085","AJD79041.1","Uncharacterized lipoprotein YbbD","DB08357","1","40.48","42","23","1","102","141","280","321","5.2","26.6"
"746657083","AJD79040.1","Genome polyprotein","DB04473","1","72.39","326","88","2","1","325","2960","3284","8.00E-159","493"
"746657083","AJD79040.1","Genome polyprotein","DB01693 DB01752","2","69.85","325","97","1","1","325","2959","3282","4.00E-153","477"
"746657083","AJD79040.1","Genome polyprotein","DB04137","1","25.26","190","96","6","64","242","3614","3768","4.00E-06","45.8"
"746657083","AJD79040.1","Uncharacterized lipoprotein YbbD","DB08357","1","40.48","42","23","1","102","141","280","321","5.2","26.6"
"746657081","AJD79039.1","Genome polyprotein","DB04473","1","72.39","326","88","2","1","325","2960","3284","8.00E-159","493"
"746657081","AJD79039.1","Genome polyprotein","DB01693 DB01752","2","69.85","325","97","1","1","325","2959","3282","4.00E-153","477"
"746657081","AJD79039.1","Genome polyprotein","DB04137","1","25.26","190","96","6","64","242","3614","3768","4.00E-06","45.8"
"746657081","AJD79039.1","Uncharacterized lipoprotein YbbD","DB08357","1","40.48","42","23","1","102","141","280","321","5.2","26.6"
"746657079","AJD79038.1","Genome polyprotein","DB04473","1","72.39","326","88","2","1","325","2960","3284","8.00E-159","493"
"746657079","AJD79038.1","Genome polyprotein","DB01693 DB01752","2","69.85","325","97","1","1","325","2959","3282","4.00E-153","477"
"746657079","AJD79038.1","Genome polyprotein","DB04137","1","25.26","190","96","6","64","242","3614","3768","4.00E-06","45.8"
"746657079","AJD79038.1","Uncharacterized lipoprotein YbbD","DB08357","1","40.48","42","23","1","102","141","280","321","5.2","26.6"
"746657077","AJD79037.1","Genome polyprotein","DB04473","1","72.39","326","88","2","1","325","2960","3284","8.00E-159","493"
"746657077","AJD79037.1","Genome polyprotein","DB01693 DB01752","2","69.85","325","97","1","1","325","2959","3282","4.00E-153","477"
"746657077","AJD79037.1","Genome polyprotein","DB04137","1","25.26","190","96","6","64","242","3614","3768","4.00E-06","45.8"
"746657077","AJD79037.1","Uncharacterized lipoprotein YbbD","DB08357","1","40.48","42","23","1","102","141","280","321","5.2","26.6"
"746657075","AJD79036.1","Genome polyprotein","DB04473","1","72.39","326","88","2","1","325","2960","3284","8.00E-159","493"
"746657075","AJD79036.1","Genome polyprotein","DB01693 DB01752","2","69.85","325","97","1","1","325","2959","3282","4.00E-153","477"
"746657075","AJD79036.1","Genome polyprotein","DB04137","1","25.26","190","96","6","64","242","3614","3768","4.00E-06","45.8"
"746657075","AJD79036.1","Uncharacterized lipoprotein YbbD","DB08357","1","40.48","42","23","1","102","141","280","321","5.2","26.6"
"746657073","AJD79035.1","Genome polyprotein","DB04473","1","72.39","326","88","2","1","325","2960","3284","8.00E-159","493"
"746657073","AJD79035.1","Genome polyprotein","DB01693 DB01752","2","69.85","325","97","1","1","325","2959","3282","4.00E-153","477"
"746657073","AJD79035.1","Genome polyprotein","DB04137","1","25.26","190","96","6","64","242","3614","3768","4.00E-06","45.8"
"746657073","AJD79035.1","Uncharacterized lipoprotein YbbD","DB08357","1","40.48","42","23","1","102","141","280","321","5.2","26.6"
"746657071","AJD79034.1","Genome polyprotein","DB04473","1","72.39","326","88","2","1","325","2960","3284","8.00E-159","493"
"746657071","AJD79034.1","Genome polyprotein","DB01693 DB01752","2","69.85","325","97","1","1","325","2959","3282","4.00E-153","477"
"746657071","AJD79034.1","Genome polyprotein","DB04137","1","25.26","190","96","6","64","242","3614","3768","4.00E-06","45.8"
"746657071","AJD79034.1","Uncharacterized lipoprotein YbbD","DB08357","1","40.48","42","23","1","102","141","280","321","5.2","26.6"
"746657069","AJD79033.1","Genome polyprotein","DB04473","1","72.39","326","88","2","1","325","2960","3284","1.00E-158","493"
"746657069","AJD79033.1","Genome polyprotein","DB01693 DB01752","2","69.85","325","97","1","1","325","2959","3282","6.00E-153","476"
"746657069","AJD79033.1","Genome polyprotein","DB04137","1","24.04","183","107","6","64","242","3614","3768","2.00E-05","43.9"
"746657069","AJD79033.1","Uncharacterized lipoprotein YbbD","DB08357","1","40.48","42","23","1","102","141","280","321","5.1","26.6"
"746657067","AJD79032.1","Genome polyprotein","DB04473","1","72.39","326","88","2","1","325","2960","3284","8.00E-159","493"
"746657067","AJD79032.1","Genome polyprotein","DB01693 DB01752","2","69.85","325","97","1","1","325","2959","3282","4.00E-153","477"
"746657067","AJD79032.1","Genome polyprotein","DB04137","1","25.26","190","96","6","64","242","3614","3768","4.00E-06","45.8"
"746657067","AJD79032.1","Uncharacterized lipoprotein YbbD","DB08357","1","40.48","42","23","1","102","141","280","321","5.2","26.6"
"746657065","AJD79031.1","Genome polyprotein","DB04473","1","72.39","326","88","2","1","325","2960","3284","8.00E-159","493"
"746657065","AJD79031.1","Genome polyprotein","DB01693 DB01752","2","69.85","325","97","1","1","325","2959","3282","4.00E-153","477"
"746657065","AJD79031.1","Genome polyprotein","DB04137","1","25.26","190","96","6","64","242","3614","3768","4.00E-06","45.8"
"746657065","AJD79031.1","Uncharacterized lipoprotein YbbD","DB08357","1","40.48","42","23","1","102","141","280","321","5.2","26.6"
"746657063","AJD79030.1","Genome polyprotein","DB04473","1","72.39","326","88","2","1","325","2960","3284","8.00E-159","493"
"746657063","AJD79030.1","Genome polyprotein","DB01693 DB01752","2","69.85","325","97","1","1","325","2959","3282","4.00E-153","477"
"746657063","AJD79030.1","Genome polyprotein","DB04137","1","25.26","190","96","6","64","242","3614","3768","4.00E-06","45.8"
"746657063","AJD79030.1","Uncharacterized lipoprotein YbbD","DB08357","1","40.48","42","23","1","102","141","280","321","5.2","26.6"
"746657061","AJD79029.1","Genome polyprotein","DB04473","1","72.39","326","88","2","1","325","2960","3284","8.00E-159","493"
"746657061","AJD79029.1","Genome polyprotein","DB01693 DB01752","2","69.85","325","97","1","1","325","2959","3282","4.00E-153","477"
"746657061","AJD79029.1","Genome polyprotein","DB04137","1","25.26","190","96","6","64","242","3614","3768","4.00E-06","45.8"
"746657061","AJD79029.1","Uncharacterized lipoprotein YbbD","DB08357","1","40.48","42","23","1","102","141","280","321","5.2","26.6"
"746657059","AJD79028.1","Genome polyprotein","DB04473","1","72.39","326","88","2","1","325","2960","3284","8.00E-159","493"
"746657059","AJD79028.1","Genome polyprotein","DB01693 DB01752","2","69.85","325","97","1","1","325","2959","3282","4.00E-153","477"
"746657059","AJD79028.1","Genome polyprotein","DB04137","1","25.26","190","96","6","64","242","3614","3768","4.00E-06","45.8"
"746657059","AJD79028.1","Uncharacterized lipoprotein YbbD","DB08357","1","40.48","42","23","1","102","141","280","321","5.2","26.6"
"746657057","AJD79027.1","Genome polyprotein","DB04473","1","72.39","326","88","2","1","325","2960","3284","8.00E-159","493"
"746657057","AJD79027.1","Genome polyprotein","DB01693 DB01752","2","69.85","325","97","1","1","325","2959","3282","4.00E-153","477"
"746657057","AJD79027.1","Genome polyprotein","DB04137","1","25.26","190","96","6","64","242","3614","3768","4.00E-06","45.8"
"746657057","AJD79027.1","Uncharacterized lipoprotein YbbD","DB08357","1","40.48","42","23","1","102","141","280","321","5.2","26.6"
"746657055","AJD79026.1","Genome polyprotein","DB04473","1","72.39","326","88","2","1","325","2960","3284","8.00E-159","493"
"746657055","AJD79026.1","Genome polyprotein","DB01693 DB01752","2","69.85","325","97","1","1","325","2959","3282","4.00E-153","477"
"746657055","AJD79026.1","Genome polyprotein","DB04137","1","25.26","190","96","6","64","242","3614","3768","4.00E-06","45.8"
"746657055","AJD79026.1","Uncharacterized lipoprotein YbbD","DB08357","1","40.48","42","23","1","102","141","280","321","5.2","26.6"
"746657053","AJD79025.1","Genome polyprotein","DB04473","1","72.39","326","88","2","1","325","2960","3284","8.00E-159","493"
"746657053","AJD79025.1","Genome polyprotein","DB01693 DB01752","2","69.85","325","97","1","1","325","2959","3282","4.00E-153","477"
"746657053","AJD79025.1","Genome polyprotein","DB04137","1","25.26","190","96","6","64","242","3614","3768","4.00E-06","45.8"
"746657053","AJD79025.1","Uncharacterized lipoprotein YbbD","DB08357","1","40.48","42","23","1","102","141","280","321","5.2","26.6"
"746657051","AJD79024.1","Genome polyprotein","DB04473","1","72.39","326","88","2","1","325","2960","3284","8.00E-159","493"
"746657051","AJD79024.1","Genome polyprotein","DB01693 DB01752","2","69.85","325","97","1","1","325","2959","3282","4.00E-153","477"
"746657051","AJD79024.1","Genome polyprotein","DB04137","1","25.26","190","96","6","64","242","3614","3768","4.00E-06","45.8"
"746657051","AJD79024.1","Uncharacterized lipoprotein YbbD","DB08357","1","40.48","42","23","1","102","141","280","321","5.2","26.6"
"746657049","AJD79023.1","Genome polyprotein","DB04473","1","72.39","326","88","2","1","325","2960","3284","8.00E-159","493"
"746657049","AJD79023.1","Genome polyprotein","DB01693 DB01752","2","69.85","325","97","1","1","325","2959","3282","4.00E-153","477"
"746657049","AJD79023.1","Genome polyprotein","DB04137","1","25.26","190","96","6","64","242","3614","3768","4.00E-06","45.8"
"746657049","AJD79023.1","Uncharacterized lipoprotein YbbD","DB08357","1","40.48","42","23","1","102","141","280","321","5.2","26.6"
"746657047","AJD79022.1","Genome polyprotein","DB04473","1","72.39","326","88","2","1","325","2960","3284","8.00E-159","493"
"746657047","AJD79022.1","Genome polyprotein","DB01693 DB01752","2","69.85","325","97","1","1","325","2959","3282","4.00E-153","477"
"746657047","AJD79022.1","Genome polyprotein","DB04137","1","25.26","190","96","6","64","242","3614","3768","4.00E-06","45.8"
"746657047","AJD79022.1","Uncharacterized lipoprotein YbbD","DB08357","1","40.48","42","23","1","102","141","280","321","5.2","26.6"
"746657045","AJD79021.1","Genome polyprotein","DB04473","1","72.39","326","88","2","1","325","2960","3284","8.00E-159","493"
"746657045","AJD79021.1","Genome polyprotein","DB01693 DB01752","2","69.85","325","97","1","1","325","2959","3282","4.00E-153","477"
"746657045","AJD79021.1","Genome polyprotein","DB04137","1","25.26","190","96","6","64","242","3614","3768","4.00E-06","45.8"
"746657045","AJD79021.1","Uncharacterized lipoprotein YbbD","DB08357","1","40.48","42","23","1","102","141","280","321","5.2","26.6"
"746657043","AJD79020.1","Genome polyprotein","DB04473","1","72.39","326","88","2","1","325","2960","3284","8.00E-159","493"
"746657043","AJD79020.1","Genome polyprotein","DB01693 DB01752","2","69.85","325","97","1","1","325","2959","3282","4.00E-153","477"
"746657043","AJD79020.1","Genome polyprotein","DB04137","1","25.26","190","96","6","64","242","3614","3768","4.00E-06","45.8"
"746657043","AJD79020.1","Uncharacterized lipoprotein YbbD","DB08357","1","40.48","42","23","1","102","141","280","321","5.2","26.6"
"746657041","AJD79019.1","Genome polyprotein","DB04473","1","72.39","326","88","2","1","325","2960","3284","8.00E-159","493"
"746657041","AJD79019.1","Genome polyprotein","DB01693 DB01752","2","69.85","325","97","1","1","325","2959","3282","4.00E-153","477"
"746657041","AJD79019.1","Genome polyprotein","DB04137","1","25.26","190","96","6","64","242","3614","3768","4.00E-06","45.8"
"746657041","AJD79019.1","Uncharacterized lipoprotein YbbD","DB08357","1","40.48","42","23","1","102","141","280","321","5.2","26.6"
"746657039","AJD79018.1","Genome polyprotein","DB04473","1","72.39","326","88","2","1","325","2960","3284","8.00E-159","493"
"746657039","AJD79018.1","Genome polyprotein","DB01693 DB01752","2","69.85","325","97","1","1","325","2959","3282","4.00E-153","477"
"746657039","AJD79018.1","Genome polyprotein","DB04137","1","25.26","190","96","6","64","242","3614","3768","4.00E-06","45.8"
"746657039","AJD79018.1","Uncharacterized lipoprotein YbbD","DB08357","1","40.48","42","23","1","102","141","280","321","5.2","26.6"
"746657037","AJD79017.1","Genome polyprotein","DB04473","1","72.39","326","88","2","1","325","2960","3284","8.00E-159","493"
"746657037","AJD79017.1","Genome polyprotein","DB01693 DB01752","2","69.85","325","97","1","1","325","2959","3282","4.00E-153","477"
"746657037","AJD79017.1","Genome polyprotein","DB04137","1","25.26","190","96","6","64","242","3614","3768","4.00E-06","45.8"
"746657037","AJD79017.1","Uncharacterized lipoprotein YbbD","DB08357","1","40.48","42","23","1","102","141","280","321","5.2","26.6"
"746657035","AJD79016.1","Genome polyprotein","DB04473","1","72.39","326","88","2","1","325","2960","3284","8.00E-159","493"
"746657035","AJD79016.1","Genome polyprotein","DB01693 DB01752","2","69.85","325","97","1","1","325","2959","3282","4.00E-153","477"
"746657035","AJD79016.1","Genome polyprotein","DB04137","1","25.26","190","96","6","64","242","3614","3768","4.00E-06","45.8"
"746657035","AJD79016.1","Uncharacterized lipoprotein YbbD","DB08357","1","40.48","42","23","1","102","141","280","321","5.2","26.6"
"746657033","AJD79015.1","Genome polyprotein","DB04473","1","72.39","326","88","2","1","325","2960","3284","8.00E-159","493"
"746657033","AJD79015.1","Genome polyprotein","DB01693 DB01752","2","69.85","325","97","1","1","325","2959","3282","4.00E-153","477"
"746657033","AJD79015.1","Genome polyprotein","DB04137","1","25.26","190","96","6","64","242","3614","3768","4.00E-06","45.8"
"746657033","AJD79015.1","Uncharacterized lipoprotein YbbD","DB08357","1","40.48","42","23","1","102","141","280","321","5.2","26.6"
"746657031","AJD79014.1","Genome polyprotein","DB04473","1","72.39","326","88","2","1","325","2960","3284","8.00E-159","493"
"746657031","AJD79014.1","Genome polyprotein","DB01693 DB01752","2","69.85","325","97","1","1","325","2959","3282","4.00E-153","477"
"746657031","AJD79014.1","Genome polyprotein","DB04137","1","25.26","190","96","6","64","242","3614","3768","4.00E-06","45.8"
"746657031","AJD79014.1","Uncharacterized lipoprotein YbbD","DB08357","1","40.48","42","23","1","102","141","280","321","5.2","26.6"
"746657029","AJD79013.1","Genome polyprotein","DB04473","1","72.39","326","88","2","1","325","2960","3284","8.00E-159","493"
"746657029","AJD79013.1","Genome polyprotein","DB01693 DB01752","2","69.85","325","97","1","1","325","2959","3282","4.00E-153","477"
"746657029","AJD79013.1","Genome polyprotein","DB04137","1","25.26","190","96","6","64","242","3614","3768","4.00E-06","45.8"
"746657029","AJD79013.1","Uncharacterized lipoprotein YbbD","DB08357","1","40.48","42","23","1","102","141","280","321","5.2","26.6"
"746657027","AJD79012.1","Genome polyprotein","DB04473","1","72.39","326","88","2","1","325","2960","3284","8.00E-159","493"
"746657027","AJD79012.1","Genome polyprotein","DB01693 DB01752","2","69.85","325","97","1","1","325","2959","3282","4.00E-153","477"
"746657027","AJD79012.1","Genome polyprotein","DB04137","1","25.26","190","96","6","64","242","3614","3768","4.00E-06","45.8"
"746657027","AJD79012.1","Uncharacterized lipoprotein YbbD","DB08357","1","40.48","42","23","1","102","141","280","321","5.2","26.6"
"746657025","AJD79011.1","Genome polyprotein","DB04473","1","72.39","326","88","2","1","325","2960","3284","8.00E-159","493"
"746657025","AJD79011.1","Genome polyprotein","DB01693 DB01752","2","69.85","325","97","1","1","325","2959","3282","4.00E-153","477"
"746657025","AJD79011.1","Genome polyprotein","DB04137","1","25.26","190","96","6","64","242","3614","3768","4.00E-06","45.8"
"746657025","AJD79011.1","Uncharacterized lipoprotein YbbD","DB08357","1","40.48","42","23","1","102","141","280","321","5.2","26.6"
"746657023","AJD79010.1","Genome polyprotein","DB04473","1","72.39","326","88","2","1","325","2960","3284","8.00E-159","493"
"746657023","AJD79010.1","Genome polyprotein","DB01693 DB01752","2","69.85","325","97","1","1","325","2959","3282","4.00E-153","477"
"746657023","AJD79010.1","Genome polyprotein","DB04137","1","25.26","190","96","6","64","242","3614","3768","4.00E-06","45.8"
"746657023","AJD79010.1","Uncharacterized lipoprotein YbbD","DB08357","1","40.48","42","23","1","102","141","280","321","5.2","26.6"
"746657021","AJD79009.1","Genome polyprotein","DB04473","1","72.39","326","88","2","1","325","2960","3284","8.00E-159","493"
"746657021","AJD79009.1","Genome polyprotein","DB01693 DB01752","2","69.85","325","97","1","1","325","2959","3282","4.00E-153","477"
"746657021","AJD79009.1","Genome polyprotein","DB04137","1","25.26","190","96","6","64","242","3614","3768","4.00E-06","45.8"
"746657021","AJD79009.1","Uncharacterized lipoprotein YbbD","DB08357","1","40.48","42","23","1","102","141","280","321","5.2","26.6"
"746657019","AJD79008.1","Genome polyprotein","DB04473","1","72.39","326","88","2","1","325","2960","3284","8.00E-159","493"
"746657019","AJD79008.1","Genome polyprotein","DB01693 DB01752","2","69.85","325","97","1","1","325","2959","3282","4.00E-153","477"
"746657019","AJD79008.1","Genome polyprotein","DB04137","1","25.26","190","96","6","64","242","3614","3768","4.00E-06","45.8"
"746657019","AJD79008.1","Uncharacterized lipoprotein YbbD","DB08357","1","40.48","42","23","1","102","141","280","321","5.2","26.6"
"746657017","AJD79007.1","Genome polyprotein","DB04473","1","72.39","326","88","2","1","325","2960","3284","8.00E-159","493"
"746657017","AJD79007.1","Genome polyprotein","DB01693 DB01752","2","69.85","325","97","1","1","325","2959","3282","4.00E-153","477"
"746657017","AJD79007.1","Genome polyprotein","DB04137","1","25.26","190","96","6","64","242","3614","3768","4.00E-06","45.8"
"746657017","AJD79007.1","Uncharacterized lipoprotein YbbD","DB08357","1","40.48","42","23","1","102","141","280","321","5.2","26.6"
"746657015","AJD79006.1","Genome polyprotein","DB04473","1","72.39","326","88","2","1","325","2960","3284","8.00E-159","493"
"746657015","AJD79006.1","Genome polyprotein","DB01693 DB01752","2","69.85","325","97","1","1","325","2959","3282","4.00E-153","477"
"746657015","AJD79006.1","Genome polyprotein","DB04137","1","25.26","190","96","6","64","242","3614","3768","4.00E-06","45.8"
"746657015","AJD79006.1","Uncharacterized lipoprotein YbbD","DB08357","1","40.48","42","23","1","102","141","280","321","5.2","26.6"
"746657013","AJD79005.1","Genome polyprotein","DB04473","1","72.39","326","88","2","1","325","2960","3284","8.00E-159","493"
"746657013","AJD79005.1","Genome polyprotein","DB01693 DB01752","2","69.85","325","97","1","1","325","2959","3282","4.00E-153","477"
"746657013","AJD79005.1","Genome polyprotein","DB04137","1","25.26","190","96","6","64","242","3614","3768","4.00E-06","45.8"
"746657013","AJD79005.1","Uncharacterized lipoprotein YbbD","DB08357","1","40.48","42","23","1","102","141","280","321","5.2","26.6"
"746657011","AJD79004.1","Genome polyprotein","DB04473","1","72.39","326","88","2","1","325","2960","3284","8.00E-159","493"
"746657011","AJD79004.1","Genome polyprotein","DB01693 DB01752","2","69.85","325","97","1","1","325","2959","3282","4.00E-153","477"
"746657011","AJD79004.1","Genome polyprotein","DB04137","1","25.26","190","96","6","64","242","3614","3768","4.00E-06","45.8"
"746657011","AJD79004.1","Uncharacterized lipoprotein YbbD","DB08357","1","40.48","42","23","1","102","141","280","321","5.2","26.6"
"746657009","AJD79003.1","Genome polyprotein","DB04473","1","72.39","326","88","2","1","325","2960","3284","8.00E-159","493"
"746657009","AJD79003.1","Genome polyprotein","DB01693 DB01752","2","69.85","325","97","1","1","325","2959","3282","4.00E-153","477"
"746657009","AJD79003.1","Genome polyprotein","DB04137","1","25.26","190","96","6","64","242","3614","3768","4.00E-06","45.8"
"746657009","AJD79003.1","Uncharacterized lipoprotein YbbD","DB08357","1","40.48","42","23","1","102","141","280","321","5.2","26.6"
"746657007","AJD79002.1","Genome polyprotein","DB04473","1","72.39","326","88","2","1","325","2960","3284","8.00E-159","493"
"746657007","AJD79002.1","Genome polyprotein","DB01693 DB01752","2","69.85","325","97","1","1","325","2959","3282","4.00E-153","477"
"746657007","AJD79002.1","Genome polyprotein","DB04137","1","25.26","190","96","6","64","242","3614","3768","4.00E-06","45.8"
"746657007","AJD79002.1","Uncharacterized lipoprotein YbbD","DB08357","1","40.48","42","23","1","102","141","280","321","5.2","26.6"
"746657005","AJD79001.1","Genome polyprotein","DB04473","1","72.39","326","88","2","1","325","2960","3284","8.00E-159","493"
"746657005","AJD79001.1","Genome polyprotein","DB01693 DB01752","2","69.85","325","97","1","1","325","2959","3282","4.00E-153","477"
"746657005","AJD79001.1","Genome polyprotein","DB04137","1","25.26","190","96","6","64","242","3614","3768","4.00E-06","45.8"
"746657005","AJD79001.1","Uncharacterized lipoprotein YbbD","DB08357","1","40.48","42","23","1","102","141","280","321","5.2","26.6"
"937547785","ALI57109.1","Genome polyprotein","DB04473","1","58.59","99","40","1","1","99","242","339","7.00E-34","124"
"937547785","ALI57109.1","Genome polyprotein","DB04473","1","58.33","96","39","1","1","96","520","614","1.00E-33","123"
"937547785","ALI57109.1","Genome polyprotein","DB01693 DB01752","2","58.59","99","40","1","1","99","522","619","2.00E-33","122"
"937547785","ALI57109.1","Lysine--tRNA ligase","DB00123","1","43.33","30","17","0","22","51","2","31","0.46","26.9"
"937547785","ALI57109.1","S-methyl-5'-thioadenosine phosphorylase","DB00173 DB02158 DB02281 DB02282 DB02933","5","28.33","60","43","0","43","102","161","220","0.63","26.6"
"937547785","ALI57109.1","Acetyl-CoA carboxylase 1","DB00121","1","46.43","28","15","0","71","98","661","688","4.1","24.3"
"937547783","ALI57108.1","Genome polyprotein","DB04473","1","58.59","99","40","1","1","99","242","339","7.00E-34","124"
"937547783","ALI57108.1","Genome polyprotein","DB04473","1","58.33","96","39","1","1","96","520","614","1.00E-33","123"
"937547783","ALI57108.1","Genome polyprotein","DB01693 DB01752","2","58.59","99","40","1","1","99","522","619","2.00E-33","122"
"937547783","ALI57108.1","Lysine--tRNA ligase","DB00123","1","43.33","30","17","0","22","51","2","31","0.46","26.9"
"937547783","ALI57108.1","S-methyl-5'-thioadenosine phosphorylase","DB00173 DB02158 DB02281 DB02282 DB02933","5","28.33","60","43","0","43","102","161","220","0.63","26.6"
"937547783","ALI57108.1","Acetyl-CoA carboxylase 1","DB00121","1","46.43","28","15","0","71","98","661","688","4.1","24.3"
"937547781","ALI57107.1","Genome polyprotein","DB04473","1","58.59","99","40","1","1","99","242","339","7.00E-34","124"
"937547781","ALI57107.1","Genome polyprotein","DB04473","1","58.33","96","39","1","1","96","520","614","1.00E-33","123"
"937547781","ALI57107.1","Genome polyprotein","DB01693 DB01752","2","58.59","99","40","1","1","99","522","619","2.00E-33","122"
"937547781","ALI57107.1","Lysine--tRNA ligase","DB00123","1","43.33","30","17","0","22","51","2","31","0.46","26.9"
"937547781","ALI57107.1","S-methyl-5'-thioadenosine phosphorylase","DB00173 DB02158 DB02281 DB02282 DB02933","5","28.33","60","43","0","43","102","161","220","0.63","26.6"
"937547781","ALI57107.1","Acetyl-CoA carboxylase 1","DB00121","1","46.43","28","15","0","71","98","661","688","4.1","24.3"
"937547779","ALI57106.1","Genome polyprotein","DB04473","1","58.59","99","40","1","1","99","242","339","6.00E-34","124"
"937547779","ALI57106.1","Genome polyprotein","DB04473","1","58.33","96","39","1","1","96","520","614","1.00E-33","123"
"937547779","ALI57106.1","Genome polyprotein","DB01693 DB01752","2","58.59","99","40","1","1","99","522","619","2.00E-33","122"
"937547779","ALI57106.1","Lysine--tRNA ligase","DB00123","1","43.33","30","17","0","22","51","2","31","0.46","26.9"
"937547779","ALI57106.1","S-methyl-5'-thioadenosine phosphorylase","DB00173 DB02158 DB02281 DB02282 DB02933","5","28.33","60","43","0","43","102","161","220","0.61","26.6"
"937547779","ALI57106.1","Acetyl-CoA carboxylase 1","DB00121","1","46.43","28","15","0","71","98","661","688","4.1","24.3"
"822599141","AKH87423.1","Genome polyprotein","DB04473","1","70.77","260","74","2","1","259","3030","3288","3.00E-120","380"
"822599141","AKH87423.1","Genome polyprotein","DB01693 DB01752","2","66.92","263","86","1","1","263","3029","3290","9.00E-117","369"
"822599141","AKH87423.1","Genome polyprotein","DB04137","1","26.4","125","68","4","52","172","3664","3768","9.00E-05","41.2"
"822599141","AKH87423.1","Interleukin-4 receptor subunit alpha","DB05078","1","52.63","19","9","0","154","172","214","232","2.1","27.3"
"822599141","AKH87423.1","Uncharacterized lipoprotein YbbD","DB08357","1","40.48","42","23","1","32","71","280","321","3.4","26.6"
"822599141","AKH87423.1","Vascular endothelial growth factor receptor 1","DB00398 DB01268 DB04879 DB05075 DB05913 DB06080 DB06101 DB06589 DB06626 DB07288 DB08896 DB09078 DB09079","13","50","14","7","0","177","190","146","159","4.9","26.2"
"848631196","AKN44264.1","Genome polyprotein","DB04473","1","60","110","43","1","1","110","504","612","7.00E-39","138"
"848631196","AKN44264.1","Genome polyprotein","DB04473","1","59.09","110","44","1","1","110","226","334","8.00E-37","132"
"848631196","AKN44264.1","Genome polyprotein","DB01693 DB01752","2","59.09","110","44","1","1","110","506","614","1.00E-36","132"
"848631196","AKN44264.1","Lysine--tRNA ligase","DB00123","1","43.33","30","17","0","38","67","2","31","0.55","26.9"
"848631165","AKN44263.1","Genome polyprotein","DB04473","1","60","110","43","1","1","110","504","612","7.00E-39","138"
"848631165","AKN44263.1","Genome polyprotein","DB04473","1","59.09","110","44","1","1","110","226","334","8.00E-37","132"
"848631165","AKN44263.1","Genome polyprotein","DB01693 DB01752","2","59.09","110","44","1","1","110","506","614","1.00E-36","132"
"848631165","AKN44263.1","Lysine--tRNA ligase","DB00123","1","43.33","30","17","0","38","67","2","31","0.55","26.9"
"822599143","AKH87424.1","Genome polyprotein","DB04473","1","69.96","263","71","3","1","259","3030","3288","7.00E-120","379"
"822599143","AKH87424.1","Genome polyprotein","DB01693 DB01752","2","66.92","263","86","1","1","263","3029","3290","2.00E-116","369"
"822599143","AKH87424.1","Genome polyprotein","DB04137","1","28","125","66","5","52","172","3664","3768","5.00E-05","42"
"822599143","AKH87424.1","Interleukin-4 receptor subunit alpha","DB05078","1","52.63","19","9","0","154","172","214","232","2.3","27.3"
"822599143","AKH87424.1","Uncharacterized lipoprotein YbbD","DB08357","1","40.48","42","23","1","32","71","280","321","3.3","26.6"
"822599143","AKH87424.1","Vascular endothelial growth factor receptor 1","DB00398 DB01268 DB04879 DB05075 DB05913 DB06080 DB06101 DB06589 DB06626 DB07288 DB08896 DB09078 DB09079","13","50","14","7","0","177","190","146","159","5","26.2"
"734568019","AJA06126.1","Genome polyprotein","DB04473","1","60.44","91","36","0","1","91","277","367","1.00E-36","131"
"734568019","AJA06126.1","Genome polyprotein","DB01693 DB01752","2","56.99","93","40","0","1","93","277","369","2.00E-36","130"
"734568019","AJA06126.1","Genome polyprotein","DB04473","1","58.43","89","37","0","5","93","1","89","5.00E-35","126"
"734568019","AJA06126.1","Reaction center protein H chain","DB04147 DB04464 DB07392 DB07551 DB07552 DB08215 DB08689 DB08690","8","44","25","14","0","28","52","69","93","6.3","23.1"
"734568019","AJA06126.1","Glutamate receptor ionotropic NMDA 2A","DB00289 DB00312 DB00418 DB00996 DB01174 DB01708 DB04896 DB06738","8","38.71","31","16","1","14","44","114","141","7.2","23.1"
"734568019","AJA06126.1","Glutamate receptor ionotropic NMDA 2A","DB00659 DB06741","2","38.71","31","16","1","14","44","114","141","7.2","23.1"
"734568019","AJA06126.1","Glutamate receptor ionotropic NMDA 2A","DB00142 DB00145 DB00454 DB00949 DB01043 DB01159 DB01520 DB06151","8","38.71","31","16","1","14","44","114","141","7.2","23.1"
"734568019","AJA06126.1","MutT/nudix family protein","DB01975 DB02059 DB03148","3","37.14","35","22","0","7","41","18","52","7.4","23.1"
"734568019","AJA06126.1","Kinesin-like protein KIF11","DB03996 DB04331 DB07064 DB08032 DB08033 DB08037 DB08198 DB08239 DB08244 DB08246 DB08250","11","52.38","21","10","0","56","76","846","866","8.6","23.1"
"735687707","AJA40024.1","Genome polyprotein","DB04473","1","69.7","264","78","2","1","263","2996","3258","1.00E-120","381"
"735687707","AJA40024.1","Genome polyprotein","DB01693 DB01752","2","66.16","263","88","1","1","263","2995","3256","2.00E-115","365"
"735687707","AJA40024.1","Genome polyprotein","DB04137","1","25.26","190","96","6","28","206","3614","3768","3.00E-06","46.2"
"735687707","AJA40024.1","Interleukin-4 receptor subunit alpha","DB05078","1","52.63","19","9","0","188","206","214","232","1.9","27.3"
"735687707","AJA40024.1","Uncharacterized lipoprotein YbbD","DB08357","1","40.48","42","23","1","66","105","280","321","3.6","26.6"
"735687707","AJA40024.1","Vascular endothelial growth factor receptor 1","DB00398 DB01268 DB04879 DB05075 DB05913 DB06080 DB06101 DB06589 DB06626 DB07288 DB08896 DB09078 DB09079","13","50","14","7","0","211","224","146","159","4.7","26.2"
"735687705","AJA40023.1","Genome polyprotein","DB04473","1","70.47","298","86","2","1","297","2981","3277","2.00E-139","436"
"735687705","AJA40023.1","Genome polyprotein","DB01693 DB01752","2","67.34","297","96","1","1","297","2980","3275","2.00E-133","419"
"735687705","AJA40023.1","Genome polyprotein","DB04137","1","25.26","190","96","6","43","221","3614","3768","4.00E-06","45.8"
"735687705","AJA40023.1","Uncharacterized lipoprotein YbbD","DB08357","1","40.48","42","23","1","81","120","280","321","4.2","26.6"
"591399176","AHL37808.1","Genome polyprotein","DB04473","1","56.36","3387","1429","26","1","3379","38","3383","0","3947"
"591399176","AHL37808.1","Genome polyprotein","DB01693 DB01752","2","55.5","3382","1464","23","1","3379","38","3381","0","3899"
"591399176","AHL37808.1","Genome polyprotein","DB04473","1","49.71","1028","501","10","254","1280","1","1013","0","1089"
"591399176","AHL37808.1","Genome polyprotein","DB04473","1","65.63","646","215","4","1439","2082","1043","1683","0","890"
"591399176","AHL37808.1","Genome polyprotein","DB08644","1","23.99","421","270","14","1498","1895","1065","1458","3.00E-12","70.9"
"591399176","AHL37808.1","Genome polyprotein","DB08701","1","24.76","424","269","14","1499","1899","1070","1466","8.00E-12","69.3"
"591399176","AHL37808.1","Genome polyprotein","DB07238","1","23.52","421","272","14","1498","1895","1065","1458","5.00E-11","67"
"591399176","AHL37808.1","Genome polyprotein","DB05868 DB06038 DB06058 DB07582","4","23.52","421","272","14","1498","1895","1065","1458","2.00E-10","64.7"
"591399176","AHL37808.1","Genome polyprotein","DB06913 DB07085 DB07185 DB07273 DB07275 DB07547 DB07770 DB08556","8","23.52","421","272","14","1498","1895","1065","1458","2.00E-10","64.7"
"591399176","AHL37808.1","Genome polyprotein","DB02331 DB03605 DB04005 DB04137 DB04298 DB06974 DB07062 DB07169 DB07199 DB07200 DB07238 DB07414 DB07570 DB08031 DB08278 DB08279 DB08390 DB08481 DB08578 DB08579 DB08580 DB08581 DB08582 DB08701 DB08706 DB08710","26","23.52","421","272","14","1498","1895","1065","1458","3.00E-10","64.3"
"591399176","AHL37808.1","Genome polyprotein","DB01720 DB04005","2","22.84","429","287","13","1485","1895","1056","1458","7.00E-10","63.2"
"591399176","AHL37808.1","Genome polyprotein","DB04137","1","25.69","436","285","18","1598","2007","1840","2262","2.00E-09","61.6"
"591399176","AHL37808.1","Genome polyprotein","DB04137","1","25.26","190","96","6","3018","3196","3614","3768","9.00E-05","46.2"
"591399176","AHL37808.1","Genome polyprotein","DB08747","1","23.04","421","274","13","1498","1895","1065","1458","3.00E-09","60.8"
"591399176","AHL37808.1","Genome polyprotein","DB03388 DB03647","2","22.7","423","279","13","1499","1899","1070","1466","1.00E-08","58.9"
"591399176","AHL37808.1","NS3/4A protein","DB05521 DB08873","2","24.32","444","265","18","1476","1890","26","427","1.00E-07","55.1"
"591399176","AHL37808.1","NH(3)-dependent NAD(+) synthetase","DB04099","1","34.48","87","48","2","931","1008","120","206","0.17","34.3"
"591399176","AHL37808.1","NS3 protease","DB06290 DB07582","2","24.39","123","75","4","1508","1622","49","161","2.3","30.4"
"591399176","AHL37808.1","Hepatocyte growth factor","DB02264 DB03959 DB05030 DB05434","4","26.19","84","58","2","989","1068","152","235","2.3","31.2"
"685052338","BAP47441.1","Genome polyprotein","DB04473","1","56.3","3430","1442","29","1","3418","1","3385","0","3976"
"685052338","BAP47441.1","Genome polyprotein","DB01693 DB01752","2","55.41","3418","1482","24","3","3416","2","3381","0","3926"
"685052338","BAP47441.1","Genome polyprotein","DB04473","1","48.29","1083","540","11","291","1372","1","1064","0","1103"
"685052338","BAP47441.1","Genome polyprotein","DB04473","1","65.48","646","216","4","1476","2119","1043","1683","0","889"
"685052338","BAP47441.1","Genome polyprotein","DB08644","1","23.52","421","272","13","1535","1932","1065","1458","7.00E-12","69.7"
"685052338","BAP47441.1","Genome polyprotein","DB08701","1","24.53","424","270","14","1536","1936","1070","1466","1.00E-11","68.9"
"685052338","BAP47441.1","Genome polyprotein","DB07238","1","22.63","433","269","13","1535","1936","1065","1462","8.00E-11","66.2"
"685052338","BAP47441.1","Genome polyprotein","DB05868 DB06038 DB06058 DB07582","4","23.08","429","264","14","1535","1932","1065","1458","3.00E-10","63.9"
"685052338","BAP47441.1","Genome polyprotein","DB04137","1","25.77","454","262","20","1635","2044","1840","2262","4.00E-10","63.9"
"685052338","BAP47441.1","Genome polyprotein","DB04137","1","25.79","190","95","7","3055","3233","3614","3768","6.00E-05","46.6"
"685052338","BAP47441.1","Genome polyprotein","DB06913 DB07085 DB07185 DB07273 DB07275 DB07547 DB07770 DB08556","8","22.76","457","284","14","1535","1957","1065","1486","4.00E-10","63.9"
"685052338","BAP47441.1","Genome polyprotein","DB02331 DB03605 DB04005 DB04137 DB04298 DB06974 DB07062 DB07169 DB07199 DB07200 DB07238 DB07414 DB07570 DB08031 DB08278 DB08279 DB08390 DB08481 DB08578 DB08579 DB08580 DB08581 DB08582 DB08701 DB08706 DB08710","26","22.76","457","284","14","1535","1957","1065","1486","5.00E-10","63.5"
"685052338","BAP47441.1","Genome polyprotein","DB01720 DB04005","2","22.2","437","280","12","1522","1932","1056","1458","1.00E-09","62"
"685052338","BAP47441.1","Genome polyprotein","DB08747","1","22.4","433","270","13","1535","1936","1065","1462","4.00E-09","60.5"
"685052338","BAP47441.1","Genome polyprotein","DB03388 DB03647","2","22.46","423","280","13","1536","1936","1070","1466","2.00E-08","58.5"
"685052338","BAP47441.1","NS3/4A protein","DB05521 DB08873","2","24.15","443","267","17","1513","1927","26","427","9.00E-08","55.5"
"685052338","BAP47441.1","NH(3)-dependent NAD(+) synthetase","DB04099","1","34.48","87","48","2","968","1045","120","206","0.26","33.9"
"685052338","BAP47441.1","NS3 protease","DB06290 DB07582","2","24.16","149","87","5","1545","1685","49","179","2.3","30.4"
"685052338","BAP47441.1","Hepatocyte growth factor","DB02264 DB03959 DB05030 DB05434","4","25","84","59","2","1026","1105","152","235","4","30.4"
"630866988","AHZ08798.1","Genome polyprotein","DB04473","1","66.67","63","21","0","4","66","1956","2018","2.00E-25","97.8"
"630866988","AHZ08798.1","Genome polyprotein","DB04473","1","64.62","65","23","0","2","66","1545","1609","2.00E-24","94.7"
"630866988","AHZ08798.1","Genome polyprotein","DB01693 DB01752","2","64.62","65","23","0","2","66","1955","2019","3.00E-24","94.7"
"630866988","AHZ08798.1","Serine/threonine-protein kinase haspin","DB04604 DB07698 DB07995 DB08004","4","37.93","29","18","0","31","59","505","533","3.1","23.1"
"630866988","AHZ08798.1","Ribose-5-phosphate isomerase A","DB02053 DB03745","2","29.09","55","30","1","21","66","19","73","4.6","22.7"
"630866988","AHZ08798.1","Plasma kallikrein","DB05311","1","40","20","12","0","16","35","25","44","5.7","22.3"
"630866988","AHZ08798.1","Urease subunit beta","DB02899","1","32","25","17","0","42","66","16","40","8.7","21.9"
"631250743","AHZ13508.1","Genome polyprotein","DB04473","1","56.35","3427","1445","28","1","3418","1","3385","0","3972"
"631250743","AHZ13508.1","Genome polyprotein","DB01693 DB01752","2","55.32","3418","1485","24","3","3416","2","3381","0","3910"
"631250743","AHZ13508.1","Genome polyprotein","DB04473","1","49.71","1028","501","10","291","1317","1","1013","0","1089"
"631250743","AHZ13508.1","Genome polyprotein","DB04473","1","65.63","646","215","4","1476","2119","1043","1683","0","890"
"631250743","AHZ13508.1","Genome polyprotein","DB08644","1","23.99","421","270","14","1535","1932","1065","1458","4.00E-12","70.5"
"631250743","AHZ13508.1","Genome polyprotein","DB08701","1","24.76","424","269","14","1536","1936","1070","1466","1.00E-11","69.3"
"631250743","AHZ13508.1","Genome polyprotein","DB07238","1","23.52","421","272","14","1535","1932","1065","1458","5.00E-11","66.6"
"631250743","AHZ13508.1","Genome polyprotein","DB05868 DB06038 DB06058 DB07582","4","23.52","421","272","14","1535","1932","1065","1458","3.00E-10","64.3"
"631250743","AHZ13508.1","Genome polyprotein","DB06913 DB07085 DB07185 DB07273 DB07275 DB07547 DB07770 DB08556","8","23.39","449","291","15","1535","1957","1065","1486","3.00E-10","64.3"
"631250743","AHZ13508.1","Genome polyprotein","DB02331 DB03605 DB04005 DB04137 DB04298 DB06974 DB07062 DB07169 DB07199 DB07200 DB07238 DB07414 DB07570 DB08031 DB08278 DB08279 DB08390 DB08481 DB08578 DB08579 DB08580 DB08581 DB08582 DB08701 DB08706 DB08710","26","23.39","449","291","15","1535","1957","1065","1486","4.00E-10","63.5"
"631250743","AHZ13508.1","Genome polyprotein","DB01720 DB04005","2","22.84","429","287","13","1522","1932","1056","1458","8.00E-10","62.8"
"631250743","AHZ13508.1","Genome polyprotein","DB04137","1","25.69","436","285","18","1635","2044","1840","2262","2.00E-09","61.6"
"631250743","AHZ13508.1","Genome polyprotein","DB04137","1","25.26","190","96","6","3055","3233","3614","3768","9.00E-05","46.2"
"631250743","AHZ13508.1","Genome polyprotein","DB08747","1","22.82","425","278","13","1535","1936","1065","1462","3.00E-09","60.8"
"631250743","AHZ13508.1","Genome polyprotein","DB03388 DB03647","2","22.7","423","279","13","1536","1936","1070","1466","1.00E-08","58.9"
"631250743","AHZ13508.1","NS3/4A protein","DB05521 DB08873","2","24.32","444","265","18","1513","1927","26","427","2.00E-07","54.7"
"631250743","AHZ13508.1","NH(3)-dependent NAD(+) synthetase","DB04099","1","34.48","87","48","2","968","1045","120","206","0.17","34.3"
"631250743","AHZ13508.1","Hepatocyte growth factor","DB02264 DB03959 DB05030 DB05434","4","26.19","84","58","2","1026","1105","152","235","2.2","31.6"
"631250743","AHZ13508.1","NS3 protease","DB06290 DB07582","2","24.39","123","75","4","1545","1659","49","161","2.4","30.4"
"647734798","AIC06934.1","Genome polyprotein","DB04473","1","58.02","505","199","6","1","504","281","773","0","611"
"647734798","AIC06934.1","Genome polyprotein","DB04473","1","53.86","505","222","6","1","504","1","495","0","587"
"647734798","AIC06934.1","Genome polyprotein","DB01693 DB01752","2","53.66","505","223","6","1","504","281","775","0","584"
"647734798","AIC06934.1","Adenosine kinase","DB00131 DB00811 DB07173 DB07280","4","31.65","79","46","3","159","231","7","83","1.7","28.5"
"647734798","AIC06934.1","Lysine--tRNA ligase","DB00123","1","43.33","30","17","0","268","297","2","31","3.6","27.7"
"647734798","AIC06934.1","S-methyl-5'-thioadenosine phosphorylase","DB00173 DB02158 DB02281 DB02282 DB02933","5","22.77","101","74","1","289","385","161","261","4.7","26.9"
"647734798","AIC06934.1","Sucrose porin","DB02772","1","31.43","70","31","3","141","210","95","147","5.8","26.9"
"647734798","AIC06934.1","Gastric triacylglycerol lipase","DB01083 DB02457","2","33.33","51","33","1","375","424","145","195","6.1","26.9"
"647734798","AIC06934.1","Aspartate aminotransferase cytoplasmic","DB00114 DB00128 DB00142 DB00151 DB04299","5","29.11","79","37","2","177","252","97","159","7.2","26.6"
"647734798","AIC06934.1","Aspartate aminotransferase","DB00114 DB00128 DB00142","3","29.11","79","37","2","177","252","98","160","7.8","26.6"
"636632078","AIA09362.1","Genome polyprotein","DB04473","1","60.44","91","36","0","1","91","277","367","1.00E-36","131"
"636632078","AIA09362.1","Genome polyprotein","DB01693 DB01752","2","56.99","93","40","0","1","93","277","369","2.00E-36","130"
"636632078","AIA09362.1","Genome polyprotein","DB04473","1","58.43","89","37","0","5","93","1","89","5.00E-35","126"
"636632078","AIA09362.1","Reaction center protein H chain","DB04147 DB04464 DB07392 DB07551 DB07552 DB08215 DB08689 DB08690","8","44","25","14","0","28","52","69","93","6.3","23.1"
"636632078","AIA09362.1","Glutamate receptor ionotropic NMDA 2A","DB00289 DB00312 DB00418 DB00996 DB01174 DB01708 DB04896 DB06738","8","38.71","31","16","1","14","44","114","141","7.2","23.1"
"636632078","AIA09362.1","Glutamate receptor ionotropic NMDA 2A","DB00659 DB06741","2","38.71","31","16","1","14","44","114","141","7.2","23.1"
"636632078","AIA09362.1","Glutamate receptor ionotropic NMDA 2A","DB00142 DB00145 DB00454 DB00949 DB01043 DB01159 DB01520 DB06151","8","38.71","31","16","1","14","44","114","141","7.2","23.1"
"636632078","AIA09362.1","MutT/nudix family protein","DB01975 DB02059 DB03148","3","37.14","35","22","0","7","41","18","52","7.4","23.1"
"636632078","AIA09362.1","Kinesin-like protein KIF11","DB03996 DB04331 DB07064 DB08032 DB08033 DB08037 DB08198 DB08239 DB08244 DB08246 DB08250","11","52.38","21","10","0","56","76","846","866","8.6","23.1"
"636632076","AIA09361.1","Genome polyprotein","DB04473","1","60.44","91","36","0","1","91","277","367","1.00E-36","131"
"636632076","AIA09361.1","Genome polyprotein","DB01693 DB01752","2","56.99","93","40","0","1","93","277","369","2.00E-36","130"
"636632076","AIA09361.1","Genome polyprotein","DB04473","1","58.43","89","37","0","5","93","1","89","5.00E-35","126"
"636632076","AIA09361.1","Reaction center protein H chain","DB04147 DB04464 DB07392 DB07551 DB07552 DB08215 DB08689 DB08690","8","44","25","14","0","28","52","69","93","6.3","23.1"
"636632076","AIA09361.1","Glutamate receptor ionotropic NMDA 2A","DB00289 DB00312 DB00418 DB00996 DB01174 DB01708 DB04896 DB06738","8","38.71","31","16","1","14","44","114","141","7.2","23.1"
"636632076","AIA09361.1","Glutamate receptor ionotropic NMDA 2A","DB00659 DB06741","2","38.71","31","16","1","14","44","114","141","7.2","23.1"
"636632076","AIA09361.1","Glutamate receptor ionotropic NMDA 2A","DB00142 DB00145 DB00454 DB00949 DB01043 DB01159 DB01520 DB06151","8","38.71","31","16","1","14","44","114","141","7.2","23.1"
"636632076","AIA09361.1","MutT/nudix family protein","DB01975 DB02059 DB03148","3","37.14","35","22","0","7","41","18","52","7.4","23.1"
"636632076","AIA09361.1","Kinesin-like protein KIF11","DB03996 DB04331 DB07064 DB08032 DB08033 DB08037 DB08198 DB08239 DB08244 DB08246 DB08250","11","52.38","21","10","0","56","76","846","866","8.6","23.1"
"612348045","AHX00706.1","Genome polyprotein","DB04473","1","60.44","91","36","0","1","91","277","367","1.00E-36","131"
"612348045","AHX00706.1","Genome polyprotein","DB01693 DB01752","2","56.99","93","40","0","1","93","277","369","2.00E-36","130"
"612348045","AHX00706.1","Genome polyprotein","DB04473","1","58.43","89","37","0","5","93","1","89","5.00E-35","126"
"612348045","AHX00706.1","Reaction center protein H chain","DB04147 DB04464 DB07392 DB07551 DB07552 DB08215 DB08689 DB08690","8","44","25","14","0","28","52","69","93","6.3","23.1"
"612348045","AHX00706.1","Glutamate receptor ionotropic NMDA 2A","DB00289 DB00312 DB00418 DB00996 DB01174 DB01708 DB04896 DB06738","8","38.71","31","16","1","14","44","114","141","7.2","23.1"
"612348045","AHX00706.1","Glutamate receptor ionotropic NMDA 2A","DB00659 DB06741","2","38.71","31","16","1","14","44","114","141","7.2","23.1"
"612348045","AHX00706.1","Glutamate receptor ionotropic NMDA 2A","DB00142 DB00145 DB00454 DB00949 DB01043 DB01159 DB01520 DB06151","8","38.71","31","16","1","14","44","114","141","7.2","23.1"
"612348045","AHX00706.1","MutT/nudix family protein","DB01975 DB02059 DB03148","3","37.14","35","22","0","7","41","18","52","7.4","23.1"
"612348045","AHX00706.1","Kinesin-like protein KIF11","DB03996 DB04331 DB07064 DB08032 DB08033 DB08037 DB08198 DB08239 DB08244 DB08246 DB08250","11","52.38","21","10","0","56","76","846","866","8.6","23.1"
"612348043","AHX00705.1","Genome polyprotein","DB04473","1","60.44","91","36","0","1","91","277","367","1.00E-36","131"
"612348043","AHX00705.1","Genome polyprotein","DB01693 DB01752","2","56.99","93","40","0","1","93","277","369","2.00E-36","130"
"612348043","AHX00705.1","Genome polyprotein","DB04473","1","58.43","89","37","0","5","93","1","89","5.00E-35","126"
"612348043","AHX00705.1","Reaction center protein H chain","DB04147 DB04464 DB07392 DB07551 DB07552 DB08215 DB08689 DB08690","8","44","25","14","0","28","52","69","93","6.3","23.1"
"612348043","AHX00705.1","Glutamate receptor ionotropic NMDA 2A","DB00289 DB00312 DB00418 DB00996 DB01174 DB01708 DB04896 DB06738","8","38.71","31","16","1","14","44","114","141","7.2","23.1"
"612348043","AHX00705.1","Glutamate receptor ionotropic NMDA 2A","DB00659 DB06741","2","38.71","31","16","1","14","44","114","141","7.2","23.1"
"612348043","AHX00705.1","Glutamate receptor ionotropic NMDA 2A","DB00142 DB00145 DB00454 DB00949 DB01043 DB01159 DB01520 DB06151","8","38.71","31","16","1","14","44","114","141","7.2","23.1"
"612348043","AHX00705.1","MutT/nudix family protein","DB01975 DB02059 DB03148","3","37.14","35","22","0","7","41","18","52","7.4","23.1"
"612348043","AHX00705.1","Kinesin-like protein KIF11","DB03996 DB04331 DB07064 DB08032 DB08033 DB08037 DB08198 DB08239 DB08244 DB08246 DB08250","11","52.38","21","10","0","56","76","846","866","8.6","23.1"
"592746969","AHL43505.1","Genome polyprotein","DB04473","1","56.02","3340","1411","30","1","3327","1","3295","0","3853"
"592746969","AHL43505.1","Genome polyprotein","DB01693 DB01752","2","55.12","3329","1453","23","3","3327","2","3293","0","3806"
"592746969","AHL43505.1","Genome polyprotein","DB04473","1","49.71","1028","501","9","291","1317","1","1013","0","1100"
"592746969","AHL43505.1","Genome polyprotein","DB04473","1","65.48","646","216","4","1476","2119","1043","1683","0","888"
"592746969","AHL43505.1","Genome polyprotein","DB08644","1","23.52","421","272","13","1535","1932","1065","1458","1.00E-11","68.9"
"592746969","AHL43505.1","Genome polyprotein","DB08701","1","24.53","424","270","14","1536","1936","1070","1466","2.00E-11","68.2"
"592746969","AHL43505.1","Genome polyprotein","DB07238","1","22.63","433","269","13","1535","1936","1065","1462","2.00E-10","65.1"
"592746969","AHL43505.1","Genome polyprotein","DB05868 DB06038 DB06058 DB07582","4","23.08","429","264","14","1535","1932","1065","1458","5.00E-10","63.5"
"592746969","AHL43505.1","Genome polyprotein","DB04137","1","25.77","454","262","20","1635","2044","1840","2262","7.00E-10","63.2"
"592746969","AHL43505.1","Genome polyprotein","DB04137","1","25.26","190","96","7","3055","3233","3614","3768","6.00E-04","43.5"
"592746969","AHL43505.1","Genome polyprotein","DB06913 DB07085 DB07185 DB07273 DB07275 DB07547 DB07770 DB08556","8","22.76","457","284","14","1535","1957","1065","1486","7.00E-10","62.8"
"592746969","AHL43505.1","Genome polyprotein","DB02331 DB03605 DB04005 DB04137 DB04298 DB06974 DB07062 DB07169 DB07199 DB07200 DB07238 DB07414 DB07570 DB08031 DB08278 DB08279 DB08390 DB08481 DB08578 DB08579 DB08580 DB08581 DB08582 DB08701 DB08706 DB08710","26","22.76","457","284","14","1535","1957","1065","1486","8.00E-10","62.8"
"592746969","AHL43505.1","Genome polyprotein","DB01720 DB04005","2","22.2","437","280","12","1522","1932","1056","1458","2.00E-09","61.2"
"592746969","AHL43505.1","Genome polyprotein","DB08747","1","22.4","433","270","13","1535","1936","1065","1462","8.00E-09","59.3"
"592746969","AHL43505.1","Genome polyprotein","DB03388 DB03647","2","22.46","423","280","13","1536","1936","1070","1466","3.00E-08","57.4"
"592746969","AHL43505.1","NS3/4A protein","DB05521 DB08873","2","24.15","443","267","17","1513","1927","26","427","1.00E-07","55.1"
"592746969","AHL43505.1","NH(3)-dependent NAD(+) synthetase","DB04099","1","34.48","87","48","2","968","1045","120","206","0.25","33.9"
"592746969","AHL43505.1","NS3 protease","DB06290 DB07582","2","24.16","149","87","5","1545","1685","49","179","2.3","30.4"
"592746969","AHL43505.1","Hepatocyte growth factor","DB02264 DB03959 DB05030 DB05434","4","25","84","59","2","1026","1105","152","235","3.5","30.8"
"592746966","AHL43504.1","Genome polyprotein","DB04473","1","56.19","3431","1444","31","1","3418","1","3385","0","3972"
"592746966","AHL43504.1","Genome polyprotein","DB01693 DB01752","2","55.32","3418","1485","24","3","3416","2","3381","0","3918"
"592746966","AHL43504.1","Genome polyprotein","DB04473","1","49.71","1028","501","9","291","1317","1","1013","0","1100"
"592746966","AHL43504.1","Genome polyprotein","DB04473","1","65.48","646","216","4","1476","2119","1043","1683","0","887"
"592746966","AHL43504.1","Genome polyprotein","DB08644","1","23.52","421","272","13","1535","1932","1065","1458","9.00E-12","69.3"
"592746966","AHL43504.1","Genome polyprotein","DB08701","1","24.53","424","270","14","1536","1936","1070","1466","2.00E-11","68.2"
"592746966","AHL43504.1","Genome polyprotein","DB07238","1","22.84","429","265","13","1535","1932","1065","1458","2.00E-10","65.1"
"592746966","AHL43504.1","Genome polyprotein","DB05868 DB06038 DB06058 DB07582","4","23.08","429","264","14","1535","1932","1065","1458","5.00E-10","63.5"
"592746966","AHL43504.1","Genome polyprotein","DB04137","1","25.77","454","262","20","1635","2044","1840","2262","6.00E-10","63.2"
"592746966","AHL43504.1","Genome polyprotein","DB04137","1","25.26","190","96","7","3055","3233","3614","3768","6.00E-04","43.5"
"592746966","AHL43504.1","Genome polyprotein","DB06913 DB07085 DB07185 DB07273 DB07275 DB07547 DB07770 DB08556","8","22.76","457","284","14","1535","1957","1065","1486","6.00E-10","63.2"
"592746966","AHL43504.1","Genome polyprotein","DB02331 DB03605 DB04005 DB04137 DB04298 DB06974 DB07062 DB07169 DB07199 DB07200 DB07238 DB07414 DB07570 DB08031 DB08278 DB08279 DB08390 DB08481 DB08578 DB08579 DB08580 DB08581 DB08582 DB08701 DB08706 DB08710","26","22.76","457","284","14","1535","1957","1065","1486","8.00E-10","62.8"
"592746966","AHL43504.1","Genome polyprotein","DB01720 DB04005","2","22.2","437","280","12","1522","1932","1056","1458","2.00E-09","61.2"
"592746966","AHL43504.1","Genome polyprotein","DB08747","1","22.61","429","266","13","1535","1932","1065","1458","9.00E-09","59.3"
"592746966","AHL43504.1","Genome polyprotein","DB03388 DB03647","2","22.46","423","280","13","1536","1936","1070","1466","3.00E-08","57.8"
"592746966","AHL43504.1","NS3/4A protein","DB05521 DB08873","2","24.15","443","267","17","1513","1927","26","427","1.00E-07","55.1"
"592746966","AHL43504.1","NH(3)-dependent NAD(+) synthetase","DB04099","1","34.48","87","48","2","968","1045","120","206","0.26","33.9"
"592746966","AHL43504.1","NS3 protease","DB06290 DB07582","2","24.16","149","87","5","1545","1685","49","179","2.5","30.4"
"592746966","AHL43504.1","Hepatocyte growth factor","DB02264 DB03959 DB05030 DB05434","4","25","84","59","2","1026","1105","152","235","3.5","30.8"
"592746964","AHL43503.1","Genome polyprotein","DB04473","1","55.46","3431","1469","31","1","3418","1","3385","0","3905"
"592746964","AHL43503.1","Genome polyprotein","DB01693 DB01752","2","54.74","3418","1505","24","3","3416","2","3381","0","3860"
"592746964","AHL43503.1","Genome polyprotein","DB04473","1","49.22","1028","506","9","291","1317","1","1013","0","1083"
"592746964","AHL43503.1","Genome polyprotein","DB04473","1","63.31","646","230","4","1476","2119","1043","1683","0","850"
"592746964","AHL43503.1","Genome polyprotein","DB08701","1","24.06","424","272","15","1536","1936","1070","1466","3.00E-09","60.8"
"592746964","AHL43503.1","Genome polyprotein","DB08644","1","23.04","421","274","14","1535","1932","1065","1458","4.00E-09","60.5"
"592746964","AHL43503.1","Genome polyprotein","DB07238","1","22.17","433","271","14","1535","1936","1065","1462","3.00E-08","57.8"
"592746964","AHL43503.1","Genome polyprotein","DB05868 DB06038 DB06058 DB07582","4","22.61","429","266","15","1535","1932","1065","1458","9.00E-08","55.8"
"592746964","AHL43503.1","Genome polyprotein","DB02331 DB03605 DB04005 DB04137 DB04298 DB06974 DB07062 DB07169 DB07199 DB07200 DB07238 DB07414 DB07570 DB08031 DB08278 DB08279 DB08390 DB08481 DB08578 DB08579 DB08580 DB08581 DB08582 DB08701 DB08706 DB08710","26","22.32","457","286","15","1535","1957","1065","1486","1.00E-07","55.5"
"592746964","AHL43503.1","Genome polyprotein","DB06913 DB07085 DB07185 DB07273 DB07275 DB07547 DB07770 DB08556","8","22.32","457","286","15","1535","1957","1065","1486","2.00E-07","55.1"
"592746964","AHL43503.1","NS3/4A protein","DB05521 DB08873","2","24.6","443","265","19","1513","1927","26","427","3.00E-07","53.5"
"592746964","AHL43503.1","Genome polyprotein","DB01720 DB04005","2","21.74","437","282","13","1522","1932","1056","1458","4.00E-07","53.9"
"592746964","AHL43503.1","Genome polyprotein","DB04137","1","26.04","457","257","22","1635","2044","1840","2262","8.00E-07","52.8"
"592746964","AHL43503.1","Genome polyprotein","DB04137","1","25.79","190","95","7","3055","3233","3614","3768","7.00E-05","46.6"
"592746964","AHL43503.1","Genome polyprotein","DB08747","1","21.94","433","272","14","1535","1936","1065","1462","2.00E-06","52"
"592746964","AHL43503.1","Genome polyprotein","DB03388 DB03647","2","22.22","423","281","14","1536","1936","1070","1466","2.00E-06","51.6"
"592746964","AHL43503.1","NH(3)-dependent NAD(+) synthetase","DB04099","1","34.48","87","48","2","968","1045","120","206","0.26","33.9"
"592746964","AHL43503.1","NS3 protease","DB06290 DB07582","2","24.16","149","87","5","1545","1685","49","179","2.3","30.4"
"592746964","AHL43503.1","Hepatocyte growth factor","DB02264 DB03959 DB05030 DB05434","4","25","84","59","2","1026","1105","152","235","3.6","30.8"
"592746962","AHL43502.1","Genome polyprotein","DB04473","1","55.98","3428","1453","28","3","3418","2","3385","0","3953"
"592746962","AHL43502.1","Genome polyprotein","DB01693 DB01752","2","55.44","3418","1481","24","3","3416","2","3381","0","3913"
"592746962","AHL43502.1","Genome polyprotein","DB04473","1","49.61","1028","502","9","291","1317","1","1013","0","1092"
"592746962","AHL43502.1","Genome polyprotein","DB04473","1","65.63","646","215","4","1476","2119","1043","1683","0","891"
"592746962","AHL43502.1","Genome polyprotein","DB08644","1","23.31","429","263","13","1535","1932","1065","1458","1.00E-11","68.9"
"592746962","AHL43502.1","Genome polyprotein","DB08701","1","24.53","424","270","14","1536","1936","1070","1466","2.00E-11","68.2"
"592746962","AHL43502.1","Genome polyprotein","DB07238","1","22.63","433","269","13","1535","1936","1065","1462","1.00E-10","65.5"
"592746962","AHL43502.1","Genome polyprotein","DB05868 DB06038 DB06058 DB07582","4","23.08","429","264","14","1535","1932","1065","1458","5.00E-10","63.5"
"592746962","AHL43502.1","Genome polyprotein","DB06913 DB07085 DB07185 DB07273 DB07275 DB07547 DB07770 DB08556","8","22.76","457","284","14","1535","1957","1065","1486","6.00E-10","63.2"
"592746962","AHL43502.1","Genome polyprotein","DB04137","1","25.46","436","286","18","1635","2044","1840","2262","8.00E-10","62.8"
"592746962","AHL43502.1","Genome polyprotein","DB04137","1","25.79","190","95","7","3055","3233","3614","3768","7.00E-05","46.6"
"592746962","AHL43502.1","Genome polyprotein","DB02331 DB03605 DB04005 DB04137 DB04298 DB06974 DB07062 DB07169 DB07199 DB07200 DB07238 DB07414 DB07570 DB08031 DB08278 DB08279 DB08390 DB08481 DB08578 DB08579 DB08580 DB08581 DB08582 DB08701 DB08706 DB08710","26","22.76","457","284","14","1535","1957","1065","1486","8.00E-10","62.8"
"592746962","AHL43502.1","Genome polyprotein","DB01720 DB04005","2","22.2","437","280","12","1522","1932","1056","1458","2.00E-09","61.2"
"592746962","AHL43502.1","Genome polyprotein","DB08747","1","22.4","433","270","13","1535","1936","1065","1462","8.00E-09","59.7"
"592746962","AHL43502.1","Genome polyprotein","DB03388 DB03647","2","22.46","423","280","13","1536","1936","1070","1466","2.00E-08","57.8"
"592746962","AHL43502.1","NS3/4A protein","DB05521 DB08873","2","24.15","443","267","17","1513","1927","26","427","2.00E-07","54.7"
"592746962","AHL43502.1","NH(3)-dependent NAD(+) synthetase","DB04099","1","34.48","87","48","2","968","1045","120","206","0.4","33.1"
"592746962","AHL43502.1","NS3 protease","DB06290 DB07582","2","24.16","149","87","5","1545","1685","49","179","3.2","30"
"592746962","AHL43502.1","Hepatocyte growth factor","DB02264 DB03959 DB05030 DB05434","4","25","84","59","2","1026","1105","152","235","4.4","30.4"
"592746960","AHL43501.1","Genome polyprotein","DB04473","1","55.98","3430","1453","29","1","3418","1","3385","0","3963"
"592746960","AHL43501.1","Genome polyprotein","DB01693 DB01752","2","55.24","3418","1488","24","3","3416","2","3381","0","3913"
"592746960","AHL43501.1","Genome polyprotein","DB04473","1","49.61","1028","502","9","291","1317","1","1013","0","1097"
"592746960","AHL43501.1","Genome polyprotein","DB04473","1","65.33","646","217","4","1476","2119","1043","1683","0","884"
"592746960","AHL43501.1","Genome polyprotein","DB08644","1","23.26","430","262","14","1535","1932","1065","1458","9.00E-11","65.9"
"592746960","AHL43501.1","Genome polyprotein","DB08701","1","24.47","425","269","15","1536","1936","1070","1466","9.00E-11","65.9"
"592746960","AHL43501.1","Genome polyprotein","DB07238","1","22.58","434","268","14","1535","1936","1065","1462","7.00E-10","62.8"
"592746960","AHL43501.1","Genome polyprotein","DB04137","1","25.69","436","285","18","1635","2044","1840","2262","8.00E-10","62.8"
"592746960","AHL43501.1","Genome polyprotein","DB04137","1","25.79","190","95","7","3055","3233","3614","3768","7.00E-05","46.6"
"592746960","AHL43501.1","Genome polyprotein","DB05868 DB06038 DB06058 DB07582","4","23.02","430","263","15","1535","1932","1065","1458","2.00E-09","61.2"
"592746960","AHL43501.1","Genome polyprotein","DB06913 DB07085 DB07185 DB07273 DB07275 DB07547 DB07770 DB08556","8","22.71","458","283","15","1535","1957","1065","1486","3.00E-09","60.8"
"592746960","AHL43501.1","Genome polyprotein","DB02331 DB03605 DB04005 DB04137 DB04298 DB06974 DB07062 DB07169 DB07199 DB07200 DB07238 DB07414 DB07570 DB08031 DB08278 DB08279 DB08390 DB08481 DB08578 DB08579 DB08580 DB08581 DB08582 DB08701 DB08706 DB08710","26","22.71","458","283","15","1535","1957","1065","1486","4.00E-09","60.5"
"592746960","AHL43501.1","Genome polyprotein","DB01720 DB04005","2","22.15","438","279","13","1522","1932","1056","1458","1.00E-08","58.5"
"592746960","AHL43501.1","Genome polyprotein","DB08747","1","22.35","434","269","14","1535","1936","1065","1462","5.00E-08","57"
"592746960","AHL43501.1","Genome polyprotein","DB03388 DB03647","2","22.41","424","279","14","1536","1936","1070","1466","1.00E-07","55.5"
"592746960","AHL43501.1","NS3/4A protein","DB05521 DB08873","2","24.1","444","266","18","1513","1927","26","427","1.00E-06","52"
"592746960","AHL43501.1","NH(3)-dependent NAD(+) synthetase","DB04099","1","34.48","87","48","2","968","1045","120","206","0.33","33.5"
"592746960","AHL43501.1","NS3 protease","DB06290 DB07582","2","24.16","149","87","5","1545","1685","49","179","2.7","30"
"592746960","AHL43501.1","Hepatocyte growth factor","DB02264 DB03959 DB05030 DB05434","4","25","84","59","2","1026","1105","152","235","3.5","30.8"
"592746958","AHL43500.1","Genome polyprotein","DB04473","1","55.98","3430","1453","29","1","3418","1","3385","0","3960"
"592746958","AHL43500.1","Genome polyprotein","DB01693 DB01752","2","55.47","3418","1480","25","3","3416","2","3381","0","3917"
"592746958","AHL43500.1","Genome polyprotein","DB04473","1","49.9","1028","499","10","291","1317","1","1013","0","1098"
"592746958","AHL43500.1","Genome polyprotein","DB04473","1","65.33","646","217","4","1476","2119","1043","1683","0","885"
"592746958","AHL43500.1","Genome polyprotein","DB08644","1","23.22","422","272","14","1535","1932","1065","1458","6.00E-11","66.2"
"592746958","AHL43500.1","Genome polyprotein","DB08701","1","24.24","425","270","15","1536","1936","1070","1466","7.00E-11","66.2"
"592746958","AHL43500.1","Genome polyprotein","DB07238","1","22.35","434","269","14","1535","1936","1065","1462","6.00E-10","63.2"
"592746958","AHL43500.1","Genome polyprotein","DB04137","1","25.55","454","263","20","1635","2044","1840","2262","2.00E-09","61.6"
"592746958","AHL43500.1","Genome polyprotein","DB04137","1","25.79","190","95","7","3055","3233","3614","3768","3.00E-04","44.3"
"592746958","AHL43500.1","Genome polyprotein","DB05868 DB06038 DB06058 DB07582","4","22.79","430","264","15","1535","1932","1065","1458","2.00E-09","61.6"
"592746958","AHL43500.1","Genome polyprotein","DB06913 DB07085 DB07185 DB07273 DB07275 DB07547 DB07770 DB08556","8","22.49","458","284","15","1535","1957","1065","1486","3.00E-09","60.8"
"592746958","AHL43500.1","Genome polyprotein","DB02331 DB03605 DB04005 DB04137 DB04298 DB06974 DB07062 DB07169 DB07199 DB07200 DB07238 DB07414 DB07570 DB08031 DB08278 DB08279 DB08390 DB08481 DB08578 DB08579 DB08580 DB08581 DB08582 DB08701 DB08706 DB08710","26","22.49","458","284","15","1535","1957","1065","1486","3.00E-09","60.8"
"592746958","AHL43500.1","Genome polyprotein","DB01720 DB04005","2","21.92","438","280","13","1522","1932","1056","1458","9.00E-09","59.3"
"592746958","AHL43500.1","Genome polyprotein","DB08747","1","22.12","434","270","14","1535","1936","1065","1462","3.00E-08","57.8"
"592746958","AHL43500.1","Genome polyprotein","DB03388 DB03647","2","22.17","424","280","14","1536","1936","1070","1466","1.00E-07","55.5"
"592746958","AHL43500.1","NS3/4A protein","DB05521 DB08873","2","23.87","444","267","18","1513","1927","26","427","2.00E-06","51.2"
"592746958","AHL43500.1","NH(3)-dependent NAD(+) synthetase","DB04099","1","34.48","87","48","2","968","1045","120","206","0.27","33.9"
"592746958","AHL43500.1","Hepatocyte growth factor","DB02264 DB03959 DB05030 DB05434","4","25","84","59","2","1026","1105","152","235","2.3","31.2"
"592746958","AHL43500.1","NS3 protease","DB06290 DB07582","2","24.16","149","87","5","1545","1685","49","179","2.5","30.4"
"592746956","AHL43499.1","Genome polyprotein","DB04473","1","68.35","237","73","2","1","236","2971","3206","1.00E-103","330"
"592746956","AHL43499.1","Genome polyprotein","DB01693 DB01752","2","65.25","236","81","1","1","236","2970","3204","5.00E-98","314"
"592746956","AHL43499.1","Genome polyprotein","DB04137","1","25.79","190","95","7","53","231","3614","3768","4.00E-06","45.1"
"592746956","AHL43499.1","Interleukin-4 receptor subunit alpha","DB05078","1","52.63","19","9","0","213","231","214","232","1.5","27.7"
"592746956","AHL43499.1","Uncharacterized lipoprotein YbbD","DB08357","1","40.48","42","23","1","91","130","280","321","4.5","26.2"
"592746956","AHL43499.1","dTDP-glucose 4_6-dehydratase","DB03161 DB03751","2","38.89","36","19","2","190","225","281","313","5.3","25.8"
"592746954","AHL43498.1","Genome polyprotein","DB04473","1","66.24","237","78","2","1","236","2971","3206","9.00E-100","320"
"592746954","AHL43498.1","Genome polyprotein","DB01693 DB01752","2","63.14","236","86","1","1","236","2970","3204","5.00E-94","303"
"592746954","AHL43498.1","Genome polyprotein","DB04137","1","25.79","190","95","7","53","231","3614","3768","1.00E-05","43.5"
"592746954","AHL43498.1","Interleukin-4 receptor subunit alpha","DB05078","1","52.63","19","9","0","213","231","214","232","1.5","27.7"
"592746954","AHL43498.1","Aldehyde oxidase","DB03516","1","39.29","28","16","1","24","50","1202","1229","3.3","26.6"
"592746954","AHL43498.1","Uncharacterized lipoprotein YbbD","DB08357","1","40.48","42","23","1","91","130","280","321","4.4","26.2"
"592746954","AHL43498.1","dTDP-glucose 4_6-dehydratase","DB03161 DB03751","2","38.89","36","19","2","190","225","281","313","5.5","25.8"
"592746952","AHL43497.1","Genome polyprotein","DB04473","1","67.93","237","74","2","1","236","2971","3206","1.00E-102","328"
"592746952","AHL43497.1","Genome polyprotein","DB01693 DB01752","2","64.83","236","82","1","1","236","2970","3204","6.00E-97","311"
"592746952","AHL43497.1","Genome polyprotein","DB04137","1","25.79","190","95","7","53","231","3614","3768","4.00E-06","45.1"
"592746952","AHL43497.1","Interleukin-4 receptor subunit alpha","DB05078","1","52.63","19","9","0","213","231","214","232","1.5","27.7"
"592746952","AHL43497.1","Uncharacterized lipoprotein YbbD","DB08357","1","40.48","42","23","1","91","130","280","321","4.5","26.2"
"592746952","AHL43497.1","dTDP-glucose 4_6-dehydratase","DB03161 DB03751","2","38.89","36","19","2","190","225","281","313","5.3","25.8"
"592746950","AHL43496.1","Genome polyprotein","DB04473","1","67.93","237","74","2","1","236","2971","3206","1.00E-102","328"
"592746950","AHL43496.1","Genome polyprotein","DB01693 DB01752","2","64.83","236","82","1","1","236","2970","3204","6.00E-97","311"
"592746950","AHL43496.1","Genome polyprotein","DB04137","1","25.79","190","95","7","53","231","3614","3768","4.00E-06","45.1"
"592746950","AHL43496.1","Interleukin-4 receptor subunit alpha","DB05078","1","52.63","19","9","0","213","231","214","232","1.5","27.7"
"592746950","AHL43496.1","Uncharacterized lipoprotein YbbD","DB08357","1","40.48","42","23","1","91","130","280","321","4.5","26.2"
"592746950","AHL43496.1","dTDP-glucose 4_6-dehydratase","DB03161 DB03751","2","38.89","36","19","2","190","225","281","313","5.3","25.8"
"592746948","AHL43495.1","Genome polyprotein","DB04473","1","67.93","237","74","2","1","236","2971","3206","1.00E-102","328"
"592746948","AHL43495.1","Genome polyprotein","DB01693 DB01752","2","64.83","236","82","1","1","236","2970","3204","6.00E-97","311"
"592746948","AHL43495.1","Genome polyprotein","DB04137","1","25.79","190","95","7","53","231","3614","3768","4.00E-06","45.1"
"592746948","AHL43495.1","Interleukin-4 receptor subunit alpha","DB05078","1","52.63","19","9","0","213","231","214","232","1.5","27.7"
"592746948","AHL43495.1","Uncharacterized lipoprotein YbbD","DB08357","1","40.48","42","23","1","91","130","280","321","4.5","26.2"
"592746948","AHL43495.1","dTDP-glucose 4_6-dehydratase","DB03161 DB03751","2","38.89","36","19","2","190","225","281","313","5.3","25.8"
"592746946","AHL43494.1","Genome polyprotein","DB04473","1","67.93","237","74","2","1","236","2971","3206","1.00E-102","327"
"592746946","AHL43494.1","Genome polyprotein","DB01693 DB01752","2","64.83","236","82","1","1","236","2970","3204","6.00E-97","311"
"592746946","AHL43494.1","Genome polyprotein","DB04137","1","25.79","190","95","7","53","231","3614","3768","4.00E-06","45.1"
"592746946","AHL43494.1","Interleukin-4 receptor subunit alpha","DB05078","1","52.63","19","9","0","213","231","214","232","1.5","27.7"
"592746946","AHL43494.1","Uncharacterized lipoprotein YbbD","DB08357","1","40.48","42","23","1","91","130","280","321","4.6","26.2"
"592746946","AHL43494.1","dTDP-glucose 4_6-dehydratase","DB03161 DB03751","2","38.89","36","19","2","190","225","281","313","5.2","25.8"
"592746944","AHL43493.1","Genome polyprotein","DB04473","1","67.93","237","74","2","1","236","2971","3206","1.00E-102","328"
"592746944","AHL43493.1","Genome polyprotein","DB01693 DB01752","2","64.83","236","82","1","1","236","2970","3204","6.00E-97","311"
"592746944","AHL43493.1","Genome polyprotein","DB04137","1","25.79","190","95","7","53","231","3614","3768","4.00E-06","45.1"
"592746944","AHL43493.1","Interleukin-4 receptor subunit alpha","DB05078","1","52.63","19","9","0","213","231","214","232","1.5","27.7"
"592746944","AHL43493.1","Uncharacterized lipoprotein YbbD","DB08357","1","40.48","42","23","1","91","130","280","321","4.5","26.2"
"592746944","AHL43493.1","dTDP-glucose 4_6-dehydratase","DB03161 DB03751","2","38.89","36","19","2","190","225","281","313","5.3","25.8"
"592746942","AHL43492.1","Genome polyprotein","DB04473","1","67.93","237","74","2","1","236","2971","3206","1.00E-102","328"
"592746942","AHL43492.1","Genome polyprotein","DB01693 DB01752","2","64.83","236","82","1","1","236","2970","3204","6.00E-97","311"
"592746942","AHL43492.1","Genome polyprotein","DB04137","1","25.79","190","95","7","53","231","3614","3768","4.00E-06","45.1"
"592746942","AHL43492.1","Interleukin-4 receptor subunit alpha","DB05078","1","52.63","19","9","0","213","231","214","232","1.5","27.7"
"592746942","AHL43492.1","Uncharacterized lipoprotein YbbD","DB08357","1","40.48","42","23","1","91","130","280","321","4.5","26.2"
"592746942","AHL43492.1","dTDP-glucose 4_6-dehydratase","DB03161 DB03751","2","38.89","36","19","2","190","225","281","313","5.3","25.8"
"592746940","AHL43491.1","Genome polyprotein","DB04473","1","67.93","237","74","2","1","236","2971","3206","1.00E-102","328"
"592746940","AHL43491.1","Genome polyprotein","DB01693 DB01752","2","64.83","236","82","1","1","236","2970","3204","6.00E-97","311"
"592746940","AHL43491.1","Genome polyprotein","DB04137","1","25.79","190","95","7","53","231","3614","3768","4.00E-06","45.1"
"592746940","AHL43491.1","Interleukin-4 receptor subunit alpha","DB05078","1","52.63","19","9","0","213","231","214","232","1.5","27.7"
"592746940","AHL43491.1","Uncharacterized lipoprotein YbbD","DB08357","1","40.48","42","23","1","91","130","280","321","4.5","26.2"
"592746940","AHL43491.1","dTDP-glucose 4_6-dehydratase","DB03161 DB03751","2","38.89","36","19","2","190","225","281","313","5.3","25.8"
"592746938","AHL43490.1","Genome polyprotein","DB04473","1","67.93","237","74","2","1","236","2971","3206","8.00E-103","328"
"592746938","AHL43490.1","Genome polyprotein","DB01693 DB01752","2","64.83","236","82","1","1","236","2970","3204","5.00E-97","311"
"592746938","AHL43490.1","Genome polyprotein","DB04137","1","25.79","190","95","7","53","231","3614","3768","4.00E-06","45.1"
"592746938","AHL43490.1","Interleukin-4 receptor subunit alpha","DB05078","1","52.63","19","9","0","213","231","214","232","1.5","27.7"
"592746938","AHL43490.1","Uncharacterized lipoprotein YbbD","DB08357","1","40.48","42","23","1","91","130","280","321","4.7","25.8"
"592746938","AHL43490.1","dTDP-glucose 4_6-dehydratase","DB03161 DB03751","2","38.89","36","19","2","190","225","281","313","5.4","25.8"
"592746936","AHL43489.1","Genome polyprotein","DB04473","1","66.24","237","78","2","1","236","2971","3206","4.00E-99","318"
"592746936","AHL43489.1","Genome polyprotein","DB01693 DB01752","2","64.41","236","83","1","1","236","2970","3204","3.00E-95","306"
"592746936","AHL43489.1","Genome polyprotein","DB04137","1","26.32","190","94","7","53","231","3614","3768","4.00E-06","45.1"
"592746936","AHL43489.1","Interleukin-4 receptor subunit alpha","DB05078","1","52.63","19","9","0","213","231","214","232","1.5","27.7"
"592746936","AHL43489.1","Uncharacterized lipoprotein YbbD","DB08357","1","40.48","42","23","1","91","130","280","321","4.6","25.8"
"592746936","AHL43489.1","dTDP-glucose 4_6-dehydratase","DB03161 DB03751","2","38.89","36","19","2","190","225","281","313","5.4","25.8"
"592746934","AHL43488.1","Genome polyprotein","DB04473","1","67.93","237","74","2","1","236","2971","3206","8.00E-103","328"
"592746934","AHL43488.1","Genome polyprotein","DB01693 DB01752","2","64.83","236","82","1","1","236","2970","3204","5.00E-97","311"
"592746934","AHL43488.1","Genome polyprotein","DB04137","1","25.79","190","95","7","53","231","3614","3768","4.00E-06","45.1"
"592746934","AHL43488.1","Interleukin-4 receptor subunit alpha","DB05078","1","52.63","19","9","0","213","231","214","232","1.5","27.7"
"592746934","AHL43488.1","Uncharacterized lipoprotein YbbD","DB08357","1","40.48","42","23","1","91","130","280","321","4.7","25.8"
"592746934","AHL43488.1","dTDP-glucose 4_6-dehydratase","DB03161 DB03751","2","38.89","36","19","2","190","225","281","313","5.4","25.8"
"592746932","AHL43487.1","Genome polyprotein","DB04473","1","67.93","237","74","2","1","236","2971","3206","1.00E-102","327"
"592746932","AHL43487.1","Genome polyprotein","DB01693 DB01752","2","64.83","236","82","1","1","236","2970","3204","6.00E-97","311"
"592746932","AHL43487.1","Genome polyprotein","DB04137","1","25.79","190","95","7","53","231","3614","3768","4.00E-06","45.1"
"592746932","AHL43487.1","Interleukin-4 receptor subunit alpha","DB05078","1","52.63","19","9","0","213","231","214","232","1.5","27.7"
"592746932","AHL43487.1","Uncharacterized lipoprotein YbbD","DB08357","1","40.48","42","23","1","91","130","280","321","4.6","26.2"
"592746932","AHL43487.1","dTDP-glucose 4_6-dehydratase","DB03161 DB03751","2","38.89","36","19","2","190","225","281","313","5.2","25.8"
"592746930","AHL43486.1","Genome polyprotein","DB04473","1","67.93","237","74","2","1","236","2971","3206","1.00E-102","327"
"592746930","AHL43486.1","Genome polyprotein","DB01693 DB01752","2","64.83","236","82","1","1","236","2970","3204","6.00E-97","311"
"592746930","AHL43486.1","Genome polyprotein","DB04137","1","25.79","190","95","7","53","231","3614","3768","4.00E-06","45.1"
"592746930","AHL43486.1","Interleukin-4 receptor subunit alpha","DB05078","1","52.63","19","9","0","213","231","214","232","1.5","27.7"
"592746930","AHL43486.1","Uncharacterized lipoprotein YbbD","DB08357","1","40.48","42","23","1","91","130","280","321","4.6","26.2"
"592746930","AHL43486.1","dTDP-glucose 4_6-dehydratase","DB03161 DB03751","2","38.89","36","19","2","190","225","281","313","5.2","25.8"
"592746928","AHL43485.1","Genome polyprotein","DB04473","1","67.93","237","74","2","1","236","2971","3206","1.00E-102","328"
"592746928","AHL43485.1","Genome polyprotein","DB01693 DB01752","2","64.83","236","82","1","1","236","2970","3204","5.00E-97","311"
"592746928","AHL43485.1","Genome polyprotein","DB04137","1","25.79","190","95","7","53","231","3614","3768","4.00E-06","45.1"
"592746928","AHL43485.1","Uncharacterized lipoprotein YbbD","DB08357","1","40.48","42","23","1","91","130","280","321","4.3","26.2"
"592746928","AHL43485.1","dTDP-glucose 4_6-dehydratase","DB03161 DB03751","2","38.89","36","19","2","190","225","281","313","5.1","25.8"
"592746926","AHL43484.1","Genome polyprotein","DB04473","1","67.08","240","71","3","1","236","2971","3206","2.00E-102","327"
"592746926","AHL43484.1","Genome polyprotein","DB01693 DB01752","2","64.83","236","82","1","1","236","2970","3204","1.00E-96","311"
"592746926","AHL43484.1","Genome polyprotein","DB04137","1","25.79","190","95","7","53","231","3614","3768","8.00E-06","44.3"
"592746926","AHL43484.1","Uncharacterized lipoprotein YbbD","DB08357","1","40.48","42","23","1","91","130","280","321","4.3","26.2"
"592746926","AHL43484.1","dTDP-glucose 4_6-dehydratase","DB03161 DB03751","2","38.89","36","19","2","190","225","281","313","5","25.8"
"592746924","AHL43483.1","Genome polyprotein","DB04473","1","67.51","237","75","2","1","236","2971","3206","5.00E-101","323"
"592746924","AHL43483.1","Genome polyprotein","DB01693 DB01752","2","64.83","236","82","1","1","236","2970","3204","4.00E-96","309"
"592746924","AHL43483.1","Genome polyprotein","DB04137","1","25.79","190","95","7","53","231","3614","3768","5.00E-06","45.1"
"592746924","AHL43483.1","Interleukin-4 receptor subunit alpha","DB05078","1","52.63","19","9","0","213","231","214","232","1.5","27.7"
"592746924","AHL43483.1","Uncharacterized lipoprotein YbbD","DB08357","1","40.48","42","23","1","91","130","280","321","5","25.8"
"592746924","AHL43483.1","dTDP-glucose 4_6-dehydratase","DB03161 DB03751","2","38.89","36","19","2","190","225","281","313","5.2","25.8"
"592746922","AHL43482.1","Genome polyprotein","DB04473","1","67.93","237","74","2","1","236","2971","3206","1.00E-102","328"
"592746922","AHL43482.1","Genome polyprotein","DB01693 DB01752","2","64.83","236","82","1","1","236","2970","3204","5.00E-97","311"
"592746922","AHL43482.1","Genome polyprotein","DB04137","1","25.79","190","95","7","53","231","3614","3768","4.00E-06","45.1"
"592746922","AHL43482.1","Uncharacterized lipoprotein YbbD","DB08357","1","40.48","42","23","1","91","130","280","321","4.3","26.2"
"592746922","AHL43482.1","dTDP-glucose 4_6-dehydratase","DB03161 DB03751","2","38.89","36","19","2","190","225","281","313","5.1","25.8"
"592746920","AHL43481.1","Genome polyprotein","DB04473","1","67.36","239","72","3","1","236","2971","3206","7.00E-102","325"
"592746920","AHL43481.1","Genome polyprotein","DB01693 DB01752","2","64.83","236","82","1","1","236","2970","3204","1.00E-98","317"
"592746920","AHL43481.1","Genome polyprotein","DB04137","1","25.79","190","95","7","53","231","3614","3768","2.00E-06","46.2"
"592746920","AHL43481.1","Genome polyprotein","DB04137","1","27.12","59","41","1","57","113","2975","3033","3.1","26.6"
"592746920","AHL43481.1","Interleukin-4 receptor subunit alpha","DB05078","1","52.63","19","9","0","213","231","214","232","1.5","27.7"
"592746920","AHL43481.1","Neopullulanase","DB02379","1","23.16","95","70","2","57","148","477","571","4.4","26.2"
"592746920","AHL43481.1","dTDP-glucose 4_6-dehydratase","DB03161 DB03751","2","38.89","36","19","2","190","225","281","313","5.3","25.8"
"592746920","AHL43481.1","Uncharacterized lipoprotein YbbD","DB08357","1","38.1","42","24","1","91","130","280","321","7.2","25.4"
"592746918","AHL43480.1","Genome polyprotein","DB04473","1","66.95","239","73","3","1","236","2971","3206","6.00E-101","323"
"592746918","AHL43480.1","Genome polyprotein","DB01693 DB01752","2","64.41","236","83","1","1","236","2970","3204","6.00E-98","314"
"592746918","AHL43480.1","Genome polyprotein","DB04137","1","25.79","190","95","7","53","231","3614","3768","3.00E-06","45.4"
"592746918","AHL43480.1","Genome polyprotein","DB04137","1","27.12","59","41","1","57","113","2975","3033","3.2","26.6"
"592746918","AHL43480.1","Interleukin-4 receptor subunit alpha","DB05078","1","52.38","21","10","0","213","233","214","234","0.54","28.9"
"592746918","AHL43480.1","Neopullulanase","DB02379","1","23.16","95","70","2","57","148","477","571","5.3","25.8"
"592746918","AHL43480.1","Uncharacterized lipoprotein YbbD","DB08357","1","38.1","42","24","1","91","130","280","321","7.6","25.4"
"592746918","AHL43480.1","Squalene--hopene cyclase","DB02139 DB02339 DB02544 DB03234 DB03748 DB03771 DB03874 DB03888 DB04147 DB04233 DB08458","11","34.88","43","25","1","197","236","113","155","9.3","25"
"592746916","AHL43479.1","Genome polyprotein","DB04473","1","67.36","239","72","3","1","236","2971","3206","7.00E-102","325"
"592746916","AHL43479.1","Genome polyprotein","DB01693 DB01752","2","64.83","236","82","1","1","236","2970","3204","1.00E-98","317"
"592746916","AHL43479.1","Genome polyprotein","DB04137","1","25.79","190","95","7","53","231","3614","3768","2.00E-06","46.2"
"592746916","AHL43479.1","Genome polyprotein","DB04137","1","27.12","59","41","1","57","113","2975","3033","3.1","26.6"
"592746916","AHL43479.1","Interleukin-4 receptor subunit alpha","DB05078","1","52.63","19","9","0","213","231","214","232","1.5","27.7"
"592746916","AHL43479.1","Neopullulanase","DB02379","1","23.16","95","70","2","57","148","477","571","4.4","26.2"
"592746916","AHL43479.1","dTDP-glucose 4_6-dehydratase","DB03161 DB03751","2","38.89","36","19","2","190","225","281","313","5.3","25.8"
"592746916","AHL43479.1","Uncharacterized lipoprotein YbbD","DB08357","1","38.1","42","24","1","91","130","280","321","7.2","25.4"
"592746914","AHL43478.1","Genome polyprotein","DB04473","1","67.36","239","72","3","1","236","2971","3206","7.00E-102","325"
"592746914","AHL43478.1","Genome polyprotein","DB01693 DB01752","2","64.83","236","82","1","1","236","2970","3204","1.00E-98","317"
"592746914","AHL43478.1","Genome polyprotein","DB04137","1","25.79","190","95","7","53","231","3614","3768","2.00E-06","46.2"
"592746914","AHL43478.1","Genome polyprotein","DB04137","1","27.12","59","41","1","57","113","2975","3033","3.1","26.6"
"592746914","AHL43478.1","Interleukin-4 receptor subunit alpha","DB05078","1","52.63","19","9","0","213","231","214","232","1.5","27.7"
"592746914","AHL43478.1","Neopullulanase","DB02379","1","23.16","95","70","2","57","148","477","571","4.4","26.2"
"592746914","AHL43478.1","dTDP-glucose 4_6-dehydratase","DB03161 DB03751","2","38.89","36","19","2","190","225","281","313","5.3","25.8"
"592746914","AHL43478.1","Uncharacterized lipoprotein YbbD","DB08357","1","38.1","42","24","1","91","130","280","321","7.2","25.4"
"592746912","AHL43477.1","Genome polyprotein","DB04473","1","66.95","239","73","3","1","236","2971","3206","6.00E-101","323"
"592746912","AHL43477.1","Genome polyprotein","DB01693 DB01752","2","64.41","236","83","1","1","236","2970","3204","5.00E-98","314"
"592746912","AHL43477.1","Genome polyprotein","DB04137","1","25.79","190","95","7","53","231","3614","3768","3.00E-06","45.4"
"592746912","AHL43477.1","Genome polyprotein","DB04137","1","27.12","59","41","1","57","113","2975","3033","3.6","26.6"
"592746912","AHL43477.1","Interleukin-4 receptor subunit alpha","DB05078","1","52.63","19","9","0","213","231","214","232","1.5","27.7"
"592746912","AHL43477.1","Neopullulanase","DB02379","1","23.16","95","70","2","57","148","477","571","3.9","26.2"
"592746912","AHL43477.1","dTDP-glucose 4_6-dehydratase","DB03161 DB03751","2","38.89","36","19","2","190","225","281","313","5","25.8"
"592746912","AHL43477.1","Uncharacterized lipoprotein YbbD","DB08357","1","38.1","42","24","1","91","130","280","321","7.2","25.4"
"592746910","AHL43476.1","Genome polyprotein","DB04473","1","67.36","239","72","3","1","236","2971","3206","7.00E-102","325"
"592746910","AHL43476.1","Genome polyprotein","DB01693 DB01752","2","64.83","236","82","1","1","236","2970","3204","1.00E-98","317"
"592746910","AHL43476.1","Genome polyprotein","DB04137","1","25.79","190","95","7","53","231","3614","3768","2.00E-06","46.2"
"592746910","AHL43476.1","Genome polyprotein","DB04137","1","27.12","59","41","1","57","113","2975","3033","3.1","26.6"
"592746910","AHL43476.1","Interleukin-4 receptor subunit alpha","DB05078","1","52.63","19","9","0","213","231","214","232","1.5","27.7"
"592746910","AHL43476.1","Neopullulanase","DB02379","1","23.16","95","70","2","57","148","477","571","4.4","26.2"
"592746910","AHL43476.1","dTDP-glucose 4_6-dehydratase","DB03161 DB03751","2","38.89","36","19","2","190","225","281","313","5.3","25.8"
"592746910","AHL43476.1","Uncharacterized lipoprotein YbbD","DB08357","1","38.1","42","24","1","91","130","280","321","7.2","25.4"
"592746908","AHL43475.1","Genome polyprotein","DB04473","1","67.93","237","74","2","1","236","2971","3206","1.00E-102","327"
"592746908","AHL43475.1","Genome polyprotein","DB01693 DB01752","2","64.83","236","82","1","1","236","2970","3204","6.00E-97","311"
"592746908","AHL43475.1","Genome polyprotein","DB04137","1","25.79","190","95","7","53","231","3614","3768","4.00E-06","45.1"
"592746908","AHL43475.1","Interleukin-4 receptor subunit alpha","DB05078","1","52.63","19","9","0","213","231","214","232","1.5","27.7"
"592746908","AHL43475.1","Uncharacterized lipoprotein YbbD","DB08357","1","40.48","42","23","1","91","130","280","321","4.6","26.2"
"592746908","AHL43475.1","dTDP-glucose 4_6-dehydratase","DB03161 DB03751","2","38.89","36","19","2","190","225","281","313","5.2","25.8"
"592746906","AHL43474.1","Genome polyprotein","DB04473","1","67.93","237","74","2","1","236","2971","3206","1.00E-102","327"
"592746906","AHL43474.1","Genome polyprotein","DB01693 DB01752","2","64.83","236","82","1","1","236","2970","3204","6.00E-97","311"
"592746906","AHL43474.1","Genome polyprotein","DB04137","1","25.79","190","95","7","53","231","3614","3768","4.00E-06","45.1"
"592746906","AHL43474.1","Interleukin-4 receptor subunit alpha","DB05078","1","52.63","19","9","0","213","231","214","232","1.5","27.7"
"592746906","AHL43474.1","Uncharacterized lipoprotein YbbD","DB08357","1","40.48","42","23","1","91","130","280","321","4.6","26.2"
"592746906","AHL43474.1","dTDP-glucose 4_6-dehydratase","DB03161 DB03751","2","38.89","36","19","2","190","225","281","313","5.2","25.8"
"592746904","AHL43473.1","Genome polyprotein","DB04473","1","67.08","240","71","3","1","236","2971","3206","1.00E-102","328"
"592746904","AHL43473.1","Genome polyprotein","DB01693 DB01752","2","64.83","236","82","1","1","236","2970","3204","4.00E-97","312"
"592746904","AHL43473.1","Genome polyprotein","DB04137","1","25.79","190","95","7","53","231","3614","3768","3.00E-06","45.4"
"592746904","AHL43473.1","Interleukin-4 receptor subunit alpha","DB05078","1","52.63","19","9","0","213","231","214","232","1.5","27.7"
"592746904","AHL43473.1","Uncharacterized lipoprotein YbbD","DB08357","1","40.48","42","23","1","91","130","280","321","2.2","26.9"
"592746904","AHL43473.1","dTDP-glucose 4_6-dehydratase","DB03161 DB03751","2","38.89","36","19","2","190","225","281","313","5.1","25.8"
"592746904","AHL43473.1","Neopullulanase","DB02379","1","23.16","95","70","2","57","148","477","571","6.8","25.4"
"592746902","AHL43472.1","Genome polyprotein","DB04473","1","67.08","240","71","3","1","236","2971","3206","5.00E-102","326"
"592746902","AHL43472.1","Genome polyprotein","DB01693 DB01752","2","64.83","236","82","1","1","236","2970","3204","3.00E-96","310"
"592746902","AHL43472.1","Genome polyprotein","DB04137","1","25.79","190","95","7","53","231","3614","3768","4.00E-06","45.1"
"592746902","AHL43472.1","Interleukin-4 receptor subunit alpha","DB05078","1","52.63","19","9","0","213","231","214","232","1.5","27.7"
"592746902","AHL43472.1","Uncharacterized lipoprotein YbbD","DB08357","1","40.48","42","23","1","91","130","280","321","4.5","26.2"
"592746902","AHL43472.1","dTDP-glucose 4_6-dehydratase","DB03161 DB03751","2","38.89","36","19","2","190","225","281","313","5.6","25.4"
"592746900","AHL43471.1","Genome polyprotein","DB04473","1","67.93","237","74","2","1","236","2971","3206","8.00E-103","328"
"592746900","AHL43471.1","Genome polyprotein","DB01693 DB01752","2","64.83","236","82","1","1","236","2970","3204","5.00E-97","311"
"592746900","AHL43471.1","Genome polyprotein","DB04137","1","25.79","190","95","7","53","231","3614","3768","4.00E-06","45.1"
"592746900","AHL43471.1","Interleukin-4 receptor subunit alpha","DB05078","1","52.63","19","9","0","213","231","214","232","1.5","27.7"
"592746900","AHL43471.1","Uncharacterized lipoprotein YbbD","DB08357","1","40.48","42","23","1","91","130","280","321","4.7","25.8"
"592746900","AHL43471.1","dTDP-glucose 4_6-dehydratase","DB03161 DB03751","2","38.89","36","19","2","190","225","281","313","5.4","25.8"
"592746898","AHL43470.1","Genome polyprotein","DB04473","1","67.93","237","74","2","1","236","2971","3206","1.00E-102","328"
"592746898","AHL43470.1","Genome polyprotein","DB01693 DB01752","2","65.25","236","81","1","1","236","2970","3204","1.00E-97","313"
"592746898","AHL43470.1","Genome polyprotein","DB04137","1","25.79","190","95","7","53","231","3614","3768","4.00E-06","45.1"
"592746898","AHL43470.1","Interleukin-4 receptor subunit alpha","DB05078","1","52.63","19","9","0","213","231","214","232","0.95","28.1"
"592746898","AHL43470.1","Uncharacterized lipoprotein YbbD","DB08357","1","40.48","42","23","1","91","130","280","321","4.5","26.2"
"592746898","AHL43470.1","dTDP-glucose 4_6-dehydratase","DB03161 DB03751","2","38.89","36","19","2","190","225","281","313","8.5","25"
"592746896","AHL43469.1","Genome polyprotein","DB04473","1","67.51","237","75","2","1","236","2971","3206","3.00E-102","327"
"592746896","AHL43469.1","Genome polyprotein","DB01693 DB01752","2","64.41","236","83","1","1","236","2970","3204","5.00E-97","311"
"592746896","AHL43469.1","Genome polyprotein","DB04137","1","25.79","190","95","7","53","231","3614","3768","4.00E-06","45.1"
"592746896","AHL43469.1","Interleukin-4 receptor subunit alpha","DB05078","1","52.63","19","9","0","213","231","214","232","1.5","27.7"
"592746896","AHL43469.1","Uncharacterized lipoprotein YbbD","DB08357","1","40.48","42","23","1","91","130","280","321","4.7","25.8"
"592746857","AHL43468.1","Genome polyprotein","DB04473","1","49.8","251","115","5","1","250","131","371","5.00E-78","256"
"592746857","AHL43468.1","Genome polyprotein","DB04473","1","53.53","241","101","5","1","240","411","641","1.00E-77","256"
"592746857","AHL43468.1","Genome polyprotein","DB01693 DB01752","2","49.4","251","116","5","1","250","411","651","2.00E-76","253"
"592746857","AHL43468.1","Genome polyprotein","DB04634","1","33.33","45","27","1","130","171","762","806","0.93","28.5"
"592746857","AHL43468.1","Aspartate aminotransferase cytoplasmic","DB00114 DB00128 DB00142 DB00151 DB04299","5","29.11","79","37","2","47","122","97","159","1.2","27.7"
"592746857","AHL43468.1","Aspartate aminotransferase","DB00114 DB00128 DB00142","3","29.11","79","37","2","47","122","98","160","1.2","27.7"
"592746857","AHL43468.1","Adenosine kinase","DB00131 DB00811 DB07173 DB07280","4","31.65","79","46","3","29","101","7","83","1.3","27.7"
"592746857","AHL43468.1","S-methyl-5'-thioadenosine phosphorylase","DB00173 DB02158 DB02281 DB02282 DB02933","5","23.81","84","64","0","159","242","161","244","1.5","27.3"
"592746857","AHL43468.1","Genome polyprotein","DB04029 DB04634","2","31.11","45","28","1","130","171","762","806","2.6","26.9"
"592746857","AHL43468.1","Genome polyprotein","DB04029 DB04634","2","31.11","45","28","1","130","171","762","806","2.6","26.9"
"592746857","AHL43468.1","Citrate lyase subunit beta-like protein","DB02637","1","41.67","24","14","0","89","112","118","141","5.7","25.4"
"592746857","AHL43468.1","Sucrose porin","DB02772","1","30","70","32","3","11","80","95","147","6.1","25.8"
"592746857","AHL43468.1","DNA polymerase catalytic subunit","DB00426 DB00787","2","31.37","51","31","1","57","103","17","67","8.4","25.4"
"592746857","AHL43468.1","Pseudolysin","DB02307","1","20.51","117","75","4","8","112","208","318","9.8","25"
"592746855","AHL43467.1","Genome polyprotein","DB04473","1","50.6","251","113","5","1","250","131","371","3.00E-79","260"
"592746855","AHL43467.1","Genome polyprotein","DB04473","1","53.53","241","101","5","1","240","411","641","1.00E-78","259"
"592746855","AHL43467.1","Genome polyprotein","DB01693 DB01752","2","50.2","251","114","5","1","250","411","651","1.00E-77","257"
"592746855","AHL43467.1","Genome polyprotein","DB04634","1","33.33","45","27","1","130","171","762","806","0.98","28.5"
"592746855","AHL43467.1","Adenosine kinase","DB00131 DB00811 DB07173 DB07280","4","31.65","79","46","3","29","101","7","83","1.2","27.7"
"592746855","AHL43467.1","Aspartate aminotransferase cytoplasmic","DB00114 DB00128 DB00142 DB00151 DB04299","5","29.11","79","37","2","47","122","97","159","1.3","27.7"
"592746855","AHL43467.1","Aspartate aminotransferase","DB00114 DB00128 DB00142","3","29.11","79","37","2","47","122","98","160","1.3","27.7"
"592746855","AHL43467.1","S-methyl-5'-thioadenosine phosphorylase","DB00173 DB02158 DB02281 DB02282 DB02933","5","28.33","60","43","0","159","218","161","220","2.5","26.6"
"592746855","AHL43467.1","Genome polyprotein","DB04029 DB04634","2","31.11","45","28","1","130","171","762","806","2.6","26.9"
"592746855","AHL43467.1","Genome polyprotein","DB04029 DB04634","2","31.11","45","28","1","130","171","762","806","2.7","26.9"
"592746855","AHL43467.1","Peripheral plasma membrane protein CASK","DB01942","1","30","80","49","3","97","176","176","248","5","26.2"
"592746855","AHL43467.1","Citrate lyase subunit beta-like protein","DB02637","1","41.67","24","14","0","89","112","118","141","5.7","25.4"
"592746855","AHL43467.1","Sucrose porin","DB02772","1","30","70","32","3","11","80","95","147","6.2","25.8"
"592746855","AHL43467.1","DNA polymerase catalytic subunit","DB00426 DB00787","2","31.37","51","31","1","57","103","17","67","8.5","25.4"
"592746853","AHL43466.1","Genome polyprotein","DB04473","1","51.79","251","110","6","1","250","131","371","2.00E-79","261"
"592746853","AHL43466.1","Genome polyprotein","DB04473","1","53.94","241","100","5","1","240","411","641","1.00E-78","259"
"592746853","AHL43466.1","Genome polyprotein","DB01693 DB01752","2","51.39","251","111","6","1","250","411","651","5.00E-78","258"
"592746853","AHL43466.1","Genome polyprotein","DB04634","1","33.33","45","27","1","130","171","762","806","0.93","28.5"
"592746853","AHL43466.1","Adenosine kinase","DB00131 DB00811 DB07173 DB07280","4","31.65","79","46","3","29","101","7","83","1.2","27.7"
"592746853","AHL43466.1","Aspartate aminotransferase","DB00114 DB00128 DB00142","3","29.11","79","37","2","47","122","98","160","1.3","27.7"
"592746853","AHL43466.1","Aspartate aminotransferase cytoplasmic","DB00114 DB00128 DB00142 DB00151 DB04299","5","29.11","79","37","2","47","122","97","159","1.3","27.7"
"592746853","AHL43466.1","S-methyl-5'-thioadenosine phosphorylase","DB00173 DB02158 DB02281 DB02282 DB02933","5","28.33","60","43","0","159","218","161","220","2.3","26.9"
"592746853","AHL43466.1","Sucrose porin","DB02772","1","30","70","32","3","11","80","95","147","2.5","26.9"
"592746853","AHL43466.1","Genome polyprotein","DB04029 DB04634","2","31.11","45","28","1","130","171","762","806","2.7","26.9"
"592746853","AHL43466.1","Genome polyprotein","DB04029 DB04634","2","31.11","45","28","1","130","171","762","806","2.7","26.9"
"592746853","AHL43466.1","Peripheral plasma membrane protein CASK","DB01942","1","30","80","49","3","97","176","176","248","5.1","26.2"
"592746853","AHL43466.1","Citrate lyase subunit beta-like protein","DB02637","1","41.67","24","14","0","89","112","118","141","5.5","25.8"
"592746853","AHL43466.1","DNA polymerase catalytic subunit","DB00426 DB00787","2","31.37","51","31","1","57","103","17","67","8.5","25.4"
"592746853","AHL43466.1","Pseudolysin","DB02307","1","20.72","111","70","4","14","112","214","318","8.9","25"
"592746851","AHL43465.1","Genome polyprotein","DB04473","1","51.79","251","110","6","1","250","131","371","2.00E-79","261"
"592746851","AHL43465.1","Genome polyprotein","DB04473","1","53.94","241","100","5","1","240","411","641","1.00E-78","259"
"592746851","AHL43465.1","Genome polyprotein","DB01693 DB01752","2","51.39","251","111","6","1","250","411","651","5.00E-78","258"
"592746851","AHL43465.1","Genome polyprotein","DB04634","1","33.33","45","27","1","130","171","762","806","0.93","28.5"
"592746851","AHL43465.1","Adenosine kinase","DB00131 DB00811 DB07173 DB07280","4","31.65","79","46","3","29","101","7","83","1.2","27.7"
"592746851","AHL43465.1","Aspartate aminotransferase","DB00114 DB00128 DB00142","3","29.11","79","37","2","47","122","98","160","1.3","27.7"
"592746851","AHL43465.1","Aspartate aminotransferase cytoplasmic","DB00114 DB00128 DB00142 DB00151 DB04299","5","29.11","79","37","2","47","122","97","159","1.3","27.7"
"592746851","AHL43465.1","S-methyl-5'-thioadenosine phosphorylase","DB00173 DB02158 DB02281 DB02282 DB02933","5","28.33","60","43","0","159","218","161","220","2.3","26.9"
"592746851","AHL43465.1","Sucrose porin","DB02772","1","30","70","32","3","11","80","95","147","2.5","26.9"
"592746851","AHL43465.1","Genome polyprotein","DB04029 DB04634","2","31.11","45","28","1","130","171","762","806","2.7","26.9"
"592746851","AHL43465.1","Genome polyprotein","DB04029 DB04634","2","31.11","45","28","1","130","171","762","806","2.7","26.9"
"592746851","AHL43465.1","Peripheral plasma membrane protein CASK","DB01942","1","30","80","49","3","97","176","176","248","5.1","26.2"
"592746851","AHL43465.1","Citrate lyase subunit beta-like protein","DB02637","1","41.67","24","14","0","89","112","118","141","5.5","25.8"
"592746851","AHL43465.1","DNA polymerase catalytic subunit","DB00426 DB00787","2","31.37","51","31","1","57","103","17","67","8.5","25.4"
"592746851","AHL43465.1","Pseudolysin","DB02307","1","20.72","111","70","4","14","112","214","318","8.9","25"
"592746849","AHL43464.1","Genome polyprotein","DB04473","1","51.79","251","110","6","1","250","131","371","1.00E-78","258"
"592746849","AHL43464.1","Genome polyprotein","DB04473","1","53.53","241","101","5","1","240","411","641","1.00E-77","256"
"592746849","AHL43464.1","Genome polyprotein","DB01693 DB01752","2","51.39","251","111","6","1","250","411","651","4.00E-77","255"
"592746849","AHL43464.1","Aspartate aminotransferase cytoplasmic","DB00114 DB00128 DB00142 DB00151 DB04299","5","29.11","79","37","2","47","122","97","159","0.9","28.1"
"592746849","AHL43464.1","Genome polyprotein","DB04634","1","33.33","45","27","1","130","171","762","806","0.95","28.5"
"592746849","AHL43464.1","Aspartate aminotransferase","DB00114 DB00128 DB00142","3","29.11","79","37","2","47","122","98","160","0.96","28.1"
"592746849","AHL43464.1","N-arachidonyl glycine receptor","DB00145","1","36.17","47","30","0","59","105","166","212","1.8","27.3"
"592746849","AHL43464.1","Adenosine kinase","DB00131 DB00811 DB07173 DB07280","4","31.65","79","46","3","29","101","7","83","2.2","26.9"
"592746849","AHL43464.1","Sucrose porin","DB02772","1","30","70","32","3","11","80","95","147","2.5","26.9"
"592746849","AHL43464.1","S-methyl-5'-thioadenosine phosphorylase","DB00173 DB02158 DB02281 DB02282 DB02933","5","22.62","84","65","0","159","242","161","244","2.5","26.6"
"592746849","AHL43464.1","Genome polyprotein","DB04029 DB04634","2","31.11","45","28","1","130","171","762","806","2.6","26.9"
"592746849","AHL43464.1","Genome polyprotein","DB04029 DB04634","2","31.11","45","28","1","130","171","762","806","2.6","26.9"
"592746849","AHL43464.1","Aminopeptidase N","DB00973 DB06196","2","35.9","39","18","1","82","113","398","436","4.9","26.2"
"592746849","AHL43464.1","Peripheral plasma membrane protein CASK","DB01942","1","30","80","49","3","97","176","176","248","5.1","26.2"
"592746849","AHL43464.1","Citrate lyase subunit beta-like protein","DB02637","1","41.67","24","14","0","89","112","118","141","5.7","25.4"
"592746847","AHL43463.1","Genome polyprotein","DB04473","1","51.39","251","111","6","1","250","131","371","1.00E-78","258"
"592746847","AHL43463.1","Genome polyprotein","DB04473","1","53.11","241","102","5","1","240","411","641","2.00E-77","256"
"592746847","AHL43463.1","Genome polyprotein","DB01693 DB01752","2","51","251","112","6","1","250","411","651","6.00E-77","254"
"592746847","AHL43463.1","Genome polyprotein","DB04634","1","33.33","45","27","1","130","171","762","806","0.91","28.5"
"592746847","AHL43463.1","Sucrose porin","DB02772","1","30","70","32","3","11","80","95","147","2.1","27.3"
"592746847","AHL43463.1","S-methyl-5'-thioadenosine phosphorylase","DB00173 DB02158 DB02281 DB02282 DB02933","5","22.62","84","65","0","159","242","161","244","2.4","26.6"
"592746847","AHL43463.1","Genome polyprotein","DB04029 DB04634","2","31.11","45","28","1","130","171","762","806","2.5","26.9"
"592746847","AHL43463.1","Genome polyprotein","DB04029 DB04634","2","31.11","45","28","1","130","171","762","806","2.5","26.9"
"592746847","AHL43463.1","Aspartate aminotransferase cytoplasmic","DB00114 DB00128 DB00142 DB00151 DB04299","5","28.95","76","35","2","50","122","100","159","3.4","26.6"
"592746847","AHL43463.1","Aspartate aminotransferase","DB00114 DB00128 DB00142","3","28.95","76","35","2","50","122","101","160","3.5","26.6"
"592746847","AHL43463.1","GPI-linked NAD(P)(+)--arginine ADP-ribosyltransferase 1","DB01854","1","38.71","31","19","0","28","58","175","205","5.2","25.8"
"592746847","AHL43463.1","Peripheral plasma membrane protein CASK","DB01942","1","30","80","49","3","97","176","176","248","5.4","25.8"
"592746847","AHL43463.1","Citrate lyase subunit beta-like protein","DB02637","1","45.45","22","12","0","91","112","120","141","5.5","25.8"
"592746847","AHL43463.1","DNA polymerase catalytic subunit","DB00426 DB00787","2","31.37","51","31","1","57","103","17","67","8.7","25.4"
"592746845","AHL43462.1","Genome polyprotein","DB04473","1","50.6","251","113","6","1","250","131","371","5.00E-75","248"
"592746845","AHL43462.1","Genome polyprotein","DB04473","1","52.28","241","104","5","1","240","411","641","5.00E-74","246"
"592746845","AHL43462.1","Genome polyprotein","DB01693 DB01752","2","50.2","251","114","6","1","250","411","651","2.00E-73","244"
"592746845","AHL43462.1","S-methyl-5'-thioadenosine phosphorylase","DB00173 DB02158 DB02281 DB02282 DB02933","5","23.81","84","64","0","159","242","161","244","0.58","28.5"
"592746845","AHL43462.1","Aspartate aminotransferase cytoplasmic","DB00114 DB00128 DB00142 DB00151 DB04299","5","27.85","79","38","2","47","122","97","159","2.3","26.9"
"592746845","AHL43462.1","Aspartate aminotransferase","DB00114 DB00128 DB00142","3","27.85","79","38","2","47","122","98","160","2.4","26.9"
"592746845","AHL43462.1","Aminopeptidase N","DB00973 DB06196","2","38.46","39","17","1","82","113","398","436","2.7","26.9"
"592746845","AHL43462.1","N-arachidonyl glycine receptor","DB00145","1","34.04","47","31","0","59","105","166","212","3","26.6"
"592746845","AHL43462.1","Cellulase B","DB02379","1","26.67","90","54","2","102","179","208","297","3.3","26.6"
"592746845","AHL43462.1","Lysine--tRNA ligase","DB00123","1","43.33","30","17","0","138","167","2","31","5.2","25.8"
"592746843","AHL43461.1","Genome polyprotein","DB04473","1","51.79","251","110","6","1","250","131","371","2.00E-79","261"
"592746843","AHL43461.1","Genome polyprotein","DB04473","1","53.94","241","100","5","1","240","411","641","1.00E-78","259"
"592746843","AHL43461.1","Genome polyprotein","DB01693 DB01752","2","51.39","251","111","6","1","250","411","651","5.00E-78","258"
"592746843","AHL43461.1","Genome polyprotein","DB04634","1","33.33","45","27","1","130","171","762","806","0.93","28.5"
"592746843","AHL43461.1","Adenosine kinase","DB00131 DB00811 DB07173 DB07280","4","31.65","79","46","3","29","101","7","83","1.2","27.7"
"592746843","AHL43461.1","Aspartate aminotransferase","DB00114 DB00128 DB00142","3","29.11","79","37","2","47","122","98","160","1.3","27.7"
"592746843","AHL43461.1","Aspartate aminotransferase cytoplasmic","DB00114 DB00128 DB00142 DB00151 DB04299","5","29.11","79","37","2","47","122","97","159","1.3","27.7"
"592746843","AHL43461.1","S-methyl-5'-thioadenosine phosphorylase","DB00173 DB02158 DB02281 DB02282 DB02933","5","28.33","60","43","0","159","218","161","220","2.3","26.9"
"592746843","AHL43461.1","Sucrose porin","DB02772","1","30","70","32","3","11","80","95","147","2.5","26.9"
"592746843","AHL43461.1","Genome polyprotein","DB04029 DB04634","2","31.11","45","28","1","130","171","762","806","2.7","26.9"
"592746843","AHL43461.1","Genome polyprotein","DB04029 DB04634","2","31.11","45","28","1","130","171","762","806","2.7","26.9"
"592746843","AHL43461.1","Peripheral plasma membrane protein CASK","DB01942","1","30","80","49","3","97","176","176","248","5.1","26.2"
"592746843","AHL43461.1","Citrate lyase subunit beta-like protein","DB02637","1","41.67","24","14","0","89","112","118","141","5.5","25.8"
"592746843","AHL43461.1","DNA polymerase catalytic subunit","DB00426 DB00787","2","31.37","51","31","1","57","103","17","67","8.5","25.4"
"592746843","AHL43461.1","Pseudolysin","DB02307","1","20.72","111","70","4","14","112","214","318","8.9","25"
"592746841","AHL43460.1","Genome polyprotein","DB04473","1","50.6","251","113","5","1","250","131","371","3.00E-79","260"
"592746841","AHL43460.1","Genome polyprotein","DB04473","1","53.53","241","101","5","1","240","411","641","1.00E-78","259"
"592746841","AHL43460.1","Genome polyprotein","DB01693 DB01752","2","50.2","251","114","5","1","250","411","651","1.00E-77","257"
"592746841","AHL43460.1","Genome polyprotein","DB04634","1","33.33","45","27","1","130","171","762","806","0.98","28.5"
"592746841","AHL43460.1","Adenosine kinase","DB00131 DB00811 DB07173 DB07280","4","31.65","79","46","3","29","101","7","83","1.2","27.7"
"592746841","AHL43460.1","Aspartate aminotransferase cytoplasmic","DB00114 DB00128 DB00142 DB00151 DB04299","5","29.11","79","37","2","47","122","97","159","1.3","27.7"
"592746841","AHL43460.1","Aspartate aminotransferase","DB00114 DB00128 DB00142","3","29.11","79","37","2","47","122","98","160","1.3","27.7"
"592746841","AHL43460.1","S-methyl-5'-thioadenosine phosphorylase","DB00173 DB02158 DB02281 DB02282 DB02933","5","28.33","60","43","0","159","218","161","220","2.5","26.6"
"592746841","AHL43460.1","Genome polyprotein","DB04029 DB04634","2","31.11","45","28","1","130","171","762","806","2.6","26.9"
"592746841","AHL43460.1","Genome polyprotein","DB04029 DB04634","2","31.11","45","28","1","130","171","762","806","2.7","26.9"
"592746841","AHL43460.1","Peripheral plasma membrane protein CASK","DB01942","1","30","80","49","3","97","176","176","248","5","26.2"
"592746841","AHL43460.1","Citrate lyase subunit beta-like protein","DB02637","1","41.67","24","14","0","89","112","118","141","5.7","25.4"
"592746841","AHL43460.1","Sucrose porin","DB02772","1","30","70","32","3","11","80","95","147","6.2","25.8"
"592746841","AHL43460.1","DNA polymerase catalytic subunit","DB00426 DB00787","2","31.37","51","31","1","57","103","17","67","8.5","25.4"
"592746839","AHL43459.1","Genome polyprotein","DB04473","1","50.6","251","113","5","2","251","132","372","4.00E-80","263"
"592746839","AHL43459.1","Genome polyprotein","DB04473","1","52.8","250","105","6","3","251","413","650","2.00E-79","261"
"592746839","AHL43459.1","Genome polyprotein","DB01693 DB01752","2","50.2","251","114","5","2","251","412","652","2.00E-78","259"
"592746839","AHL43459.1","Genome polyprotein","DB04634","1","33.33","45","27","1","130","171","762","806","0.94","28.5"
"592746839","AHL43459.1","Aspartate aminotransferase cytoplasmic","DB00114 DB00128 DB00142 DB00151 DB04299","5","29.11","79","37","2","47","122","97","159","1.2","27.7"
"592746839","AHL43459.1","Aspartate aminotransferase","DB00114 DB00128 DB00142","3","29.11","79","37","2","47","122","98","160","1.3","27.7"
"592746839","AHL43459.1","Adenosine kinase","DB00131 DB00811 DB07173 DB07280","4","32.43","74","42","3","34","101","12","83","1.4","27.7"
"592746839","AHL43459.1","S-methyl-5'-thioadenosine phosphorylase","DB00173 DB02158 DB02281 DB02282 DB02933","5","28.33","60","43","0","159","218","161","220","2.2","26.9"
"592746839","AHL43459.1","Genome polyprotein","DB04029 DB04634","2","31.11","45","28","1","130","171","762","806","2.7","26.9"
"592746839","AHL43459.1","Genome polyprotein","DB04029 DB04634","2","31.11","45","28","1","130","171","762","806","2.7","26.9"
"592746839","AHL43459.1","Citrate lyase subunit beta-like protein","DB02637","1","41.67","24","14","0","89","112","118","141","5.2","25.8"
"592746839","AHL43459.1","Sucrose porin","DB02772","1","30","70","32","3","11","80","95","147","6","25.8"
"592746839","AHL43459.1","Peripheral plasma membrane protein CASK","DB01942","1","30","80","49","3","97","176","176","248","6.5","25.8"
"592746839","AHL43459.1","DNA polymerase catalytic subunit","DB00426 DB00787","2","31.37","51","31","1","57","103","17","67","8.8","25.4"
"592746837","AHL43458.1","Genome polyprotein","DB04473","1","50.6","251","113","5","2","251","132","372","4.00E-80","263"
"592746837","AHL43458.1","Genome polyprotein","DB04473","1","52.8","250","105","6","3","251","413","650","2.00E-79","261"
"592746837","AHL43458.1","Genome polyprotein","DB01693 DB01752","2","50.2","251","114","5","2","251","412","652","2.00E-78","259"
"592746837","AHL43458.1","Genome polyprotein","DB04634","1","33.33","45","27","1","130","171","762","806","0.94","28.5"
"592746837","AHL43458.1","Aspartate aminotransferase cytoplasmic","DB00114 DB00128 DB00142 DB00151 DB04299","5","29.11","79","37","2","47","122","97","159","1.2","27.7"
"592746837","AHL43458.1","Aspartate aminotransferase","DB00114 DB00128 DB00142","3","29.11","79","37","2","47","122","98","160","1.3","27.7"
"592746837","AHL43458.1","Adenosine kinase","DB00131 DB00811 DB07173 DB07280","4","32.43","74","42","3","34","101","12","83","1.4","27.7"
"592746837","AHL43458.1","S-methyl-5'-thioadenosine phosphorylase","DB00173 DB02158 DB02281 DB02282 DB02933","5","28.33","60","43","0","159","218","161","220","2.2","26.9"
"592746837","AHL43458.1","Genome polyprotein","DB04029 DB04634","2","31.11","45","28","1","130","171","762","806","2.7","26.9"
"592746837","AHL43458.1","Genome polyprotein","DB04029 DB04634","2","31.11","45","28","1","130","171","762","806","2.7","26.9"
"592746837","AHL43458.1","Citrate lyase subunit beta-like protein","DB02637","1","41.67","24","14","0","89","112","118","141","5.2","25.8"
"592746837","AHL43458.1","Sucrose porin","DB02772","1","30","70","32","3","11","80","95","147","6","25.8"
"592746837","AHL43458.1","Peripheral plasma membrane protein CASK","DB01942","1","30","80","49","3","97","176","176","248","6.5","25.8"
"592746837","AHL43458.1","DNA polymerase catalytic subunit","DB00426 DB00787","2","31.37","51","31","1","57","103","17","67","8.8","25.4"
"592746835","AHL43457.1","Genome polyprotein","DB04473","1","52.03","246","111","5","1","245","411","650","3.00E-78","258"
"592746835","AHL43457.1","Genome polyprotein","DB04473","1","50.4","248","114","6","1","245","131","372","2.00E-77","254"
"592746835","AHL43457.1","Genome polyprotein","DB01693 DB01752","2","50","248","115","6","1","245","411","652","9.00E-76","251"
"592746835","AHL43457.1","S-methyl-5'-thioadenosine phosphorylase","DB00173 DB02158 DB02281 DB02282 DB02933","5","25","84","63","0","153","236","161","244","0.45","28.9"
"592746835","AHL43457.1","Aspartate aminotransferase","DB00114 DB00128 DB00142","3","29.11","79","37","2","41","116","98","160","1.2","27.7"
"592746835","AHL43457.1","Aspartate aminotransferase cytoplasmic","DB00114 DB00128 DB00142 DB00151 DB04299","5","29.11","79","37","2","41","116","97","159","1.2","27.7"
"592746835","AHL43457.1","Adenosine kinase","DB00131 DB00811 DB07173 DB07280","4","32.43","74","42","3","28","95","12","83","1.3","27.7"
"592746835","AHL43457.1","Lysine--tRNA ligase","DB00123","1","43.33","30","17","0","132","161","2","31","2.6","26.9"
"592746835","AHL43457.1","Citrate lyase subunit beta-like protein","DB02637","1","45.45","22","12","0","85","106","120","141","5.4","25.8"
"592746835","AHL43457.1","DNA polymerase catalytic subunit","DB00426 DB00787","2","31.37","51","31","1","51","97","17","67","8.3","25.4"
"592746833","AHL43456.1","Genome polyprotein","DB04473","1","51.59","252","111","6","1","251","131","372","4.00E-80","263"
"592746833","AHL43456.1","Genome polyprotein","DB04473","1","52.78","252","106","6","1","251","411","650","4.00E-79","261"
"592746833","AHL43456.1","Genome polyprotein","DB01693 DB01752","2","51.19","252","112","6","1","251","411","652","1.00E-78","259"
"592746833","AHL43456.1","Genome polyprotein","DB04634","1","33.33","45","27","1","130","171","762","806","0.97","28.5"
"592746833","AHL43456.1","Aspartate aminotransferase","DB00114 DB00128 DB00142","3","29.11","79","37","2","47","122","98","160","1.2","27.7"
"592746833","AHL43456.1","Aspartate aminotransferase cytoplasmic","DB00114 DB00128 DB00142 DB00151 DB04299","5","29.11","79","37","2","47","122","97","159","1.2","27.7"
"592746833","AHL43456.1","Adenosine kinase","DB00131 DB00811 DB07173 DB07280","4","32.43","74","42","3","34","101","12","83","1.3","27.7"
"592746833","AHL43456.1","S-methyl-5'-thioadenosine phosphorylase","DB00173 DB02158 DB02281 DB02282 DB02933","5","23.81","84","64","0","159","242","161","244","1.6","27.3"
"592746833","AHL43456.1","Sucrose porin","DB02772","1","30","70","32","3","11","80","95","147","2.4","26.9"
"592746833","AHL43456.1","Genome polyprotein","DB04029 DB04634","2","31.11","45","28","1","130","171","762","806","2.8","26.9"
"592746833","AHL43456.1","Genome polyprotein","DB04029 DB04634","2","31.11","45","28","1","130","171","762","806","2.8","26.9"
"592746833","AHL43456.1","Citrate lyase subunit beta-like protein","DB02637","1","41.67","24","14","0","89","112","118","141","5.1","25.8"
"592746833","AHL43456.1","Peripheral plasma membrane protein CASK","DB01942","1","30","80","49","3","97","176","176","248","5.8","25.8"
"592746833","AHL43456.1","Pseudolysin","DB02307","1","20.51","117","75","4","8","112","208","318","7.4","25.4"
"592746833","AHL43456.1","DNA polymerase catalytic subunit","DB00426 DB00787","2","31.37","51","31","1","57","103","17","67","9","25.4"
"592746831","AHL43455.1","Genome polyprotein","DB04473","1","50.4","252","114","5","1","251","131","372","3.00E-80","263"
"592746831","AHL43455.1","Genome polyprotein","DB04473","1","52.78","252","106","6","1","251","411","650","1.00E-79","262"
"592746831","AHL43455.1","Genome polyprotein","DB01693 DB01752","2","50","252","115","5","1","251","411","652","2.00E-78","259"
"592746831","AHL43455.1","Genome polyprotein","DB04634","1","33.33","45","27","1","130","171","762","806","0.96","28.5"
"592746831","AHL43455.1","Aspartate aminotransferase cytoplasmic","DB00114 DB00128 DB00142 DB00151 DB04299","5","29.11","79","37","2","47","122","97","159","1.2","27.7"
"592746831","AHL43455.1","Aspartate aminotransferase","DB00114 DB00128 DB00142","3","29.11","79","37","2","47","122","98","160","1.2","27.7"
"592746831","AHL43455.1","Adenosine kinase","DB00131 DB00811 DB07173 DB07280","4","32.43","74","42","3","34","101","12","83","1.4","27.7"
"592746831","AHL43455.1","S-methyl-5'-thioadenosine phosphorylase","DB00173 DB02158 DB02281 DB02282 DB02933","5","23.81","84","64","0","159","242","161","244","1.6","27.3"
"592746831","AHL43455.1","Genome polyprotein","DB04029 DB04634","2","31.11","45","28","1","130","171","762","806","2.8","26.9"
"592746831","AHL43455.1","Genome polyprotein","DB04029 DB04634","2","31.11","45","28","1","130","171","762","806","2.8","26.9"
"592746831","AHL43455.1","Citrate lyase subunit beta-like protein","DB02637","1","41.67","24","14","0","89","112","118","141","5.2","25.8"
"592746831","AHL43455.1","Peripheral plasma membrane protein CASK","DB01942","1","30","80","49","3","97","176","176","248","6","25.8"
"592746831","AHL43455.1","Sucrose porin","DB02772","1","30","70","32","3","11","80","95","147","6.1","25.8"
"592746831","AHL43455.1","DNA polymerase catalytic subunit","DB00426 DB00787","2","31.37","51","31","1","57","103","17","67","8.7","25.4"
"592746829","AHL43454.1","Genome polyprotein","DB04473","1","51.59","252","111","6","1","251","131","372","4.00E-80","263"
"592746829","AHL43454.1","Genome polyprotein","DB04473","1","52.78","252","106","6","1","251","411","650","4.00E-79","261"
"592746829","AHL43454.1","Genome polyprotein","DB01693 DB01752","2","51.19","252","112","6","1","251","411","652","1.00E-78","259"
"592746829","AHL43454.1","Genome polyprotein","DB04634","1","33.33","45","27","1","130","171","762","806","0.97","28.5"
"592746829","AHL43454.1","Aspartate aminotransferase","DB00114 DB00128 DB00142","3","29.11","79","37","2","47","122","98","160","1.2","27.7"
"592746829","AHL43454.1","Aspartate aminotransferase cytoplasmic","DB00114 DB00128 DB00142 DB00151 DB04299","5","29.11","79","37","2","47","122","97","159","1.2","27.7"
"592746829","AHL43454.1","Adenosine kinase","DB00131 DB00811 DB07173 DB07280","4","32.43","74","42","3","34","101","12","83","1.3","27.7"
"592746829","AHL43454.1","S-methyl-5'-thioadenosine phosphorylase","DB00173 DB02158 DB02281 DB02282 DB02933","5","23.81","84","64","0","159","242","161","244","1.6","27.3"
"592746829","AHL43454.1","Sucrose porin","DB02772","1","30","70","32","3","11","80","95","147","2.4","26.9"
"592746829","AHL43454.1","Genome polyprotein","DB04029 DB04634","2","31.11","45","28","1","130","171","762","806","2.8","26.9"
"592746829","AHL43454.1","Genome polyprotein","DB04029 DB04634","2","31.11","45","28","1","130","171","762","806","2.8","26.9"
"592746829","AHL43454.1","Citrate lyase subunit beta-like protein","DB02637","1","41.67","24","14","0","89","112","118","141","5.1","25.8"
"592746829","AHL43454.1","Peripheral plasma membrane protein CASK","DB01942","1","30","80","49","3","97","176","176","248","5.8","25.8"
"592746829","AHL43454.1","Pseudolysin","DB02307","1","20.51","117","75","4","8","112","208","318","7.4","25.4"
"592746829","AHL43454.1","DNA polymerase catalytic subunit","DB00426 DB00787","2","31.37","51","31","1","57","103","17","67","9","25.4"
"592746827","AHL43453.1","Genome polyprotein","DB04473","1","52.38","252","107","6","1","251","411","650","5.00E-79","260"
"592746827","AHL43453.1","Genome polyprotein","DB04473","1","49.6","252","116","5","1","251","131","372","1.00E-78","258"
"592746827","AHL43453.1","Genome polyprotein","DB01693 DB01752","2","49.21","252","117","5","1","251","411","652","6.00E-77","254"
"592746827","AHL43453.1","Genome polyprotein","DB04634","1","33.33","45","27","1","130","171","762","806","1","28.1"
"592746827","AHL43453.1","S-methyl-5'-thioadenosine phosphorylase","DB00173 DB02158 DB02281 DB02282 DB02933","5","23.81","84","64","0","159","242","161","244","1.5","27.3"
"592746827","AHL43453.1","Genome polyprotein","DB04029 DB04634","2","31.11","45","28","1","130","171","762","806","2.9","26.9"
"592746827","AHL43453.1","Genome polyprotein","DB04029 DB04634","2","31.11","45","28","1","130","171","762","806","2.9","26.9"
"592746827","AHL43453.1","Sucrose porin","DB02772","1","30","70","32","3","11","80","95","147","3.6","26.6"
"592746827","AHL43453.1","Peripheral plasma membrane protein CASK","DB01942","1","31.25","80","48","3","97","176","176","248","5","26.2"
"592746827","AHL43453.1","Citrate lyase subunit beta-like protein","DB02637","1","41.67","24","14","0","89","112","118","141","5.3","25.8"
"592746827","AHL43453.1","Pseudolysin","DB02307","1","20.51","117","75","4","8","112","208","318","5.9","25.8"
"592746827","AHL43453.1","Cathepsin K","DB01858 DB02869 DB03405 DB03456 DB03642 DB03891 DB04234 DB04244 DB04523 DB05736 DB07563 DB07592 DB07593 DB07965 DB07967 DB08270 DB08287 DB08594","18","28.99","69","41","2","27","87","230","298","7","25.4"
"592746827","AHL43453.1","DNA polymerase catalytic subunit","DB00426 DB00787","2","31.37","51","31","1","57","103","17","67","8.9","25.4"
"592746825","AHL43452.1","Genome polyprotein","DB04473","1","50.4","252","114","5","1","251","131","372","5.00E-80","262"
"592746825","AHL43452.1","Genome polyprotein","DB04473","1","52.78","252","106","6","1","251","411","650","2.00E-79","262"
"592746825","AHL43452.1","Genome polyprotein","DB01693 DB01752","2","50","252","115","5","1","251","411","652","2.00E-78","258"
"592746825","AHL43452.1","Genome polyprotein","DB04634","1","33.33","45","27","1","130","171","762","806","1","28.1"
"592746825","AHL43452.1","Aspartate aminotransferase cytoplasmic","DB00114 DB00128 DB00142 DB00151 DB04299","5","29.11","79","37","2","47","122","97","159","1.3","27.7"
"592746825","AHL43452.1","Aspartate aminotransferase","DB00114 DB00128 DB00142","3","29.11","79","37","2","47","122","98","160","1.3","27.7"
"592746825","AHL43452.1","Adenosine kinase","DB00131 DB00811 DB07173 DB07280","4","32.43","74","42","3","34","101","12","83","1.3","27.7"
"592746825","AHL43452.1","S-methyl-5'-thioadenosine phosphorylase","DB00173 DB02158 DB02281 DB02282 DB02933","5","23.81","84","64","0","159","242","161","244","1.6","27.3"
"592746825","AHL43452.1","Genome polyprotein","DB04029 DB04634","2","31.11","45","28","1","130","171","762","806","2.9","26.9"
"592746825","AHL43452.1","Genome polyprotein","DB04029 DB04634","2","31.11","45","28","1","130","171","762","806","2.9","26.9"
"592746825","AHL43452.1","Citrate lyase subunit beta-like protein","DB02637","1","41.67","24","14","0","89","112","118","141","5.5","25.8"
"592746825","AHL43452.1","Sucrose porin","DB02772","1","30","70","32","3","11","80","95","147","5.9","25.8"
"592746825","AHL43452.1","Peripheral plasma membrane protein CASK","DB01942","1","30","80","49","3","97","176","176","248","6.3","25.8"
"592746825","AHL43452.1","DNA polymerase catalytic subunit","DB00426 DB00787","2","31.37","51","31","1","57","103","17","67","9","25.4"
"592746823","AHL43451.1","Genome polyprotein","DB04473","1","50.4","252","114","5","1","251","131","372","5.00E-80","262"
"592746823","AHL43451.1","Genome polyprotein","DB04473","1","52.78","252","106","6","1","251","411","650","2.00E-79","262"
"592746823","AHL43451.1","Genome polyprotein","DB01693 DB01752","2","50","252","115","5","1","251","411","652","2.00E-78","258"
"592746823","AHL43451.1","Genome polyprotein","DB04634","1","33.33","45","27","1","130","171","762","806","1","28.1"
"592746823","AHL43451.1","Aspartate aminotransferase cytoplasmic","DB00114 DB00128 DB00142 DB00151 DB04299","5","29.11","79","37","2","47","122","97","159","1.3","27.7"
"592746823","AHL43451.1","Aspartate aminotransferase","DB00114 DB00128 DB00142","3","29.11","79","37","2","47","122","98","160","1.3","27.7"
"592746823","AHL43451.1","Adenosine kinase","DB00131 DB00811 DB07173 DB07280","4","32.43","74","42","3","34","101","12","83","1.3","27.7"
"592746823","AHL43451.1","S-methyl-5'-thioadenosine phosphorylase","DB00173 DB02158 DB02281 DB02282 DB02933","5","23.81","84","64","0","159","242","161","244","1.6","27.3"
"592746823","AHL43451.1","Genome polyprotein","DB04029 DB04634","2","31.11","45","28","1","130","171","762","806","2.9","26.9"
"592746823","AHL43451.1","Genome polyprotein","DB04029 DB04634","2","31.11","45","28","1","130","171","762","806","2.9","26.9"
"592746823","AHL43451.1","Citrate lyase subunit beta-like protein","DB02637","1","41.67","24","14","0","89","112","118","141","5.5","25.8"
"592746823","AHL43451.1","Sucrose porin","DB02772","1","30","70","32","3","11","80","95","147","5.9","25.8"
"592746823","AHL43451.1","Peripheral plasma membrane protein CASK","DB01942","1","30","80","49","3","97","176","176","248","6.3","25.8"
"592746823","AHL43451.1","DNA polymerase catalytic subunit","DB00426 DB00787","2","31.37","51","31","1","57","103","17","67","9","25.4"
"592746821","AHL43450.1","Genome polyprotein","DB04473","1","50.4","252","114","5","1","251","131","372","1.00E-79","261"
"592746821","AHL43450.1","Genome polyprotein","DB04473","1","52.78","252","106","6","1","251","411","650","5.00E-79","260"
"592746821","AHL43450.1","Genome polyprotein","DB01693 DB01752","2","50","252","115","5","1","251","411","652","7.00E-78","257"
"592746821","AHL43450.1","Genome polyprotein","DB04634","1","33.33","45","27","1","130","171","762","806","0.98","28.5"
"592746821","AHL43450.1","Aspartate aminotransferase","DB00114 DB00128 DB00142","3","29.11","79","37","2","47","122","98","160","1.2","27.7"
"592746821","AHL43450.1","Aspartate aminotransferase cytoplasmic","DB00114 DB00128 DB00142 DB00151 DB04299","5","29.11","79","37","2","47","122","97","159","1.2","27.7"
"592746821","AHL43450.1","Adenosine kinase","DB00131 DB00811 DB07173 DB07280","4","32.43","74","42","3","34","101","12","83","1.3","27.7"
"592746821","AHL43450.1","Genome polyprotein","DB04029 DB04634","2","31.11","45","28","1","130","171","762","806","2.6","26.9"
"592746821","AHL43450.1","Genome polyprotein","DB04029 DB04634","2","31.11","45","28","1","130","171","762","806","2.7","26.9"
"592746821","AHL43450.1","S-methyl-5'-thioadenosine phosphorylase","DB00173 DB02158 DB02281 DB02282 DB02933","5","22.62","84","65","0","159","242","161","244","5","25.8"
"592746821","AHL43450.1","Dihydropyrimidine dehydrogenase [NADP(+)]","DB02303 DB02338 DB03048 DB03147 DB03247 DB03419 DB03516 DB03554","8","30.88","68","42","2","145","207","869","936","5.3","25.8"
"592746821","AHL43450.1","Sucrose porin","DB02772","1","30","70","32","3","11","80","95","147","5.4","25.8"
"592746821","AHL43450.1","Citrate lyase subunit beta-like protein","DB02637","1","41.67","24","14","0","89","112","118","141","5.7","25.4"
"592746821","AHL43450.1","Peripheral plasma membrane protein CASK","DB01942","1","30","80","49","3","97","176","176","248","6.8","25.8"
"592746821","AHL43450.1","DNA polymerase catalytic subunit","DB00426 DB00787","2","31.37","51","31","1","57","103","17","67","8.8","25.4"
"592746819","AHL43449.1","Genome polyprotein","DB04473","1","51.19","252","112","6","1","251","131","372","4.00E-79","259"
"592746819","AHL43449.1","Genome polyprotein","DB04473","1","52.38","252","107","6","1","251","411","650","6.00E-78","258"
"592746819","AHL43449.1","Genome polyprotein","DB01693 DB01752","2","50.79","252","113","6","1","251","411","652","2.00E-77","256"
"592746819","AHL43449.1","Genome polyprotein","DB04634","1","33.33","45","27","1","130","171","762","806","1.1","28.1"
"592746819","AHL43449.1","Aspartate aminotransferase cytoplasmic","DB00114 DB00128 DB00142 DB00151 DB04299","5","29.11","79","37","2","47","122","97","159","1.3","27.7"
"592746819","AHL43449.1","Aspartate aminotransferase","DB00114 DB00128 DB00142","3","29.11","79","37","2","47","122","98","160","1.3","27.7"
"592746819","AHL43449.1","Adenosine kinase","DB00131 DB00811 DB07173 DB07280","4","32.43","74","42","3","34","101","12","83","1.4","27.7"
"592746819","AHL43449.1","S-methyl-5'-thioadenosine phosphorylase","DB00173 DB02158 DB02281 DB02282 DB02933","5","23.81","84","64","0","159","242","161","244","1.7","27.3"
"592746819","AHL43449.1","Genome polyprotein","DB04029 DB04634","2","31.11","45","28","1","130","171","762","806","2.9","26.9"
"592746819","AHL43449.1","Genome polyprotein","DB04029 DB04634","2","31.11","45","28","1","130","171","762","806","2.9","26.9"
"592746819","AHL43449.1","Citrate lyase subunit beta-like protein","DB02637","1","45.45","22","12","0","91","112","120","141","5.4","25.8"
"592746819","AHL43449.1","Peripheral plasma membrane protein CASK","DB01942","1","30","80","49","3","97","176","176","248","6.2","25.8"
"592746819","AHL43449.1","DNA polymerase catalytic subunit","DB00426 DB00787","2","31.37","51","31","1","57","103","17","67","9.1","25.4"
"592746817","AHL43448.1","Genome polyprotein","DB04473","1","51.19","252","112","6","1","251","131","372","4.00E-79","259"
"592746817","AHL43448.1","Genome polyprotein","DB04473","1","52.38","252","107","6","1","251","411","650","6.00E-78","258"
"592746817","AHL43448.1","Genome polyprotein","DB01693 DB01752","2","50.79","252","113","6","1","251","411","652","2.00E-77","256"
"592746817","AHL43448.1","Genome polyprotein","DB04634","1","33.33","45","27","1","130","171","762","806","1.1","28.1"
"592746817","AHL43448.1","Aspartate aminotransferase cytoplasmic","DB00114 DB00128 DB00142 DB00151 DB04299","5","29.11","79","37","2","47","122","97","159","1.3","27.7"
"592746817","AHL43448.1","Aspartate aminotransferase","DB00114 DB00128 DB00142","3","29.11","79","37","2","47","122","98","160","1.3","27.7"
"592746817","AHL43448.1","Adenosine kinase","DB00131 DB00811 DB07173 DB07280","4","32.43","74","42","3","34","101","12","83","1.4","27.7"
"592746817","AHL43448.1","S-methyl-5'-thioadenosine phosphorylase","DB00173 DB02158 DB02281 DB02282 DB02933","5","23.81","84","64","0","159","242","161","244","1.7","27.3"
"592746817","AHL43448.1","Genome polyprotein","DB04029 DB04634","2","31.11","45","28","1","130","171","762","806","2.9","26.9"
"592746817","AHL43448.1","Genome polyprotein","DB04029 DB04634","2","31.11","45","28","1","130","171","762","806","2.9","26.9"
"592746817","AHL43448.1","Citrate lyase subunit beta-like protein","DB02637","1","45.45","22","12","0","91","112","120","141","5.4","25.8"
"592746817","AHL43448.1","Peripheral plasma membrane protein CASK","DB01942","1","30","80","49","3","97","176","176","248","6.2","25.8"
"592746817","AHL43448.1","DNA polymerase catalytic subunit","DB00426 DB00787","2","31.37","51","31","1","57","103","17","67","9.1","25.4"
"592746815","AHL43447.1","Genome polyprotein","DB04473","1","51.59","252","111","6","1","251","131","372","4.00E-80","263"
"592746815","AHL43447.1","Genome polyprotein","DB04473","1","52.78","252","106","6","1","251","411","650","4.00E-79","261"
"592746815","AHL43447.1","Genome polyprotein","DB01693 DB01752","2","51.19","252","112","6","1","251","411","652","1.00E-78","259"
"592746815","AHL43447.1","Genome polyprotein","DB04634","1","33.33","45","27","1","130","171","762","806","0.97","28.5"
"592746815","AHL43447.1","Aspartate aminotransferase","DB00114 DB00128 DB00142","3","29.11","79","37","2","47","122","98","160","1.2","27.7"
"592746815","AHL43447.1","Aspartate aminotransferase cytoplasmic","DB00114 DB00128 DB00142 DB00151 DB04299","5","29.11","79","37","2","47","122","97","159","1.2","27.7"
"592746815","AHL43447.1","Adenosine kinase","DB00131 DB00811 DB07173 DB07280","4","32.43","74","42","3","34","101","12","83","1.3","27.7"
"592746815","AHL43447.1","S-methyl-5'-thioadenosine phosphorylase","DB00173 DB02158 DB02281 DB02282 DB02933","5","23.81","84","64","0","159","242","161","244","1.6","27.3"
"592746815","AHL43447.1","Sucrose porin","DB02772","1","30","70","32","3","11","80","95","147","2.4","26.9"
"592746815","AHL43447.1","Genome polyprotein","DB04029 DB04634","2","31.11","45","28","1","130","171","762","806","2.8","26.9"
"592746815","AHL43447.1","Genome polyprotein","DB04029 DB04634","2","31.11","45","28","1","130","171","762","806","2.8","26.9"
"592746815","AHL43447.1","Citrate lyase subunit beta-like protein","DB02637","1","41.67","24","14","0","89","112","118","141","5.1","25.8"
"592746815","AHL43447.1","Peripheral plasma membrane protein CASK","DB01942","1","30","80","49","3","97","176","176","248","5.8","25.8"
"592746815","AHL43447.1","Pseudolysin","DB02307","1","20.51","117","75","4","8","112","208","318","7.4","25.4"
"592746815","AHL43447.1","DNA polymerase catalytic subunit","DB00426 DB00787","2","31.37","51","31","1","57","103","17","67","9","25.4"
"592746813","AHL43446.1","Genome polyprotein","DB04473","1","51.59","252","111","6","1","251","131","372","4.00E-80","263"
"592746813","AHL43446.1","Genome polyprotein","DB04473","1","52.78","252","106","6","1","251","411","650","4.00E-79","261"
"592746813","AHL43446.1","Genome polyprotein","DB01693 DB01752","2","51.19","252","112","6","1","251","411","652","1.00E-78","259"
"592746813","AHL43446.1","Genome polyprotein","DB04634","1","33.33","45","27","1","130","171","762","806","0.97","28.5"
"592746813","AHL43446.1","Aspartate aminotransferase","DB00114 DB00128 DB00142","3","29.11","79","37","2","47","122","98","160","1.2","27.7"
"592746813","AHL43446.1","Aspartate aminotransferase cytoplasmic","DB00114 DB00128 DB00142 DB00151 DB04299","5","29.11","79","37","2","47","122","97","159","1.2","27.7"
"592746813","AHL43446.1","Adenosine kinase","DB00131 DB00811 DB07173 DB07280","4","32.43","74","42","3","34","101","12","83","1.3","27.7"
"592746813","AHL43446.1","S-methyl-5'-thioadenosine phosphorylase","DB00173 DB02158 DB02281 DB02282 DB02933","5","23.81","84","64","0","159","242","161","244","1.6","27.3"
"592746813","AHL43446.1","Sucrose porin","DB02772","1","30","70","32","3","11","80","95","147","2.4","26.9"
"592746813","AHL43446.1","Genome polyprotein","DB04029 DB04634","2","31.11","45","28","1","130","171","762","806","2.8","26.9"
"592746813","AHL43446.1","Genome polyprotein","DB04029 DB04634","2","31.11","45","28","1","130","171","762","806","2.8","26.9"
"592746813","AHL43446.1","Citrate lyase subunit beta-like protein","DB02637","1","41.67","24","14","0","89","112","118","141","5.1","25.8"
"592746813","AHL43446.1","Peripheral plasma membrane protein CASK","DB01942","1","30","80","49","3","97","176","176","248","5.8","25.8"
"592746813","AHL43446.1","Pseudolysin","DB02307","1","20.51","117","75","4","8","112","208","318","7.4","25.4"
"592746813","AHL43446.1","DNA polymerase catalytic subunit","DB00426 DB00787","2","31.37","51","31","1","57","103","17","67","9","25.4"
"592746811","AHL43445.1","Genome polyprotein","DB04473","1","51.59","252","111","6","1","251","131","372","4.00E-80","263"
"592746811","AHL43445.1","Genome polyprotein","DB04473","1","52.78","252","106","6","1","251","411","650","4.00E-79","261"
"592746811","AHL43445.1","Genome polyprotein","DB01693 DB01752","2","51.19","252","112","6","1","251","411","652","1.00E-78","259"
"592746811","AHL43445.1","Genome polyprotein","DB04634","1","33.33","45","27","1","130","171","762","806","0.97","28.5"
"592746811","AHL43445.1","Aspartate aminotransferase","DB00114 DB00128 DB00142","3","29.11","79","37","2","47","122","98","160","1.2","27.7"
"592746811","AHL43445.1","Aspartate aminotransferase cytoplasmic","DB00114 DB00128 DB00142 DB00151 DB04299","5","29.11","79","37","2","47","122","97","159","1.2","27.7"
"592746811","AHL43445.1","Adenosine kinase","DB00131 DB00811 DB07173 DB07280","4","32.43","74","42","3","34","101","12","83","1.3","27.7"
"592746811","AHL43445.1","S-methyl-5'-thioadenosine phosphorylase","DB00173 DB02158 DB02281 DB02282 DB02933","5","23.81","84","64","0","159","242","161","244","1.6","27.3"
"592746811","AHL43445.1","Sucrose porin","DB02772","1","30","70","32","3","11","80","95","147","2.4","26.9"
"592746811","AHL43445.1","Genome polyprotein","DB04029 DB04634","2","31.11","45","28","1","130","171","762","806","2.8","26.9"
"592746811","AHL43445.1","Genome polyprotein","DB04029 DB04634","2","31.11","45","28","1","130","171","762","806","2.8","26.9"
"592746811","AHL43445.1","Citrate lyase subunit beta-like protein","DB02637","1","41.67","24","14","0","89","112","118","141","5.1","25.8"
"592746811","AHL43445.1","Peripheral plasma membrane protein CASK","DB01942","1","30","80","49","3","97","176","176","248","5.8","25.8"
"592746811","AHL43445.1","Pseudolysin","DB02307","1","20.51","117","75","4","8","112","208","318","7.4","25.4"
"592746811","AHL43445.1","DNA polymerase catalytic subunit","DB00426 DB00787","2","31.37","51","31","1","57","103","17","67","9","25.4"
"592746809","AHL43444.1","Genome polyprotein","DB04473","1","51.59","252","111","6","1","251","131","372","4.00E-80","263"
"592746809","AHL43444.1","Genome polyprotein","DB04473","1","52.78","252","106","6","1","251","411","650","4.00E-79","261"
"592746809","AHL43444.1","Genome polyprotein","DB01693 DB01752","2","51.19","252","112","6","1","251","411","652","1.00E-78","259"
"592746809","AHL43444.1","Genome polyprotein","DB04634","1","33.33","45","27","1","130","171","762","806","0.97","28.5"
"592746809","AHL43444.1","Aspartate aminotransferase","DB00114 DB00128 DB00142","3","29.11","79","37","2","47","122","98","160","1.2","27.7"
"592746809","AHL43444.1","Aspartate aminotransferase cytoplasmic","DB00114 DB00128 DB00142 DB00151 DB04299","5","29.11","79","37","2","47","122","97","159","1.2","27.7"
"592746809","AHL43444.1","Adenosine kinase","DB00131 DB00811 DB07173 DB07280","4","32.43","74","42","3","34","101","12","83","1.3","27.7"
"592746809","AHL43444.1","S-methyl-5'-thioadenosine phosphorylase","DB00173 DB02158 DB02281 DB02282 DB02933","5","23.81","84","64","0","159","242","161","244","1.6","27.3"
"592746809","AHL43444.1","Sucrose porin","DB02772","1","30","70","32","3","11","80","95","147","2.4","26.9"
"592746809","AHL43444.1","Genome polyprotein","DB04029 DB04634","2","31.11","45","28","1","130","171","762","806","2.8","26.9"
"592746809","AHL43444.1","Genome polyprotein","DB04029 DB04634","2","31.11","45","28","1","130","171","762","806","2.8","26.9"
"592746809","AHL43444.1","Citrate lyase subunit beta-like protein","DB02637","1","41.67","24","14","0","89","112","118","141","5.1","25.8"
"592746809","AHL43444.1","Peripheral plasma membrane protein CASK","DB01942","1","30","80","49","3","97","176","176","248","5.8","25.8"
"592746809","AHL43444.1","Pseudolysin","DB02307","1","20.51","117","75","4","8","112","208","318","7.4","25.4"
"592746809","AHL43444.1","DNA polymerase catalytic subunit","DB00426 DB00787","2","31.37","51","31","1","57","103","17","67","9","25.4"
"592746807","AHL43443.1","Genome polyprotein","DB04473","1","50.2","251","114","5","2","251","132","372","6.00E-79","259"
"592746807","AHL43443.1","Genome polyprotein","DB04473","1","52","250","107","6","3","251","413","650","7.00E-79","260"
"592746807","AHL43443.1","Genome polyprotein","DB01693 DB01752","2","49.8","251","115","5","2","251","412","652","2.00E-77","256"
"592746807","AHL43443.1","Genome polyprotein","DB04634","1","33.33","45","27","1","130","171","762","806","1.3","28.1"
"592746807","AHL43443.1","Adenosine kinase","DB00131 DB00811 DB07173 DB07280","4","32.43","74","42","3","34","101","12","83","1.3","27.7"
"592746807","AHL43443.1","Aspartate aminotransferase","DB00114 DB00128 DB00142","3","29.11","79","37","2","47","122","98","160","1.4","27.7"
"592746807","AHL43443.1","Aspartate aminotransferase cytoplasmic","DB00114 DB00128 DB00142 DB00151 DB04299","5","29.11","79","37","2","47","122","97","159","1.4","27.7"
"592746807","AHL43443.1","S-methyl-5'-thioadenosine phosphorylase","DB00173 DB02158 DB02281 DB02282 DB02933","5","22.62","84","65","0","159","242","161","244","1.5","27.3"
"592746807","AHL43443.1","Citrate lyase subunit beta-like protein","DB02637","1","45.45","22","12","0","91","112","120","141","5.6","25.8"
"592746807","AHL43443.1","Sucrose porin","DB02772","1","30","70","32","3","11","80","95","147","6.3","25.8"
"592746807","AHL43443.1","Peripheral plasma membrane protein CASK","DB01942","1","30","80","49","3","97","176","176","248","7.2","25.4"
"592746807","AHL43443.1","DNA polymerase catalytic subunit","DB00426 DB00787","2","31.37","51","31","1","57","103","17","67","8.7","25.4"
"592746807","AHL43443.1","Pseudolysin","DB02307","1","20.51","117","75","4","8","112","208","318","9.8","25"
"592746805","AHL43442.1","Genome polyprotein","DB04473","1","50.4","252","114","5","1","251","131","372","1.00E-79","261"
"592746805","AHL43442.1","Genome polyprotein","DB04473","1","51.98","252","108","6","1","251","411","650","3.00E-79","261"
"592746805","AHL43442.1","Genome polyprotein","DB01693 DB01752","2","50","252","115","5","1","251","411","652","4.00E-78","258"
"592746805","AHL43442.1","Aspartate aminotransferase","DB00114 DB00128 DB00142","3","29.11","79","37","2","47","122","98","160","1.3","27.7"
"592746805","AHL43442.1","Genome polyprotein","DB04634","1","33.33","45","27","1","130","171","762","806","1.3","28.1"
"592746805","AHL43442.1","Aspartate aminotransferase cytoplasmic","DB00114 DB00128 DB00142 DB00151 DB04299","5","29.11","79","37","2","47","122","97","159","1.4","27.7"
"592746805","AHL43442.1","Adenosine kinase","DB00131 DB00811 DB07173 DB07280","4","32.43","74","42","3","34","101","12","83","1.4","27.7"
"592746805","AHL43442.1","S-methyl-5'-thioadenosine phosphorylase","DB00173 DB02158 DB02281 DB02282 DB02933","5","28.33","60","43","0","159","218","161","220","1.5","27.3"
"592746805","AHL43442.1","Citrate lyase subunit beta-like protein","DB02637","1","45.45","22","12","0","91","112","120","141","5.6","25.8"
"592746805","AHL43442.1","Sucrose porin","DB02772","1","30","70","32","3","11","80","95","147","6.4","25.8"
"592746805","AHL43442.1","Peripheral plasma membrane protein CASK","DB01942","1","30","80","49","3","97","176","176","248","7.1","25.4"
"592746805","AHL43442.1","DNA polymerase catalytic subunit","DB00426 DB00787","2","31.37","51","31","1","57","103","17","67","8.9","25.4"
"592746805","AHL43442.1","Pseudolysin","DB02307","1","20.51","117","75","4","8","112","208","318","9.7","25"
"592746803","AHL43441.1","Genome polyprotein","DB04473","1","53.56","239","100","5","3","240","413","641","2.00E-78","259"
"592746803","AHL43441.1","Genome polyprotein","DB04473","1","49.6","250","115","5","2","250","132","371","4.00E-78","257"
"592746803","AHL43441.1","Genome polyprotein","DB01693 DB01752","2","49.2","250","116","5","2","250","412","651","1.00E-76","253"
"592746803","AHL43441.1","S-methyl-5'-thioadenosine phosphorylase","DB00173 DB02158 DB02281 DB02282 DB02933","5","23.81","84","64","0","159","242","161","244","1","27.7"
"592746803","AHL43441.1","Genome polyprotein","DB04634","1","33.33","45","27","1","130","171","762","806","1.2","28.1"
"592746803","AHL43441.1","Adenosine kinase","DB00131 DB00811 DB07173 DB07280","4","31.65","79","46","3","29","101","7","83","1.3","27.7"
"592746803","AHL43441.1","Aspartate aminotransferase cytoplasmic","DB00114 DB00128 DB00142 DB00151 DB04299","5","29.11","79","37","2","47","122","97","159","1.5","27.3"
"592746803","AHL43441.1","Aspartate aminotransferase","DB00114 DB00128 DB00142","3","29.11","79","37","2","47","122","98","160","1.5","27.3"
"592746803","AHL43441.1","Sucrose porin","DB02772","1","30","70","32","3","11","80","95","147","3.1","26.6"
"592746803","AHL43441.1","Citrate lyase subunit beta-like protein","DB02637","1","45.45","22","12","0","91","112","120","141","5.4","25.8"
"592746803","AHL43441.1","Peripheral plasma membrane protein CASK","DB01942","1","30","80","49","3","97","176","176","248","5.9","25.8"
"592746803","AHL43441.1","DNA polymerase catalytic subunit","DB00426 DB00787","2","31.37","51","31","1","57","103","17","67","8.7","25.4"
"592746801","AHL43440.1","Genome polyprotein","DB04473","1","53.53","241","101","5","1","240","411","641","8.00E-79","260"
"592746801","AHL43440.1","Genome polyprotein","DB04473","1","49.8","251","115","5","1","250","131","371","1.00E-78","258"
"592746801","AHL43440.1","Genome polyprotein","DB01693 DB01752","2","49.4","251","116","5","1","250","411","651","5.00E-77","255"
"592746801","AHL43440.1","S-methyl-5'-thioadenosine phosphorylase","DB00173 DB02158 DB02281 DB02282 DB02933","5","23.81","84","64","0","159","242","161","244","1.1","27.7"
"592746801","AHL43440.1","Genome polyprotein","DB04634","1","33.33","45","27","1","130","171","762","806","1.2","28.1"
"592746801","AHL43440.1","Adenosine kinase","DB00131 DB00811 DB07173 DB07280","4","31.65","79","46","3","29","101","7","83","1.3","27.7"
"592746801","AHL43440.1","Aspartate aminotransferase","DB00114 DB00128 DB00142","3","29.11","79","37","2","47","122","98","160","1.3","27.7"
"592746801","AHL43440.1","Aspartate aminotransferase cytoplasmic","DB00114 DB00128 DB00142 DB00151 DB04299","5","29.11","79","37","2","47","122","97","159","1.4","27.7"
"592746801","AHL43440.1","Citrate lyase subunit beta-like protein","DB02637","1","45.45","22","12","0","91","112","120","141","5.6","25.8"
"592746801","AHL43440.1","Peripheral plasma membrane protein CASK","DB01942","1","30","80","49","3","97","176","176","248","5.9","25.8"
"592746801","AHL43440.1","Sucrose porin","DB02772","1","30","70","32","3","11","80","95","147","6.4","25.8"
"592746801","AHL43440.1","DNA polymerase catalytic subunit","DB00426 DB00787","2","31.37","51","31","1","57","103","17","67","8.5","25.4"
"592746801","AHL43440.1","Pseudolysin","DB02307","1","20.51","117","75","4","8","112","208","318","9.8","25"
"592746799","AHL43439.1","Genome polyprotein","DB04473","1","53.53","241","101","5","1","240","411","641","8.00E-79","260"
"592746799","AHL43439.1","Genome polyprotein","DB04473","1","49.8","251","115","5","1","250","131","371","1.00E-78","258"
"592746799","AHL43439.1","Genome polyprotein","DB01693 DB01752","2","49.4","251","116","5","1","250","411","651","5.00E-77","255"
"592746799","AHL43439.1","S-methyl-5'-thioadenosine phosphorylase","DB00173 DB02158 DB02281 DB02282 DB02933","5","23.81","84","64","0","159","242","161","244","1.1","27.7"
"592746799","AHL43439.1","Genome polyprotein","DB04634","1","33.33","45","27","1","130","171","762","806","1.2","28.1"
"592746799","AHL43439.1","Adenosine kinase","DB00131 DB00811 DB07173 DB07280","4","31.65","79","46","3","29","101","7","83","1.3","27.7"
"592746799","AHL43439.1","Aspartate aminotransferase","DB00114 DB00128 DB00142","3","29.11","79","37","2","47","122","98","160","1.3","27.7"
"592746799","AHL43439.1","Aspartate aminotransferase cytoplasmic","DB00114 DB00128 DB00142 DB00151 DB04299","5","29.11","79","37","2","47","122","97","159","1.4","27.7"
"592746799","AHL43439.1","Citrate lyase subunit beta-like protein","DB02637","1","45.45","22","12","0","91","112","120","141","5.6","25.8"
"592746799","AHL43439.1","Peripheral plasma membrane protein CASK","DB01942","1","30","80","49","3","97","176","176","248","5.9","25.8"
"592746799","AHL43439.1","Sucrose porin","DB02772","1","30","70","32","3","11","80","95","147","6.4","25.8"
"592746799","AHL43439.1","DNA polymerase catalytic subunit","DB00426 DB00787","2","31.37","51","31","1","57","103","17","67","8.5","25.4"
"592746799","AHL43439.1","Pseudolysin","DB02307","1","20.51","117","75","4","8","112","208","318","9.8","25"
"592746797","AHL43438.1","Genome polyprotein","DB04473","1","53.11","241","102","5","1","240","411","641","2.00E-78","259"
"592746797","AHL43438.1","Genome polyprotein","DB04473","1","49.4","251","116","5","1","250","131","371","4.00E-78","257"
"592746797","AHL43438.1","Genome polyprotein","DB01693 DB01752","2","49","251","117","5","1","250","411","651","1.00E-76","253"
"592746797","AHL43438.1","Adenosine kinase","DB00131 DB00811 DB07173 DB07280","4","32.91","79","45","4","29","101","7","83","0.66","28.5"
"592746797","AHL43438.1","S-methyl-5'-thioadenosine phosphorylase","DB00173 DB02158 DB02281 DB02282 DB02933","5","23.81","84","64","0","159","242","161","244","1.1","27.7"
"592746797","AHL43438.1","Genome polyprotein","DB04634","1","33.33","45","27","1","130","171","762","806","1.1","28.1"
"592746797","AHL43438.1","Aspartate aminotransferase","DB00114 DB00128 DB00142","3","29.11","79","37","2","47","122","98","160","4.5","26.2"
"592746797","AHL43438.1","Aspartate aminotransferase cytoplasmic","DB00114 DB00128 DB00142 DB00151 DB04299","5","29.11","79","37","2","47","122","97","159","4.6","26.2"
"592746797","AHL43438.1","Peripheral plasma membrane protein CASK","DB01942","1","30","80","49","3","97","176","176","248","6.7","25.8"
"592746797","AHL43438.1","Sucrose porin","DB02772","1","36.17","47","23","2","11","57","95","134","7.2","25.4"
"592746795","AHL43437.1","Genome polyprotein","DB04473","1","50.2","251","114","5","1","250","131","371","1.00E-78","258"
"592746795","AHL43437.1","Genome polyprotein","DB04473","1","53.11","241","102","5","1","240","411","641","1.00E-78","259"
"592746795","AHL43437.1","Genome polyprotein","DB01693 DB01752","2","49.8","251","115","5","1","250","411","651","3.00E-77","255"
"592746795","AHL43437.1","Genome polyprotein","DB04634","1","33.33","45","27","1","130","171","762","806","1.2","28.1"
"592746795","AHL43437.1","Adenosine kinase","DB00131 DB00811 DB07173 DB07280","4","31.65","79","46","3","29","101","7","83","1.3","27.7"
"592746795","AHL43437.1","Aspartate aminotransferase cytoplasmic","DB00114 DB00128 DB00142 DB00151 DB04299","5","29.11","79","37","2","47","122","97","159","1.3","27.7"
"592746795","AHL43437.1","Aspartate aminotransferase","DB00114 DB00128 DB00142","3","29.11","79","37","2","47","122","98","160","1.4","27.7"
"592746795","AHL43437.1","S-methyl-5'-thioadenosine phosphorylase","DB00173 DB02158 DB02281 DB02282 DB02933","5","28.33","60","43","0","159","218","161","220","1.5","27.3"
"592746795","AHL43437.1","Citrate lyase subunit beta-like protein","DB02637","1","45.45","22","12","0","91","112","120","141","5.6","25.8"
"592746795","AHL43437.1","Peripheral plasma membrane protein CASK","DB01942","1","30","80","49","3","97","176","176","248","5.9","25.8"
"592746795","AHL43437.1","Sucrose porin","DB02772","1","30","70","32","3","11","80","95","147","6.4","25.8"
"592746795","AHL43437.1","DNA polymerase catalytic subunit","DB00426 DB00787","2","31.37","51","31","1","57","103","17","67","8.7","25.4"
"589387788","AHL16750.1","Genome polyprotein","DB04473","1","71.98","257","71","1","1","257","1217","1472","7.00E-127","394"
"589387788","AHL16750.1","Genome polyprotein","DB01693 DB01752","2","71.98","257","71","1","1","257","1627","1882","8.00E-126","395"
"589387788","AHL16750.1","Genome polyprotein","DB04473","1","71.21","257","74","0","1","257","1625","1881","2.00E-125","394"
"589387788","AHL16750.1","Genome polyprotein","DB08701","1","26.15","218","136","7","30","237","1221","1423","1.00E-06","47"
"589387788","AHL16750.1","Genome polyprotein","DB08644","1","24.88","217","140","6","30","237","1217","1419","1.00E-06","47"
"589387788","AHL16750.1","Genome polyprotein","DB07238","1","24.42","217","141","6","30","237","1217","1419","6.00E-06","45.1"
"589387788","AHL16750.1","Genome polyprotein","DB08747","1","24.42","217","141","6","30","237","1217","1419","1.00E-05","43.9"
"589387788","AHL16750.1","Genome polyprotein","DB05868 DB06038 DB06058 DB07582","4","24.88","217","140","6","30","237","1217","1419","1.00E-05","43.9"
"589387788","AHL16750.1","Genome polyprotein","DB02331 DB03605 DB04005 DB04137 DB04298 DB06974 DB07062 DB07169 DB07199 DB07200 DB07238 DB07414 DB07570 DB08031 DB08278 DB08279 DB08390 DB08481 DB08578 DB08579 DB08580 DB08581 DB08582 DB08701 DB08706 DB08710","26","24.42","217","141","6","30","237","1217","1419","1.00E-05","43.9"
"589387788","AHL16750.1","Genome polyprotein","DB06913 DB07085 DB07185 DB07273 DB07275 DB07547 DB07770 DB08556","8","24.42","217","141","6","30","237","1217","1419","1.00E-05","43.9"
"589387788","AHL16750.1","Genome polyprotein","DB04137","1","29.86","144","84","7","36","171","1901","2035","3.00E-05","42.7"
"589387788","AHL16750.1","Genome polyprotein","DB01720 DB04005","2","23.96","217","142","6","30","237","1217","1419","2.00E-04","40"
"589387786","AHL16749.1","Genome polyprotein","DB04473","1","52.75","273","118","6","1","272","120","382","1.00E-90","293"
"589387786","AHL16749.1","Genome polyprotein","DB04473","1","52.71","277","118","6","2","277","401","665","3.00E-89","291"
"589387786","AHL16749.1","Genome polyprotein","DB01693 DB01752","2","52.38","273","119","6","1","272","400","662","7.00E-89","290"
"589387786","AHL16749.1","Genome polyprotein","DB04634","1","33.33","45","27","1","141","182","762","806","0.89","28.9"
"589387786","AHL16749.1","S-methyl-5'-thioadenosine phosphorylase","DB00173 DB02158 DB02281 DB02282 DB02933","5","22.77","101","74","1","170","266","161","261","1.1","28.1"
"589387786","AHL16749.1","Adenosine kinase","DB00131 DB00811 DB07173 DB07280","4","31.65","79","46","3","40","112","7","83","1.6","27.7"
"589387786","AHL16749.1","Aspartate aminotransferase","DB00114 DB00128 DB00142","3","29.11","79","37","2","58","133","98","160","1.7","27.7"
"589387786","AHL16749.1","Aspartate aminotransferase cytoplasmic","DB00114 DB00128 DB00142 DB00151 DB04299","5","29.11","79","37","2","58","133","97","159","1.7","27.7"
"589387786","AHL16749.1","Genome polyprotein","DB04029 DB04634","2","31.11","45","28","1","141","182","762","806","2.7","27.3"
"589387786","AHL16749.1","Genome polyprotein","DB04029 DB04634","2","31.11","45","28","1","141","182","762","806","2.7","27.3"
"589387786","AHL16749.1","Sucrose porin","DB02772","1","30","70","32","3","22","91","95","147","3.1","26.9"
"589387786","AHL16749.1","Citrate lyase subunit beta-like protein","DB02637","1","41.67","24","14","0","100","123","118","141","5.6","25.8"
"589387786","AHL16749.1","Peripheral plasma membrane protein CASK","DB01942","1","30","80","49","3","108","187","176","248","7.3","25.8"
"527136397","AGS07298.1","Genome polyprotein","DB01693 DB01752","2","76.69","133","31","0","1","133","2899","3031","1.00E-65","217"
"527136397","AGS07298.1","Genome polyprotein","DB04473","1","74.44","133","34","0","1","133","2900","3032","2.00E-64","213"
"527136397","AGS07298.1","Arylsulfate sulfotransferase","DB07118","1","34.04","47","21","2","44","90","236","272","0.63","27.3"
"527136397","AGS07298.1","Cathepsin K","DB01858 DB02869 DB03405 DB03456 DB03642 DB03891 DB04234 DB04244 DB04523 DB05736 DB07563 DB07592 DB07593 DB07965 DB07967 DB08270 DB08287 DB08594","18","37.93","29","18","0","25","53","195","223","3.7","25"
"527136397","AGS07298.1","Complement C3","DB00028 DB01915","2","30","30","21","0","3","32","854","883","3.8","25"
"527136397","AGS07298.1","Thymidine phosphorylase","DB03462","1","35.71","28","18","0","97","124","112","139","3.9","25"
"527136397","AGS07298.1","Serine hydroxymethyltransferase","DB00114 DB00116 DB00145","3","32.35","34","20","2","4","35","38","70","5","24.6"
"527136397","AGS07298.1","Serine hydroxymethyltransferase mitochondrial","DB00114 DB00116 DB00145","3","32.35","34","20","2","4","35","38","70","5","24.6"
"380036386","AFD30972.1","Genome polyprotein","DB04473","1","56.26","3427","1448","28","1","3418","1","3385","0","3966"
"380036386","AFD30972.1","Genome polyprotein","DB01693 DB01752","2","55.27","3418","1487","24","3","3416","2","3381","0","3905"
"380036386","AFD30972.1","Genome polyprotein","DB04473","1","49.61","1028","502","10","291","1317","1","1013","0","1085"
"380036386","AFD30972.1","Genome polyprotein","DB04473","1","65.48","646","216","4","1476","2119","1043","1683","0","888"
"380036386","AFD30972.1","Genome polyprotein","DB08644","1","23.99","421","270","14","1535","1932","1065","1458","4.00E-12","70.5"
"380036386","AFD30972.1","Genome polyprotein","DB08701","1","24.76","424","269","14","1536","1936","1070","1466","9.00E-12","69.3"
"380036386","AFD30972.1","Genome polyprotein","DB07238","1","23.29","425","276","14","1535","1936","1065","1462","5.00E-11","67"
"380036386","AFD30972.1","Genome polyprotein","DB05868 DB06038 DB06058 DB07582","4","23.52","421","272","14","1535","1932","1065","1458","3.00E-10","64.3"
"380036386","AFD30972.1","Genome polyprotein","DB06913 DB07085 DB07185 DB07273 DB07275 DB07547 DB07770 DB08556","8","23.39","449","291","15","1535","1957","1065","1486","3.00E-10","64.3"
"380036386","AFD30972.1","Genome polyprotein","DB02331 DB03605 DB04005 DB04137 DB04298 DB06974 DB07062 DB07169 DB07199 DB07200 DB07238 DB07414 DB07570 DB08031 DB08278 DB08279 DB08390 DB08481 DB08578 DB08579 DB08580 DB08581 DB08582 DB08701 DB08706 DB08710","26","23.39","449","291","15","1535","1957","1065","1486","4.00E-10","63.9"
"380036386","AFD30972.1","Genome polyprotein","DB01720 DB04005","2","22.84","429","287","13","1522","1932","1056","1458","8.00E-10","62.8"
"380036386","AFD30972.1","Genome polyprotein","DB04137","1","25.69","436","285","18","1635","2044","1840","2262","2.00E-09","61.6"
"380036386","AFD30972.1","Genome polyprotein","DB04137","1","25.26","190","96","6","3055","3233","3614","3768","9.00E-05","46.2"
"380036386","AFD30972.1","Genome polyprotein","DB08747","1","22.82","425","278","13","1535","1936","1065","1462","3.00E-09","60.8"
"380036386","AFD30972.1","Genome polyprotein","DB03388 DB03647","2","22.7","423","279","13","1536","1936","1070","1466","1.00E-08","58.9"
"380036386","AFD30972.1","NS3/4A protein","DB05521 DB08873","2","24.32","444","265","18","1513","1927","26","427","2.00E-07","54.7"
"380036386","AFD30972.1","NH(3)-dependent NAD(+) synthetase","DB04099","1","34.48","87","48","2","968","1045","120","206","0.11","35"
"380036386","AFD30972.1","Hepatocyte growth factor","DB02264 DB03959 DB05030 DB05434","4","26.19","84","58","2","1026","1105","152","235","2.1","31.6"
"380036386","AFD30972.1","NS3 protease","DB06290 DB07582","2","24.39","123","75","4","1545","1659","49","161","2.5","30.4"
"345132147","AEN75266.1","Genome polyprotein","DB04473","1","56.16","3428","1447","28","3","3418","2","3385","0","3976"
"345132147","AEN75266.1","Genome polyprotein","DB01693 DB01752","2","55.47","3418","1480","25","3","3416","2","3381","0","3925"
"345132147","AEN75266.1","Genome polyprotein","DB04473","1","50","1028","498","10","291","1317","1","1013","0","1101"
"345132147","AEN75266.1","Genome polyprotein","DB04473","1","65.48","646","216","4","1476","2119","1043","1683","0","891"
"345132147","AEN75266.1","Genome polyprotein","DB08644","1","23.31","429","263","13","1535","1932","1065","1458","6.00E-12","69.7"
"345132147","AEN75266.1","Genome polyprotein","DB08701","1","24.53","424","270","14","1536","1936","1070","1466","1.00E-11","68.9"
"345132147","AEN75266.1","Genome polyprotein","DB07238","1","22.63","433","269","13","1535","1936","1065","1462","7.00E-11","66.2"
"345132147","AEN75266.1","Genome polyprotein","DB05868 DB06038 DB06058 DB07582","4","23.08","429","264","14","1535","1932","1065","1458","3.00E-10","64.3"
"345132147","AEN75266.1","Genome polyprotein","DB04137","1","25.69","436","285","18","1635","2044","1840","2262","3.00E-10","64.3"
"345132147","AEN75266.1","Genome polyprotein","DB04137","1","25.79","190","95","7","3055","3233","3614","3768","7.00E-05","46.6"
"345132147","AEN75266.1","Genome polyprotein","DB06913 DB07085 DB07185 DB07273 DB07275 DB07547 DB07770 DB08556","8","22.76","457","284","14","1535","1957","1065","1486","3.00E-10","63.9"
"345132147","AEN75266.1","Genome polyprotein","DB02331 DB03605 DB04005 DB04137 DB04298 DB06974 DB07062 DB07169 DB07199 DB07200 DB07238 DB07414 DB07570 DB08031 DB08278 DB08279 DB08390 DB08481 DB08578 DB08579 DB08580 DB08581 DB08582 DB08701 DB08706 DB08710","26","22.76","457","284","14","1535","1957","1065","1486","4.00E-10","63.5"
"345132147","AEN75266.1","Genome polyprotein","DB01720 DB04005","2","22.2","437","280","12","1522","1932","1056","1458","1.00E-09","62"
"345132147","AEN75266.1","Genome polyprotein","DB08747","1","22.4","433","270","13","1535","1936","1065","1462","5.00E-09","60.1"
"345132147","AEN75266.1","Genome polyprotein","DB03388 DB03647","2","22.46","423","280","13","1536","1936","1070","1466","1.00E-08","58.5"
"345132147","AEN75266.1","NS3/4A protein","DB05521 DB08873","2","24.15","443","267","17","1513","1927","26","427","8.00E-08","55.8"
"345132147","AEN75266.1","NH(3)-dependent NAD(+) synthetase","DB04099","1","34.48","87","48","2","968","1045","120","206","0.33","33.5"
"345132147","AEN75266.1","NS3 protease","DB06290 DB07582","2","24.16","149","87","5","1545","1685","49","179","2.7","30.4"
"345132145","AEN75265.1","Genome polyprotein","DB04473","1","56.07","3424","1453","28","1","3412","1","3385","0","3968"
"345132145","AEN75265.1","Genome polyprotein","DB01693 DB01752","2","55.42","3414","1482","25","3","3410","2","3381","0","3920"
"345132145","AEN75265.1","Genome polyprotein","DB04473","1","49.8","1024","500","10","291","1311","1","1013","0","1095"
"345132145","AEN75265.1","Genome polyprotein","DB04473","1","65.48","646","216","4","1470","2113","1043","1683","0","890"
"345132145","AEN75265.1","Genome polyprotein","DB08644","1","22.86","420","284","11","1529","1930","1065","1462","5.00E-12","70.1"
"345132145","AEN75265.1","Genome polyprotein","DB08701","1","24.29","424","271","14","1530","1930","1070","1466","2.00E-11","67.8"
"345132145","AEN75265.1","Genome polyprotein","DB07238","1","22.2","428","277","11","1529","1930","1065","1462","7.00E-11","66.2"
"345132145","AEN75265.1","Genome polyprotein","DB05868 DB06038 DB06058 DB07582","4","22.43","428","276","12","1529","1930","1065","1462","2.00E-10","64.7"
"345132145","AEN75265.1","Genome polyprotein","DB06913 DB07085 DB07185 DB07273 DB07275 DB07547 DB07770 DB08556","8","22.35","452","292","12","1529","1951","1065","1486","2.00E-10","64.3"
"345132145","AEN75265.1","Genome polyprotein","DB04137","1","25.23","436","287","17","1629","2038","1840","2262","4.00E-10","63.9"
"345132145","AEN75265.1","Genome polyprotein","DB04137","1","25.79","190","95","7","3049","3227","3614","3768","7.00E-05","46.6"
"345132145","AEN75265.1","Genome polyprotein","DB02331 DB03605 DB04005 DB04137 DB04298 DB06974 DB07062 DB07169 DB07199 DB07200 DB07238 DB07414 DB07570 DB08031 DB08278 DB08279 DB08390 DB08481 DB08578 DB08579 DB08580 DB08581 DB08582 DB08701 DB08706 DB08710","26","22.35","452","292","12","1529","1951","1065","1486","4.00E-10","63.9"
"345132145","AEN75265.1","Genome polyprotein","DB01720 DB04005","2","22.2","437","280","12","1516","1926","1056","1458","8.00E-10","62.8"
"345132145","AEN75265.1","Genome polyprotein","DB08747","1","21.96","428","278","11","1529","1930","1065","1462","3.00E-09","60.8"
"345132145","AEN75265.1","Genome polyprotein","DB03388 DB03647","2","22.22","423","281","13","1530","1930","1070","1466","3.00E-08","57.4"
"345132145","AEN75265.1","NS3/4A protein","DB05521 DB08873","2","23.53","442","271","15","1507","1921","26","427","7.00E-08","55.8"
"345132145","AEN75265.1","NH(3)-dependent NAD(+) synthetase","DB04099","1","34.48","87","48","2","962","1039","120","206","0.27","33.9"
"345132145","AEN75265.1","NS3 protease","DB06290 DB07582","2","22.92","144","95","3","1539","1679","49","179","2.9","30"
"345132145","AEN75265.1","Hepatocyte growth factor","DB02264 DB03959 DB05030 DB05434","4","25","84","59","2","1020","1099","152","235","3.4","30.8"
"345132145","AEN75265.1","Meso-diaminopimelate D-dehydrogenase","DB02892 DB03590","2","23.33","90","69","0","2440","2529","106","195","8.2","29.3"
"345132143","AEN75264.1","Genome polyprotein","DB04473","1","56.18","3430","1446","29","1","3418","1","3385","0","3970"
"345132143","AEN75264.1","Genome polyprotein","DB01693 DB01752","2","55.24","3418","1488","23","3","3416","2","3381","0","3917"
"345132143","AEN75264.1","Genome polyprotein","DB04473","1","49.42","1028","504","9","291","1317","1","1013","0","1088"
"345132143","AEN75264.1","Genome polyprotein","DB04473","1","65.63","646","215","4","1476","2119","1043","1683","0","890"
"345132143","AEN75264.1","Genome polyprotein","DB08644","1","23.75","421","271","13","1535","1932","1065","1458","2.00E-12","71.2"
"345132143","AEN75264.1","Genome polyprotein","DB08701","1","24.76","424","269","14","1536","1936","1070","1466","6.00E-12","70.1"
"345132143","AEN75264.1","Genome polyprotein","DB07238","1","23.06","425","277","13","1535","1936","1065","1462","3.00E-11","67.4"
"345132143","AEN75264.1","Genome polyprotein","DB06913 DB07085 DB07185 DB07273 DB07275 DB07547 DB07770 DB08556","8","23.16","449","292","14","1535","1957","1065","1486","1.00E-10","65.5"
"345132143","AEN75264.1","Genome polyprotein","DB05868 DB06038 DB06058 DB07582","4","23.28","421","273","13","1535","1932","1065","1458","2.00E-10","65.1"
"345132143","AEN75264.1","Genome polyprotein","DB02331 DB03605 DB04005 DB04137 DB04298 DB06974 DB07062 DB07169 DB07199 DB07200 DB07238 DB07414 DB07570 DB08031 DB08278 DB08279 DB08390 DB08481 DB08578 DB08579 DB08580 DB08581 DB08582 DB08701 DB08706 DB08710","26","23.16","449","292","14","1535","1957","1065","1486","2.00E-10","64.7"
"345132143","AEN75264.1","Genome polyprotein","DB01720 DB04005","2","22.61","429","288","12","1522","1932","1056","1458","5.00E-10","63.5"
"345132143","AEN75264.1","Genome polyprotein","DB04137","1","25.69","436","285","18","1635","2044","1840","2262","9.00E-10","62.8"
"345132143","AEN75264.1","Genome polyprotein","DB04137","1","26.32","190","94","7","3055","3233","3614","3768","6.00E-05","46.6"
"345132143","AEN75264.1","Genome polyprotein","DB08747","1","22.82","425","278","13","1535","1936","1065","1462","2.00E-09","61.6"
"345132143","AEN75264.1","Genome polyprotein","DB03388 DB03647","2","22.7","423","279","13","1536","1936","1070","1466","9.00E-09","59.3"
"345132143","AEN75264.1","NS3/4A protein","DB05521 DB08873","2","23.93","443","268","17","1513","1927","26","427","1.00E-07","55.5"
"345132143","AEN75264.1","NH(3)-dependent NAD(+) synthetase","DB04099","1","34.48","87","48","2","968","1045","120","206","0.11","35"
"345132143","AEN75264.1","NS3 protease","DB06290 DB07582","2","24.39","123","75","4","1545","1659","49","161","2.4","30.4"
"345132143","AEN75264.1","Hepatocyte growth factor","DB02264 DB03959 DB05030 DB05434","4","26.19","84","58","2","1026","1105","152","235","2.4","31.2"
"345132141","AEN75263.1","Genome polyprotein","DB04473","1","56.3","3430","1442","29","1","3418","1","3385","0","3975"
"345132141","AEN75263.1","Genome polyprotein","DB01693 DB01752","2","55.5","3418","1479","25","3","3416","2","3381","0","3926"
"345132141","AEN75263.1","Genome polyprotein","DB04473","1","48.57","1083","537","12","291","1372","1","1064","0","1104"
"345132141","AEN75263.1","Genome polyprotein","DB04473","1","65.48","646","216","4","1476","2119","1043","1683","0","889"
"345132141","AEN75263.1","Genome polyprotein","DB08644","1","23.52","421","272","13","1535","1932","1065","1458","7.00E-12","69.7"
"345132141","AEN75263.1","Genome polyprotein","DB08701","1","24.53","424","270","14","1536","1936","1070","1466","1.00E-11","68.9"
"345132141","AEN75263.1","Genome polyprotein","DB07238","1","22.63","433","269","13","1535","1936","1065","1462","8.00E-11","66.2"
"345132141","AEN75263.1","Genome polyprotein","DB05868 DB06038 DB06058 DB07582","4","23.08","429","264","14","1535","1932","1065","1458","3.00E-10","63.9"
"345132141","AEN75263.1","Genome polyprotein","DB04137","1","25.77","454","262","20","1635","2044","1840","2262","4.00E-10","63.9"
"345132141","AEN75263.1","Genome polyprotein","DB04137","1","25.79","190","95","7","3055","3233","3614","3768","6.00E-05","46.6"
"345132141","AEN75263.1","Genome polyprotein","DB06913 DB07085 DB07185 DB07273 DB07275 DB07547 DB07770 DB08556","8","22.76","457","284","14","1535","1957","1065","1486","4.00E-10","63.9"
"345132141","AEN75263.1","Genome polyprotein","DB02331 DB03605 DB04005 DB04137 DB04298 DB06974 DB07062 DB07169 DB07199 DB07200 DB07238 DB07414 DB07570 DB08031 DB08278 DB08279 DB08390 DB08481 DB08578 DB08579 DB08580 DB08581 DB08582 DB08701 DB08706 DB08710","26","22.76","457","284","14","1535","1957","1065","1486","5.00E-10","63.5"
"345132141","AEN75263.1","Genome polyprotein","DB01720 DB04005","2","22.2","437","280","12","1522","1932","1056","1458","1.00E-09","62"
"345132141","AEN75263.1","Genome polyprotein","DB08747","1","22.4","433","270","13","1535","1936","1065","1462","4.00E-09","60.5"
"345132141","AEN75263.1","Genome polyprotein","DB03388 DB03647","2","22.46","423","280","13","1536","1936","1070","1466","2.00E-08","58.5"
"345132141","AEN75263.1","NS3/4A protein","DB05521 DB08873","2","24.15","443","267","17","1513","1927","26","427","9.00E-08","55.5"
"345132141","AEN75263.1","NH(3)-dependent NAD(+) synthetase","DB04099","1","34.48","87","48","2","968","1045","120","206","0.26","33.9"
"345132141","AEN75263.1","NS3 protease","DB06290 DB07582","2","24.16","149","87","5","1545","1685","49","179","2.3","30.4"
"345132141","AEN75263.1","Hepatocyte growth factor","DB02264 DB03959 DB05030 DB05434","4","25","84","59","2","1026","1105","152","235","4","30.4"
"189092758","ACD75819.1","Genome polyprotein","DB04473","1","56.24","3414","1444","27","14","3418","13","3385","0","3953"
"189092758","ACD75819.1","Genome polyprotein","DB01693 DB01752","2","55.12","3418","1492","24","3","3416","2","3381","0","3900"
"189092758","ACD75819.1","Genome polyprotein","DB04473","1","49.42","1028","504","10","291","1317","1","1013","0","1083"
"189092758","ACD75819.1","Genome polyprotein","DB04473","1","65.48","646","216","4","1476","2119","1043","1683","0","890"
"189092758","ACD75819.1","Genome polyprotein","DB08644","1","23.81","420","272","13","1535","1932","1065","1458","2.00E-12","71.2"
"189092758","ACD75819.1","Genome polyprotein","DB08701","1","24.76","424","269","15","1536","1936","1070","1466","1.00E-11","68.9"
"189092758","ACD75819.1","Genome polyprotein","DB07238","1","23.11","424","278","13","1535","1936","1065","1462","3.00E-11","67.4"
"189092758","ACD75819.1","Genome polyprotein","DB05868 DB06038 DB06058 DB07582","4","23.33","420","274","13","1535","1932","1065","1458","2.00E-10","65.1"
"189092758","ACD75819.1","Genome polyprotein","DB06913 DB07085 DB07185 DB07273 DB07275 DB07547 DB07770 DB08556","8","23.21","448","293","14","1535","1957","1065","1486","2.00E-10","65.1"
"189092758","ACD75819.1","Genome polyprotein","DB02331 DB03605 DB04005 DB04137 DB04298 DB06974 DB07062 DB07169 DB07199 DB07200 DB07238 DB07414 DB07570 DB08031 DB08278 DB08279 DB08390 DB08481 DB08578 DB08579 DB08580 DB08581 DB08582 DB08701 DB08706 DB08710","26","23.21","448","293","14","1535","1957","1065","1486","2.00E-10","64.7"
"189092758","ACD75819.1","Genome polyprotein","DB01720 DB04005","2","23.04","434","280","14","1522","1932","1056","1458","3.00E-10","63.9"
"189092758","ACD75819.1","Genome polyprotein","DB04137","1","25.46","436","286","17","1635","2044","1840","2262","3.00E-09","61.2"
"189092758","ACD75819.1","Genome polyprotein","DB04137","1","25.26","190","96","6","3055","3233","3614","3768","9.00E-05","46.2"
"189092758","ACD75819.1","Genome polyprotein","DB08747","1","22.64","424","280","12","1535","1936","1065","1462","8.00E-09","59.3"
"189092758","ACD75819.1","Genome polyprotein","DB03388 DB03647","2","22.7","423","279","14","1536","1936","1070","1466","2.00E-08","58.5"
"189092758","ACD75819.1","NS3/4A protein","DB05521 DB08873","2","24.32","444","265","19","1513","1927","26","427","3.00E-07","53.9"
"189092758","ACD75819.1","NH(3)-dependent NAD(+) synthetase","DB04099","1","34.48","87","48","2","968","1045","120","206","0.11","35"
"189092758","ACD75819.1","Hepatocyte growth factor","DB02264 DB03959 DB05030 DB05434","4","26.19","84","58","2","1026","1105","152","235","2.2","31.6"
"974030531","ALY05362.1","Genome polyprotein","DB01693 DB01752","2","62.55","235","88","0","1","235","2715","2949","8.00E-101","322"
"974030531","ALY05362.1","Genome polyprotein","DB04473","1","61.28","235","91","0","1","235","2716","2950","7.00E-97","311"
"974030531","ALY05362.1","DNA-dependent protein kinase catalytic subunit","DB00201 DB05210","2","40","30","18","0","74","103","642","671","1.3","27.7"
"974030531","ALY05362.1","Vascular endothelial growth factor receptor 3","DB00398 DB01268 DB04879 DB05075 DB06080 DB06101 DB06589 DB06626 DB08896 DB09078 DB09079","11","33.33","57","33","2","71","123","54","109","2.4","26.9"
"974030531","ALY05362.1","Serine hydroxymethyltransferase mitochondrial","DB00114 DB00116 DB00145","3","33.33","48","29","2","174","219","24","70","5.5","25.8"
"974030531","ALY05362.1","Serine hydroxymethyltransferase","DB00114 DB00116 DB00145","3","33.33","48","29","2","174","219","24","70","5.6","25.8"
"969945757","ALU33341.1","Genome polyprotein","DB04473","1","56.35","3427","1445","28","1","3418","1","3385","0","3975"
"969945757","ALU33341.1","Genome polyprotein","DB01693 DB01752","2","55.35","3418","1484","24","3","3416","2","3381","0","3914"
"969945757","ALU33341.1","Genome polyprotein","DB04473","1","49.81","1028","500","10","291","1317","1","1013","0","1090"
"969945757","ALU33341.1","Genome polyprotein","DB04473","1","65.63","646","215","4","1476","2119","1043","1683","0","892"
"969945757","ALU33341.1","Genome polyprotein","DB08644","1","23.99","421","270","14","1535","1932","1065","1458","4.00E-12","70.5"
"969945757","ALU33341.1","Genome polyprotein","DB08701","1","24.76","424","269","14","1536","1936","1070","1466","1.00E-11","68.9"
"969945757","ALU33341.1","Genome polyprotein","DB07238","1","23.52","421","272","14","1535","1932","1065","1458","7.00E-11","66.2"
"969945757","ALU33341.1","Genome polyprotein","DB05868 DB06038 DB06058 DB07582","4","23.52","421","272","14","1535","1932","1065","1458","3.00E-10","64.3"
"969945757","ALU33341.1","Genome polyprotein","DB06913 DB07085 DB07185 DB07273 DB07275 DB07547 DB07770 DB08556","8","23.39","449","291","15","1535","1957","1065","1486","4.00E-10","63.9"
"969945757","ALU33341.1","Genome polyprotein","DB02331 DB03605 DB04005 DB04137 DB04298 DB06974 DB07062 DB07169 DB07199 DB07200 DB07238 DB07414 DB07570 DB08031 DB08278 DB08279 DB08390 DB08481 DB08578 DB08579 DB08580 DB08581 DB08582 DB08701 DB08706 DB08710","26","23.39","449","291","15","1535","1957","1065","1486","6.00E-10","63.2"
"969945757","ALU33341.1","Genome polyprotein","DB01720 DB04005","2","22.84","429","287","13","1522","1932","1056","1458","9.00E-10","62.8"
"969945757","ALU33341.1","Genome polyprotein","DB04137","1","25.69","436","285","18","1635","2044","1840","2262","2.00E-09","61.6"
"969945757","ALU33341.1","Genome polyprotein","DB04137","1","25.26","190","96","6","3055","3233","3614","3768","9.00E-05","46.2"
"969945757","ALU33341.1","Genome polyprotein","DB08747","1","22.82","425","278","13","1535","1936","1065","1462","4.00E-09","60.5"
"969945757","ALU33341.1","Genome polyprotein","DB03388 DB03647","2","22.7","423","279","13","1536","1936","1070","1466","1.00E-08","58.5"
"969945757","ALU33341.1","NS3/4A protein","DB05521 DB08873","2","24.32","444","265","18","1513","1927","26","427","3.00E-07","53.9"
"969945757","ALU33341.1","NH(3)-dependent NAD(+) synthetase","DB04099","1","34.48","87","48","2","968","1045","120","206","0.17","34.3"
"969945757","ALU33341.1","Hepatocyte growth factor","DB02264 DB03959 DB05030 DB05434","4","26.19","84","58","2","1026","1105","152","235","2.2","31.2"
"969945757","ALU33341.1","NS3 protease","DB06290 DB07582","2","24.39","123","75","4","1545","1659","49","161","2.5","30.4"
"969945757","ALU33341.1","Fumarate reductase flavoprotein subunit","DB07669","1","27.22","180","105","9","2488","2645","201","376","8.2","29.6"
"572167489","AHF49785.1","Genome polyprotein","DB04473","1","56.12","3430","1447","30","1","3417","1","3385","0","3963"
"572167489","AHF49785.1","Genome polyprotein","DB01693 DB01752","2","55.38","3418","1482","25","3","3415","2","3381","0","3917"
"572167489","AHF49785.1","Genome polyprotein","DB04473","1","49.71","1028","501","9","291","1317","1","1013","0","1098"
"572167489","AHF49785.1","Genome polyprotein","DB04473","1","65.63","646","215","4","1476","2119","1043","1683","0","891"
"572167489","AHF49785.1","Genome polyprotein","DB08644","1","23.29","425","276","13","1535","1936","1065","1462","6.00E-12","69.7"
"572167489","AHF49785.1","Genome polyprotein","DB08701","1","24.53","424","270","14","1536","1936","1070","1466","1.00E-11","68.9"
"572167489","AHF49785.1","Genome polyprotein","DB07238","1","22.63","433","269","13","1535","1936","1065","1462","9.00E-11","65.9"
"572167489","AHF49785.1","Genome polyprotein","DB05868 DB06038 DB06058 DB07582","4","22.86","433","268","14","1535","1936","1065","1462","3.00E-10","64.3"
"572167489","AHF49785.1","Genome polyprotein","DB04137","1","25.77","454","262","20","1635","2044","1840","2262","4.00E-10","63.9"
"572167489","AHF49785.1","Genome polyprotein","DB04137","1","26.63","184","100","8","3055","3232","3614","3768","1.00E-04","45.8"
"572167489","AHF49785.1","Genome polyprotein","DB06913 DB07085 DB07185 DB07273 DB07275 DB07547 DB07770 DB08556","8","22.76","457","284","14","1535","1957","1065","1486","4.00E-10","63.9"
"572167489","AHF49785.1","Genome polyprotein","DB02331 DB03605 DB04005 DB04137 DB04298 DB06974 DB07062 DB07169 DB07199 DB07200 DB07238 DB07414 DB07570 DB08031 DB08278 DB08279 DB08390 DB08481 DB08578 DB08579 DB08580 DB08581 DB08582 DB08701 DB08706 DB08710","26","22.76","457","284","14","1535","1957","1065","1486","5.00E-10","63.5"
"572167489","AHF49785.1","Genome polyprotein","DB01720 DB04005","2","22.2","437","280","12","1522","1932","1056","1458","1.00E-09","62"
"572167489","AHF49785.1","Genome polyprotein","DB08747","1","22.4","433","270","13","1535","1936","1065","1462","4.00E-09","60.5"
"572167489","AHF49785.1","Genome polyprotein","DB03388 DB03647","2","22.46","423","280","13","1536","1936","1070","1466","2.00E-08","58.2"
"572167489","AHF49785.1","NS3/4A protein","DB05521 DB08873","2","24.15","443","267","17","1513","1927","26","427","1.00E-07","55.5"
"572167489","AHF49785.1","NH(3)-dependent NAD(+) synthetase","DB04099","1","34.48","87","48","2","968","1045","120","206","0.27","33.9"
"572167489","AHF49785.1","Hepatocyte growth factor","DB02264 DB03959 DB05030 DB05434","4","25","84","59","2","1026","1105","152","235","2.3","31.2"
"572167489","AHF49785.1","NS3 protease","DB06290 DB07582","2","24.16","149","87","5","1545","1685","49","179","2.4","30.4"
"572167487","AHF49784.1","Genome polyprotein","DB04473","1","56.13","3424","1451","28","1","3412","1","3385","0","3975"
"572167487","AHF49784.1","Genome polyprotein","DB01693 DB01752","2","55.57","3414","1477","25","3","3410","2","3381","0","3924"
"572167487","AHF49784.1","Genome polyprotein","DB04473","1","49.9","1024","499","10","291","1311","1","1013","0","1097"
"572167487","AHF49784.1","Genome polyprotein","DB04473","1","65.63","646","215","4","1470","2113","1043","1683","0","891"
"572167487","AHF49784.1","Genome polyprotein","DB08644","1","23.29","425","276","13","1529","1930","1065","1462","6.00E-12","70.1"
"572167487","AHF49784.1","Genome polyprotein","DB08701","1","24.53","424","270","14","1530","1930","1070","1466","9.00E-12","69.3"
"572167487","AHF49784.1","Genome polyprotein","DB07238","1","22.63","433","269","13","1529","1930","1065","1462","8.00E-11","66.2"
"572167487","AHF49784.1","Genome polyprotein","DB05868 DB06038 DB06058 DB07582","4","23.08","429","264","14","1529","1926","1065","1458","3.00E-10","64.3"
"572167487","AHF49784.1","Genome polyprotein","DB06913 DB07085 DB07185 DB07273 DB07275 DB07547 DB07770 DB08556","8","22.76","457","284","14","1529","1951","1065","1486","3.00E-10","63.9"
"572167487","AHF49784.1","Genome polyprotein","DB04137","1","25.77","454","262","20","1629","2038","1840","2262","4.00E-10","63.9"
"572167487","AHF49784.1","Genome polyprotein","DB04137","1","25.79","190","95","7","3049","3227","3614","3768","7.00E-05","46.6"
"572167487","AHF49784.1","Genome polyprotein","DB02331 DB03605 DB04005 DB04137 DB04298 DB06974 DB07062 DB07169 DB07199 DB07200 DB07238 DB07414 DB07570 DB08031 DB08278 DB08279 DB08390 DB08481 DB08578 DB08579 DB08580 DB08581 DB08582 DB08701 DB08706 DB08710","26","22.76","457","284","14","1529","1951","1065","1486","5.00E-10","63.5"
"572167487","AHF49784.1","Genome polyprotein","DB01720 DB04005","2","22.2","437","280","12","1516","1926","1056","1458","1.00E-09","62"
"572167487","AHF49784.1","Genome polyprotein","DB08747","1","22.4","433","270","13","1529","1930","1065","1462","4.00E-09","60.5"
"572167487","AHF49784.1","Genome polyprotein","DB03388 DB03647","2","22.46","423","280","13","1530","1930","1070","1466","2.00E-08","58.5"
"572167487","AHF49784.1","NS3/4A protein","DB05521 DB08873","2","24.15","443","267","17","1507","1921","26","427","1.00E-07","55.5"
"572167487","AHF49784.1","NH(3)-dependent NAD(+) synthetase","DB04099","1","34.48","87","48","2","962","1039","120","206","0.27","33.9"
"572167487","AHF49784.1","Hepatocyte growth factor","DB02264 DB03959 DB05030 DB05434","4","25","84","59","2","1020","1099","152","235","2.3","31.2"
"572167487","AHF49784.1","NS3 protease","DB06290 DB07582","2","24.16","149","87","5","1539","1679","49","179","2.4","30.4"
"572167485","AHF49783.1","Genome polyprotein","DB04473","1","56.12","3430","1447","30","1","3417","1","3385","0","3964"
"572167485","AHF49783.1","Genome polyprotein","DB01693 DB01752","2","55.38","3418","1482","25","3","3415","2","3381","0","3918"
"572167485","AHF49783.1","Genome polyprotein","DB04473","1","49.71","1028","501","9","291","1317","1","1013","0","1099"
"572167485","AHF49783.1","Genome polyprotein","DB04473","1","65.63","646","215","4","1476","2119","1043","1683","0","891"
"572167485","AHF49783.1","Genome polyprotein","DB08644","1","23.29","425","276","13","1535","1936","1065","1462","6.00E-12","69.7"
"572167485","AHF49783.1","Genome polyprotein","DB08701","1","24.53","424","270","14","1536","1936","1070","1466","1.00E-11","68.9"
"572167485","AHF49783.1","Genome polyprotein","DB07238","1","22.63","433","269","13","1535","1936","1065","1462","8.00E-11","66.2"
"572167485","AHF49783.1","Genome polyprotein","DB05868 DB06038 DB06058 DB07582","4","23.08","429","264","14","1535","1932","1065","1458","3.00E-10","64.3"
"572167485","AHF49783.1","Genome polyprotein","DB04137","1","25.77","454","262","20","1635","2044","1840","2262","4.00E-10","63.9"
"572167485","AHF49783.1","Genome polyprotein","DB04137","1","26.63","184","100","8","3055","3232","3614","3768","1.00E-04","45.8"
"572167485","AHF49783.1","Genome polyprotein","DB06913 DB07085 DB07185 DB07273 DB07275 DB07547 DB07770 DB08556","8","22.76","457","284","14","1535","1957","1065","1486","4.00E-10","63.9"
"572167485","AHF49783.1","Genome polyprotein","DB02331 DB03605 DB04005 DB04137 DB04298 DB06974 DB07062 DB07169 DB07199 DB07200 DB07238 DB07414 DB07570 DB08031 DB08278 DB08279 DB08390 DB08481 DB08578 DB08579 DB08580 DB08581 DB08582 DB08701 DB08706 DB08710","26","22.76","457","284","14","1535","1957","1065","1486","5.00E-10","63.5"
"572167485","AHF49783.1","Genome polyprotein","DB01720 DB04005","2","22.2","437","280","12","1522","1932","1056","1458","1.00E-09","62"
"572167485","AHF49783.1","Genome polyprotein","DB08747","1","22.4","433","270","13","1535","1936","1065","1462","4.00E-09","60.5"
"572167485","AHF49783.1","Genome polyprotein","DB03388 DB03647","2","22.46","423","280","13","1536","1936","1070","1466","2.00E-08","58.2"
"572167485","AHF49783.1","NS3/4A protein","DB05521 DB08873","2","24.15","443","267","17","1513","1927","26","427","1.00E-07","55.5"
"572167485","AHF49783.1","NH(3)-dependent NAD(+) synthetase","DB04099","1","34.48","87","48","2","968","1045","120","206","0.27","33.9"
"572167485","AHF49783.1","Hepatocyte growth factor","DB02264 DB03959 DB05030 DB05434","4","25","84","59","2","1026","1105","152","235","2.3","31.2"
"572167485","AHF49783.1","NS3 protease","DB06290 DB07582","2","24.16","149","87","5","1545","1685","49","179","2.4","30.4"
"808396829","AKD44140.1","Genome polyprotein","DB04473","1","60.44","91","36","0","1","91","277","367","1.00E-36","131"
"808396829","AKD44140.1","Genome polyprotein","DB01693 DB01752","2","56.99","93","40","0","1","93","277","369","2.00E-36","130"
"808396829","AKD44140.1","Genome polyprotein","DB04473","1","58.43","89","37","0","5","93","1","89","5.00E-35","126"
"808396829","AKD44140.1","Reaction center protein H chain","DB04147 DB04464 DB07392 DB07551 DB07552 DB08215 DB08689 DB08690","8","44","25","14","0","28","52","69","93","6.3","23.1"
"808396829","AKD44140.1","Glutamate receptor ionotropic NMDA 2A","DB00289 DB00312 DB00418 DB00996 DB01174 DB01708 DB04896 DB06738","8","38.71","31","16","1","14","44","114","141","7.2","23.1"
"808396829","AKD44140.1","Glutamate receptor ionotropic NMDA 2A","DB00659 DB06741","2","38.71","31","16","1","14","44","114","141","7.2","23.1"
"808396829","AKD44140.1","Glutamate receptor ionotropic NMDA 2A","DB00142 DB00145 DB00454 DB00949 DB01043 DB01159 DB01520 DB06151","8","38.71","31","16","1","14","44","114","141","7.2","23.1"
"808396829","AKD44140.1","MutT/nudix family protein","DB01975 DB02059 DB03148","3","37.14","35","22","0","7","41","18","52","7.4","23.1"
"808396829","AKD44140.1","Kinesin-like protein KIF11","DB03996 DB04331 DB07064 DB08032 DB08033 DB08037 DB08198 DB08239 DB08244 DB08246 DB08250","11","52.38","21","10","0","56","76","846","866","8.6","23.1"
"808396827","AKD44139.1","Genome polyprotein","DB04473","1","60.44","91","36","0","1","91","277","367","1.00E-36","131"
"808396827","AKD44139.1","Genome polyprotein","DB01693 DB01752","2","56.99","93","40","0","1","93","277","369","2.00E-36","130"
"808396827","AKD44139.1","Genome polyprotein","DB04473","1","58.43","89","37","0","5","93","1","89","5.00E-35","126"
"808396827","AKD44139.1","Reaction center protein H chain","DB04147 DB04464 DB07392 DB07551 DB07552 DB08215 DB08689 DB08690","8","44","25","14","0","28","52","69","93","6.3","23.1"
"808396827","AKD44139.1","Glutamate receptor ionotropic NMDA 2A","DB00289 DB00312 DB00418 DB00996 DB01174 DB01708 DB04896 DB06738","8","38.71","31","16","1","14","44","114","141","7.2","23.1"
"808396827","AKD44139.1","Glutamate receptor ionotropic NMDA 2A","DB00659 DB06741","2","38.71","31","16","1","14","44","114","141","7.2","23.1"
"808396827","AKD44139.1","Glutamate receptor ionotropic NMDA 2A","DB00142 DB00145 DB00454 DB00949 DB01043 DB01159 DB01520 DB06151","8","38.71","31","16","1","14","44","114","141","7.2","23.1"
"808396827","AKD44139.1","MutT/nudix family protein","DB01975 DB02059 DB03148","3","37.14","35","22","0","7","41","18","52","7.4","23.1"
"808396827","AKD44139.1","Kinesin-like protein KIF11","DB03996 DB04331 DB07064 DB08032 DB08033 DB08037 DB08198 DB08239 DB08244 DB08246 DB08250","11","52.38","21","10","0","56","76","846","866","8.6","23.1"
"226377834","YP_002790881.1","Genome polyprotein","DB04473","1","56.31","3413","1439","28","14","3414","13","3385","0","3967"
"226377834","YP_002790881.1","Genome polyprotein","DB01693 DB01752","2","55.39","3414","1485","24","3","3412","2","3381","0","3918"
"226377834","YP_002790881.1","Genome polyprotein","DB04473","1","48.47","1079","540","11","291","1368","1","1064","0","1105"
"226377834","YP_002790881.1","Genome polyprotein","DB04473","1","65.48","646","216","4","1472","2115","1043","1683","0","887"
"226377834","YP_002790881.1","Genome polyprotein","DB08644","1","23.29","425","276","13","1531","1932","1065","1462","9.00E-12","69.3"
"226377834","YP_002790881.1","Genome polyprotein","DB08701","1","24.53","424","270","14","1532","1932","1070","1466","2.00E-11","68.6"
"226377834","YP_002790881.1","Genome polyprotein","DB07238","1","22.63","433","269","13","1531","1932","1065","1462","1.00E-10","65.5"
"226377834","YP_002790881.1","Genome polyprotein","DB05868 DB06038 DB06058 DB07582","4","23.08","429","264","14","1531","1928","1065","1458","5.00E-10","63.5"
"226377834","YP_002790881.1","Genome polyprotein","DB04137","1","25.77","454","262","20","1631","2040","1840","2262","6.00E-10","63.2"
"226377834","YP_002790881.1","Genome polyprotein","DB04137","1","25.79","190","95","7","3051","3229","3614","3768","7.00E-05","46.6"
"226377834","YP_002790881.1","Genome polyprotein","DB06913 DB07085 DB07185 DB07273 DB07275 DB07547 DB07770 DB08556","8","22.76","457","284","14","1531","1953","1065","1486","7.00E-10","63.2"
"226377834","YP_002790881.1","Genome polyprotein","DB02331 DB03605 DB04005 DB04137 DB04298 DB06974 DB07062 DB07169 DB07199 DB07200 DB07238 DB07414 DB07570 DB08031 DB08278 DB08279 DB08390 DB08481 DB08578 DB08579 DB08580 DB08581 DB08582 DB08701 DB08706 DB08710","26","22.76","457","284","14","1531","1953","1065","1486","8.00E-10","62.8"
"226377834","YP_002790881.1","Genome polyprotein","DB01720 DB04005","2","22.2","437","280","12","1518","1928","1056","1458","2.00E-09","61.6"
"226377834","YP_002790881.1","Genome polyprotein","DB08747","1","22.4","433","270","13","1531","1932","1065","1462","6.00E-09","60.1"
"226377834","YP_002790881.1","Genome polyprotein","DB03388 DB03647","2","22.46","423","280","13","1532","1932","1070","1466","2.00E-08","57.8"
"226377834","YP_002790881.1","NS3/4A protein","DB05521 DB08873","2","24.15","443","267","17","1509","1923","26","427","1.00E-07","55.1"
"226377834","YP_002790881.1","NH(3)-dependent NAD(+) synthetase","DB04099","1","34.48","87","48","2","964","1041","120","206","0.26","33.9"
"226377834","YP_002790881.1","NS3 protease","DB06290 DB07582","2","24.16","149","87","5","1541","1681","49","179","2.2","30.4"
"226377834","YP_002790881.1","Hepatocyte growth factor","DB02264 DB03959 DB05030 DB05434","4","25","84","59","2","1022","1101","152","235","4.1","30.4"
"226377834","YP_002790881.1","Fumarate reductase flavoprotein subunit","DB07669","1","27.22","158","92","7","2484","2622","201","354","4.3","30.4"
"746873142","AJD81427.1","Genome polyprotein","DB01693 DB01752","2","58.16","98","41","0","1","98","275","372","5.00E-40","141"
"746873142","AJD81427.1","Genome polyprotein","DB04473","1","59.18","98","40","0","1","98","275","372","6.00E-40","141"
"746873142","AJD81427.1","Genome polyprotein","DB04473","1","58.7","92","38","0","7","98","1","92","2.00E-37","133"
"746873142","AJD81427.1","Reaction center protein H chain","DB04147 DB04464 DB07392 DB07551 DB07552 DB08215 DB08689 DB08690","8","44","25","14","0","30","54","69","93","5.6","23.5"
"746873142","AJD81427.1","Glutamate receptor ionotropic NMDA 2A","DB00289 DB00312 DB00418 DB00996 DB01174 DB01708 DB04896 DB06738","8","38.71","31","16","1","16","46","114","141","6.7","23.5"
"746873142","AJD81427.1","Glutamate receptor ionotropic NMDA 2A","DB00659 DB06741","2","38.71","31","16","1","16","46","114","141","6.7","23.5"
"746873142","AJD81427.1","Glutamate receptor ionotropic NMDA 2A","DB00142 DB00145 DB00454 DB00949 DB01043 DB01159 DB01520 DB06151","8","38.71","31","16","1","16","46","114","141","6.7","23.5"
"746873142","AJD81427.1","Kinesin-like protein KIF11","DB03996 DB04331 DB07064 DB08032 DB08033 DB08037 DB08198 DB08239 DB08244 DB08246 DB08250","11","52.38","21","10","0","58","78","846","866","7.4","23.5"
"746873142","AJD81427.1","MutT/nudix family protein","DB01975 DB02059 DB03148","3","37.14","35","22","0","9","43","18","52","8.8","23.1"
"746873140","AJD81426.1","Genome polyprotein","DB01693 DB01752","2","58.16","98","41","0","1","98","275","372","5.00E-40","141"
"746873140","AJD81426.1","Genome polyprotein","DB04473","1","59.18","98","40","0","1","98","275","372","6.00E-40","141"
"746873140","AJD81426.1","Genome polyprotein","DB04473","1","58.7","92","38","0","7","98","1","92","2.00E-37","133"
"746873140","AJD81426.1","Reaction center protein H chain","DB04147 DB04464 DB07392 DB07551 DB07552 DB08215 DB08689 DB08690","8","44","25","14","0","30","54","69","93","5.6","23.5"
"746873140","AJD81426.1","Glutamate receptor ionotropic NMDA 2A","DB00289 DB00312 DB00418 DB00996 DB01174 DB01708 DB04896 DB06738","8","38.71","31","16","1","16","46","114","141","6.7","23.5"
"746873140","AJD81426.1","Glutamate receptor ionotropic NMDA 2A","DB00659 DB06741","2","38.71","31","16","1","16","46","114","141","6.7","23.5"
"746873140","AJD81426.1","Glutamate receptor ionotropic NMDA 2A","DB00142 DB00145 DB00454 DB00949 DB01043 DB01159 DB01520 DB06151","8","38.71","31","16","1","16","46","114","141","6.7","23.5"
"746873140","AJD81426.1","Kinesin-like protein KIF11","DB03996 DB04331 DB07064 DB08032 DB08033 DB08037 DB08198 DB08239 DB08244 DB08246 DB08250","11","52.38","21","10","0","58","78","846","866","7.4","23.5"
"746873140","AJD81426.1","MutT/nudix family protein","DB01975 DB02059 DB03148","3","37.14","35","22","0","9","43","18","52","8.8","23.1"
"746873138","AJD81425.1","Genome polyprotein","DB01693 DB01752","2","58.16","98","41","0","1","98","275","372","5.00E-40","141"
"746873138","AJD81425.1","Genome polyprotein","DB04473","1","59.18","98","40","0","1","98","275","372","6.00E-40","141"
"746873138","AJD81425.1","Genome polyprotein","DB04473","1","58.7","92","38","0","7","98","1","92","2.00E-37","133"
"746873138","AJD81425.1","Reaction center protein H chain","DB04147 DB04464 DB07392 DB07551 DB07552 DB08215 DB08689 DB08690","8","44","25","14","0","30","54","69","93","5.6","23.5"
"746873138","AJD81425.1","Glutamate receptor ionotropic NMDA 2A","DB00289 DB00312 DB00418 DB00996 DB01174 DB01708 DB04896 DB06738","8","38.71","31","16","1","16","46","114","141","6.7","23.5"
"746873138","AJD81425.1","Glutamate receptor ionotropic NMDA 2A","DB00659 DB06741","2","38.71","31","16","1","16","46","114","141","6.7","23.5"
"746873138","AJD81425.1","Glutamate receptor ionotropic NMDA 2A","DB00142 DB00145 DB00454 DB00949 DB01043 DB01159 DB01520 DB06151","8","38.71","31","16","1","16","46","114","141","6.7","23.5"
"746873138","AJD81425.1","Kinesin-like protein KIF11","DB03996 DB04331 DB07064 DB08032 DB08033 DB08037 DB08198 DB08239 DB08244 DB08246 DB08250","11","52.38","21","10","0","58","78","846","866","7.4","23.5"
"746873138","AJD81425.1","MutT/nudix family protein","DB01975 DB02059 DB03148","3","37.14","35","22","0","9","43","18","52","8.8","23.1"
"746873136","AJD81424.1","Genome polyprotein","DB01693 DB01752","2","58.16","98","41","0","1","98","275","372","6.00E-40","141"
"746873136","AJD81424.1","Genome polyprotein","DB04473","1","58.16","98","41","0","1","98","275","372","2.00E-39","139"
"746873136","AJD81424.1","Genome polyprotein","DB04473","1","58.7","92","38","0","7","98","1","92","2.00E-37","133"
"746873136","AJD81424.1","Reaction center protein H chain","DB04147 DB04464 DB07392 DB07551 DB07552 DB08215 DB08689 DB08690","8","44","25","14","0","30","54","69","93","4.5","23.9"
"746873136","AJD81424.1","Glutamate receptor ionotropic NMDA 2A","DB00289 DB00312 DB00418 DB00996 DB01174 DB01708 DB04896 DB06738","8","38.71","31","16","1","16","46","114","141","7","23.5"
"746873136","AJD81424.1","Glutamate receptor ionotropic NMDA 2A","DB00659 DB06741","2","38.71","31","16","1","16","46","114","141","7","23.5"
"746873136","AJD81424.1","Glutamate receptor ionotropic NMDA 2A","DB00142 DB00145 DB00454 DB00949 DB01043 DB01159 DB01520 DB06151","8","38.71","31","16","1","16","46","114","141","7","23.5"
"746873136","AJD81424.1","Kinesin-like protein KIF11","DB03996 DB04331 DB07064 DB08032 DB08033 DB08037 DB08198 DB08239 DB08244 DB08246 DB08250","11","52.38","21","10","0","58","78","846","866","7.5","23.5"
"746873136","AJD81424.1","MutT/nudix family protein","DB01975 DB02059 DB03148","3","37.14","35","22","0","9","43","18","52","9.1","22.7"
"746873134","AJD81423.1","Genome polyprotein","DB01693 DB01752","2","58.16","98","41","0","1","98","275","372","5.00E-40","141"
"746873134","AJD81423.1","Genome polyprotein","DB04473","1","59.18","98","40","0","1","98","275","372","6.00E-40","141"
"746873134","AJD81423.1","Genome polyprotein","DB04473","1","58.7","92","38","0","7","98","1","92","2.00E-37","133"
"746873134","AJD81423.1","Reaction center protein H chain","DB04147 DB04464 DB07392 DB07551 DB07552 DB08215 DB08689 DB08690","8","44","25","14","0","30","54","69","93","5.6","23.5"
"746873134","AJD81423.1","Glutamate receptor ionotropic NMDA 2A","DB00289 DB00312 DB00418 DB00996 DB01174 DB01708 DB04896 DB06738","8","38.71","31","16","1","16","46","114","141","6.7","23.5"
"746873134","AJD81423.1","Glutamate receptor ionotropic NMDA 2A","DB00659 DB06741","2","38.71","31","16","1","16","46","114","141","6.7","23.5"
"746873134","AJD81423.1","Glutamate receptor ionotropic NMDA 2A","DB00142 DB00145 DB00454 DB00949 DB01043 DB01159 DB01520 DB06151","8","38.71","31","16","1","16","46","114","141","6.7","23.5"
"746873134","AJD81423.1","Kinesin-like protein KIF11","DB03996 DB04331 DB07064 DB08032 DB08033 DB08037 DB08198 DB08239 DB08244 DB08246 DB08250","11","52.38","21","10","0","58","78","846","866","7.4","23.5"
"746873134","AJD81423.1","MutT/nudix family protein","DB01975 DB02059 DB03148","3","37.14","35","22","0","9","43","18","52","8.8","23.1"
"746873130","AJD81421.1","Genome polyprotein","DB04473","1","56.52","69","29","1","1","69","3318","3385","4.00E-21","85.5"
"746873130","AJD81421.1","Genome polyprotein","DB01693 DB01752","2","56.76","74","30","2","1","74","3316","3387","1.00E-20","84.7"
"746873130","AJD81421.1","UDP-N-acetylenolpyruvoylglucosamine reductase","DB03147 DB07296","2","29.27","41","27","1","33","73","300","338","1","25"
"746873130","AJD81421.1","DNA topoisomerase 4 subunit A","DB01044 DB06771","2","25","36","27","0","36","71","442","477","2.1","23.9"
"746873130","AJD81421.1","Phosphoethanolamine/phosphocholine phosphatase","DB00122","1","42.11","19","11","0","53","71","68","86","2.7","23.5"
"746873130","AJD81421.1","Tyrosine phenol-lyase","DB03897","1","40.91","22","13","0","52","73","313","334","3.4","23.5"
"746873130","AJD81421.1","Tyrosine phenol-lyase","DB03897","1","40.91","22","13","0","52","73","313","334","3.4","23.5"
"746873130","AJD81421.1","Membrane primary amine oxidase","DB00780 DB01275 DB04334","3","40","30","17","1","1","30","396","424","4.2","23.1"
"746873130","AJD81421.1","Spectrin beta chain non-erythrocytic 1","DB01373 DB03401","2","36.36","33","21","0","37","69","1836","1868","5.8","22.7"
"746873130","AJD81421.1","Genome polyprotein","DB02313","1","46.67","15","8","0","5","19","1077","1091","9","22.3"
"746873130","AJD81421.1","Phenylalanine--tRNA ligase alpha subunit","DB07817","1","28.57","28","20","0","47","74","18","45","9.9","21.9"
"583828411","BAO49790.1","Genome polyprotein","DB01693 DB01752","2","50.32","155","77","0","1","155","223","377","1.00E-55","189"
"583828411","BAO49790.1","Genome polyprotein","DB04473","1","50.32","155","77","0","1","155","223","377","8.00E-54","183"
"583828411","BAO49790.1","Genome polyprotein","DB04473","1","57.73","97","41","0","59","155","1","97","6.00E-38","137"
"2731555","AAC58803.1","Genome polyprotein","DB04473","1","72.43","341","92","2","1","340","2950","3289","9.00E-167","516"
"2731555","AAC58803.1","Genome polyprotein","DB01693 DB01752","2","70.26","343","101","1","1","343","2949","3290","6.00E-162","503"
"2731555","AAC58803.1","Genome polyprotein","DB04137","1","25.79","190","95","7","74","252","3614","3768","8.00E-06","45.4"
"2731555","AAC58803.1","Uncharacterized lipoprotein YbbD","DB08357","1","40.48","42","23","1","112","151","280","321","6.5","26.2"
"2731555","AAC58803.1","dTDP-glucose 4_6-dehydratase","DB03161 DB03751","2","38.89","36","19","2","211","246","281","313","7.5","25.8"
"166344035","ABY86749.1","Genome polyprotein","DB01693 DB01752","2","65.1","255","89","0","1","255","2708","2962","2.00E-113","360"
"166344035","ABY86749.1","Genome polyprotein","DB04473","1","63.14","255","94","0","1","255","2709","2963","4.00E-108","344"
"166344035","ABY86749.1","DNA-dependent protein kinase catalytic subunit","DB00201 DB05210","2","36.67","30","19","0","81","110","642","671","1.9","27.3"
"166344035","ABY86749.1","Vascular endothelial growth factor receptor 3","DB00398 DB01268 DB04879 DB05075 DB06080 DB06101 DB06589 DB06626 DB08896 DB09078 DB09079","11","33.33","57","33","2","78","130","54","109","3.1","26.9"
"166344035","ABY86749.1","Carcinoembryonic antigen-related cell adhesion molecule 5","DB08217","1","22.52","111","79","3","1","110","569","673","3.1","26.6"
"166344035","ABY86749.1","Serine hydroxymethyltransferase mitochondrial","DB00114 DB00116 DB00145","3","33.33","48","29","2","181","226","24","70","7.6","25.4"
"166344035","ABY86749.1","Serine hydroxymethyltransferase","DB00114 DB00116 DB00145","3","33.33","48","29","2","181","226","24","70","8.2","25.4"
"54399528","AAV34151.1","Genome polyprotein","DB04473","1","56.31","3413","1439","28","14","3414","13","3385","0","3967"
"54399528","AAV34151.1","Genome polyprotein","DB01693 DB01752","2","55.39","3414","1485","24","3","3412","2","3381","0","3918"
"54399528","AAV34151.1","Genome polyprotein","DB04473","1","48.47","1079","540","11","291","1368","1","1064","0","1105"
"54399528","AAV34151.1","Genome polyprotein","DB04473","1","65.48","646","216","4","1472","2115","1043","1683","0","887"
"54399528","AAV34151.1","Genome polyprotein","DB08644","1","23.29","425","276","13","1531","1932","1065","1462","9.00E-12","69.3"
"54399528","AAV34151.1","Genome polyprotein","DB08701","1","24.53","424","270","14","1532","1932","1070","1466","2.00E-11","68.6"
"54399528","AAV34151.1","Genome polyprotein","DB07238","1","22.63","433","269","13","1531","1932","1065","1462","1.00E-10","65.5"
"54399528","AAV34151.1","Genome polyprotein","DB05868 DB06038 DB06058 DB07582","4","23.08","429","264","14","1531","1928","1065","1458","5.00E-10","63.5"
"54399528","AAV34151.1","Genome polyprotein","DB04137","1","25.77","454","262","20","1631","2040","1840","2262","6.00E-10","63.2"
"54399528","AAV34151.1","Genome polyprotein","DB04137","1","25.79","190","95","7","3051","3229","3614","3768","7.00E-05","46.6"
"54399528","AAV34151.1","Genome polyprotein","DB06913 DB07085 DB07185 DB07273 DB07275 DB07547 DB07770 DB08556","8","22.76","457","284","14","1531","1953","1065","1486","7.00E-10","63.2"
"54399528","AAV34151.1","Genome polyprotein","DB02331 DB03605 DB04005 DB04137 DB04298 DB06974 DB07062 DB07169 DB07199 DB07200 DB07238 DB07414 DB07570 DB08031 DB08278 DB08279 DB08390 DB08481 DB08578 DB08579 DB08580 DB08581 DB08582 DB08701 DB08706 DB08710","26","22.76","457","284","14","1531","1953","1065","1486","8.00E-10","62.8"
"54399528","AAV34151.1","Genome polyprotein","DB01720 DB04005","2","22.2","437","280","12","1518","1928","1056","1458","2.00E-09","61.6"
"54399528","AAV34151.1","Genome polyprotein","DB08747","1","22.4","433","270","13","1531","1932","1065","1462","6.00E-09","60.1"
"54399528","AAV34151.1","Genome polyprotein","DB03388 DB03647","2","22.46","423","280","13","1532","1932","1070","1466","2.00E-08","57.8"
"54399528","AAV34151.1","NS3/4A protein","DB05521 DB08873","2","24.15","443","267","17","1509","1923","26","427","1.00E-07","55.1"
"54399528","AAV34151.1","NH(3)-dependent NAD(+) synthetase","DB04099","1","34.48","87","48","2","964","1041","120","206","0.26","33.9"
"54399528","AAV34151.1","NS3 protease","DB06290 DB07582","2","24.16","149","87","5","1541","1681","49","179","2.2","30.4"
"54399528","AAV34151.1","Hepatocyte growth factor","DB02264 DB03959 DB05030 DB05434","4","25","84","59","2","1022","1101","152","235","4.1","30.4"
"54399528","AAV34151.1","Fumarate reductase flavoprotein subunit","DB07669","1","27.22","158","92","7","2484","2622","201","354","4.3","30.4"
"15192820","AAK91609.1AF372422_1","Genome polyprotein","DB04473","1","50.54","279","129","6","1","276","119","391","1.00E-89","291"
"15192820","AAK91609.1AF372422_1","Genome polyprotein","DB04473","1","51.62","277","127","5","1","276","399","669","1.00E-89","292"
"15192820","AAK91609.1AF372422_1","Genome polyprotein","DB01693 DB01752","2","50.18","279","130","6","1","276","399","671","7.00E-88","287"
"15192820","AAK91609.1AF372422_1","S-methyl-5'-thioadenosine phosphorylase","DB00173 DB02158 DB02281 DB02282 DB02933","5","23.76","101","73","1","165","261","161","261","0.33","29.6"
"15192820","AAK91609.1AF372422_1","Adenosine kinase","DB00131 DB00811 DB07173 DB07280","4","32.43","74","42","3","40","107","12","83","1.4","27.7"
"15192820","AAK91609.1AF372422_1","Aspartate aminotransferase cytoplasmic","DB00114 DB00128 DB00142 DB00151 DB04299","5","29.11","79","37","2","53","128","97","159","1.7","27.7"
"15192820","AAK91609.1AF372422_1","Aspartate aminotransferase","DB00114 DB00128 DB00142","3","29.11","79","37","2","53","128","98","160","1.8","27.3"
"15192820","AAK91609.1AF372422_1","Lysine--tRNA ligase","DB00123","1","43.33","30","17","0","144","173","2","31","2.5","26.9"
"15192820","AAK91609.1AF372422_1","Citrate lyase subunit beta-like protein","DB02637","1","45.45","22","12","0","97","118","120","141","6.6","25.4"
"15192820","AAK91609.1AF372422_1","DNA polymerase catalytic subunit","DB00426 DB00787","2","31.37","51","31","1","63","109","17","67","8.6","25.4"
"158702719","ABW77724.1","Genome polyprotein","DB04473","1","79.22","77","16","0","1","77","2946","3022","4.00E-38","135"
"158702719","ABW77724.1","Genome polyprotein","DB01693 DB01752","2","80.52","77","15","0","1","77","2945","3021","8.00E-38","134"
"158702719","ABW77724.1","DNA gyrase subunit A","DB01044 DB06771","2","31.25","32","22","0","36","67","516","547","4.5","23.1"
"158702719","ABW77724.1","Penicillin-binding protein 1A","DB00430 DB01329","2","23.38","77","52","3","1","71","688","763","4.7","23.1"
"158702719","ABW77724.1","Arylsulfate sulfotransferase","DB07118","1","32.56","43","19","2","2","44","240","272","5.8","22.7"
"158702719","ABW77724.1","Xanthan lyase","DB04386 DB04596 DB04597","3","39.13","23","14","0","19","41","431","453","5.9","23.1"
"158702719","ABW77724.1","High affinity nerve growth factor receptor","DB00321 DB00619 DB08896","3","42.11","19","11","0","51","69","217","235","6.5","22.7"
"146411781","ABI54475.1","Genome polyprotein","DB04473","1","56.38","3423","1444","27","1","3412","1","3385","0","3989"
"146411781","ABI54475.1","Genome polyprotein","DB01693 DB01752","2","55.54","3414","1478","25","3","3410","2","3381","0","3929"
"146411781","ABI54475.1","Genome polyprotein","DB04473","1","50.1","1024","497","10","291","1311","1","1013","0","1099"
"146411781","ABI54475.1","Genome polyprotein","DB04473","1","65.63","646","215","4","1470","2113","1043","1683","0","892"
"146411781","ABI54475.1","Genome polyprotein","DB08644","1","23.52","421","272","13","1529","1926","1065","1458","4.00E-12","70.1"
"146411781","ABI54475.1","Genome polyprotein","DB08701","1","24.53","424","270","14","1530","1930","1070","1466","1.00E-11","68.9"
"146411781","ABI54475.1","Genome polyprotein","DB07238","1","22.84","429","265","13","1529","1926","1065","1458","5.00E-11","66.6"
"146411781","ABI54475.1","Genome polyprotein","DB05868 DB06038 DB06058 DB07582","4","23.08","429","264","14","1529","1926","1065","1458","2.00E-10","65.1"
"146411781","ABI54475.1","Genome polyprotein","DB06913 DB07085 DB07185 DB07273 DB07275 DB07547 DB07770 DB08556","8","22.76","457","284","14","1529","1951","1065","1486","2.00E-10","64.7"
"146411781","ABI54475.1","Genome polyprotein","DB02331 DB03605 DB04005 DB04137 DB04298 DB06974 DB07062 DB07169 DB07199 DB07200 DB07238 DB07414 DB07570 DB08031 DB08278 DB08279 DB08390 DB08481 DB08578 DB08579 DB08580 DB08581 DB08582 DB08701 DB08706 DB08710","26","22.76","457","284","14","1529","1951","1065","1486","3.00E-10","63.9"
"146411781","ABI54475.1","Genome polyprotein","DB01720 DB04005","2","22.2","437","280","12","1516","1926","1056","1458","9.00E-10","62.8"
"146411781","ABI54475.1","Genome polyprotein","DB04137","1","25.55","454","263","20","1629","2038","1840","2262","2.00E-09","61.2"
"146411781","ABI54475.1","Genome polyprotein","DB04137","1","25.79","190","95","7","3049","3227","3614","3768","6.00E-05","46.6"
"146411781","ABI54475.1","Genome polyprotein","DB08747","1","22.61","429","266","13","1529","1926","1065","1458","5.00E-09","60.5"
"146411781","ABI54475.1","Genome polyprotein","DB03388 DB03647","2","22.46","423","280","13","1530","1930","1070","1466","1.00E-08","58.9"
"146411781","ABI54475.1","NS3/4A protein","DB05521 DB08873","2","24.38","443","266","17","1507","1921","26","427","2.00E-08","57.8"
"146411781","ABI54475.1","NH(3)-dependent NAD(+) synthetase","DB04099","1","34.48","87","48","2","962","1039","120","206","0.27","33.9"
"146411781","ABI54475.1","NS3 protease","DB06290 DB07582","2","24.16","149","87","5","1539","1679","49","179","2.1","30.4"
"146411781","ABI54475.1","Hepatocyte growth factor","DB02264 DB03959 DB05030 DB05434","4","25","84","59","2","1020","1099","152","235","3.5","30.8"
